destination_region,source_region,season,year,value
1,17,1,2023,820
1,17,1,2024,820
1,17,1,2025,820
1,17,1,2026,820
1,17,1,2027,820
1,17,1,2028,820
1,17,1,2029,820
1,17,1,2030,820
1,17,1,2031,820
1,17,1,2032,820
1,17,1,2033,820
1,17,1,2034,820
1,17,1,2035,820
1,17,1,2036,820
1,17,1,2037,820
1,17,1,2038,820
1,17,1,2039,820
1,17,1,2040,820
1,17,1,2041,820
1,17,1,2042,820
1,17,1,2043,820
1,17,1,2044,820
1,17,1,2045,820
1,17,1,2046,820
1,17,1,2047,820
1,17,1,2048,820
1,17,1,2049,820
1,17,1,2050,820
1,17,2,2023,820
1,17,2,2024,820
1,17,2,2025,820
1,17,2,2026,820
1,17,2,2027,820
1,17,2,2028,820
1,17,2,2029,820
1,17,2,2030,820
1,17,2,2031,820
1,17,2,2032,820
1,17,2,2033,820
1,17,2,2034,820
1,17,2,2035,820
1,17,2,2036,820
1,17,2,2037,820
1,17,2,2038,820
1,17,2,2039,820
1,17,2,2040,820
1,17,2,2041,820
1,17,2,2042,820
1,17,2,2043,820
1,17,2,2044,820
1,17,2,2045,820
1,17,2,2046,820
1,17,2,2047,820
1,17,2,2048,820
1,17,2,2049,820
1,17,2,2050,820
1,17,3,2023,820
1,17,3,2024,820
1,17,3,2025,820
1,17,3,2026,820
1,17,3,2027,820
1,17,3,2028,820
1,17,3,2029,820
1,17,3,2030,820
1,17,3,2031,820
1,17,3,2032,820
1,17,3,2033,820
1,17,3,2034,820
1,17,3,2035,820
1,17,3,2036,820
1,17,3,2037,820
1,17,3,2038,820
1,17,3,2039,820
1,17,3,2040,820
1,17,3,2041,820
1,17,3,2042,820
1,17,3,2043,820
1,17,3,2044,820
1,17,3,2045,820
1,17,3,2046,820
1,17,3,2047,820
1,17,3,2048,820
1,17,3,2049,820
1,17,3,2050,820
2,15,1,2023,3600
2,15,1,2024,3600
2,15,1,2025,3600
2,15,1,2026,3600
2,15,1,2027,3600
2,15,1,2028,3600
2,15,1,2029,3600
2,15,1,2030,3600
2,15,1,2031,3600
2,15,1,2032,3600
2,15,1,2033,3600
2,15,1,2034,3600
2,15,1,2035,3600
2,15,1,2036,3600
2,15,1,2037,3600
2,15,1,2038,3600
2,15,1,2039,3600
2,15,1,2040,3600
2,15,1,2041,3600
2,15,1,2042,3600
2,15,1,2043,3600
2,15,1,2044,3600
2,15,1,2045,3600
2,15,1,2046,3600
2,15,1,2047,3600
2,15,1,2048,3600
2,15,1,2049,3600
2,15,1,2050,3600
2,15,2,2023,3600
2,15,2,2024,3600
2,15,2,2025,3600
2,15,2,2026,3600
2,15,2,2027,3600
2,15,2,2028,3600
2,15,2,2029,3600
2,15,2,2030,3600
2,15,2,2031,3600
2,15,2,2032,3600
2,15,2,2033,3600
2,15,2,2034,3600
2,15,2,2035,3600
2,15,2,2036,3600
2,15,2,2037,3600
2,15,2,2038,3600
2,15,2,2039,3600
2,15,2,2040,3600
2,15,2,2041,3600
2,15,2,2042,3600
2,15,2,2043,3600
2,15,2,2044,3600
2,15,2,2045,3600
2,15,2,2046,3600
2,15,2,2047,3600
2,15,2,2048,3600
2,15,2,2049,3600
2,15,2,2050,3600
2,15,3,2023,3600
2,15,3,2024,3600
2,15,3,2025,3600
2,15,3,2026,3600
2,15,3,2027,3600
2,15,3,2028,3600
2,15,3,2029,3600
2,15,3,2030,3600
2,15,3,2031,3600
2,15,3,2032,3600
2,15,3,2033,3600
2,15,3,2034,3600
2,15,3,2035,3600
2,15,3,2036,3600
2,15,3,2037,3600
2,15,3,2038,3600
2,15,3,2039,3600
2,15,3,2040,3600
2,15,3,2041,3600
2,15,3,2042,3600
2,15,3,2043,3600
2,15,3,2044,3600
2,15,3,2045,3600
2,15,3,2046,3600
2,15,3,2047,3600
2,15,3,2048,3600
2,15,3,2049,3600
2,15,3,2050,3600
3,4,1,2023,888
3,4,1,2024,888
3,4,1,2025,888
3,4,1,2026,888
3,4,1,2027,888
3,4,1,2028,888
3,4,1,2029,888
3,4,1,2030,888
3,4,1,2031,888
3,4,1,2032,888
3,4,1,2033,888
3,4,1,2034,888
3,4,1,2035,888
3,4,1,2036,888
3,4,1,2037,888
3,4,1,2038,888
3,4,1,2039,888
3,4,1,2040,888
3,4,1,2041,888
3,4,1,2042,888
3,4,1,2043,888
3,4,1,2044,888
3,4,1,2045,888
3,4,1,2046,888
3,4,1,2047,888
3,4,1,2048,888
3,4,1,2049,888
3,4,1,2050,888
3,4,2,2023,888
3,4,2,2024,888
3,4,2,2025,888
3,4,2,2026,888
3,4,2,2027,888
3,4,2,2028,888
3,4,2,2029,888
3,4,2,2030,888
3,4,2,2031,888
3,4,2,2032,888
3,4,2,2033,888
3,4,2,2034,888
3,4,2,2035,888
3,4,2,2036,888
3,4,2,2037,888
3,4,2,2038,888
3,4,2,2039,888
3,4,2,2040,888
3,4,2,2041,888
3,4,2,2042,888
3,4,2,2043,888
3,4,2,2044,888
3,4,2,2045,888
3,4,2,2046,888
3,4,2,2047,888
3,4,2,2048,888
3,4,2,2049,888
3,4,2,2050,888
3,4,3,2023,888
3,4,3,2024,888
3,4,3,2025,888
3,4,3,2026,888
3,4,3,2027,888
3,4,3,2028,888
3,4,3,2029,888
3,4,3,2030,888
3,4,3,2031,888
3,4,3,2032,888
3,4,3,2033,888
3,4,3,2034,888
3,4,3,2035,888
3,4,3,2036,888
3,4,3,2037,888
3,4,3,2038,888
3,4,3,2039,888
3,4,3,2040,888
3,4,3,2041,888
3,4,3,2042,888
3,4,3,2043,888
3,4,3,2044,888
3,4,3,2045,888
3,4,3,2046,888
3,4,3,2047,888
3,4,3,2048,888
3,4,3,2049,888
3,4,3,2050,888
3,12,1,2023,1996
3,12,1,2024,1996
3,12,1,2025,1996
3,12,1,2026,1996
3,12,1,2027,1996
3,12,1,2028,1996
3,12,1,2029,1996
3,12,1,2030,1996
3,12,1,2031,1996
3,12,1,2032,1996
3,12,1,2033,1996
3,12,1,2034,1996
3,12,1,2035,1996
3,12,1,2036,1996
3,12,1,2037,1996
3,12,1,2038,1996
3,12,1,2039,1996
3,12,1,2040,1996
3,12,1,2041,1996
3,12,1,2042,1996
3,12,1,2043,1996
3,12,1,2044,1996
3,12,1,2045,1996
3,12,1,2046,1996
3,12,1,2047,1996
3,12,1,2048,1996
3,12,1,2049,1996
3,12,1,2050,1996
3,12,2,2023,1996
3,12,2,2024,1996
3,12,2,2025,1996
3,12,2,2026,1996
3,12,2,2027,1996
3,12,2,2028,1996
3,12,2,2029,1996
3,12,2,2030,1996
3,12,2,2031,1996
3,12,2,2032,1996
3,12,2,2033,1996
3,12,2,2034,1996
3,12,2,2035,1996
3,12,2,2036,1996
3,12,2,2037,1996
3,12,2,2038,1996
3,12,2,2039,1996
3,12,2,2040,1996
3,12,2,2041,1996
3,12,2,2042,1996
3,12,2,2043,1996
3,12,2,2044,1996
3,12,2,2045,1996
3,12,2,2046,1996
3,12,2,2047,1996
3,12,2,2048,1996
3,12,2,2049,1996
3,12,2,2050,1996
3,12,3,2023,1996
3,12,3,2024,1996
3,12,3,2025,1996
3,12,3,2026,1996
3,12,3,2027,1996
3,12,3,2028,1996
3,12,3,2029,1996
3,12,3,2030,1996
3,12,3,2031,1996
3,12,3,2032,1996
3,12,3,2033,1996
3,12,3,2034,1996
3,12,3,2035,1996
3,12,3,2036,1996
3,12,3,2037,1996
3,12,3,2038,1996
3,12,3,2039,1996
3,12,3,2040,1996
3,12,3,2041,1996
3,12,3,2042,1996
3,12,3,2043,1996
3,12,3,2044,1996
3,12,3,2045,1996
3,12,3,2046,1996
3,12,3,2047,1996
3,12,3,2048,1996
3,12,3,2049,1996
3,12,3,2050,1996
3,18,1,2023,429
3,18,1,2024,429
3,18,1,2025,429
3,18,1,2026,429
3,18,1,2027,429
3,18,1,2028,429
3,18,1,2029,429
3,18,1,2030,429
3,18,1,2031,429
3,18,1,2032,429
3,18,1,2033,429
3,18,1,2034,429
3,18,1,2035,429
3,18,1,2036,429
3,18,1,2037,429
3,18,1,2038,429
3,18,1,2039,429
3,18,1,2040,429
3,18,1,2041,429
3,18,1,2042,429
3,18,1,2043,429
3,18,1,2044,429
3,18,1,2045,429
3,18,1,2046,429
3,18,1,2047,429
3,18,1,2048,429
3,18,1,2049,429
3,18,1,2050,429
3,18,2,2023,429
3,18,2,2024,429
3,18,2,2025,429
3,18,2,2026,429
3,18,2,2027,429
3,18,2,2028,429
3,18,2,2029,429
3,18,2,2030,429
3,18,2,2031,429
3,18,2,2032,429
3,18,2,2033,429
3,18,2,2034,429
3,18,2,2035,429
3,18,2,2036,429
3,18,2,2037,429
3,18,2,2038,429
3,18,2,2039,429
3,18,2,2040,429
3,18,2,2041,429
3,18,2,2042,429
3,18,2,2043,429
3,18,2,2044,429
3,18,2,2045,429
3,18,2,2046,429
3,18,2,2047,429
3,18,2,2048,429
3,18,2,2049,429
3,18,2,2050,429
3,18,3,2023,429
3,18,3,2024,429
3,18,3,2025,429
3,18,3,2026,429
3,18,3,2027,429
3,18,3,2028,429
3,18,3,2029,429
3,18,3,2030,429
3,18,3,2031,429
3,18,3,2032,429
3,18,3,2033,429
3,18,3,2034,429
3,18,3,2035,429
3,18,3,2036,429
3,18,3,2037,429
3,18,3,2038,429
3,18,3,2039,429
3,18,3,2040,429
3,18,3,2041,429
3,18,3,2042,429
3,18,3,2043,429
3,18,3,2044,429
3,18,3,2045,429
3,18,3,2046,429
3,18,3,2047,429
3,18,3,2048,429
3,18,3,2049,429
3,18,3,2050,429
3,19,1,2023,9521
3,19,1,2024,9521
3,19,1,2025,9521
3,19,1,2026,9521
3,19,1,2027,9521
3,19,1,2028,9521
3,19,1,2029,9521
3,19,1,2030,9521
3,19,1,2031,9521
3,19,1,2032,9521
3,19,1,2033,9521
3,19,1,2034,9521
3,19,1,2035,9521
3,19,1,2036,9521
3,19,1,2037,9521
3,19,1,2038,9521
3,19,1,2039,9521
3,19,1,2040,9521
3,19,1,2041,9521
3,19,1,2042,9521
3,19,1,2043,9521
3,19,1,2044,9521
3,19,1,2045,9521
3,19,1,2046,9521
3,19,1,2047,9521
3,19,1,2048,9521
3,19,1,2049,9521
3,19,1,2050,9521
3,19,2,2023,9521
3,19,2,2024,9521
3,19,2,2025,9521
3,19,2,2026,9521
3,19,2,2027,9521
3,19,2,2028,9521
3,19,2,2029,9521
3,19,2,2030,9521
3,19,2,2031,9521
3,19,2,2032,9521
3,19,2,2033,9521
3,19,2,2034,9521
3,19,2,2035,9521
3,19,2,2036,9521
3,19,2,2037,9521
3,19,2,2038,9521
3,19,2,2039,9521
3,19,2,2040,9521
3,19,2,2041,9521
3,19,2,2042,9521
3,19,2,2043,9521
3,19,2,2044,9521
3,19,2,2045,9521
3,19,2,2046,9521
3,19,2,2047,9521
3,19,2,2048,9521
3,19,2,2049,9521
3,19,2,2050,9521
3,19,3,2023,9521
3,19,3,2024,9521
3,19,3,2025,9521
3,19,3,2026,9521
3,19,3,2027,9521
3,19,3,2028,9521
3,19,3,2029,9521
3,19,3,2030,9521
3,19,3,2031,9521
3,19,3,2032,9521
3,19,3,2033,9521
3,19,3,2034,9521
3,19,3,2035,9521
3,19,3,2036,9521
3,19,3,2037,9521
3,19,3,2038,9521
3,19,3,2039,9521
3,19,3,2040,9521
3,19,3,2041,9521
3,19,3,2042,9521
3,19,3,2043,9521
3,19,3,2044,9521
3,19,3,2045,9521
3,19,3,2046,9521
3,19,3,2047,9521
3,19,3,2048,9521
3,19,3,2049,9521
3,19,3,2050,9521
4,3,1,2023,888
4,3,1,2024,888
4,3,1,2025,888
4,3,1,2026,888
4,3,1,2027,888
4,3,1,2028,888
4,3,1,2029,888
4,3,1,2030,888
4,3,1,2031,888
4,3,1,2032,888
4,3,1,2033,888
4,3,1,2034,888
4,3,1,2035,888
4,3,1,2036,888
4,3,1,2037,888
4,3,1,2038,888
4,3,1,2039,888
4,3,1,2040,888
4,3,1,2041,888
4,3,1,2042,888
4,3,1,2043,888
4,3,1,2044,888
4,3,1,2045,888
4,3,1,2046,888
4,3,1,2047,888
4,3,1,2048,888
4,3,1,2049,888
4,3,1,2050,888
4,3,2,2023,888
4,3,2,2024,888
4,3,2,2025,888
4,3,2,2026,888
4,3,2,2027,888
4,3,2,2028,888
4,3,2,2029,888
4,3,2,2030,888
4,3,2,2031,888
4,3,2,2032,888
4,3,2,2033,888
4,3,2,2034,888
4,3,2,2035,888
4,3,2,2036,888
4,3,2,2037,888
4,3,2,2038,888
4,3,2,2039,888
4,3,2,2040,888
4,3,2,2041,888
4,3,2,2042,888
4,3,2,2043,888
4,3,2,2044,888
4,3,2,2045,888
4,3,2,2046,888
4,3,2,2047,888
4,3,2,2048,888
4,3,2,2049,888
4,3,2,2050,888
4,3,3,2023,888
4,3,3,2024,888
4,3,3,2025,888
4,3,3,2026,888
4,3,3,2027,888
4,3,3,2028,888
4,3,3,2029,888
4,3,3,2030,888
4,3,3,2031,888
4,3,3,2032,888
4,3,3,2033,888
4,3,3,2034,888
4,3,3,2035,888
4,3,3,2036,888
4,3,3,2037,888
4,3,3,2038,888
4,3,3,2039,888
4,3,3,2040,888
4,3,3,2041,888
4,3,3,2042,888
4,3,3,2043,888
4,3,3,2044,888
4,3,3,2045,888
4,3,3,2046,888
4,3,3,2047,888
4,3,3,2048,888
4,3,3,2049,888
4,3,3,2050,888
4,5,1,2023,378
4,5,1,2024,378
4,5,1,2025,378
4,5,1,2026,378
4,5,1,2027,378
4,5,1,2028,378
4,5,1,2029,378
4,5,1,2030,378
4,5,1,2031,378
4,5,1,2032,378
4,5,1,2033,378
4,5,1,2034,378
4,5,1,2035,378
4,5,1,2036,378
4,5,1,2037,378
4,5,1,2038,378
4,5,1,2039,378
4,5,1,2040,378
4,5,1,2041,378
4,5,1,2042,378
4,5,1,2043,378
4,5,1,2044,378
4,5,1,2045,378
4,5,1,2046,378
4,5,1,2047,378
4,5,1,2048,378
4,5,1,2049,378
4,5,1,2050,378
4,5,2,2023,378
4,5,2,2024,378
4,5,2,2025,378
4,5,2,2026,378
4,5,2,2027,378
4,5,2,2028,378
4,5,2,2029,378
4,5,2,2030,378
4,5,2,2031,378
4,5,2,2032,378
4,5,2,2033,378
4,5,2,2034,378
4,5,2,2035,378
4,5,2,2036,378
4,5,2,2037,378
4,5,2,2038,378
4,5,2,2039,378
4,5,2,2040,378
4,5,2,2041,378
4,5,2,2042,378
4,5,2,2043,378
4,5,2,2044,378
4,5,2,2045,378
4,5,2,2046,378
4,5,2,2047,378
4,5,2,2048,378
4,5,2,2049,378
4,5,2,2050,378
4,5,3,2023,378
4,5,3,2024,378
4,5,3,2025,378
4,5,3,2026,378
4,5,3,2027,378
4,5,3,2028,378
4,5,3,2029,378
4,5,3,2030,378
4,5,3,2031,378
4,5,3,2032,378
4,5,3,2033,378
4,5,3,2034,378
4,5,3,2035,378
4,5,3,2036,378
4,5,3,2037,378
4,5,3,2038,378
4,5,3,2039,378
4,5,3,2040,378
4,5,3,2041,378
4,5,3,2042,378
4,5,3,2043,378
4,5,3,2044,378
4,5,3,2045,378
4,5,3,2046,378
4,5,3,2047,378
4,5,3,2048,378
4,5,3,2049,378
4,5,3,2050,378
4,11,1,2023,10262
4,11,1,2024,10262
4,11,1,2025,10262
4,11,1,2026,10262
4,11,1,2027,10262
4,11,1,2028,10262
4,11,1,2029,10262
4,11,1,2030,10262
4,11,1,2031,10262
4,11,1,2032,10262
4,11,1,2033,10262
4,11,1,2034,10262
4,11,1,2035,10262
4,11,1,2036,10262
4,11,1,2037,10262
4,11,1,2038,10262
4,11,1,2039,10262
4,11,1,2040,10262
4,11,1,2041,10262
4,11,1,2042,10262
4,11,1,2043,10262
4,11,1,2044,10262
4,11,1,2045,10262
4,11,1,2046,10262
4,11,1,2047,10262
4,11,1,2048,10262
4,11,1,2049,10262
4,11,1,2050,10262
4,11,2,2023,10262
4,11,2,2024,10262
4,11,2,2025,10262
4,11,2,2026,10262
4,11,2,2027,10262
4,11,2,2028,10262
4,11,2,2029,10262
4,11,2,2030,10262
4,11,2,2031,10262
4,11,2,2032,10262
4,11,2,2033,10262
4,11,2,2034,10262
4,11,2,2035,10262
4,11,2,2036,10262
4,11,2,2037,10262
4,11,2,2038,10262
4,11,2,2039,10262
4,11,2,2040,10262
4,11,2,2041,10262
4,11,2,2042,10262
4,11,2,2043,10262
4,11,2,2044,10262
4,11,2,2045,10262
4,11,2,2046,10262
4,11,2,2047,10262
4,11,2,2048,10262
4,11,2,2049,10262
4,11,2,2050,10262
4,11,3,2023,10262
4,11,3,2024,10262
4,11,3,2025,10262
4,11,3,2026,10262
4,11,3,2027,10262
4,11,3,2028,10262
4,11,3,2029,10262
4,11,3,2030,10262
4,11,3,2031,10262
4,11,3,2032,10262
4,11,3,2033,10262
4,11,3,2034,10262
4,11,3,2035,10262
4,11,3,2036,10262
4,11,3,2037,10262
4,11,3,2038,10262
4,11,3,2039,10262
4,11,3,2040,10262
4,11,3,2041,10262
4,11,3,2042,10262
4,11,3,2043,10262
4,11,3,2044,10262
4,11,3,2045,10262
4,11,3,2046,10262
4,11,3,2047,10262
4,11,3,2048,10262
4,11,3,2049,10262
4,11,3,2050,10262
4,12,1,2023,8746
4,12,1,2024,8746
4,12,1,2025,8746
4,12,1,2026,8746
4,12,1,2027,8746
4,12,1,2028,8746
4,12,1,2029,8746
4,12,1,2030,8746
4,12,1,2031,8746
4,12,1,2032,8746
4,12,1,2033,8746
4,12,1,2034,8746
4,12,1,2035,8746
4,12,1,2036,8746
4,12,1,2037,8746
4,12,1,2038,8746
4,12,1,2039,8746
4,12,1,2040,8746
4,12,1,2041,8746
4,12,1,2042,8746
4,12,1,2043,8746
4,12,1,2044,8746
4,12,1,2045,8746
4,12,1,2046,8746
4,12,1,2047,8746
4,12,1,2048,8746
4,12,1,2049,8746
4,12,1,2050,8746
4,12,2,2023,8746
4,12,2,2024,8746
4,12,2,2025,8746
4,12,2,2026,8746
4,12,2,2027,8746
4,12,2,2028,8746
4,12,2,2029,8746
4,12,2,2030,8746
4,12,2,2031,8746
4,12,2,2032,8746
4,12,2,2033,8746
4,12,2,2034,8746
4,12,2,2035,8746
4,12,2,2036,8746
4,12,2,2037,8746
4,12,2,2038,8746
4,12,2,2039,8746
4,12,2,2040,8746
4,12,2,2041,8746
4,12,2,2042,8746
4,12,2,2043,8746
4,12,2,2044,8746
4,12,2,2045,8746
4,12,2,2046,8746
4,12,2,2047,8746
4,12,2,2048,8746
4,12,2,2049,8746
4,12,2,2050,8746
4,12,3,2023,8746
4,12,3,2024,8746
4,12,3,2025,8746
4,12,3,2026,8746
4,12,3,2027,8746
4,12,3,2028,8746
4,12,3,2029,8746
4,12,3,2030,8746
4,12,3,2031,8746
4,12,3,2032,8746
4,12,3,2033,8746
4,12,3,2034,8746
4,12,3,2035,8746
4,12,3,2036,8746
4,12,3,2037,8746
4,12,3,2038,8746
4,12,3,2039,8746
4,12,3,2040,8746
4,12,3,2041,8746
4,12,3,2042,8746
4,12,3,2043,8746
4,12,3,2044,8746
4,12,3,2045,8746
4,12,3,2046,8746
4,12,3,2047,8746
4,12,3,2048,8746
4,12,3,2049,8746
4,12,3,2050,8746
4,16,1,2023,8367
4,16,1,2024,8367
4,16,1,2025,8367
4,16,1,2026,8367
4,16,1,2027,8367
4,16,1,2028,8367
4,16,1,2029,8367
4,16,1,2030,8367
4,16,1,2031,8367
4,16,1,2032,8367
4,16,1,2033,8367
4,16,1,2034,8367
4,16,1,2035,8367
4,16,1,2036,8367
4,16,1,2037,8367
4,16,1,2038,8367
4,16,1,2039,8367
4,16,1,2040,8367
4,16,1,2041,8367
4,16,1,2042,8367
4,16,1,2043,8367
4,16,1,2044,8367
4,16,1,2045,8367
4,16,1,2046,8367
4,16,1,2047,8367
4,16,1,2048,8367
4,16,1,2049,8367
4,16,1,2050,8367
4,16,2,2023,8367
4,16,2,2024,8367
4,16,2,2025,8367
4,16,2,2026,8367
4,16,2,2027,8367
4,16,2,2028,8367
4,16,2,2029,8367
4,16,2,2030,8367
4,16,2,2031,8367
4,16,2,2032,8367
4,16,2,2033,8367
4,16,2,2034,8367
4,16,2,2035,8367
4,16,2,2036,8367
4,16,2,2037,8367
4,16,2,2038,8367
4,16,2,2039,8367
4,16,2,2040,8367
4,16,2,2041,8367
4,16,2,2042,8367
4,16,2,2043,8367
4,16,2,2044,8367
4,16,2,2045,8367
4,16,2,2046,8367
4,16,2,2047,8367
4,16,2,2048,8367
4,16,2,2049,8367
4,16,2,2050,8367
4,16,3,2023,8367
4,16,3,2024,8367
4,16,3,2025,8367
4,16,3,2026,8367
4,16,3,2027,8367
4,16,3,2028,8367
4,16,3,2029,8367
4,16,3,2030,8367
4,16,3,2031,8367
4,16,3,2032,8367
4,16,3,2033,8367
4,16,3,2034,8367
4,16,3,2035,8367
4,16,3,2036,8367
4,16,3,2037,8367
4,16,3,2038,8367
4,16,3,2039,8367
4,16,3,2040,8367
4,16,3,2041,8367
4,16,3,2042,8367
4,16,3,2043,8367
4,16,3,2044,8367
4,16,3,2045,8367
4,16,3,2046,8367
4,16,3,2047,8367
4,16,3,2048,8367
4,16,3,2049,8367
4,16,3,2050,8367
4,17,1,2023,3000
4,17,1,2024,3000
4,17,1,2025,3000
4,17,1,2026,3000
4,17,1,2027,3000
4,17,1,2028,3000
4,17,1,2029,3000
4,17,1,2030,3000
4,17,1,2031,3000
4,17,1,2032,3000
4,17,1,2033,3000
4,17,1,2034,3000
4,17,1,2035,3000
4,17,1,2036,3000
4,17,1,2037,3000
4,17,1,2038,3000
4,17,1,2039,3000
4,17,1,2040,3000
4,17,1,2041,3000
4,17,1,2042,3000
4,17,1,2043,3000
4,17,1,2044,3000
4,17,1,2045,3000
4,17,1,2046,3000
4,17,1,2047,3000
4,17,1,2048,3000
4,17,1,2049,3000
4,17,1,2050,3000
4,17,2,2023,3000
4,17,2,2024,3000
4,17,2,2025,3000
4,17,2,2026,3000
4,17,2,2027,3000
4,17,2,2028,3000
4,17,2,2029,3000
4,17,2,2030,3000
4,17,2,2031,3000
4,17,2,2032,3000
4,17,2,2033,3000
4,17,2,2034,3000
4,17,2,2035,3000
4,17,2,2036,3000
4,17,2,2037,3000
4,17,2,2038,3000
4,17,2,2039,3000
4,17,2,2040,3000
4,17,2,2041,3000
4,17,2,2042,3000
4,17,2,2043,3000
4,17,2,2044,3000
4,17,2,2045,3000
4,17,2,2046,3000
4,17,2,2047,3000
4,17,2,2048,3000
4,17,2,2049,3000
4,17,2,2050,3000
4,17,3,2023,3000
4,17,3,2024,3000
4,17,3,2025,3000
4,17,3,2026,3000
4,17,3,2027,3000
4,17,3,2028,3000
4,17,3,2029,3000
4,17,3,2030,3000
4,17,3,2031,3000
4,17,3,2032,3000
4,17,3,2033,3000
4,17,3,2034,3000
4,17,3,2035,3000
4,17,3,2036,3000
4,17,3,2037,3000
4,17,3,2038,3000
4,17,3,2039,3000
4,17,3,2040,3000
4,17,3,2041,3000
4,17,3,2042,3000
4,17,3,2043,3000
4,17,3,2044,3000
4,17,3,2045,3000
4,17,3,2046,3000
4,17,3,2047,3000
4,17,3,2048,3000
4,17,3,2049,3000
4,17,3,2050,3000
4,18,1,2023,1138
4,18,1,2024,1138
4,18,1,2025,1138
4,18,1,2026,1138
4,18,1,2027,1138
4,18,1,2028,1138
4,18,1,2029,1138
4,18,1,2030,1138
4,18,1,2031,1138
4,18,1,2032,1138
4,18,1,2033,1138
4,18,1,2034,1138
4,18,1,2035,1138
4,18,1,2036,1138
4,18,1,2037,1138
4,18,1,2038,1138
4,18,1,2039,1138
4,18,1,2040,1138
4,18,1,2041,1138
4,18,1,2042,1138
4,18,1,2043,1138
4,18,1,2044,1138
4,18,1,2045,1138
4,18,1,2046,1138
4,18,1,2047,1138
4,18,1,2048,1138
4,18,1,2049,1138
4,18,1,2050,1138
4,18,2,2023,1138
4,18,2,2024,1138
4,18,2,2025,1138
4,18,2,2026,1138
4,18,2,2027,1138
4,18,2,2028,1138
4,18,2,2029,1138
4,18,2,2030,1138
4,18,2,2031,1138
4,18,2,2032,1138
4,18,2,2033,1138
4,18,2,2034,1138
4,18,2,2035,1138
4,18,2,2036,1138
4,18,2,2037,1138
4,18,2,2038,1138
4,18,2,2039,1138
4,18,2,2040,1138
4,18,2,2041,1138
4,18,2,2042,1138
4,18,2,2043,1138
4,18,2,2044,1138
4,18,2,2045,1138
4,18,2,2046,1138
4,18,2,2047,1138
4,18,2,2048,1138
4,18,2,2049,1138
4,18,2,2050,1138
4,18,3,2023,1138
4,18,3,2024,1138
4,18,3,2025,1138
4,18,3,2026,1138
4,18,3,2027,1138
4,18,3,2028,1138
4,18,3,2029,1138
4,18,3,2030,1138
4,18,3,2031,1138
4,18,3,2032,1138
4,18,3,2033,1138
4,18,3,2034,1138
4,18,3,2035,1138
4,18,3,2036,1138
4,18,3,2037,1138
4,18,3,2038,1138
4,18,3,2039,1138
4,18,3,2040,1138
4,18,3,2041,1138
4,18,3,2042,1138
4,18,3,2043,1138
4,18,3,2044,1138
4,18,3,2045,1138
4,18,3,2046,1138
4,18,3,2047,1138
4,18,3,2048,1138
4,18,3,2049,1138
4,18,3,2050,1138
5,4,1,2023,378
5,4,1,2024,378
5,4,1,2025,378
5,4,1,2026,378
5,4,1,2027,378
5,4,1,2028,378
5,4,1,2029,378
5,4,1,2030,378
5,4,1,2031,378
5,4,1,2032,378
5,4,1,2033,378
5,4,1,2034,378
5,4,1,2035,378
5,4,1,2036,378
5,4,1,2037,378
5,4,1,2038,378
5,4,1,2039,378
5,4,1,2040,378
5,4,1,2041,378
5,4,1,2042,378
5,4,1,2043,378
5,4,1,2044,378
5,4,1,2045,378
5,4,1,2046,378
5,4,1,2047,378
5,4,1,2048,378
5,4,1,2049,378
5,4,1,2050,378
5,4,2,2023,378
5,4,2,2024,378
5,4,2,2025,378
5,4,2,2026,378
5,4,2,2027,378
5,4,2,2028,378
5,4,2,2029,378
5,4,2,2030,378
5,4,2,2031,378
5,4,2,2032,378
5,4,2,2033,378
5,4,2,2034,378
5,4,2,2035,378
5,4,2,2036,378
5,4,2,2037,378
5,4,2,2038,378
5,4,2,2039,378
5,4,2,2040,378
5,4,2,2041,378
5,4,2,2042,378
5,4,2,2043,378
5,4,2,2044,378
5,4,2,2045,378
5,4,2,2046,378
5,4,2,2047,378
5,4,2,2048,378
5,4,2,2049,378
5,4,2,2050,378
5,4,3,2023,378
5,4,3,2024,378
5,4,3,2025,378
5,4,3,2026,378
5,4,3,2027,378
5,4,3,2028,378
5,4,3,2029,378
5,4,3,2030,378
5,4,3,2031,378
5,4,3,2032,378
5,4,3,2033,378
5,4,3,2034,378
5,4,3,2035,378
5,4,3,2036,378
5,4,3,2037,378
5,4,3,2038,378
5,4,3,2039,378
5,4,3,2040,378
5,4,3,2041,378
5,4,3,2042,378
5,4,3,2043,378
5,4,3,2044,378
5,4,3,2045,378
5,4,3,2046,378
5,4,3,2047,378
5,4,3,2048,378
5,4,3,2049,378
5,4,3,2050,378
5,11,1,2023,1526
5,11,1,2024,1526
5,11,1,2025,1526
5,11,1,2026,1526
5,11,1,2027,1526
5,11,1,2028,1526
5,11,1,2029,1526
5,11,1,2030,1526
5,11,1,2031,1526
5,11,1,2032,1526
5,11,1,2033,1526
5,11,1,2034,1526
5,11,1,2035,1526
5,11,1,2036,1526
5,11,1,2037,1526
5,11,1,2038,1526
5,11,1,2039,1526
5,11,1,2040,1526
5,11,1,2041,1526
5,11,1,2042,1526
5,11,1,2043,1526
5,11,1,2044,1526
5,11,1,2045,1526
5,11,1,2046,1526
5,11,1,2047,1526
5,11,1,2048,1526
5,11,1,2049,1526
5,11,1,2050,1526
5,11,2,2023,1526
5,11,2,2024,1526
5,11,2,2025,1526
5,11,2,2026,1526
5,11,2,2027,1526
5,11,2,2028,1526
5,11,2,2029,1526
5,11,2,2030,1526
5,11,2,2031,1526
5,11,2,2032,1526
5,11,2,2033,1526
5,11,2,2034,1526
5,11,2,2035,1526
5,11,2,2036,1526
5,11,2,2037,1526
5,11,2,2038,1526
5,11,2,2039,1526
5,11,2,2040,1526
5,11,2,2041,1526
5,11,2,2042,1526
5,11,2,2043,1526
5,11,2,2044,1526
5,11,2,2045,1526
5,11,2,2046,1526
5,11,2,2047,1526
5,11,2,2048,1526
5,11,2,2049,1526
5,11,2,2050,1526
5,11,3,2023,1526
5,11,3,2024,1526
5,11,3,2025,1526
5,11,3,2026,1526
5,11,3,2027,1526
5,11,3,2028,1526
5,11,3,2029,1526
5,11,3,2030,1526
5,11,3,2031,1526
5,11,3,2032,1526
5,11,3,2033,1526
5,11,3,2034,1526
5,11,3,2035,1526
5,11,3,2036,1526
5,11,3,2037,1526
5,11,3,2038,1526
5,11,3,2039,1526
5,11,3,2040,1526
5,11,3,2041,1526
5,11,3,2042,1526
5,11,3,2043,1526
5,11,3,2044,1526
5,11,3,2045,1526
5,11,3,2046,1526
5,11,3,2047,1526
5,11,3,2048,1526
5,11,3,2049,1526
5,11,3,2050,1526
6,15,1,2023,3000
6,15,1,2024,3000
6,15,1,2025,3000
6,15,1,2026,3000
6,15,1,2027,3000
6,15,1,2028,3000
6,15,1,2029,3000
6,15,1,2030,3000
6,15,1,2031,3000
6,15,1,2032,3000
6,15,1,2033,3000
6,15,1,2034,3000
6,15,1,2035,3000
6,15,1,2036,3000
6,15,1,2037,3000
6,15,1,2038,3000
6,15,1,2039,3000
6,15,1,2040,3000
6,15,1,2041,3000
6,15,1,2042,3000
6,15,1,2043,3000
6,15,1,2044,3000
6,15,1,2045,3000
6,15,1,2046,3000
6,15,1,2047,3000
6,15,1,2048,3000
6,15,1,2049,3000
6,15,1,2050,3000
6,15,2,2023,3000
6,15,2,2024,3000
6,15,2,2025,3000
6,15,2,2026,3000
6,15,2,2027,3000
6,15,2,2028,3000
6,15,2,2029,3000
6,15,2,2030,3000
6,15,2,2031,3000
6,15,2,2032,3000
6,15,2,2033,3000
6,15,2,2034,3000
6,15,2,2035,3000
6,15,2,2036,3000
6,15,2,2037,3000
6,15,2,2038,3000
6,15,2,2039,3000
6,15,2,2040,3000
6,15,2,2041,3000
6,15,2,2042,3000
6,15,2,2043,3000
6,15,2,2044,3000
6,15,2,2045,3000
6,15,2,2046,3000
6,15,2,2047,3000
6,15,2,2048,3000
6,15,2,2049,3000
6,15,2,2050,3000
6,15,3,2023,3000
6,15,3,2024,3000
6,15,3,2025,3000
6,15,3,2026,3000
6,15,3,2027,3000
6,15,3,2028,3000
6,15,3,2029,3000
6,15,3,2030,3000
6,15,3,2031,3000
6,15,3,2032,3000
6,15,3,2033,3000
6,15,3,2034,3000
6,15,3,2035,3000
6,15,3,2036,3000
6,15,3,2037,3000
6,15,3,2038,3000
6,15,3,2039,3000
6,15,3,2040,3000
6,15,3,2041,3000
6,15,3,2042,3000
6,15,3,2043,3000
6,15,3,2044,3000
6,15,3,2045,3000
6,15,3,2046,3000
6,15,3,2047,3000
6,15,3,2048,3000
6,15,3,2049,3000
6,15,3,2050,3000
6,16,1,2023,2919
6,16,1,2024,2919
6,16,1,2025,2919
6,16,1,2026,2919
6,16,1,2027,2919
6,16,1,2028,2919
6,16,1,2029,2919
6,16,1,2030,2919
6,16,1,2031,2919
6,16,1,2032,2919
6,16,1,2033,2919
6,16,1,2034,2919
6,16,1,2035,2919
6,16,1,2036,2919
6,16,1,2037,2919
6,16,1,2038,2919
6,16,1,2039,2919
6,16,1,2040,2919
6,16,1,2041,2919
6,16,1,2042,2919
6,16,1,2043,2919
6,16,1,2044,2919
6,16,1,2045,2919
6,16,1,2046,2919
6,16,1,2047,2919
6,16,1,2048,2919
6,16,1,2049,2919
6,16,1,2050,2919
6,16,2,2023,2919
6,16,2,2024,2919
6,16,2,2025,2919
6,16,2,2026,2919
6,16,2,2027,2919
6,16,2,2028,2919
6,16,2,2029,2919
6,16,2,2030,2919
6,16,2,2031,2919
6,16,2,2032,2919
6,16,2,2033,2919
6,16,2,2034,2919
6,16,2,2035,2919
6,16,2,2036,2919
6,16,2,2037,2919
6,16,2,2038,2919
6,16,2,2039,2919
6,16,2,2040,2919
6,16,2,2041,2919
6,16,2,2042,2919
6,16,2,2043,2919
6,16,2,2044,2919
6,16,2,2045,2919
6,16,2,2046,2919
6,16,2,2047,2919
6,16,2,2048,2919
6,16,2,2049,2919
6,16,2,2050,2919
6,16,3,2023,2919
6,16,3,2024,2919
6,16,3,2025,2919
6,16,3,2026,2919
6,16,3,2027,2919
6,16,3,2028,2919
6,16,3,2029,2919
6,16,3,2030,2919
6,16,3,2031,2919
6,16,3,2032,2919
6,16,3,2033,2919
6,16,3,2034,2919
6,16,3,2035,2919
6,16,3,2036,2919
6,16,3,2037,2919
6,16,3,2038,2919
6,16,3,2039,2919
6,16,3,2040,2919
6,16,3,2041,2919
6,16,3,2042,2919
6,16,3,2043,2919
6,16,3,2044,2919
6,16,3,2045,2919
6,16,3,2046,2919
6,16,3,2047,2919
6,16,3,2048,2919
6,16,3,2049,2919
6,16,3,2050,2919
6,17,1,2023,1736
6,17,1,2024,1736
6,17,1,2025,1736
6,17,1,2026,1736
6,17,1,2027,1736
6,17,1,2028,1736
6,17,1,2029,1736
6,17,1,2030,1736
6,17,1,2031,1736
6,17,1,2032,1736
6,17,1,2033,1736
6,17,1,2034,1736
6,17,1,2035,1736
6,17,1,2036,1736
6,17,1,2037,1736
6,17,1,2038,1736
6,17,1,2039,1736
6,17,1,2040,1736
6,17,1,2041,1736
6,17,1,2042,1736
6,17,1,2043,1736
6,17,1,2044,1736
6,17,1,2045,1736
6,17,1,2046,1736
6,17,1,2047,1736
6,17,1,2048,1736
6,17,1,2049,1736
6,17,1,2050,1736
6,17,2,2023,1736
6,17,2,2024,1736
6,17,2,2025,1736
6,17,2,2026,1736
6,17,2,2027,1736
6,17,2,2028,1736
6,17,2,2029,1736
6,17,2,2030,1736
6,17,2,2031,1736
6,17,2,2032,1736
6,17,2,2033,1736
6,17,2,2034,1736
6,17,2,2035,1736
6,17,2,2036,1736
6,17,2,2037,1736
6,17,2,2038,1736
6,17,2,2039,1736
6,17,2,2040,1736
6,17,2,2041,1736
6,17,2,2042,1736
6,17,2,2043,1736
6,17,2,2044,1736
6,17,2,2045,1736
6,17,2,2046,1736
6,17,2,2047,1736
6,17,2,2048,1736
6,17,2,2049,1736
6,17,2,2050,1736
6,17,3,2023,1736
6,17,3,2024,1736
6,17,3,2025,1736
6,17,3,2026,1736
6,17,3,2027,1736
6,17,3,2028,1736
6,17,3,2029,1736
6,17,3,2030,1736
6,17,3,2031,1736
6,17,3,2032,1736
6,17,3,2033,1736
6,17,3,2034,1736
6,17,3,2035,1736
6,17,3,2036,1736
6,17,3,2037,1736
6,17,3,2038,1736
6,17,3,2039,1736
6,17,3,2040,1736
6,17,3,2041,1736
6,17,3,2042,1736
6,17,3,2043,1736
6,17,3,2044,1736
6,17,3,2045,1736
6,17,3,2046,1736
6,17,3,2047,1736
6,17,3,2048,1736
6,17,3,2049,1736
6,17,3,2050,1736
6,18,1,2023,490
6,18,1,2024,490
6,18,1,2025,490
6,18,1,2026,490
6,18,1,2027,490
6,18,1,2028,490
6,18,1,2029,490
6,18,1,2030,490
6,18,1,2031,490
6,18,1,2032,490
6,18,1,2033,490
6,18,1,2034,490
6,18,1,2035,490
6,18,1,2036,490
6,18,1,2037,490
6,18,1,2038,490
6,18,1,2039,490
6,18,1,2040,490
6,18,1,2041,490
6,18,1,2042,490
6,18,1,2043,490
6,18,1,2044,490
6,18,1,2045,490
6,18,1,2046,490
6,18,1,2047,490
6,18,1,2048,490
6,18,1,2049,490
6,18,1,2050,490
6,18,2,2023,490
6,18,2,2024,490
6,18,2,2025,490
6,18,2,2026,490
6,18,2,2027,490
6,18,2,2028,490
6,18,2,2029,490
6,18,2,2030,490
6,18,2,2031,490
6,18,2,2032,490
6,18,2,2033,490
6,18,2,2034,490
6,18,2,2035,490
6,18,2,2036,490
6,18,2,2037,490
6,18,2,2038,490
6,18,2,2039,490
6,18,2,2040,490
6,18,2,2041,490
6,18,2,2042,490
6,18,2,2043,490
6,18,2,2044,490
6,18,2,2045,490
6,18,2,2046,490
6,18,2,2047,490
6,18,2,2048,490
6,18,2,2049,490
6,18,2,2050,490
6,18,3,2023,490
6,18,3,2024,490
6,18,3,2025,490
6,18,3,2026,490
6,18,3,2027,490
6,18,3,2028,490
6,18,3,2029,490
6,18,3,2030,490
6,18,3,2031,490
6,18,3,2032,490
6,18,3,2033,490
6,18,3,2034,490
6,18,3,2035,490
6,18,3,2036,490
6,18,3,2037,490
6,18,3,2038,490
6,18,3,2039,490
6,18,3,2040,490
6,18,3,2041,490
6,18,3,2042,490
6,18,3,2043,490
6,18,3,2044,490
6,18,3,2045,490
6,18,3,2046,490
6,18,3,2047,490
6,18,3,2048,490
6,18,3,2049,490
6,18,3,2050,490
7,8,1,2023,634
7,8,1,2024,634
7,8,1,2025,634
7,8,1,2026,634
7,8,1,2027,634
7,8,1,2028,634
7,8,1,2029,634
7,8,1,2030,634
7,8,1,2031,634
7,8,1,2032,634
7,8,1,2033,634
7,8,1,2034,634
7,8,1,2035,634
7,8,1,2036,634
7,8,1,2037,634
7,8,1,2038,634
7,8,1,2039,634
7,8,1,2040,634
7,8,1,2041,634
7,8,1,2042,634
7,8,1,2043,634
7,8,1,2044,634
7,8,1,2045,634
7,8,1,2046,634
7,8,1,2047,634
7,8,1,2048,634
7,8,1,2049,634
7,8,1,2050,634
7,8,2,2023,634
7,8,2,2024,634
7,8,2,2025,634
7,8,2,2026,634
7,8,2,2027,634
7,8,2,2028,634
7,8,2,2029,634
7,8,2,2030,634
7,8,2,2031,634
7,8,2,2032,634
7,8,2,2033,634
7,8,2,2034,634
7,8,2,2035,634
7,8,2,2036,634
7,8,2,2037,634
7,8,2,2038,634
7,8,2,2039,634
7,8,2,2040,634
7,8,2,2041,634
7,8,2,2042,634
7,8,2,2043,634
7,8,2,2044,634
7,8,2,2045,634
7,8,2,2046,634
7,8,2,2047,634
7,8,2,2048,634
7,8,2,2049,634
7,8,2,2050,634
7,8,3,2023,634
7,8,3,2024,634
7,8,3,2025,634
7,8,3,2026,634
7,8,3,2027,634
7,8,3,2028,634
7,8,3,2029,634
7,8,3,2030,634
7,8,3,2031,634
7,8,3,2032,634
7,8,3,2033,634
7,8,3,2034,634
7,8,3,2035,634
7,8,3,2036,634
7,8,3,2037,634
7,8,3,2038,634
7,8,3,2039,634
7,8,3,2040,634
7,8,3,2041,634
7,8,3,2042,634
7,8,3,2043,634
7,8,3,2044,634
7,8,3,2045,634
7,8,3,2046,634
7,8,3,2047,634
7,8,3,2048,634
7,8,3,2049,634
7,8,3,2050,634
7,9,1,2023,1400
7,9,1,2024,1400
7,9,1,2025,1400
7,9,1,2026,1400
7,9,1,2027,1400
7,9,1,2028,1400
7,9,1,2029,1400
7,9,1,2030,1400
7,9,1,2031,1400
7,9,1,2032,1400
7,9,1,2033,1400
7,9,1,2034,1400
7,9,1,2035,1400
7,9,1,2036,1400
7,9,1,2037,1400
7,9,1,2038,1400
7,9,1,2039,1400
7,9,1,2040,1400
7,9,1,2041,1400
7,9,1,2042,1400
7,9,1,2043,1400
7,9,1,2044,1400
7,9,1,2045,1400
7,9,1,2046,1400
7,9,1,2047,1400
7,9,1,2048,1400
7,9,1,2049,1400
7,9,1,2050,1400
7,9,2,2023,1400
7,9,2,2024,1400
7,9,2,2025,1400
7,9,2,2026,1400
7,9,2,2027,1400
7,9,2,2028,1400
7,9,2,2029,1400
7,9,2,2030,1400
7,9,2,2031,1400
7,9,2,2032,1400
7,9,2,2033,1400
7,9,2,2034,1400
7,9,2,2035,1400
7,9,2,2036,1400
7,9,2,2037,1400
7,9,2,2038,1400
7,9,2,2039,1400
7,9,2,2040,1400
7,9,2,2041,1400
7,9,2,2042,1400
7,9,2,2043,1400
7,9,2,2044,1400
7,9,2,2045,1400
7,9,2,2046,1400
7,9,2,2047,1400
7,9,2,2048,1400
7,9,2,2049,1400
7,9,2,2050,1400
7,9,3,2023,1400
7,9,3,2024,1400
7,9,3,2025,1400
7,9,3,2026,1400
7,9,3,2027,1400
7,9,3,2028,1400
7,9,3,2029,1400
7,9,3,2030,1400
7,9,3,2031,1400
7,9,3,2032,1400
7,9,3,2033,1400
7,9,3,2034,1400
7,9,3,2035,1400
7,9,3,2036,1400
7,9,3,2037,1400
7,9,3,2038,1400
7,9,3,2039,1400
7,9,3,2040,1400
7,9,3,2041,1400
7,9,3,2042,1400
7,9,3,2043,1400
7,9,3,2044,1400
7,9,3,2045,1400
7,9,3,2046,1400
7,9,3,2047,1400
7,9,3,2048,1400
7,9,3,2049,1400
7,9,3,2050,1400
8,7,1,2023,634
8,7,1,2024,634
8,7,1,2025,634
8,7,1,2026,634
8,7,1,2027,634
8,7,1,2028,634
8,7,1,2029,634
8,7,1,2030,634
8,7,1,2031,634
8,7,1,2032,634
8,7,1,2033,634
8,7,1,2034,634
8,7,1,2035,634
8,7,1,2036,634
8,7,1,2037,634
8,7,1,2038,634
8,7,1,2039,634
8,7,1,2040,634
8,7,1,2041,634
8,7,1,2042,634
8,7,1,2043,634
8,7,1,2044,634
8,7,1,2045,634
8,7,1,2046,634
8,7,1,2047,634
8,7,1,2048,634
8,7,1,2049,634
8,7,1,2050,634
8,7,2,2023,634
8,7,2,2024,634
8,7,2,2025,634
8,7,2,2026,634
8,7,2,2027,634
8,7,2,2028,634
8,7,2,2029,634
8,7,2,2030,634
8,7,2,2031,634
8,7,2,2032,634
8,7,2,2033,634
8,7,2,2034,634
8,7,2,2035,634
8,7,2,2036,634
8,7,2,2037,634
8,7,2,2038,634
8,7,2,2039,634
8,7,2,2040,634
8,7,2,2041,634
8,7,2,2042,634
8,7,2,2043,634
8,7,2,2044,634
8,7,2,2045,634
8,7,2,2046,634
8,7,2,2047,634
8,7,2,2048,634
8,7,2,2049,634
8,7,2,2050,634
8,7,3,2023,634
8,7,3,2024,634
8,7,3,2025,634
8,7,3,2026,634
8,7,3,2027,634
8,7,3,2028,634
8,7,3,2029,634
8,7,3,2030,634
8,7,3,2031,634
8,7,3,2032,634
8,7,3,2033,634
8,7,3,2034,634
8,7,3,2035,634
8,7,3,2036,634
8,7,3,2037,634
8,7,3,2038,634
8,7,3,2039,634
8,7,3,2040,634
8,7,3,2041,634
8,7,3,2042,634
8,7,3,2043,634
8,7,3,2044,634
8,7,3,2045,634
8,7,3,2046,634
8,7,3,2047,634
8,7,3,2048,634
8,7,3,2049,634
8,7,3,2050,634
8,9,1,2023,5700
8,9,1,2024,5700
8,9,1,2025,5700
8,9,1,2026,5700
8,9,1,2027,5700
8,9,1,2028,5700
8,9,1,2029,5700
8,9,1,2030,5700
8,9,1,2031,5700
8,9,1,2032,5700
8,9,1,2033,5700
8,9,1,2034,5700
8,9,1,2035,5700
8,9,1,2036,5700
8,9,1,2037,5700
8,9,1,2038,5700
8,9,1,2039,5700
8,9,1,2040,5700
8,9,1,2041,5700
8,9,1,2042,5700
8,9,1,2043,5700
8,9,1,2044,5700
8,9,1,2045,5700
8,9,1,2046,5700
8,9,1,2047,5700
8,9,1,2048,5700
8,9,1,2049,5700
8,9,1,2050,5700
8,9,2,2023,5700
8,9,2,2024,5700
8,9,2,2025,5700
8,9,2,2026,5700
8,9,2,2027,5700
8,9,2,2028,5700
8,9,2,2029,5700
8,9,2,2030,5700
8,9,2,2031,5700
8,9,2,2032,5700
8,9,2,2033,5700
8,9,2,2034,5700
8,9,2,2035,5700
8,9,2,2036,5700
8,9,2,2037,5700
8,9,2,2038,5700
8,9,2,2039,5700
8,9,2,2040,5700
8,9,2,2041,5700
8,9,2,2042,5700
8,9,2,2043,5700
8,9,2,2044,5700
8,9,2,2045,5700
8,9,2,2046,5700
8,9,2,2047,5700
8,9,2,2048,5700
8,9,2,2049,5700
8,9,2,2050,5700
8,9,3,2023,5700
8,9,3,2024,5700
8,9,3,2025,5700
8,9,3,2026,5700
8,9,3,2027,5700
8,9,3,2028,5700
8,9,3,2029,5700
8,9,3,2030,5700
8,9,3,2031,5700
8,9,3,2032,5700
8,9,3,2033,5700
8,9,3,2034,5700
8,9,3,2035,5700
8,9,3,2036,5700
8,9,3,2037,5700
8,9,3,2038,5700
8,9,3,2039,5700
8,9,3,2040,5700
8,9,3,2041,5700
8,9,3,2042,5700
8,9,3,2043,5700
8,9,3,2044,5700
8,9,3,2045,5700
8,9,3,2046,5700
8,9,3,2047,5700
8,9,3,2048,5700
8,9,3,2049,5700
8,9,3,2050,5700
8,10,1,2023,1640
8,10,1,2024,1640
8,10,1,2025,1640
8,10,1,2026,1640
8,10,1,2027,1640
8,10,1,2028,1640
8,10,1,2029,1640
8,10,1,2030,1640
8,10,1,2031,1640
8,10,1,2032,1640
8,10,1,2033,1640
8,10,1,2034,1640
8,10,1,2035,1640
8,10,1,2036,1640
8,10,1,2037,1640
8,10,1,2038,1640
8,10,1,2039,1640
8,10,1,2040,1640
8,10,1,2041,1640
8,10,1,2042,1640
8,10,1,2043,1640
8,10,1,2044,1640
8,10,1,2045,1640
8,10,1,2046,1640
8,10,1,2047,1640
8,10,1,2048,1640
8,10,1,2049,1640
8,10,1,2050,1640
8,10,2,2023,1640
8,10,2,2024,1640
8,10,2,2025,1640
8,10,2,2026,1640
8,10,2,2027,1640
8,10,2,2028,1640
8,10,2,2029,1640
8,10,2,2030,1640
8,10,2,2031,1640
8,10,2,2032,1640
8,10,2,2033,1640
8,10,2,2034,1640
8,10,2,2035,1640
8,10,2,2036,1640
8,10,2,2037,1640
8,10,2,2038,1640
8,10,2,2039,1640
8,10,2,2040,1640
8,10,2,2041,1640
8,10,2,2042,1640
8,10,2,2043,1640
8,10,2,2044,1640
8,10,2,2045,1640
8,10,2,2046,1640
8,10,2,2047,1640
8,10,2,2048,1640
8,10,2,2049,1640
8,10,2,2050,1640
8,10,3,2023,1640
8,10,3,2024,1640
8,10,3,2025,1640
8,10,3,2026,1640
8,10,3,2027,1640
8,10,3,2028,1640
8,10,3,2029,1640
8,10,3,2030,1640
8,10,3,2031,1640
8,10,3,2032,1640
8,10,3,2033,1640
8,10,3,2034,1640
8,10,3,2035,1640
8,10,3,2036,1640
8,10,3,2037,1640
8,10,3,2038,1640
8,10,3,2039,1640
8,10,3,2040,1640
8,10,3,2041,1640
8,10,3,2042,1640
8,10,3,2043,1640
8,10,3,2044,1640
8,10,3,2045,1640
8,10,3,2046,1640
8,10,3,2047,1640
8,10,3,2048,1640
8,10,3,2049,1640
8,10,3,2050,1640
9,7,1,2023,1400
9,7,1,2024,1400
9,7,1,2025,1400
9,7,1,2026,1400
9,7,1,2027,1400
9,7,1,2028,1400
9,7,1,2029,1400
9,7,1,2030,1400
9,7,1,2031,1400
9,7,1,2032,1400
9,7,1,2033,1400
9,7,1,2034,1400
9,7,1,2035,1400
9,7,1,2036,1400
9,7,1,2037,1400
9,7,1,2038,1400
9,7,1,2039,1400
9,7,1,2040,1400
9,7,1,2041,1400
9,7,1,2042,1400
9,7,1,2043,1400
9,7,1,2044,1400
9,7,1,2045,1400
9,7,1,2046,1400
9,7,1,2047,1400
9,7,1,2048,1400
9,7,1,2049,1400
9,7,1,2050,1400
9,7,2,2023,1400
9,7,2,2024,1400
9,7,2,2025,1400
9,7,2,2026,1400
9,7,2,2027,1400
9,7,2,2028,1400
9,7,2,2029,1400
9,7,2,2030,1400
9,7,2,2031,1400
9,7,2,2032,1400
9,7,2,2033,1400
9,7,2,2034,1400
9,7,2,2035,1400
9,7,2,2036,1400
9,7,2,2037,1400
9,7,2,2038,1400
9,7,2,2039,1400
9,7,2,2040,1400
9,7,2,2041,1400
9,7,2,2042,1400
9,7,2,2043,1400
9,7,2,2044,1400
9,7,2,2045,1400
9,7,2,2046,1400
9,7,2,2047,1400
9,7,2,2048,1400
9,7,2,2049,1400
9,7,2,2050,1400
9,7,3,2023,1400
9,7,3,2024,1400
9,7,3,2025,1400
9,7,3,2026,1400
9,7,3,2027,1400
9,7,3,2028,1400
9,7,3,2029,1400
9,7,3,2030,1400
9,7,3,2031,1400
9,7,3,2032,1400
9,7,3,2033,1400
9,7,3,2034,1400
9,7,3,2035,1400
9,7,3,2036,1400
9,7,3,2037,1400
9,7,3,2038,1400
9,7,3,2039,1400
9,7,3,2040,1400
9,7,3,2041,1400
9,7,3,2042,1400
9,7,3,2043,1400
9,7,3,2044,1400
9,7,3,2045,1400
9,7,3,2046,1400
9,7,3,2047,1400
9,7,3,2048,1400
9,7,3,2049,1400
9,7,3,2050,1400
9,8,1,2023,4000
9,8,1,2024,4000
9,8,1,2025,4000
9,8,1,2026,4000
9,8,1,2027,4000
9,8,1,2028,4000
9,8,1,2029,4000
9,8,1,2030,4000
9,8,1,2031,4000
9,8,1,2032,4000
9,8,1,2033,4000
9,8,1,2034,4000
9,8,1,2035,4000
9,8,1,2036,4000
9,8,1,2037,4000
9,8,1,2038,4000
9,8,1,2039,4000
9,8,1,2040,4000
9,8,1,2041,4000
9,8,1,2042,4000
9,8,1,2043,4000
9,8,1,2044,4000
9,8,1,2045,4000
9,8,1,2046,4000
9,8,1,2047,4000
9,8,1,2048,4000
9,8,1,2049,4000
9,8,1,2050,4000
9,8,2,2023,4000
9,8,2,2024,4000
9,8,2,2025,4000
9,8,2,2026,4000
9,8,2,2027,4000
9,8,2,2028,4000
9,8,2,2029,4000
9,8,2,2030,4000
9,8,2,2031,4000
9,8,2,2032,4000
9,8,2,2033,4000
9,8,2,2034,4000
9,8,2,2035,4000
9,8,2,2036,4000
9,8,2,2037,4000
9,8,2,2038,4000
9,8,2,2039,4000
9,8,2,2040,4000
9,8,2,2041,4000
9,8,2,2042,4000
9,8,2,2043,4000
9,8,2,2044,4000
9,8,2,2045,4000
9,8,2,2046,4000
9,8,2,2047,4000
9,8,2,2048,4000
9,8,2,2049,4000
9,8,2,2050,4000
9,8,3,2023,4000
9,8,3,2024,4000
9,8,3,2025,4000
9,8,3,2026,4000
9,8,3,2027,4000
9,8,3,2028,4000
9,8,3,2029,4000
9,8,3,2030,4000
9,8,3,2031,4000
9,8,3,2032,4000
9,8,3,2033,4000
9,8,3,2034,4000
9,8,3,2035,4000
9,8,3,2036,4000
9,8,3,2037,4000
9,8,3,2038,4000
9,8,3,2039,4000
9,8,3,2040,4000
9,8,3,2041,4000
9,8,3,2042,4000
9,8,3,2043,4000
9,8,3,2044,4000
9,8,3,2045,4000
9,8,3,2046,4000
9,8,3,2047,4000
9,8,3,2048,4000
9,8,3,2049,4000
9,8,3,2050,4000
9,10,1,2023,2000
9,10,1,2024,2000
9,10,1,2025,2000
9,10,1,2026,2000
9,10,1,2027,2000
9,10,1,2028,2000
9,10,1,2029,2000
9,10,1,2030,2000
9,10,1,2031,2000
9,10,1,2032,2000
9,10,1,2033,2000
9,10,1,2034,2000
9,10,1,2035,2000
9,10,1,2036,2000
9,10,1,2037,2000
9,10,1,2038,2000
9,10,1,2039,2000
9,10,1,2040,2000
9,10,1,2041,2000
9,10,1,2042,2000
9,10,1,2043,2000
9,10,1,2044,2000
9,10,1,2045,2000
9,10,1,2046,2000
9,10,1,2047,2000
9,10,1,2048,2000
9,10,1,2049,2000
9,10,1,2050,2000
9,10,2,2023,2000
9,10,2,2024,2000
9,10,2,2025,2000
9,10,2,2026,2000
9,10,2,2027,2000
9,10,2,2028,2000
9,10,2,2029,2000
9,10,2,2030,2000
9,10,2,2031,2000
9,10,2,2032,2000
9,10,2,2033,2000
9,10,2,2034,2000
9,10,2,2035,2000
9,10,2,2036,2000
9,10,2,2037,2000
9,10,2,2038,2000
9,10,2,2039,2000
9,10,2,2040,2000
9,10,2,2041,2000
9,10,2,2042,2000
9,10,2,2043,2000
9,10,2,2044,2000
9,10,2,2045,2000
9,10,2,2046,2000
9,10,2,2047,2000
9,10,2,2048,2000
9,10,2,2049,2000
9,10,2,2050,2000
9,10,3,2023,2000
9,10,3,2024,2000
9,10,3,2025,2000
9,10,3,2026,2000
9,10,3,2027,2000
9,10,3,2028,2000
9,10,3,2029,2000
9,10,3,2030,2000
9,10,3,2031,2000
9,10,3,2032,2000
9,10,3,2033,2000
9,10,3,2034,2000
9,10,3,2035,2000
9,10,3,2036,2000
9,10,3,2037,2000
9,10,3,2038,2000
9,10,3,2039,2000
9,10,3,2040,2000
9,10,3,2041,2000
9,10,3,2042,2000
9,10,3,2043,2000
9,10,3,2044,2000
9,10,3,2045,2000
9,10,3,2046,2000
9,10,3,2047,2000
9,10,3,2048,2000
9,10,3,2049,2000
9,10,3,2050,2000
10,8,1,2023,340
10,8,1,2024,340
10,8,1,2025,340
10,8,1,2026,340
10,8,1,2027,340
10,8,1,2028,340
10,8,1,2029,340
10,8,1,2030,340
10,8,1,2031,340
10,8,1,2032,340
10,8,1,2033,340
10,8,1,2034,340
10,8,1,2035,340
10,8,1,2036,340
10,8,1,2037,340
10,8,1,2038,340
10,8,1,2039,340
10,8,1,2040,340
10,8,1,2041,340
10,8,1,2042,340
10,8,1,2043,340
10,8,1,2044,340
10,8,1,2045,340
10,8,1,2046,340
10,8,1,2047,340
10,8,1,2048,340
10,8,1,2049,340
10,8,1,2050,340
10,8,2,2023,340
10,8,2,2024,340
10,8,2,2025,340
10,8,2,2026,340
10,8,2,2027,340
10,8,2,2028,340
10,8,2,2029,340
10,8,2,2030,340
10,8,2,2031,340
10,8,2,2032,340
10,8,2,2033,340
10,8,2,2034,340
10,8,2,2035,340
10,8,2,2036,340
10,8,2,2037,340
10,8,2,2038,340
10,8,2,2039,340
10,8,2,2040,340
10,8,2,2041,340
10,8,2,2042,340
10,8,2,2043,340
10,8,2,2044,340
10,8,2,2045,340
10,8,2,2046,340
10,8,2,2047,340
10,8,2,2048,340
10,8,2,2049,340
10,8,2,2050,340
10,8,3,2023,340
10,8,3,2024,340
10,8,3,2025,340
10,8,3,2026,340
10,8,3,2027,340
10,8,3,2028,340
10,8,3,2029,340
10,8,3,2030,340
10,8,3,2031,340
10,8,3,2032,340
10,8,3,2033,340
10,8,3,2034,340
10,8,3,2035,340
10,8,3,2036,340
10,8,3,2037,340
10,8,3,2038,340
10,8,3,2039,340
10,8,3,2040,340
10,8,3,2041,340
10,8,3,2042,340
10,8,3,2043,340
10,8,3,2044,340
10,8,3,2045,340
10,8,3,2046,340
10,8,3,2047,340
10,8,3,2048,340
10,8,3,2049,340
10,8,3,2050,340
10,9,1,2023,2000
10,9,1,2024,2000
10,9,1,2025,2000
10,9,1,2026,2000
10,9,1,2027,2000
10,9,1,2028,2000
10,9,1,2029,2000
10,9,1,2030,2000
10,9,1,2031,2000
10,9,1,2032,2000
10,9,1,2033,2000
10,9,1,2034,2000
10,9,1,2035,2000
10,9,1,2036,2000
10,9,1,2037,2000
10,9,1,2038,2000
10,9,1,2039,2000
10,9,1,2040,2000
10,9,1,2041,2000
10,9,1,2042,2000
10,9,1,2043,2000
10,9,1,2044,2000
10,9,1,2045,2000
10,9,1,2046,2000
10,9,1,2047,2000
10,9,1,2048,2000
10,9,1,2049,2000
10,9,1,2050,2000
10,9,2,2023,2000
10,9,2,2024,2000
10,9,2,2025,2000
10,9,2,2026,2000
10,9,2,2027,2000
10,9,2,2028,2000
10,9,2,2029,2000
10,9,2,2030,2000
10,9,2,2031,2000
10,9,2,2032,2000
10,9,2,2033,2000
10,9,2,2034,2000
10,9,2,2035,2000
10,9,2,2036,2000
10,9,2,2037,2000
10,9,2,2038,2000
10,9,2,2039,2000
10,9,2,2040,2000
10,9,2,2041,2000
10,9,2,2042,2000
10,9,2,2043,2000
10,9,2,2044,2000
10,9,2,2045,2000
10,9,2,2046,2000
10,9,2,2047,2000
10,9,2,2048,2000
10,9,2,2049,2000
10,9,2,2050,2000
10,9,3,2023,2000
10,9,3,2024,2000
10,9,3,2025,2000
10,9,3,2026,2000
10,9,3,2027,2000
10,9,3,2028,2000
10,9,3,2029,2000
10,9,3,2030,2000
10,9,3,2031,2000
10,9,3,2032,2000
10,9,3,2033,2000
10,9,3,2034,2000
10,9,3,2035,2000
10,9,3,2036,2000
10,9,3,2037,2000
10,9,3,2038,2000
10,9,3,2039,2000
10,9,3,2040,2000
10,9,3,2041,2000
10,9,3,2042,2000
10,9,3,2043,2000
10,9,3,2044,2000
10,9,3,2045,2000
10,9,3,2046,2000
10,9,3,2047,2000
10,9,3,2048,2000
10,9,3,2049,2000
10,9,3,2050,2000
10,11,1,2023,6133
10,11,1,2024,6133
10,11,1,2025,6133
10,11,1,2026,6133
10,11,1,2027,6133
10,11,1,2028,6133
10,11,1,2029,6133
10,11,1,2030,6133
10,11,1,2031,6133
10,11,1,2032,6133
10,11,1,2033,6133
10,11,1,2034,6133
10,11,1,2035,6133
10,11,1,2036,6133
10,11,1,2037,6133
10,11,1,2038,6133
10,11,1,2039,6133
10,11,1,2040,6133
10,11,1,2041,6133
10,11,1,2042,6133
10,11,1,2043,6133
10,11,1,2044,6133
10,11,1,2045,6133
10,11,1,2046,6133
10,11,1,2047,6133
10,11,1,2048,6133
10,11,1,2049,6133
10,11,1,2050,6133
10,11,2,2023,6133
10,11,2,2024,6133
10,11,2,2025,6133
10,11,2,2026,6133
10,11,2,2027,6133
10,11,2,2028,6133
10,11,2,2029,6133
10,11,2,2030,6133
10,11,2,2031,6133
10,11,2,2032,6133
10,11,2,2033,6133
10,11,2,2034,6133
10,11,2,2035,6133
10,11,2,2036,6133
10,11,2,2037,6133
10,11,2,2038,6133
10,11,2,2039,6133
10,11,2,2040,6133
10,11,2,2041,6133
10,11,2,2042,6133
10,11,2,2043,6133
10,11,2,2044,6133
10,11,2,2045,6133
10,11,2,2046,6133
10,11,2,2047,6133
10,11,2,2048,6133
10,11,2,2049,6133
10,11,2,2050,6133
10,11,3,2023,6133
10,11,3,2024,6133
10,11,3,2025,6133
10,11,3,2026,6133
10,11,3,2027,6133
10,11,3,2028,6133
10,11,3,2029,6133
10,11,3,2030,6133
10,11,3,2031,6133
10,11,3,2032,6133
10,11,3,2033,6133
10,11,3,2034,6133
10,11,3,2035,6133
10,11,3,2036,6133
10,11,3,2037,6133
10,11,3,2038,6133
10,11,3,2039,6133
10,11,3,2040,6133
10,11,3,2041,6133
10,11,3,2042,6133
10,11,3,2043,6133
10,11,3,2044,6133
10,11,3,2045,6133
10,11,3,2046,6133
10,11,3,2047,6133
10,11,3,2048,6133
10,11,3,2049,6133
10,11,3,2050,6133
10,13,1,2023,3900
10,13,1,2024,3900
10,13,1,2025,3900
10,13,1,2026,3900
10,13,1,2027,3900
10,13,1,2028,3900
10,13,1,2029,3900
10,13,1,2030,3900
10,13,1,2031,3900
10,13,1,2032,3900
10,13,1,2033,3900
10,13,1,2034,3900
10,13,1,2035,3900
10,13,1,2036,3900
10,13,1,2037,3900
10,13,1,2038,3900
10,13,1,2039,3900
10,13,1,2040,3900
10,13,1,2041,3900
10,13,1,2042,3900
10,13,1,2043,3900
10,13,1,2044,3900
10,13,1,2045,3900
10,13,1,2046,3900
10,13,1,2047,3900
10,13,1,2048,3900
10,13,1,2049,3900
10,13,1,2050,3900
10,13,2,2023,3900
10,13,2,2024,3900
10,13,2,2025,3900
10,13,2,2026,3900
10,13,2,2027,3900
10,13,2,2028,3900
10,13,2,2029,3900
10,13,2,2030,3900
10,13,2,2031,3900
10,13,2,2032,3900
10,13,2,2033,3900
10,13,2,2034,3900
10,13,2,2035,3900
10,13,2,2036,3900
10,13,2,2037,3900
10,13,2,2038,3900
10,13,2,2039,3900
10,13,2,2040,3900
10,13,2,2041,3900
10,13,2,2042,3900
10,13,2,2043,3900
10,13,2,2044,3900
10,13,2,2045,3900
10,13,2,2046,3900
10,13,2,2047,3900
10,13,2,2048,3900
10,13,2,2049,3900
10,13,2,2050,3900
10,13,3,2023,3900
10,13,3,2024,3900
10,13,3,2025,3900
10,13,3,2026,3900
10,13,3,2027,3900
10,13,3,2028,3900
10,13,3,2029,3900
10,13,3,2030,3900
10,13,3,2031,3900
10,13,3,2032,3900
10,13,3,2033,3900
10,13,3,2034,3900
10,13,3,2035,3900
10,13,3,2036,3900
10,13,3,2037,3900
10,13,3,2038,3900
10,13,3,2039,3900
10,13,3,2040,3900
10,13,3,2041,3900
10,13,3,2042,3900
10,13,3,2043,3900
10,13,3,2044,3900
10,13,3,2045,3900
10,13,3,2046,3900
10,13,3,2047,3900
10,13,3,2048,3900
10,13,3,2049,3900
10,13,3,2050,3900
11,4,1,2023,10262
11,4,1,2024,10262
11,4,1,2025,10262
11,4,1,2026,10262
11,4,1,2027,10262
11,4,1,2028,10262
11,4,1,2029,10262
11,4,1,2030,10262
11,4,1,2031,10262
11,4,1,2032,10262
11,4,1,2033,10262
11,4,1,2034,10262
11,4,1,2035,10262
11,4,1,2036,10262
11,4,1,2037,10262
11,4,1,2038,10262
11,4,1,2039,10262
11,4,1,2040,10262
11,4,1,2041,10262
11,4,1,2042,10262
11,4,1,2043,10262
11,4,1,2044,10262
11,4,1,2045,10262
11,4,1,2046,10262
11,4,1,2047,10262
11,4,1,2048,10262
11,4,1,2049,10262
11,4,1,2050,10262
11,4,2,2023,10262
11,4,2,2024,10262
11,4,2,2025,10262
11,4,2,2026,10262
11,4,2,2027,10262
11,4,2,2028,10262
11,4,2,2029,10262
11,4,2,2030,10262
11,4,2,2031,10262
11,4,2,2032,10262
11,4,2,2033,10262
11,4,2,2034,10262
11,4,2,2035,10262
11,4,2,2036,10262
11,4,2,2037,10262
11,4,2,2038,10262
11,4,2,2039,10262
11,4,2,2040,10262
11,4,2,2041,10262
11,4,2,2042,10262
11,4,2,2043,10262
11,4,2,2044,10262
11,4,2,2045,10262
11,4,2,2046,10262
11,4,2,2047,10262
11,4,2,2048,10262
11,4,2,2049,10262
11,4,2,2050,10262
11,4,3,2023,10262
11,4,3,2024,10262
11,4,3,2025,10262
11,4,3,2026,10262
11,4,3,2027,10262
11,4,3,2028,10262
11,4,3,2029,10262
11,4,3,2030,10262
11,4,3,2031,10262
11,4,3,2032,10262
11,4,3,2033,10262
11,4,3,2034,10262
11,4,3,2035,10262
11,4,3,2036,10262
11,4,3,2037,10262
11,4,3,2038,10262
11,4,3,2039,10262
11,4,3,2040,10262
11,4,3,2041,10262
11,4,3,2042,10262
11,4,3,2043,10262
11,4,3,2044,10262
11,4,3,2045,10262
11,4,3,2046,10262
11,4,3,2047,10262
11,4,3,2048,10262
11,4,3,2049,10262
11,4,3,2050,10262
11,5,1,2023,1526
11,5,1,2024,1526
11,5,1,2025,1526
11,5,1,2026,1526
11,5,1,2027,1526
11,5,1,2028,1526
11,5,1,2029,1526
11,5,1,2030,1526
11,5,1,2031,1526
11,5,1,2032,1526
11,5,1,2033,1526
11,5,1,2034,1526
11,5,1,2035,1526
11,5,1,2036,1526
11,5,1,2037,1526
11,5,1,2038,1526
11,5,1,2039,1526
11,5,1,2040,1526
11,5,1,2041,1526
11,5,1,2042,1526
11,5,1,2043,1526
11,5,1,2044,1526
11,5,1,2045,1526
11,5,1,2046,1526
11,5,1,2047,1526
11,5,1,2048,1526
11,5,1,2049,1526
11,5,1,2050,1526
11,5,2,2023,1526
11,5,2,2024,1526
11,5,2,2025,1526
11,5,2,2026,1526
11,5,2,2027,1526
11,5,2,2028,1526
11,5,2,2029,1526
11,5,2,2030,1526
11,5,2,2031,1526
11,5,2,2032,1526
11,5,2,2033,1526
11,5,2,2034,1526
11,5,2,2035,1526
11,5,2,2036,1526
11,5,2,2037,1526
11,5,2,2038,1526
11,5,2,2039,1526
11,5,2,2040,1526
11,5,2,2041,1526
11,5,2,2042,1526
11,5,2,2043,1526
11,5,2,2044,1526
11,5,2,2045,1526
11,5,2,2046,1526
11,5,2,2047,1526
11,5,2,2048,1526
11,5,2,2049,1526
11,5,2,2050,1526
11,5,3,2023,1526
11,5,3,2024,1526
11,5,3,2025,1526
11,5,3,2026,1526
11,5,3,2027,1526
11,5,3,2028,1526
11,5,3,2029,1526
11,5,3,2030,1526
11,5,3,2031,1526
11,5,3,2032,1526
11,5,3,2033,1526
11,5,3,2034,1526
11,5,3,2035,1526
11,5,3,2036,1526
11,5,3,2037,1526
11,5,3,2038,1526
11,5,3,2039,1526
11,5,3,2040,1526
11,5,3,2041,1526
11,5,3,2042,1526
11,5,3,2043,1526
11,5,3,2044,1526
11,5,3,2045,1526
11,5,3,2046,1526
11,5,3,2047,1526
11,5,3,2048,1526
11,5,3,2049,1526
11,5,3,2050,1526
11,10,1,2023,5983
11,10,1,2024,5983
11,10,1,2025,5983
11,10,1,2026,5983
11,10,1,2027,5983
11,10,1,2028,5983
11,10,1,2029,5983
11,10,1,2030,5983
11,10,1,2031,5983
11,10,1,2032,5983
11,10,1,2033,5983
11,10,1,2034,5983
11,10,1,2035,5983
11,10,1,2036,5983
11,10,1,2037,5983
11,10,1,2038,5983
11,10,1,2039,5983
11,10,1,2040,5983
11,10,1,2041,5983
11,10,1,2042,5983
11,10,1,2043,5983
11,10,1,2044,5983
11,10,1,2045,5983
11,10,1,2046,5983
11,10,1,2047,5983
11,10,1,2048,5983
11,10,1,2049,5983
11,10,1,2050,5983
11,10,2,2023,5982.999
11,10,2,2024,5982.999
11,10,2,2025,5982.999
11,10,2,2026,5982.999
11,10,2,2027,5982.999
11,10,2,2028,5982.999
11,10,2,2029,5982.999
11,10,2,2030,5982.999
11,10,2,2031,5982.999
11,10,2,2032,5982.999
11,10,2,2033,5982.999
11,10,2,2034,5982.999
11,10,2,2035,5982.999
11,10,2,2036,5982.999
11,10,2,2037,5982.999
11,10,2,2038,5982.999
11,10,2,2039,5982.999
11,10,2,2040,5982.999
11,10,2,2041,5982.999
11,10,2,2042,5982.999
11,10,2,2043,5982.999
11,10,2,2044,5982.999
11,10,2,2045,5982.999
11,10,2,2046,5982.999
11,10,2,2047,5982.999
11,10,2,2048,5982.999
11,10,2,2049,5982.999
11,10,2,2050,5982.999
11,10,3,2023,5982.999
11,10,3,2024,5982.999
11,10,3,2025,5982.999
11,10,3,2026,5982.999
11,10,3,2027,5982.999
11,10,3,2028,5982.999
11,10,3,2029,5982.999
11,10,3,2030,5982.999
11,10,3,2031,5982.999
11,10,3,2032,5982.999
11,10,3,2033,5982.999
11,10,3,2034,5982.999
11,10,3,2035,5982.999
11,10,3,2036,5982.999
11,10,3,2037,5982.999
11,10,3,2038,5982.999
11,10,3,2039,5982.999
11,10,3,2040,5982.999
11,10,3,2041,5982.999
11,10,3,2042,5982.999
11,10,3,2043,5982.999
11,10,3,2044,5982.999
11,10,3,2045,5982.999
11,10,3,2046,5982.999
11,10,3,2047,5982.999
11,10,3,2048,5982.999
11,10,3,2049,5982.999
11,10,3,2050,5982.999
11,13,1,2023,4098
11,13,1,2024,4098
11,13,1,2025,4098
11,13,1,2026,4098
11,13,1,2027,4098
11,13,1,2028,4098
11,13,1,2029,4098
11,13,1,2030,4098
11,13,1,2031,4098
11,13,1,2032,4098
11,13,1,2033,4098
11,13,1,2034,4098
11,13,1,2035,4098
11,13,1,2036,4098
11,13,1,2037,4098
11,13,1,2038,4098
11,13,1,2039,4098
11,13,1,2040,4098
11,13,1,2041,4098
11,13,1,2042,4098
11,13,1,2043,4098
11,13,1,2044,4098
11,13,1,2045,4098
11,13,1,2046,4098
11,13,1,2047,4098
11,13,1,2048,4098
11,13,1,2049,4098
11,13,1,2050,4098
11,13,2,2023,4098
11,13,2,2024,4098
11,13,2,2025,4098
11,13,2,2026,4098
11,13,2,2027,4098
11,13,2,2028,4098
11,13,2,2029,4098
11,13,2,2030,4098
11,13,2,2031,4098
11,13,2,2032,4098
11,13,2,2033,4098
11,13,2,2034,4098
11,13,2,2035,4098
11,13,2,2036,4098
11,13,2,2037,4098
11,13,2,2038,4098
11,13,2,2039,4098
11,13,2,2040,4098
11,13,2,2041,4098
11,13,2,2042,4098
11,13,2,2043,4098
11,13,2,2044,4098
11,13,2,2045,4098
11,13,2,2046,4098
11,13,2,2047,4098
11,13,2,2048,4098
11,13,2,2049,4098
11,13,2,2050,4098
11,13,3,2023,4098
11,13,3,2024,4098
11,13,3,2025,4098
11,13,3,2026,4098
11,13,3,2027,4098
11,13,3,2028,4098
11,13,3,2029,4098
11,13,3,2030,4098
11,13,3,2031,4098
11,13,3,2032,4098
11,13,3,2033,4098
11,13,3,2034,4098
11,13,3,2035,4098
11,13,3,2036,4098
11,13,3,2037,4098
11,13,3,2038,4098
11,13,3,2039,4098
11,13,3,2040,4098
11,13,3,2041,4098
11,13,3,2042,4098
11,13,3,2043,4098
11,13,3,2044,4098
11,13,3,2045,4098
11,13,3,2046,4098
11,13,3,2047,4098
11,13,3,2048,4098
11,13,3,2049,4098
11,13,3,2050,4098
11,14,1,2023,902
11,14,1,2024,902
11,14,1,2025,902
11,14,1,2026,902
11,14,1,2027,902
11,14,1,2028,902
11,14,1,2029,902
11,14,1,2030,902
11,14,1,2031,902
11,14,1,2032,902
11,14,1,2033,902
11,14,1,2034,902
11,14,1,2035,902
11,14,1,2036,902
11,14,1,2037,902
11,14,1,2038,902
11,14,1,2039,902
11,14,1,2040,902
11,14,1,2041,902
11,14,1,2042,902
11,14,1,2043,902
11,14,1,2044,902
11,14,1,2045,902
11,14,1,2046,902
11,14,1,2047,902
11,14,1,2048,902
11,14,1,2049,902
11,14,1,2050,902
11,14,2,2023,902
11,14,2,2024,902
11,14,2,2025,902
11,14,2,2026,902
11,14,2,2027,902
11,14,2,2028,902
11,14,2,2029,902
11,14,2,2030,902
11,14,2,2031,902
11,14,2,2032,902
11,14,2,2033,902
11,14,2,2034,902
11,14,2,2035,902
11,14,2,2036,902
11,14,2,2037,902
11,14,2,2038,902
11,14,2,2039,902
11,14,2,2040,902
11,14,2,2041,902
11,14,2,2042,902
11,14,2,2043,902
11,14,2,2044,902
11,14,2,2045,902
11,14,2,2046,902
11,14,2,2047,902
11,14,2,2048,902
11,14,2,2049,902
11,14,2,2050,902
11,14,3,2023,902
11,14,3,2024,902
11,14,3,2025,902
11,14,3,2026,902
11,14,3,2027,902
11,14,3,2028,902
11,14,3,2029,902
11,14,3,2030,902
11,14,3,2031,902
11,14,3,2032,902
11,14,3,2033,902
11,14,3,2034,902
11,14,3,2035,902
11,14,3,2036,902
11,14,3,2037,902
11,14,3,2038,902
11,14,3,2039,902
11,14,3,2040,902
11,14,3,2041,902
11,14,3,2042,902
11,14,3,2043,902
11,14,3,2044,902
11,14,3,2045,902
11,14,3,2046,902
11,14,3,2047,902
11,14,3,2048,902
11,14,3,2049,902
11,14,3,2050,902
11,16,1,2023,1816
11,16,1,2024,1816
11,16,1,2025,1816
11,16,1,2026,1816
11,16,1,2027,1816
11,16,1,2028,1816
11,16,1,2029,1816
11,16,1,2030,1816
11,16,1,2031,1816
11,16,1,2032,1816
11,16,1,2033,1816
11,16,1,2034,1816
11,16,1,2035,1816
11,16,1,2036,1816
11,16,1,2037,1816
11,16,1,2038,1816
11,16,1,2039,1816
11,16,1,2040,1816
11,16,1,2041,1816
11,16,1,2042,1816
11,16,1,2043,1816
11,16,1,2044,1816
11,16,1,2045,1816
11,16,1,2046,1816
11,16,1,2047,1816
11,16,1,2048,1816
11,16,1,2049,1816
11,16,1,2050,1816
11,16,2,2023,1816
11,16,2,2024,1816
11,16,2,2025,1816
11,16,2,2026,1816
11,16,2,2027,1816
11,16,2,2028,1816
11,16,2,2029,1816
11,16,2,2030,1816
11,16,2,2031,1816
11,16,2,2032,1816
11,16,2,2033,1816
11,16,2,2034,1816
11,16,2,2035,1816
11,16,2,2036,1816
11,16,2,2037,1816
11,16,2,2038,1816
11,16,2,2039,1816
11,16,2,2040,1816
11,16,2,2041,1816
11,16,2,2042,1816
11,16,2,2043,1816
11,16,2,2044,1816
11,16,2,2045,1816
11,16,2,2046,1816
11,16,2,2047,1816
11,16,2,2048,1816
11,16,2,2049,1816
11,16,2,2050,1816
11,16,3,2023,1816
11,16,3,2024,1816
11,16,3,2025,1816
11,16,3,2026,1816
11,16,3,2027,1816
11,16,3,2028,1816
11,16,3,2029,1816
11,16,3,2030,1816
11,16,3,2031,1816
11,16,3,2032,1816
11,16,3,2033,1816
11,16,3,2034,1816
11,16,3,2035,1816
11,16,3,2036,1816
11,16,3,2037,1816
11,16,3,2038,1816
11,16,3,2039,1816
11,16,3,2040,1816
11,16,3,2041,1816
11,16,3,2042,1816
11,16,3,2043,1816
11,16,3,2044,1816
11,16,3,2045,1816
11,16,3,2046,1816
11,16,3,2047,1816
11,16,3,2048,1816
11,16,3,2049,1816
11,16,3,2050,1816
12,3,1,2023,2006
12,3,1,2024,2006
12,3,1,2025,2006
12,3,1,2026,2006
12,3,1,2027,2006
12,3,1,2028,2006
12,3,1,2029,2006
12,3,1,2030,2006
12,3,1,2031,2006
12,3,1,2032,2006
12,3,1,2033,2006
12,3,1,2034,2006
12,3,1,2035,2006
12,3,1,2036,2006
12,3,1,2037,2006
12,3,1,2038,2006
12,3,1,2039,2006
12,3,1,2040,2006
12,3,1,2041,2006
12,3,1,2042,2006
12,3,1,2043,2006
12,3,1,2044,2006
12,3,1,2045,2006
12,3,1,2046,2006
12,3,1,2047,2006
12,3,1,2048,2006
12,3,1,2049,2006
12,3,1,2050,2006
12,3,2,2023,2006
12,3,2,2024,2006
12,3,2,2025,2006
12,3,2,2026,2006
12,3,2,2027,2006
12,3,2,2028,2006
12,3,2,2029,2006
12,3,2,2030,2006
12,3,2,2031,2006
12,3,2,2032,2006
12,3,2,2033,2006
12,3,2,2034,2006
12,3,2,2035,2006
12,3,2,2036,2006
12,3,2,2037,2006
12,3,2,2038,2006
12,3,2,2039,2006
12,3,2,2040,2006
12,3,2,2041,2006
12,3,2,2042,2006
12,3,2,2043,2006
12,3,2,2044,2006
12,3,2,2045,2006
12,3,2,2046,2006
12,3,2,2047,2006
12,3,2,2048,2006
12,3,2,2049,2006
12,3,2,2050,2006
12,3,3,2023,2006
12,3,3,2024,2006
12,3,3,2025,2006
12,3,3,2026,2006
12,3,3,2027,2006
12,3,3,2028,2006
12,3,3,2029,2006
12,3,3,2030,2006
12,3,3,2031,2006
12,3,3,2032,2006
12,3,3,2033,2006
12,3,3,2034,2006
12,3,3,2035,2006
12,3,3,2036,2006
12,3,3,2037,2006
12,3,3,2038,2006
12,3,3,2039,2006
12,3,3,2040,2006
12,3,3,2041,2006
12,3,3,2042,2006
12,3,3,2043,2006
12,3,3,2044,2006
12,3,3,2045,2006
12,3,3,2046,2006
12,3,3,2047,2006
12,3,3,2048,2006
12,3,3,2049,2006
12,3,3,2050,2006
12,4,1,2023,8746
12,4,1,2024,8746
12,4,1,2025,8746
12,4,1,2026,8746
12,4,1,2027,8746
12,4,1,2028,8746
12,4,1,2029,8746
12,4,1,2030,8746
12,4,1,2031,8746
12,4,1,2032,8746
12,4,1,2033,8746
12,4,1,2034,8746
12,4,1,2035,8746
12,4,1,2036,8746
12,4,1,2037,8746
12,4,1,2038,8746
12,4,1,2039,8746
12,4,1,2040,8746
12,4,1,2041,8746
12,4,1,2042,8746
12,4,1,2043,8746
12,4,1,2044,8746
12,4,1,2045,8746
12,4,1,2046,8746
12,4,1,2047,8746
12,4,1,2048,8746
12,4,1,2049,8746
12,4,1,2050,8746
12,4,2,2023,8746
12,4,2,2024,8746
12,4,2,2025,8746
12,4,2,2026,8746
12,4,2,2027,8746
12,4,2,2028,8746
12,4,2,2029,8746
12,4,2,2030,8746
12,4,2,2031,8746
12,4,2,2032,8746
12,4,2,2033,8746
12,4,2,2034,8746
12,4,2,2035,8746
12,4,2,2036,8746
12,4,2,2037,8746
12,4,2,2038,8746
12,4,2,2039,8746
12,4,2,2040,8746
12,4,2,2041,8746
12,4,2,2042,8746
12,4,2,2043,8746
12,4,2,2044,8746
12,4,2,2045,8746
12,4,2,2046,8746
12,4,2,2047,8746
12,4,2,2048,8746
12,4,2,2049,8746
12,4,2,2050,8746
12,4,3,2023,8746
12,4,3,2024,8746
12,4,3,2025,8746
12,4,3,2026,8746
12,4,3,2027,8746
12,4,3,2028,8746
12,4,3,2029,8746
12,4,3,2030,8746
12,4,3,2031,8746
12,4,3,2032,8746
12,4,3,2033,8746
12,4,3,2034,8746
12,4,3,2035,8746
12,4,3,2036,8746
12,4,3,2037,8746
12,4,3,2038,8746
12,4,3,2039,8746
12,4,3,2040,8746
12,4,3,2041,8746
12,4,3,2042,8746
12,4,3,2043,8746
12,4,3,2044,8746
12,4,3,2045,8746
12,4,3,2046,8746
12,4,3,2047,8746
12,4,3,2048,8746
12,4,3,2049,8746
12,4,3,2050,8746
13,10,1,2023,3900
13,10,1,2024,3900
13,10,1,2025,3900
13,10,1,2026,3900
13,10,1,2027,3900
13,10,1,2028,3900
13,10,1,2029,3900
13,10,1,2030,3900
13,10,1,2031,3900
13,10,1,2032,3900
13,10,1,2033,3900
13,10,1,2034,3900
13,10,1,2035,3900
13,10,1,2036,3900
13,10,1,2037,3900
13,10,1,2038,3900
13,10,1,2039,3900
13,10,1,2040,3900
13,10,1,2041,3900
13,10,1,2042,3900
13,10,1,2043,3900
13,10,1,2044,3900
13,10,1,2045,3900
13,10,1,2046,3900
13,10,1,2047,3900
13,10,1,2048,3900
13,10,1,2049,3900
13,10,1,2050,3900
13,10,2,2023,3900
13,10,2,2024,3900
13,10,2,2025,3900
13,10,2,2026,3900
13,10,2,2027,3900
13,10,2,2028,3900
13,10,2,2029,3900
13,10,2,2030,3900
13,10,2,2031,3900
13,10,2,2032,3900
13,10,2,2033,3900
13,10,2,2034,3900
13,10,2,2035,3900
13,10,2,2036,3900
13,10,2,2037,3900
13,10,2,2038,3900
13,10,2,2039,3900
13,10,2,2040,3900
13,10,2,2041,3900
13,10,2,2042,3900
13,10,2,2043,3900
13,10,2,2044,3900
13,10,2,2045,3900
13,10,2,2046,3900
13,10,2,2047,3900
13,10,2,2048,3900
13,10,2,2049,3900
13,10,2,2050,3900
13,10,3,2023,3900
13,10,3,2024,3900
13,10,3,2025,3900
13,10,3,2026,3900
13,10,3,2027,3900
13,10,3,2028,3900
13,10,3,2029,3900
13,10,3,2030,3900
13,10,3,2031,3900
13,10,3,2032,3900
13,10,3,2033,3900
13,10,3,2034,3900
13,10,3,2035,3900
13,10,3,2036,3900
13,10,3,2037,3900
13,10,3,2038,3900
13,10,3,2039,3900
13,10,3,2040,3900
13,10,3,2041,3900
13,10,3,2042,3900
13,10,3,2043,3900
13,10,3,2044,3900
13,10,3,2045,3900
13,10,3,2046,3900
13,10,3,2047,3900
13,10,3,2048,3900
13,10,3,2049,3900
13,10,3,2050,3900
13,11,1,2023,4098
13,11,1,2024,4098
13,11,1,2025,4098
13,11,1,2026,4098
13,11,1,2027,4098
13,11,1,2028,4098
13,11,1,2029,4098
13,11,1,2030,4098
13,11,1,2031,4098
13,11,1,2032,4098
13,11,1,2033,4098
13,11,1,2034,4098
13,11,1,2035,4098
13,11,1,2036,4098
13,11,1,2037,4098
13,11,1,2038,4098
13,11,1,2039,4098
13,11,1,2040,4098
13,11,1,2041,4098
13,11,1,2042,4098
13,11,1,2043,4098
13,11,1,2044,4098
13,11,1,2045,4098
13,11,1,2046,4098
13,11,1,2047,4098
13,11,1,2048,4098
13,11,1,2049,4098
13,11,1,2050,4098
13,11,2,2023,4098
13,11,2,2024,4098
13,11,2,2025,4098
13,11,2,2026,4098
13,11,2,2027,4098
13,11,2,2028,4098
13,11,2,2029,4098
13,11,2,2030,4098
13,11,2,2031,4098
13,11,2,2032,4098
13,11,2,2033,4098
13,11,2,2034,4098
13,11,2,2035,4098
13,11,2,2036,4098
13,11,2,2037,4098
13,11,2,2038,4098
13,11,2,2039,4098
13,11,2,2040,4098
13,11,2,2041,4098
13,11,2,2042,4098
13,11,2,2043,4098
13,11,2,2044,4098
13,11,2,2045,4098
13,11,2,2046,4098
13,11,2,2047,4098
13,11,2,2048,4098
13,11,2,2049,4098
13,11,2,2050,4098
13,11,3,2023,4098
13,11,3,2024,4098
13,11,3,2025,4098
13,11,3,2026,4098
13,11,3,2027,4098
13,11,3,2028,4098
13,11,3,2029,4098
13,11,3,2030,4098
13,11,3,2031,4098
13,11,3,2032,4098
13,11,3,2033,4098
13,11,3,2034,4098
13,11,3,2035,4098
13,11,3,2036,4098
13,11,3,2037,4098
13,11,3,2038,4098
13,11,3,2039,4098
13,11,3,2040,4098
13,11,3,2041,4098
13,11,3,2042,4098
13,11,3,2043,4098
13,11,3,2044,4098
13,11,3,2045,4098
13,11,3,2046,4098
13,11,3,2047,4098
13,11,3,2048,4098
13,11,3,2049,4098
13,11,3,2050,4098
13,14,1,2023,4316
13,14,1,2024,4316
13,14,1,2025,4316
13,14,1,2026,4316
13,14,1,2027,4316
13,14,1,2028,4316
13,14,1,2029,4316
13,14,1,2030,4316
13,14,1,2031,4316
13,14,1,2032,4316
13,14,1,2033,4316
13,14,1,2034,4316
13,14,1,2035,4316
13,14,1,2036,4316
13,14,1,2037,4316
13,14,1,2038,4316
13,14,1,2039,4316
13,14,1,2040,4316
13,14,1,2041,4316
13,14,1,2042,4316
13,14,1,2043,4316
13,14,1,2044,4316
13,14,1,2045,4316
13,14,1,2046,4316
13,14,1,2047,4316
13,14,1,2048,4316
13,14,1,2049,4316
13,14,1,2050,4316
13,14,2,2023,4316
13,14,2,2024,4316
13,14,2,2025,4316
13,14,2,2026,4316
13,14,2,2027,4316
13,14,2,2028,4316
13,14,2,2029,4316
13,14,2,2030,4316
13,14,2,2031,4316
13,14,2,2032,4316
13,14,2,2033,4316
13,14,2,2034,4316
13,14,2,2035,4316
13,14,2,2036,4316
13,14,2,2037,4316
13,14,2,2038,4316
13,14,2,2039,4316
13,14,2,2040,4316
13,14,2,2041,4316
13,14,2,2042,4316
13,14,2,2043,4316
13,14,2,2044,4316
13,14,2,2045,4316
13,14,2,2046,4316
13,14,2,2047,4316
13,14,2,2048,4316
13,14,2,2049,4316
13,14,2,2050,4316
13,14,3,2023,4316
13,14,3,2024,4316
13,14,3,2025,4316
13,14,3,2026,4316
13,14,3,2027,4316
13,14,3,2028,4316
13,14,3,2029,4316
13,14,3,2030,4316
13,14,3,2031,4316
13,14,3,2032,4316
13,14,3,2033,4316
13,14,3,2034,4316
13,14,3,2035,4316
13,14,3,2036,4316
13,14,3,2037,4316
13,14,3,2038,4316
13,14,3,2039,4316
13,14,3,2040,4316
13,14,3,2041,4316
13,14,3,2042,4316
13,14,3,2043,4316
13,14,3,2044,4316
13,14,3,2045,4316
13,14,3,2046,4316
13,14,3,2047,4316
13,14,3,2048,4316
13,14,3,2049,4316
13,14,3,2050,4316
14,11,1,2023,902
14,11,1,2024,902
14,11,1,2025,902
14,11,1,2026,902
14,11,1,2027,902
14,11,1,2028,902
14,11,1,2029,902
14,11,1,2030,902
14,11,1,2031,902
14,11,1,2032,902
14,11,1,2033,902
14,11,1,2034,902
14,11,1,2035,902
14,11,1,2036,902
14,11,1,2037,902
14,11,1,2038,902
14,11,1,2039,902
14,11,1,2040,902
14,11,1,2041,902
14,11,1,2042,902
14,11,1,2043,902
14,11,1,2044,902
14,11,1,2045,902
14,11,1,2046,902
14,11,1,2047,902
14,11,1,2048,902
14,11,1,2049,902
14,11,1,2050,902
14,11,2,2023,902
14,11,2,2024,902
14,11,2,2025,902
14,11,2,2026,902
14,11,2,2027,902
14,11,2,2028,902
14,11,2,2029,902
14,11,2,2030,902
14,11,2,2031,902
14,11,2,2032,902
14,11,2,2033,902
14,11,2,2034,902
14,11,2,2035,902
14,11,2,2036,902
14,11,2,2037,902
14,11,2,2038,902
14,11,2,2039,902
14,11,2,2040,902
14,11,2,2041,902
14,11,2,2042,902
14,11,2,2043,902
14,11,2,2044,902
14,11,2,2045,902
14,11,2,2046,902
14,11,2,2047,902
14,11,2,2048,902
14,11,2,2049,902
14,11,2,2050,902
14,11,3,2023,902
14,11,3,2024,902
14,11,3,2025,902
14,11,3,2026,902
14,11,3,2027,902
14,11,3,2028,902
14,11,3,2029,902
14,11,3,2030,902
14,11,3,2031,902
14,11,3,2032,902
14,11,3,2033,902
14,11,3,2034,902
14,11,3,2035,902
14,11,3,2036,902
14,11,3,2037,902
14,11,3,2038,902
14,11,3,2039,902
14,11,3,2040,902
14,11,3,2041,902
14,11,3,2042,902
14,11,3,2043,902
14,11,3,2044,902
14,11,3,2045,902
14,11,3,2046,902
14,11,3,2047,902
14,11,3,2048,902
14,11,3,2049,902
14,11,3,2050,902
14,13,1,2023,4350
14,13,1,2024,4350
14,13,1,2025,4350
14,13,1,2026,4350
14,13,1,2027,4350
14,13,1,2028,4350
14,13,1,2029,4350
14,13,1,2030,4350
14,13,1,2031,4350
14,13,1,2032,4350
14,13,1,2033,4350
14,13,1,2034,4350
14,13,1,2035,4350
14,13,1,2036,4350
14,13,1,2037,4350
14,13,1,2038,4350
14,13,1,2039,4350
14,13,1,2040,4350
14,13,1,2041,4350
14,13,1,2042,4350
14,13,1,2043,4350
14,13,1,2044,4350
14,13,1,2045,4350
14,13,1,2046,4350
14,13,1,2047,4350
14,13,1,2048,4350
14,13,1,2049,4350
14,13,1,2050,4350
14,13,2,2023,4350
14,13,2,2024,4350
14,13,2,2025,4350
14,13,2,2026,4350
14,13,2,2027,4350
14,13,2,2028,4350
14,13,2,2029,4350
14,13,2,2030,4350
14,13,2,2031,4350
14,13,2,2032,4350
14,13,2,2033,4350
14,13,2,2034,4350
14,13,2,2035,4350
14,13,2,2036,4350
14,13,2,2037,4350
14,13,2,2038,4350
14,13,2,2039,4350
14,13,2,2040,4350
14,13,2,2041,4350
14,13,2,2042,4350
14,13,2,2043,4350
14,13,2,2044,4350
14,13,2,2045,4350
14,13,2,2046,4350
14,13,2,2047,4350
14,13,2,2048,4350
14,13,2,2049,4350
14,13,2,2050,4350
14,13,3,2023,4350
14,13,3,2024,4350
14,13,3,2025,4350
14,13,3,2026,4350
14,13,3,2027,4350
14,13,3,2028,4350
14,13,3,2029,4350
14,13,3,2030,4350
14,13,3,2031,4350
14,13,3,2032,4350
14,13,3,2033,4350
14,13,3,2034,4350
14,13,3,2035,4350
14,13,3,2036,4350
14,13,3,2037,4350
14,13,3,2038,4350
14,13,3,2039,4350
14,13,3,2040,4350
14,13,3,2041,4350
14,13,3,2042,4350
14,13,3,2043,4350
14,13,3,2044,4350
14,13,3,2045,4350
14,13,3,2046,4350
14,13,3,2047,4350
14,13,3,2048,4350
14,13,3,2049,4350
14,13,3,2050,4350
14,15,1,2023,3242
14,15,1,2024,3242
14,15,1,2025,3242
14,15,1,2026,3242
14,15,1,2027,3242
14,15,1,2028,3242
14,15,1,2029,3242
14,15,1,2030,3242
14,15,1,2031,3242
14,15,1,2032,3242
14,15,1,2033,3242
14,15,1,2034,3242
14,15,1,2035,3242
14,15,1,2036,3242
14,15,1,2037,3242
14,15,1,2038,3242
14,15,1,2039,3242
14,15,1,2040,3242
14,15,1,2041,3242
14,15,1,2042,3242
14,15,1,2043,3242
14,15,1,2044,3242
14,15,1,2045,3242
14,15,1,2046,3242
14,15,1,2047,3242
14,15,1,2048,3242
14,15,1,2049,3242
14,15,1,2050,3242
14,15,2,2023,3242
14,15,2,2024,3242
14,15,2,2025,3242
14,15,2,2026,3242
14,15,2,2027,3242
14,15,2,2028,3242
14,15,2,2029,3242
14,15,2,2030,3242
14,15,2,2031,3242
14,15,2,2032,3242
14,15,2,2033,3242
14,15,2,2034,3242
14,15,2,2035,3242
14,15,2,2036,3242
14,15,2,2037,3242
14,15,2,2038,3242
14,15,2,2039,3242
14,15,2,2040,3242
14,15,2,2041,3242
14,15,2,2042,3242
14,15,2,2043,3242
14,15,2,2044,3242
14,15,2,2045,3242
14,15,2,2046,3242
14,15,2,2047,3242
14,15,2,2048,3242
14,15,2,2049,3242
14,15,2,2050,3242
14,15,3,2023,3242
14,15,3,2024,3242
14,15,3,2025,3242
14,15,3,2026,3242
14,15,3,2027,3242
14,15,3,2028,3242
14,15,3,2029,3242
14,15,3,2030,3242
14,15,3,2031,3242
14,15,3,2032,3242
14,15,3,2033,3242
14,15,3,2034,3242
14,15,3,2035,3242
14,15,3,2036,3242
14,15,3,2037,3242
14,15,3,2038,3242
14,15,3,2039,3242
14,15,3,2040,3242
14,15,3,2041,3242
14,15,3,2042,3242
14,15,3,2043,3242
14,15,3,2044,3242
14,15,3,2045,3242
14,15,3,2046,3242
14,15,3,2047,3242
14,15,3,2048,3242
14,15,3,2049,3242
14,15,3,2050,3242
14,16,1,2023,3600
14,16,1,2024,3600
14,16,1,2025,3600
14,16,1,2026,3600
14,16,1,2027,3600
14,16,1,2028,3600
14,16,1,2029,3600
14,16,1,2030,3600
14,16,1,2031,3600
14,16,1,2032,3600
14,16,1,2033,3600
14,16,1,2034,3600
14,16,1,2035,3600
14,16,1,2036,3600
14,16,1,2037,3600
14,16,1,2038,3600
14,16,1,2039,3600
14,16,1,2040,3600
14,16,1,2041,3600
14,16,1,2042,3600
14,16,1,2043,3600
14,16,1,2044,3600
14,16,1,2045,3600
14,16,1,2046,3600
14,16,1,2047,3600
14,16,1,2048,3600
14,16,1,2049,3600
14,16,1,2050,3600
14,16,2,2023,3600
14,16,2,2024,3600
14,16,2,2025,3600
14,16,2,2026,3600
14,16,2,2027,3600
14,16,2,2028,3600
14,16,2,2029,3600
14,16,2,2030,3600
14,16,2,2031,3600
14,16,2,2032,3600
14,16,2,2033,3600
14,16,2,2034,3600
14,16,2,2035,3600
14,16,2,2036,3600
14,16,2,2037,3600
14,16,2,2038,3600
14,16,2,2039,3600
14,16,2,2040,3600
14,16,2,2041,3600
14,16,2,2042,3600
14,16,2,2043,3600
14,16,2,2044,3600
14,16,2,2045,3600
14,16,2,2046,3600
14,16,2,2047,3600
14,16,2,2048,3600
14,16,2,2049,3600
14,16,2,2050,3600
14,16,3,2023,3600
14,16,3,2024,3600
14,16,3,2025,3600
14,16,3,2026,3600
14,16,3,2027,3600
14,16,3,2028,3600
14,16,3,2029,3600
14,16,3,2030,3600
14,16,3,2031,3600
14,16,3,2032,3600
14,16,3,2033,3600
14,16,3,2034,3600
14,16,3,2035,3600
14,16,3,2036,3600
14,16,3,2037,3600
14,16,3,2038,3600
14,16,3,2039,3600
14,16,3,2040,3600
14,16,3,2041,3600
14,16,3,2042,3600
14,16,3,2043,3600
14,16,3,2044,3600
14,16,3,2045,3600
14,16,3,2046,3600
14,16,3,2047,3600
14,16,3,2048,3600
14,16,3,2049,3600
14,16,3,2050,3600
15,2,1,2023,3600
15,2,1,2024,3600
15,2,1,2025,3600
15,2,1,2026,3600
15,2,1,2027,3600
15,2,1,2028,3600
15,2,1,2029,3600
15,2,1,2030,3600
15,2,1,2031,3600
15,2,1,2032,3600
15,2,1,2033,3600
15,2,1,2034,3600
15,2,1,2035,3600
15,2,1,2036,3600
15,2,1,2037,3600
15,2,1,2038,3600
15,2,1,2039,3600
15,2,1,2040,3600
15,2,1,2041,3600
15,2,1,2042,3600
15,2,1,2043,3600
15,2,1,2044,3600
15,2,1,2045,3600
15,2,1,2046,3600
15,2,1,2047,3600
15,2,1,2048,3600
15,2,1,2049,3600
15,2,1,2050,3600
15,2,2,2023,3600
15,2,2,2024,3600
15,2,2,2025,3600
15,2,2,2026,3600
15,2,2,2027,3600
15,2,2,2028,3600
15,2,2,2029,3600
15,2,2,2030,3600
15,2,2,2031,3600
15,2,2,2032,3600
15,2,2,2033,3600
15,2,2,2034,3600
15,2,2,2035,3600
15,2,2,2036,3600
15,2,2,2037,3600
15,2,2,2038,3600
15,2,2,2039,3600
15,2,2,2040,3600
15,2,2,2041,3600
15,2,2,2042,3600
15,2,2,2043,3600
15,2,2,2044,3600
15,2,2,2045,3600
15,2,2,2046,3600
15,2,2,2047,3600
15,2,2,2048,3600
15,2,2,2049,3600
15,2,2,2050,3600
15,2,3,2023,3600
15,2,3,2024,3600
15,2,3,2025,3600
15,2,3,2026,3600
15,2,3,2027,3600
15,2,3,2028,3600
15,2,3,2029,3600
15,2,3,2030,3600
15,2,3,2031,3600
15,2,3,2032,3600
15,2,3,2033,3600
15,2,3,2034,3600
15,2,3,2035,3600
15,2,3,2036,3600
15,2,3,2037,3600
15,2,3,2038,3600
15,2,3,2039,3600
15,2,3,2040,3600
15,2,3,2041,3600
15,2,3,2042,3600
15,2,3,2043,3600
15,2,3,2044,3600
15,2,3,2045,3600
15,2,3,2046,3600
15,2,3,2047,3600
15,2,3,2048,3600
15,2,3,2049,3600
15,2,3,2050,3600
15,6,1,2023,3000
15,6,1,2024,3000
15,6,1,2025,3000
15,6,1,2026,3000
15,6,1,2027,3000
15,6,1,2028,3000
15,6,1,2029,3000
15,6,1,2030,3000
15,6,1,2031,3000
15,6,1,2032,3000
15,6,1,2033,3000
15,6,1,2034,3000
15,6,1,2035,3000
15,6,1,2036,3000
15,6,1,2037,3000
15,6,1,2038,3000
15,6,1,2039,3000
15,6,1,2040,3000
15,6,1,2041,3000
15,6,1,2042,3000
15,6,1,2043,3000
15,6,1,2044,3000
15,6,1,2045,3000
15,6,1,2046,3000
15,6,1,2047,3000
15,6,1,2048,3000
15,6,1,2049,3000
15,6,1,2050,3000
15,6,2,2023,3000
15,6,2,2024,3000
15,6,2,2025,3000
15,6,2,2026,3000
15,6,2,2027,3000
15,6,2,2028,3000
15,6,2,2029,3000
15,6,2,2030,3000
15,6,2,2031,3000
15,6,2,2032,3000
15,6,2,2033,3000
15,6,2,2034,3000
15,6,2,2035,3000
15,6,2,2036,3000
15,6,2,2037,3000
15,6,2,2038,3000
15,6,2,2039,3000
15,6,2,2040,3000
15,6,2,2041,3000
15,6,2,2042,3000
15,6,2,2043,3000
15,6,2,2044,3000
15,6,2,2045,3000
15,6,2,2046,3000
15,6,2,2047,3000
15,6,2,2048,3000
15,6,2,2049,3000
15,6,2,2050,3000
15,6,3,2023,3000
15,6,3,2024,3000
15,6,3,2025,3000
15,6,3,2026,3000
15,6,3,2027,3000
15,6,3,2028,3000
15,6,3,2029,3000
15,6,3,2030,3000
15,6,3,2031,3000
15,6,3,2032,3000
15,6,3,2033,3000
15,6,3,2034,3000
15,6,3,2035,3000
15,6,3,2036,3000
15,6,3,2037,3000
15,6,3,2038,3000
15,6,3,2039,3000
15,6,3,2040,3000
15,6,3,2041,3000
15,6,3,2042,3000
15,6,3,2043,3000
15,6,3,2044,3000
15,6,3,2045,3000
15,6,3,2046,3000
15,6,3,2047,3000
15,6,3,2048,3000
15,6,3,2049,3000
15,6,3,2050,3000
15,14,1,2023,3242
15,14,1,2024,3242
15,14,1,2025,3242
15,14,1,2026,3242
15,14,1,2027,3242
15,14,1,2028,3242
15,14,1,2029,3242
15,14,1,2030,3242
15,14,1,2031,3242
15,14,1,2032,3242
15,14,1,2033,3242
15,14,1,2034,3242
15,14,1,2035,3242
15,14,1,2036,3242
15,14,1,2037,3242
15,14,1,2038,3242
15,14,1,2039,3242
15,14,1,2040,3242
15,14,1,2041,3242
15,14,1,2042,3242
15,14,1,2043,3242
15,14,1,2044,3242
15,14,1,2045,3242
15,14,1,2046,3242
15,14,1,2047,3242
15,14,1,2048,3242
15,14,1,2049,3242
15,14,1,2050,3242
15,14,2,2023,3242
15,14,2,2024,3242
15,14,2,2025,3242
15,14,2,2026,3242
15,14,2,2027,3242
15,14,2,2028,3242
15,14,2,2029,3242
15,14,2,2030,3242
15,14,2,2031,3242
15,14,2,2032,3242
15,14,2,2033,3242
15,14,2,2034,3242
15,14,2,2035,3242
15,14,2,2036,3242
15,14,2,2037,3242
15,14,2,2038,3242
15,14,2,2039,3242
15,14,2,2040,3242
15,14,2,2041,3242
15,14,2,2042,3242
15,14,2,2043,3242
15,14,2,2044,3242
15,14,2,2045,3242
15,14,2,2046,3242
15,14,2,2047,3242
15,14,2,2048,3242
15,14,2,2049,3242
15,14,2,2050,3242
15,14,3,2023,3242
15,14,3,2024,3242
15,14,3,2025,3242
15,14,3,2026,3242
15,14,3,2027,3242
15,14,3,2028,3242
15,14,3,2029,3242
15,14,3,2030,3242
15,14,3,2031,3242
15,14,3,2032,3242
15,14,3,2033,3242
15,14,3,2034,3242
15,14,3,2035,3242
15,14,3,2036,3242
15,14,3,2037,3242
15,14,3,2038,3242
15,14,3,2039,3242
15,14,3,2040,3242
15,14,3,2041,3242
15,14,3,2042,3242
15,14,3,2043,3242
15,14,3,2044,3242
15,14,3,2045,3242
15,14,3,2046,3242
15,14,3,2047,3242
15,14,3,2048,3242
15,14,3,2049,3242
15,14,3,2050,3242
15,16,1,2023,1713
15,16,1,2024,1713
15,16,1,2025,1713
15,16,1,2026,1713
15,16,1,2027,1713
15,16,1,2028,1713
15,16,1,2029,1713
15,16,1,2030,1713
15,16,1,2031,1713
15,16,1,2032,1713
15,16,1,2033,1713
15,16,1,2034,1713
15,16,1,2035,1713
15,16,1,2036,1713
15,16,1,2037,1713
15,16,1,2038,1713
15,16,1,2039,1713
15,16,1,2040,1713
15,16,1,2041,1713
15,16,1,2042,1713
15,16,1,2043,1713
15,16,1,2044,1713
15,16,1,2045,1713
15,16,1,2046,1713
15,16,1,2047,1713
15,16,1,2048,1713
15,16,1,2049,1713
15,16,1,2050,1713
15,16,2,2023,1713
15,16,2,2024,1713
15,16,2,2025,1713
15,16,2,2026,1713
15,16,2,2027,1713
15,16,2,2028,1713
15,16,2,2029,1713
15,16,2,2030,1713
15,16,2,2031,1713
15,16,2,2032,1713
15,16,2,2033,1713
15,16,2,2034,1713
15,16,2,2035,1713
15,16,2,2036,1713
15,16,2,2037,1713
15,16,2,2038,1713
15,16,2,2039,1713
15,16,2,2040,1713
15,16,2,2041,1713
15,16,2,2042,1713
15,16,2,2043,1713
15,16,2,2044,1713
15,16,2,2045,1713
15,16,2,2046,1713
15,16,2,2047,1713
15,16,2,2048,1713
15,16,2,2049,1713
15,16,2,2050,1713
15,16,3,2023,1713
15,16,3,2024,1713
15,16,3,2025,1713
15,16,3,2026,1713
15,16,3,2027,1713
15,16,3,2028,1713
15,16,3,2029,1713
15,16,3,2030,1713
15,16,3,2031,1713
15,16,3,2032,1713
15,16,3,2033,1713
15,16,3,2034,1713
15,16,3,2035,1713
15,16,3,2036,1713
15,16,3,2037,1713
15,16,3,2038,1713
15,16,3,2039,1713
15,16,3,2040,1713
15,16,3,2041,1713
15,16,3,2042,1713
15,16,3,2043,1713
15,16,3,2044,1713
15,16,3,2045,1713
15,16,3,2046,1713
15,16,3,2047,1713
15,16,3,2048,1713
15,16,3,2049,1713
15,16,3,2050,1713
16,4,1,2023,8367
16,4,1,2024,8367
16,4,1,2025,8367
16,4,1,2026,8367
16,4,1,2027,8367
16,4,1,2028,8367
16,4,1,2029,8367
16,4,1,2030,8367
16,4,1,2031,8367
16,4,1,2032,8367
16,4,1,2033,8367
16,4,1,2034,8367
16,4,1,2035,8367
16,4,1,2036,8367
16,4,1,2037,8367
16,4,1,2038,8367
16,4,1,2039,8367
16,4,1,2040,8367
16,4,1,2041,8367
16,4,1,2042,8367
16,4,1,2043,8367
16,4,1,2044,8367
16,4,1,2045,8367
16,4,1,2046,8367
16,4,1,2047,8367
16,4,1,2048,8367
16,4,1,2049,8367
16,4,1,2050,8367
16,4,2,2023,8367
16,4,2,2024,8367
16,4,2,2025,8367
16,4,2,2026,8367
16,4,2,2027,8367
16,4,2,2028,8367
16,4,2,2029,8367
16,4,2,2030,8367
16,4,2,2031,8367
16,4,2,2032,8367
16,4,2,2033,8367
16,4,2,2034,8367
16,4,2,2035,8367
16,4,2,2036,8367
16,4,2,2037,8367
16,4,2,2038,8367
16,4,2,2039,8367
16,4,2,2040,8367
16,4,2,2041,8367
16,4,2,2042,8367
16,4,2,2043,8367
16,4,2,2044,8367
16,4,2,2045,8367
16,4,2,2046,8367
16,4,2,2047,8367
16,4,2,2048,8367
16,4,2,2049,8367
16,4,2,2050,8367
16,4,3,2023,8367
16,4,3,2024,8367
16,4,3,2025,8367
16,4,3,2026,8367
16,4,3,2027,8367
16,4,3,2028,8367
16,4,3,2029,8367
16,4,3,2030,8367
16,4,3,2031,8367
16,4,3,2032,8367
16,4,3,2033,8367
16,4,3,2034,8367
16,4,3,2035,8367
16,4,3,2036,8367
16,4,3,2037,8367
16,4,3,2038,8367
16,4,3,2039,8367
16,4,3,2040,8367
16,4,3,2041,8367
16,4,3,2042,8367
16,4,3,2043,8367
16,4,3,2044,8367
16,4,3,2045,8367
16,4,3,2046,8367
16,4,3,2047,8367
16,4,3,2048,8367
16,4,3,2049,8367
16,4,3,2050,8367
16,6,1,2023,2919
16,6,1,2024,2919
16,6,1,2025,2919
16,6,1,2026,2919
16,6,1,2027,2919
16,6,1,2028,2919
16,6,1,2029,2919
16,6,1,2030,2919
16,6,1,2031,2919
16,6,1,2032,2919
16,6,1,2033,2919
16,6,1,2034,2919
16,6,1,2035,2919
16,6,1,2036,2919
16,6,1,2037,2919
16,6,1,2038,2919
16,6,1,2039,2919
16,6,1,2040,2919
16,6,1,2041,2919
16,6,1,2042,2919
16,6,1,2043,2919
16,6,1,2044,2919
16,6,1,2045,2919
16,6,1,2046,2919
16,6,1,2047,2919
16,6,1,2048,2919
16,6,1,2049,2919
16,6,1,2050,2919
16,6,2,2023,2919
16,6,2,2024,2919
16,6,2,2025,2919
16,6,2,2026,2919
16,6,2,2027,2919
16,6,2,2028,2919
16,6,2,2029,2919
16,6,2,2030,2919
16,6,2,2031,2919
16,6,2,2032,2919
16,6,2,2033,2919
16,6,2,2034,2919
16,6,2,2035,2919
16,6,2,2036,2919
16,6,2,2037,2919
16,6,2,2038,2919
16,6,2,2039,2919
16,6,2,2040,2919
16,6,2,2041,2919
16,6,2,2042,2919
16,6,2,2043,2919
16,6,2,2044,2919
16,6,2,2045,2919
16,6,2,2046,2919
16,6,2,2047,2919
16,6,2,2048,2919
16,6,2,2049,2919
16,6,2,2050,2919
16,6,3,2023,2919
16,6,3,2024,2919
16,6,3,2025,2919
16,6,3,2026,2919
16,6,3,2027,2919
16,6,3,2028,2919
16,6,3,2029,2919
16,6,3,2030,2919
16,6,3,2031,2919
16,6,3,2032,2919
16,6,3,2033,2919
16,6,3,2034,2919
16,6,3,2035,2919
16,6,3,2036,2919
16,6,3,2037,2919
16,6,3,2038,2919
16,6,3,2039,2919
16,6,3,2040,2919
16,6,3,2041,2919
16,6,3,2042,2919
16,6,3,2043,2919
16,6,3,2044,2919
16,6,3,2045,2919
16,6,3,2046,2919
16,6,3,2047,2919
16,6,3,2048,2919
16,6,3,2049,2919
16,6,3,2050,2919
16,11,1,2023,1816
16,11,1,2024,1816
16,11,1,2025,1816
16,11,1,2026,1816
16,11,1,2027,1816
16,11,1,2028,1816
16,11,1,2029,1816
16,11,1,2030,1816
16,11,1,2031,1816
16,11,1,2032,1816
16,11,1,2033,1816
16,11,1,2034,1816
16,11,1,2035,1816
16,11,1,2036,1816
16,11,1,2037,1816
16,11,1,2038,1816
16,11,1,2039,1816
16,11,1,2040,1816
16,11,1,2041,1816
16,11,1,2042,1816
16,11,1,2043,1816
16,11,1,2044,1816
16,11,1,2045,1816
16,11,1,2046,1816
16,11,1,2047,1816
16,11,1,2048,1816
16,11,1,2049,1816
16,11,1,2050,1816
16,11,2,2023,1816
16,11,2,2024,1816
16,11,2,2025,1816
16,11,2,2026,1816
16,11,2,2027,1816
16,11,2,2028,1816
16,11,2,2029,1816
16,11,2,2030,1816
16,11,2,2031,1816
16,11,2,2032,1816
16,11,2,2033,1816
16,11,2,2034,1816
16,11,2,2035,1816
16,11,2,2036,1816
16,11,2,2037,1816
16,11,2,2038,1816
16,11,2,2039,1816
16,11,2,2040,1816
16,11,2,2041,1816
16,11,2,2042,1816
16,11,2,2043,1816
16,11,2,2044,1816
16,11,2,2045,1816
16,11,2,2046,1816
16,11,2,2047,1816
16,11,2,2048,1816
16,11,2,2049,1816
16,11,2,2050,1816
16,11,3,2023,1816
16,11,3,2024,1816
16,11,3,2025,1816
16,11,3,2026,1816
16,11,3,2027,1816
16,11,3,2028,1816
16,11,3,2029,1816
16,11,3,2030,1816
16,11,3,2031,1816
16,11,3,2032,1816
16,11,3,2033,1816
16,11,3,2034,1816
16,11,3,2035,1816
16,11,3,2036,1816
16,11,3,2037,1816
16,11,3,2038,1816
16,11,3,2039,1816
16,11,3,2040,1816
16,11,3,2041,1816
16,11,3,2042,1816
16,11,3,2043,1816
16,11,3,2044,1816
16,11,3,2045,1816
16,11,3,2046,1816
16,11,3,2047,1816
16,11,3,2048,1816
16,11,3,2049,1816
16,11,3,2050,1816
16,14,1,2023,3600
16,14,1,2024,3600
16,14,1,2025,3600
16,14,1,2026,3600
16,14,1,2027,3600
16,14,1,2028,3600
16,14,1,2029,3600
16,14,1,2030,3600
16,14,1,2031,3600
16,14,1,2032,3600
16,14,1,2033,3600
16,14,1,2034,3600
16,14,1,2035,3600
16,14,1,2036,3600
16,14,1,2037,3600
16,14,1,2038,3600
16,14,1,2039,3600
16,14,1,2040,3600
16,14,1,2041,3600
16,14,1,2042,3600
16,14,1,2043,3600
16,14,1,2044,3600
16,14,1,2045,3600
16,14,1,2046,3600
16,14,1,2047,3600
16,14,1,2048,3600
16,14,1,2049,3600
16,14,1,2050,3600
16,14,2,2023,3600
16,14,2,2024,3600
16,14,2,2025,3600
16,14,2,2026,3600
16,14,2,2027,3600
16,14,2,2028,3600
16,14,2,2029,3600
16,14,2,2030,3600
16,14,2,2031,3600
16,14,2,2032,3600
16,14,2,2033,3600
16,14,2,2034,3600
16,14,2,2035,3600
16,14,2,2036,3600
16,14,2,2037,3600
16,14,2,2038,3600
16,14,2,2039,3600
16,14,2,2040,3600
16,14,2,2041,3600
16,14,2,2042,3600
16,14,2,2043,3600
16,14,2,2044,3600
16,14,2,2045,3600
16,14,2,2046,3600
16,14,2,2047,3600
16,14,2,2048,3600
16,14,2,2049,3600
16,14,2,2050,3600
16,14,3,2023,3600
16,14,3,2024,3600
16,14,3,2025,3600
16,14,3,2026,3600
16,14,3,2027,3600
16,14,3,2028,3600
16,14,3,2029,3600
16,14,3,2030,3600
16,14,3,2031,3600
16,14,3,2032,3600
16,14,3,2033,3600
16,14,3,2034,3600
16,14,3,2035,3600
16,14,3,2036,3600
16,14,3,2037,3600
16,14,3,2038,3600
16,14,3,2039,3600
16,14,3,2040,3600
16,14,3,2041,3600
16,14,3,2042,3600
16,14,3,2043,3600
16,14,3,2044,3600
16,14,3,2045,3600
16,14,3,2046,3600
16,14,3,2047,3600
16,14,3,2048,3600
16,14,3,2049,3600
16,14,3,2050,3600
16,15,1,2023,1713
16,15,1,2024,1713
16,15,1,2025,1713
16,15,1,2026,1713
16,15,1,2027,1713
16,15,1,2028,1713
16,15,1,2029,1713
16,15,1,2030,1713
16,15,1,2031,1713
16,15,1,2032,1713
16,15,1,2033,1713
16,15,1,2034,1713
16,15,1,2035,1713
16,15,1,2036,1713
16,15,1,2037,1713
16,15,1,2038,1713
16,15,1,2039,1713
16,15,1,2040,1713
16,15,1,2041,1713
16,15,1,2042,1713
16,15,1,2043,1713
16,15,1,2044,1713
16,15,1,2045,1713
16,15,1,2046,1713
16,15,1,2047,1713
16,15,1,2048,1713
16,15,1,2049,1713
16,15,1,2050,1713
16,15,2,2023,1713
16,15,2,2024,1713
16,15,2,2025,1713
16,15,2,2026,1713
16,15,2,2027,1713
16,15,2,2028,1713
16,15,2,2029,1713
16,15,2,2030,1713
16,15,2,2031,1713
16,15,2,2032,1713
16,15,2,2033,1713
16,15,2,2034,1713
16,15,2,2035,1713
16,15,2,2036,1713
16,15,2,2037,1713
16,15,2,2038,1713
16,15,2,2039,1713
16,15,2,2040,1713
16,15,2,2041,1713
16,15,2,2042,1713
16,15,2,2043,1713
16,15,2,2044,1713
16,15,2,2045,1713
16,15,2,2046,1713
16,15,2,2047,1713
16,15,2,2048,1713
16,15,2,2049,1713
16,15,2,2050,1713
16,15,3,2023,1713
16,15,3,2024,1713
16,15,3,2025,1713
16,15,3,2026,1713
16,15,3,2027,1713
16,15,3,2028,1713
16,15,3,2029,1713
16,15,3,2030,1713
16,15,3,2031,1713
16,15,3,2032,1713
16,15,3,2033,1713
16,15,3,2034,1713
16,15,3,2035,1713
16,15,3,2036,1713
16,15,3,2037,1713
16,15,3,2038,1713
16,15,3,2039,1713
16,15,3,2040,1713
16,15,3,2041,1713
16,15,3,2042,1713
16,15,3,2043,1713
16,15,3,2044,1713
16,15,3,2045,1713
16,15,3,2046,1713
16,15,3,2047,1713
16,15,3,2048,1713
16,15,3,2049,1713
16,15,3,2050,1713
17,1,1,2023,820
17,1,1,2024,820
17,1,1,2025,820
17,1,1,2026,820
17,1,1,2027,820
17,1,1,2028,820
17,1,1,2029,820
17,1,1,2030,820
17,1,1,2031,820
17,1,1,2032,820
17,1,1,2033,820
17,1,1,2034,820
17,1,1,2035,820
17,1,1,2036,820
17,1,1,2037,820
17,1,1,2038,820
17,1,1,2039,820
17,1,1,2040,820
17,1,1,2041,820
17,1,1,2042,820
17,1,1,2043,820
17,1,1,2044,820
17,1,1,2045,820
17,1,1,2046,820
17,1,1,2047,820
17,1,1,2048,820
17,1,1,2049,820
17,1,1,2050,820
17,1,2,2023,820
17,1,2,2024,820
17,1,2,2025,820
17,1,2,2026,820
17,1,2,2027,820
17,1,2,2028,820
17,1,2,2029,820
17,1,2,2030,820
17,1,2,2031,820
17,1,2,2032,820
17,1,2,2033,820
17,1,2,2034,820
17,1,2,2035,820
17,1,2,2036,820
17,1,2,2037,820
17,1,2,2038,820
17,1,2,2039,820
17,1,2,2040,820
17,1,2,2041,820
17,1,2,2042,820
17,1,2,2043,820
17,1,2,2044,820
17,1,2,2045,820
17,1,2,2046,820
17,1,2,2047,820
17,1,2,2048,820
17,1,2,2049,820
17,1,2,2050,820
17,1,3,2023,820
17,1,3,2024,820
17,1,3,2025,820
17,1,3,2026,820
17,1,3,2027,820
17,1,3,2028,820
17,1,3,2029,820
17,1,3,2030,820
17,1,3,2031,820
17,1,3,2032,820
17,1,3,2033,820
17,1,3,2034,820
17,1,3,2035,820
17,1,3,2036,820
17,1,3,2037,820
17,1,3,2038,820
17,1,3,2039,820
17,1,3,2040,820
17,1,3,2041,820
17,1,3,2042,820
17,1,3,2043,820
17,1,3,2044,820
17,1,3,2045,820
17,1,3,2046,820
17,1,3,2047,820
17,1,3,2048,820
17,1,3,2049,820
17,1,3,2050,820
17,4,1,2023,3000
17,4,1,2024,3000
17,4,1,2025,3000
17,4,1,2026,3000
17,4,1,2027,3000
17,4,1,2028,3000
17,4,1,2029,3000
17,4,1,2030,3000
17,4,1,2031,3000
17,4,1,2032,3000
17,4,1,2033,3000
17,4,1,2034,3000
17,4,1,2035,3000
17,4,1,2036,3000
17,4,1,2037,3000
17,4,1,2038,3000
17,4,1,2039,3000
17,4,1,2040,3000
17,4,1,2041,3000
17,4,1,2042,3000
17,4,1,2043,3000
17,4,1,2044,3000
17,4,1,2045,3000
17,4,1,2046,3000
17,4,1,2047,3000
17,4,1,2048,3000
17,4,1,2049,3000
17,4,1,2050,3000
17,4,2,2023,3000
17,4,2,2024,3000
17,4,2,2025,3000
17,4,2,2026,3000
17,4,2,2027,3000
17,4,2,2028,3000
17,4,2,2029,3000
17,4,2,2030,3000
17,4,2,2031,3000
17,4,2,2032,3000
17,4,2,2033,3000
17,4,2,2034,3000
17,4,2,2035,3000
17,4,2,2036,3000
17,4,2,2037,3000
17,4,2,2038,3000
17,4,2,2039,3000
17,4,2,2040,3000
17,4,2,2041,3000
17,4,2,2042,3000
17,4,2,2043,3000
17,4,2,2044,3000
17,4,2,2045,3000
17,4,2,2046,3000
17,4,2,2047,3000
17,4,2,2048,3000
17,4,2,2049,3000
17,4,2,2050,3000
17,4,3,2023,3000
17,4,3,2024,3000
17,4,3,2025,3000
17,4,3,2026,3000
17,4,3,2027,3000
17,4,3,2028,3000
17,4,3,2029,3000
17,4,3,2030,3000
17,4,3,2031,3000
17,4,3,2032,3000
17,4,3,2033,3000
17,4,3,2034,3000
17,4,3,2035,3000
17,4,3,2036,3000
17,4,3,2037,3000
17,4,3,2038,3000
17,4,3,2039,3000
17,4,3,2040,3000
17,4,3,2041,3000
17,4,3,2042,3000
17,4,3,2043,3000
17,4,3,2044,3000
17,4,3,2045,3000
17,4,3,2046,3000
17,4,3,2047,3000
17,4,3,2048,3000
17,4,3,2049,3000
17,4,3,2050,3000
17,6,1,2023,1736
17,6,1,2024,1736
17,6,1,2025,1736
17,6,1,2026,1736
17,6,1,2027,1736
17,6,1,2028,1736
17,6,1,2029,1736
17,6,1,2030,1736
17,6,1,2031,1736
17,6,1,2032,1736
17,6,1,2033,1736
17,6,1,2034,1736
17,6,1,2035,1736
17,6,1,2036,1736
17,6,1,2037,1736
17,6,1,2038,1736
17,6,1,2039,1736
17,6,1,2040,1736
17,6,1,2041,1736
17,6,1,2042,1736
17,6,1,2043,1736
17,6,1,2044,1736
17,6,1,2045,1736
17,6,1,2046,1736
17,6,1,2047,1736
17,6,1,2048,1736
17,6,1,2049,1736
17,6,1,2050,1736
17,6,2,2023,1736
17,6,2,2024,1736
17,6,2,2025,1736
17,6,2,2026,1736
17,6,2,2027,1736
17,6,2,2028,1736
17,6,2,2029,1736
17,6,2,2030,1736
17,6,2,2031,1736
17,6,2,2032,1736
17,6,2,2033,1736
17,6,2,2034,1736
17,6,2,2035,1736
17,6,2,2036,1736
17,6,2,2037,1736
17,6,2,2038,1736
17,6,2,2039,1736
17,6,2,2040,1736
17,6,2,2041,1736
17,6,2,2042,1736
17,6,2,2043,1736
17,6,2,2044,1736
17,6,2,2045,1736
17,6,2,2046,1736
17,6,2,2047,1736
17,6,2,2048,1736
17,6,2,2049,1736
17,6,2,2050,1736
17,6,3,2023,1736
17,6,3,2024,1736
17,6,3,2025,1736
17,6,3,2026,1736
17,6,3,2027,1736
17,6,3,2028,1736
17,6,3,2029,1736
17,6,3,2030,1736
17,6,3,2031,1736
17,6,3,2032,1736
17,6,3,2033,1736
17,6,3,2034,1736
17,6,3,2035,1736
17,6,3,2036,1736
17,6,3,2037,1736
17,6,3,2038,1736
17,6,3,2039,1736
17,6,3,2040,1736
17,6,3,2041,1736
17,6,3,2042,1736
17,6,3,2043,1736
17,6,3,2044,1736
17,6,3,2045,1736
17,6,3,2046,1736
17,6,3,2047,1736
17,6,3,2048,1736
17,6,3,2049,1736
17,6,3,2050,1736
17,18,1,2023,572
17,18,1,2024,572
17,18,1,2025,572
17,18,1,2026,572
17,18,1,2027,572
17,18,1,2028,572
17,18,1,2029,572
17,18,1,2030,572
17,18,1,2031,572
17,18,1,2032,572
17,18,1,2033,572
17,18,1,2034,572
17,18,1,2035,572
17,18,1,2036,572
17,18,1,2037,572
17,18,1,2038,572
17,18,1,2039,572
17,18,1,2040,572
17,18,1,2041,572
17,18,1,2042,572
17,18,1,2043,572
17,18,1,2044,572
17,18,1,2045,572
17,18,1,2046,572
17,18,1,2047,572
17,18,1,2048,572
17,18,1,2049,572
17,18,1,2050,572
17,18,2,2023,572
17,18,2,2024,572
17,18,2,2025,572
17,18,2,2026,572
17,18,2,2027,572
17,18,2,2028,572
17,18,2,2029,572
17,18,2,2030,572
17,18,2,2031,572
17,18,2,2032,572
17,18,2,2033,572
17,18,2,2034,572
17,18,2,2035,572
17,18,2,2036,572
17,18,2,2037,572
17,18,2,2038,572
17,18,2,2039,572
17,18,2,2040,572
17,18,2,2041,572
17,18,2,2042,572
17,18,2,2043,572
17,18,2,2044,572
17,18,2,2045,572
17,18,2,2046,572
17,18,2,2047,572
17,18,2,2048,572
17,18,2,2049,572
17,18,2,2050,572
17,18,3,2023,572
17,18,3,2024,572
17,18,3,2025,572
17,18,3,2026,572
17,18,3,2027,572
17,18,3,2028,572
17,18,3,2029,572
17,18,3,2030,572
17,18,3,2031,572
17,18,3,2032,572
17,18,3,2033,572
17,18,3,2034,572
17,18,3,2035,572
17,18,3,2036,572
17,18,3,2037,572
17,18,3,2038,572
17,18,3,2039,572
17,18,3,2040,572
17,18,3,2041,572
17,18,3,2042,572
17,18,3,2043,572
17,18,3,2044,572
17,18,3,2045,572
17,18,3,2046,572
17,18,3,2047,572
17,18,3,2048,572
17,18,3,2049,572
17,18,3,2050,572
17,20,1,2023,400
17,20,1,2024,400
17,20,1,2025,400
17,20,1,2026,400
17,20,1,2027,400
17,20,1,2028,400
17,20,1,2029,400
17,20,1,2030,400
17,20,1,2031,400
17,20,1,2032,400
17,20,1,2033,400
17,20,1,2034,400
17,20,1,2035,400
17,20,1,2036,400
17,20,1,2037,400
17,20,1,2038,400
17,20,1,2039,400
17,20,1,2040,400
17,20,1,2041,400
17,20,1,2042,400
17,20,1,2043,400
17,20,1,2044,400
17,20,1,2045,400
17,20,1,2046,400
17,20,1,2047,400
17,20,1,2048,400
17,20,1,2049,400
17,20,1,2050,400
17,20,2,2023,400
17,20,2,2024,400
17,20,2,2025,400
17,20,2,2026,400
17,20,2,2027,400
17,20,2,2028,400
17,20,2,2029,400
17,20,2,2030,400
17,20,2,2031,400
17,20,2,2032,400
17,20,2,2033,400
17,20,2,2034,400
17,20,2,2035,400
17,20,2,2036,400
17,20,2,2037,400
17,20,2,2038,400
17,20,2,2039,400
17,20,2,2040,400
17,20,2,2041,400
17,20,2,2042,400
17,20,2,2043,400
17,20,2,2044,400
17,20,2,2045,400
17,20,2,2046,400
17,20,2,2047,400
17,20,2,2048,400
17,20,2,2049,400
17,20,2,2050,400
17,20,3,2023,400
17,20,3,2024,400
17,20,3,2025,400
17,20,3,2026,400
17,20,3,2027,400
17,20,3,2028,400
17,20,3,2029,400
17,20,3,2030,400
17,20,3,2031,400
17,20,3,2032,400
17,20,3,2033,400
17,20,3,2034,400
17,20,3,2035,400
17,20,3,2036,400
17,20,3,2037,400
17,20,3,2038,400
17,20,3,2039,400
17,20,3,2040,400
17,20,3,2041,400
17,20,3,2042,400
17,20,3,2043,400
17,20,3,2044,400
17,20,3,2045,400
17,20,3,2046,400
17,20,3,2047,400
17,20,3,2048,400
17,20,3,2049,400
17,20,3,2050,400
18,3,1,2023,429
18,3,1,2024,429
18,3,1,2025,429
18,3,1,2026,429
18,3,1,2027,429
18,3,1,2028,429
18,3,1,2029,429
18,3,1,2030,429
18,3,1,2031,429
18,3,1,2032,429
18,3,1,2033,429
18,3,1,2034,429
18,3,1,2035,429
18,3,1,2036,429
18,3,1,2037,429
18,3,1,2038,429
18,3,1,2039,429
18,3,1,2040,429
18,3,1,2041,429
18,3,1,2042,429
18,3,1,2043,429
18,3,1,2044,429
18,3,1,2045,429
18,3,1,2046,429
18,3,1,2047,429
18,3,1,2048,429
18,3,1,2049,429
18,3,1,2050,429
18,3,2,2023,429
18,3,2,2024,429
18,3,2,2025,429
18,3,2,2026,429
18,3,2,2027,429
18,3,2,2028,429
18,3,2,2029,429
18,3,2,2030,429
18,3,2,2031,429
18,3,2,2032,429
18,3,2,2033,429
18,3,2,2034,429
18,3,2,2035,429
18,3,2,2036,429
18,3,2,2037,429
18,3,2,2038,429
18,3,2,2039,429
18,3,2,2040,429
18,3,2,2041,429
18,3,2,2042,429
18,3,2,2043,429
18,3,2,2044,429
18,3,2,2045,429
18,3,2,2046,429
18,3,2,2047,429
18,3,2,2048,429
18,3,2,2049,429
18,3,2,2050,429
18,3,3,2023,429
18,3,3,2024,429
18,3,3,2025,429
18,3,3,2026,429
18,3,3,2027,429
18,3,3,2028,429
18,3,3,2029,429
18,3,3,2030,429
18,3,3,2031,429
18,3,3,2032,429
18,3,3,2033,429
18,3,3,2034,429
18,3,3,2035,429
18,3,3,2036,429
18,3,3,2037,429
18,3,3,2038,429
18,3,3,2039,429
18,3,3,2040,429
18,3,3,2041,429
18,3,3,2042,429
18,3,3,2043,429
18,3,3,2044,429
18,3,3,2045,429
18,3,3,2046,429
18,3,3,2047,429
18,3,3,2048,429
18,3,3,2049,429
18,3,3,2050,429
18,4,1,2023,1138
18,4,1,2024,1138
18,4,1,2025,1138
18,4,1,2026,1138
18,4,1,2027,1138
18,4,1,2028,1138
18,4,1,2029,1138
18,4,1,2030,1138
18,4,1,2031,1138
18,4,1,2032,1138
18,4,1,2033,1138
18,4,1,2034,1138
18,4,1,2035,1138
18,4,1,2036,1138
18,4,1,2037,1138
18,4,1,2038,1138
18,4,1,2039,1138
18,4,1,2040,1138
18,4,1,2041,1138
18,4,1,2042,1138
18,4,1,2043,1138
18,4,1,2044,1138
18,4,1,2045,1138
18,4,1,2046,1138
18,4,1,2047,1138
18,4,1,2048,1138
18,4,1,2049,1138
18,4,1,2050,1138
18,4,2,2023,1138
18,4,2,2024,1138
18,4,2,2025,1138
18,4,2,2026,1138
18,4,2,2027,1138
18,4,2,2028,1138
18,4,2,2029,1138
18,4,2,2030,1138
18,4,2,2031,1138
18,4,2,2032,1138
18,4,2,2033,1138
18,4,2,2034,1138
18,4,2,2035,1138
18,4,2,2036,1138
18,4,2,2037,1138
18,4,2,2038,1138
18,4,2,2039,1138
18,4,2,2040,1138
18,4,2,2041,1138
18,4,2,2042,1138
18,4,2,2043,1138
18,4,2,2044,1138
18,4,2,2045,1138
18,4,2,2046,1138
18,4,2,2047,1138
18,4,2,2048,1138
18,4,2,2049,1138
18,4,2,2050,1138
18,4,3,2023,1138
18,4,3,2024,1138
18,4,3,2025,1138
18,4,3,2026,1138
18,4,3,2027,1138
18,4,3,2028,1138
18,4,3,2029,1138
18,4,3,2030,1138
18,4,3,2031,1138
18,4,3,2032,1138
18,4,3,2033,1138
18,4,3,2034,1138
18,4,3,2035,1138
18,4,3,2036,1138
18,4,3,2037,1138
18,4,3,2038,1138
18,4,3,2039,1138
18,4,3,2040,1138
18,4,3,2041,1138
18,4,3,2042,1138
18,4,3,2043,1138
18,4,3,2044,1138
18,4,3,2045,1138
18,4,3,2046,1138
18,4,3,2047,1138
18,4,3,2048,1138
18,4,3,2049,1138
18,4,3,2050,1138
18,6,1,2023,490
18,6,1,2024,490
18,6,1,2025,490
18,6,1,2026,490
18,6,1,2027,490
18,6,1,2028,490
18,6,1,2029,490
18,6,1,2030,490
18,6,1,2031,490
18,6,1,2032,490
18,6,1,2033,490
18,6,1,2034,490
18,6,1,2035,490
18,6,1,2036,490
18,6,1,2037,490
18,6,1,2038,490
18,6,1,2039,490
18,6,1,2040,490
18,6,1,2041,490
18,6,1,2042,490
18,6,1,2043,490
18,6,1,2044,490
18,6,1,2045,490
18,6,1,2046,490
18,6,1,2047,490
18,6,1,2048,490
18,6,1,2049,490
18,6,1,2050,490
18,6,2,2023,490
18,6,2,2024,490
18,6,2,2025,490
18,6,2,2026,490
18,6,2,2027,490
18,6,2,2028,490
18,6,2,2029,490
18,6,2,2030,490
18,6,2,2031,490
18,6,2,2032,490
18,6,2,2033,490
18,6,2,2034,490
18,6,2,2035,490
18,6,2,2036,490
18,6,2,2037,490
18,6,2,2038,490
18,6,2,2039,490
18,6,2,2040,490
18,6,2,2041,490
18,6,2,2042,490
18,6,2,2043,490
18,6,2,2044,490
18,6,2,2045,490
18,6,2,2046,490
18,6,2,2047,490
18,6,2,2048,490
18,6,2,2049,490
18,6,2,2050,490
18,6,3,2023,490
18,6,3,2024,490
18,6,3,2025,490
18,6,3,2026,490
18,6,3,2027,490
18,6,3,2028,490
18,6,3,2029,490
18,6,3,2030,490
18,6,3,2031,490
18,6,3,2032,490
18,6,3,2033,490
18,6,3,2034,490
18,6,3,2035,490
18,6,3,2036,490
18,6,3,2037,490
18,6,3,2038,490
18,6,3,2039,490
18,6,3,2040,490
18,6,3,2041,490
18,6,3,2042,490
18,6,3,2043,490
18,6,3,2044,490
18,6,3,2045,490
18,6,3,2046,490
18,6,3,2047,490
18,6,3,2048,490
18,6,3,2049,490
18,6,3,2050,490
18,17,1,2023,373
18,17,1,2024,373
18,17,1,2025,373
18,17,1,2026,373
18,17,1,2027,373
18,17,1,2028,373
18,17,1,2029,373
18,17,1,2030,373
18,17,1,2031,373
18,17,1,2032,373
18,17,1,2033,373
18,17,1,2034,373
18,17,1,2035,373
18,17,1,2036,373
18,17,1,2037,373
18,17,1,2038,373
18,17,1,2039,373
18,17,1,2040,373
18,17,1,2041,373
18,17,1,2042,373
18,17,1,2043,373
18,17,1,2044,373
18,17,1,2045,373
18,17,1,2046,373
18,17,1,2047,373
18,17,1,2048,373
18,17,1,2049,373
18,17,1,2050,373
18,17,2,2023,373
18,17,2,2024,373
18,17,2,2025,373
18,17,2,2026,373
18,17,2,2027,373
18,17,2,2028,373
18,17,2,2029,373
18,17,2,2030,373
18,17,2,2031,373
18,17,2,2032,373
18,17,2,2033,373
18,17,2,2034,373
18,17,2,2035,373
18,17,2,2036,373
18,17,2,2037,373
18,17,2,2038,373
18,17,2,2039,373
18,17,2,2040,373
18,17,2,2041,373
18,17,2,2042,373
18,17,2,2043,373
18,17,2,2044,373
18,17,2,2045,373
18,17,2,2046,373
18,17,2,2047,373
18,17,2,2048,373
18,17,2,2049,373
18,17,2,2050,373
18,17,3,2023,373
18,17,3,2024,373
18,17,3,2025,373
18,17,3,2026,373
18,17,3,2027,373
18,17,3,2028,373
18,17,3,2029,373
18,17,3,2030,373
18,17,3,2031,373
18,17,3,2032,373
18,17,3,2033,373
18,17,3,2034,373
18,17,3,2035,373
18,17,3,2036,373
18,17,3,2037,373
18,17,3,2038,373
18,17,3,2039,373
18,17,3,2040,373
18,17,3,2041,373
18,17,3,2042,373
18,17,3,2043,373
18,17,3,2044,373
18,17,3,2045,373
18,17,3,2046,373
18,17,3,2047,373
18,17,3,2048,373
18,17,3,2049,373
18,17,3,2050,373
18,19,1,2023,2878
18,19,1,2024,2878
18,19,1,2025,2878
18,19,1,2026,2878
18,19,1,2027,2878
18,19,1,2028,2878
18,19,1,2029,2878
18,19,1,2030,2878
18,19,1,2031,2878
18,19,1,2032,2878
18,19,1,2033,2878
18,19,1,2034,2878
18,19,1,2035,2878
18,19,1,2036,2878
18,19,1,2037,2878
18,19,1,2038,2878
18,19,1,2039,2878
18,19,1,2040,2878
18,19,1,2041,2878
18,19,1,2042,2878
18,19,1,2043,2878
18,19,1,2044,2878
18,19,1,2045,2878
18,19,1,2046,2878
18,19,1,2047,2878
18,19,1,2048,2878
18,19,1,2049,2878
18,19,1,2050,2878
18,19,2,2023,2878
18,19,2,2024,2878
18,19,2,2025,2878
18,19,2,2026,2878
18,19,2,2027,2878
18,19,2,2028,2878
18,19,2,2029,2878
18,19,2,2030,2878
18,19,2,2031,2878
18,19,2,2032,2878
18,19,2,2033,2878
18,19,2,2034,2878
18,19,2,2035,2878
18,19,2,2036,2878
18,19,2,2037,2878
18,19,2,2038,2878
18,19,2,2039,2878
18,19,2,2040,2878
18,19,2,2041,2878
18,19,2,2042,2878
18,19,2,2043,2878
18,19,2,2044,2878
18,19,2,2045,2878
18,19,2,2046,2878
18,19,2,2047,2878
18,19,2,2048,2878
18,19,2,2049,2878
18,19,2,2050,2878
18,19,3,2023,2878
18,19,3,2024,2878
18,19,3,2025,2878
18,19,3,2026,2878
18,19,3,2027,2878
18,19,3,2028,2878
18,19,3,2029,2878
18,19,3,2030,2878
18,19,3,2031,2878
18,19,3,2032,2878
18,19,3,2033,2878
18,19,3,2034,2878
18,19,3,2035,2878
18,19,3,2036,2878
18,19,3,2037,2878
18,19,3,2038,2878
18,19,3,2039,2878
18,19,3,2040,2878
18,19,3,2041,2878
18,19,3,2042,2878
18,19,3,2043,2878
18,19,3,2044,2878
18,19,3,2045,2878
18,19,3,2046,2878
18,19,3,2047,2878
18,19,3,2048,2878
18,19,3,2049,2878
18,19,3,2050,2878
18,24,1,2023,210
18,24,1,2024,210
18,24,1,2025,210
18,24,1,2026,210
18,24,1,2027,210
18,24,1,2028,210
18,24,1,2029,210
18,24,1,2030,210
18,24,1,2031,210
18,24,1,2032,210
18,24,1,2033,210
18,24,1,2034,210
18,24,1,2035,210
18,24,1,2036,210
18,24,1,2037,210
18,24,1,2038,210
18,24,1,2039,210
18,24,1,2040,210
18,24,1,2041,210
18,24,1,2042,210
18,24,1,2043,210
18,24,1,2044,210
18,24,1,2045,210
18,24,1,2046,210
18,24,1,2047,210
18,24,1,2048,210
18,24,1,2049,210
18,24,1,2050,210
18,24,2,2023,210
18,24,2,2024,210
18,24,2,2025,210
18,24,2,2026,210
18,24,2,2027,210
18,24,2,2028,210
18,24,2,2029,210
18,24,2,2030,210
18,24,2,2031,210
18,24,2,2032,210
18,24,2,2033,210
18,24,2,2034,210
18,24,2,2035,210
18,24,2,2036,210
18,24,2,2037,210
18,24,2,2038,210
18,24,2,2039,210
18,24,2,2040,210
18,24,2,2041,210
18,24,2,2042,210
18,24,2,2043,210
18,24,2,2044,210
18,24,2,2045,210
18,24,2,2046,210
18,24,2,2047,210
18,24,2,2048,210
18,24,2,2049,210
18,24,2,2050,210
18,24,3,2023,210
18,24,3,2024,210
18,24,3,2025,210
18,24,3,2026,210
18,24,3,2027,210
18,24,3,2028,210
18,24,3,2029,210
18,24,3,2030,210
18,24,3,2031,210
18,24,3,2032,210
18,24,3,2033,210
18,24,3,2034,210
18,24,3,2035,210
18,24,3,2036,210
18,24,3,2037,210
18,24,3,2038,210
18,24,3,2039,210
18,24,3,2040,210
18,24,3,2041,210
18,24,3,2042,210
18,24,3,2043,210
18,24,3,2044,210
18,24,3,2045,210
18,24,3,2046,210
18,24,3,2047,210
18,24,3,2048,210
18,24,3,2049,210
18,24,3,2050,210
19,3,1,2023,9521
19,3,1,2024,9521
19,3,1,2025,9521
19,3,1,2026,9521
19,3,1,2027,9521
19,3,1,2028,9521
19,3,1,2029,9521
19,3,1,2030,9521
19,3,1,2031,9521
19,3,1,2032,9521
19,3,1,2033,9521
19,3,1,2034,9521
19,3,1,2035,9521
19,3,1,2036,9521
19,3,1,2037,9521
19,3,1,2038,9521
19,3,1,2039,9521
19,3,1,2040,9521
19,3,1,2041,9521
19,3,1,2042,9521
19,3,1,2043,9521
19,3,1,2044,9521
19,3,1,2045,9521
19,3,1,2046,9521
19,3,1,2047,9521
19,3,1,2048,9521
19,3,1,2049,9521
19,3,1,2050,9521
19,3,2,2023,9521
19,3,2,2024,9521
19,3,2,2025,9521
19,3,2,2026,9521
19,3,2,2027,9521
19,3,2,2028,9521
19,3,2,2029,9521
19,3,2,2030,9521
19,3,2,2031,9521
19,3,2,2032,9521
19,3,2,2033,9521
19,3,2,2034,9521
19,3,2,2035,9521
19,3,2,2036,9521
19,3,2,2037,9521
19,3,2,2038,9521
19,3,2,2039,9521
19,3,2,2040,9521
19,3,2,2041,9521
19,3,2,2042,9521
19,3,2,2043,9521
19,3,2,2044,9521
19,3,2,2045,9521
19,3,2,2046,9521
19,3,2,2047,9521
19,3,2,2048,9521
19,3,2,2049,9521
19,3,2,2050,9521
19,3,3,2023,9521
19,3,3,2024,9521
19,3,3,2025,9521
19,3,3,2026,9521
19,3,3,2027,9521
19,3,3,2028,9521
19,3,3,2029,9521
19,3,3,2030,9521
19,3,3,2031,9521
19,3,3,2032,9521
19,3,3,2033,9521
19,3,3,2034,9521
19,3,3,2035,9521
19,3,3,2036,9521
19,3,3,2037,9521
19,3,3,2038,9521
19,3,3,2039,9521
19,3,3,2040,9521
19,3,3,2041,9521
19,3,3,2042,9521
19,3,3,2043,9521
19,3,3,2044,9521
19,3,3,2045,9521
19,3,3,2046,9521
19,3,3,2047,9521
19,3,3,2048,9521
19,3,3,2049,9521
19,3,3,2050,9521
19,18,1,2023,2878
19,18,1,2024,2878
19,18,1,2025,2878
19,18,1,2026,2878
19,18,1,2027,2878
19,18,1,2028,2878
19,18,1,2029,2878
19,18,1,2030,2878
19,18,1,2031,2878
19,18,1,2032,2878
19,18,1,2033,2878
19,18,1,2034,2878
19,18,1,2035,2878
19,18,1,2036,2878
19,18,1,2037,2878
19,18,1,2038,2878
19,18,1,2039,2878
19,18,1,2040,2878
19,18,1,2041,2878
19,18,1,2042,2878
19,18,1,2043,2878
19,18,1,2044,2878
19,18,1,2045,2878
19,18,1,2046,2878
19,18,1,2047,2878
19,18,1,2048,2878
19,18,1,2049,2878
19,18,1,2050,2878
19,18,2,2023,2878
19,18,2,2024,2878
19,18,2,2025,2878
19,18,2,2026,2878
19,18,2,2027,2878
19,18,2,2028,2878
19,18,2,2029,2878
19,18,2,2030,2878
19,18,2,2031,2878
19,18,2,2032,2878
19,18,2,2033,2878
19,18,2,2034,2878
19,18,2,2035,2878
19,18,2,2036,2878
19,18,2,2037,2878
19,18,2,2038,2878
19,18,2,2039,2878
19,18,2,2040,2878
19,18,2,2041,2878
19,18,2,2042,2878
19,18,2,2043,2878
19,18,2,2044,2878
19,18,2,2045,2878
19,18,2,2046,2878
19,18,2,2047,2878
19,18,2,2048,2878
19,18,2,2049,2878
19,18,2,2050,2878
19,18,3,2023,2878
19,18,3,2024,2878
19,18,3,2025,2878
19,18,3,2026,2878
19,18,3,2027,2878
19,18,3,2028,2878
19,18,3,2029,2878
19,18,3,2030,2878
19,18,3,2031,2878
19,18,3,2032,2878
19,18,3,2033,2878
19,18,3,2034,2878
19,18,3,2035,2878
19,18,3,2036,2878
19,18,3,2037,2878
19,18,3,2038,2878
19,18,3,2039,2878
19,18,3,2040,2878
19,18,3,2041,2878
19,18,3,2042,2878
19,18,3,2043,2878
19,18,3,2044,2878
19,18,3,2045,2878
19,18,3,2046,2878
19,18,3,2047,2878
19,18,3,2048,2878
19,18,3,2049,2878
19,18,3,2050,2878
19,23,1,2023,200
19,23,1,2024,200
19,23,1,2025,200
19,23,1,2026,200
19,23,1,2027,200
19,23,1,2028,200
19,23,1,2029,200
19,23,1,2030,200
19,23,1,2031,200
19,23,1,2032,200
19,23,1,2033,200
19,23,1,2034,200
19,23,1,2035,200
19,23,1,2036,200
19,23,1,2037,200
19,23,1,2038,200
19,23,1,2039,200
19,23,1,2040,200
19,23,1,2041,200
19,23,1,2042,200
19,23,1,2043,200
19,23,1,2044,200
19,23,1,2045,200
19,23,1,2046,200
19,23,1,2047,200
19,23,1,2048,200
19,23,1,2049,200
19,23,1,2050,200
19,23,2,2023,200
19,23,2,2024,200
19,23,2,2025,200
19,23,2,2026,200
19,23,2,2027,200
19,23,2,2028,200
19,23,2,2029,200
19,23,2,2030,200
19,23,2,2031,200
19,23,2,2032,200
19,23,2,2033,200
19,23,2,2034,200
19,23,2,2035,200
19,23,2,2036,200
19,23,2,2037,200
19,23,2,2038,200
19,23,2,2039,200
19,23,2,2040,200
19,23,2,2041,200
19,23,2,2042,200
19,23,2,2043,200
19,23,2,2044,200
19,23,2,2045,200
19,23,2,2046,200
19,23,2,2047,200
19,23,2,2048,200
19,23,2,2049,200
19,23,2,2050,200
19,23,3,2023,200
19,23,3,2024,200
19,23,3,2025,200
19,23,3,2026,200
19,23,3,2027,200
19,23,3,2028,200
19,23,3,2029,200
19,23,3,2030,200
19,23,3,2031,200
19,23,3,2032,200
19,23,3,2033,200
19,23,3,2034,200
19,23,3,2035,200
19,23,3,2036,200
19,23,3,2037,200
19,23,3,2038,200
19,23,3,2039,200
19,23,3,2040,200
19,23,3,2041,200
19,23,3,2042,200
19,23,3,2043,200
19,23,3,2044,200
19,23,3,2045,200
19,23,3,2046,200
19,23,3,2047,200
19,23,3,2048,200
19,23,3,2049,200
19,23,3,2050,200
19,24,1,2023,255
19,24,1,2024,255
19,24,1,2025,255
19,24,1,2026,255
19,24,1,2027,255
19,24,1,2028,255
19,24,1,2029,255
19,24,1,2030,255
19,24,1,2031,255
19,24,1,2032,255
19,24,1,2033,255
19,24,1,2034,255
19,24,1,2035,255
19,24,1,2036,255
19,24,1,2037,255
19,24,1,2038,255
19,24,1,2039,255
19,24,1,2040,255
19,24,1,2041,255
19,24,1,2042,255
19,24,1,2043,255
19,24,1,2044,255
19,24,1,2045,255
19,24,1,2046,255
19,24,1,2047,255
19,24,1,2048,255
19,24,1,2049,255
19,24,1,2050,255
19,24,2,2023,255
19,24,2,2024,255
19,24,2,2025,255
19,24,2,2026,255
19,24,2,2027,255
19,24,2,2028,255
19,24,2,2029,255
19,24,2,2030,255
19,24,2,2031,255
19,24,2,2032,255
19,24,2,2033,255
19,24,2,2034,255
19,24,2,2035,255
19,24,2,2036,255
19,24,2,2037,255
19,24,2,2038,255
19,24,2,2039,255
19,24,2,2040,255
19,24,2,2041,255
19,24,2,2042,255
19,24,2,2043,255
19,24,2,2044,255
19,24,2,2045,255
19,24,2,2046,255
19,24,2,2047,255
19,24,2,2048,255
19,24,2,2049,255
19,24,2,2050,255
19,24,3,2023,255
19,24,3,2024,255
19,24,3,2025,255
19,24,3,2026,255
19,24,3,2027,255
19,24,3,2028,255
19,24,3,2029,255
19,24,3,2030,255
19,24,3,2031,255
19,24,3,2032,255
19,24,3,2033,255
19,24,3,2034,255
19,24,3,2035,255
19,24,3,2036,255
19,24,3,2037,255
19,24,3,2038,255
19,24,3,2039,255
19,24,3,2040,255
19,24,3,2041,255
19,24,3,2042,255
19,24,3,2043,255
19,24,3,2044,255
19,24,3,2045,255
19,24,3,2046,255
19,24,3,2047,255
19,24,3,2048,255
19,24,3,2049,255
19,24,3,2050,255
20,17,1,2023,400
20,17,1,2024,400
20,17,1,2025,400
20,17,1,2026,400
20,17,1,2027,400
20,17,1,2028,400
20,17,1,2029,400
20,17,1,2030,400
20,17,1,2031,400
20,17,1,2032,400
20,17,1,2033,400
20,17,1,2034,400
20,17,1,2035,400
20,17,1,2036,400
20,17,1,2037,400
20,17,1,2038,400
20,17,1,2039,400
20,17,1,2040,400
20,17,1,2041,400
20,17,1,2042,400
20,17,1,2043,400
20,17,1,2044,400
20,17,1,2045,400
20,17,1,2046,400
20,17,1,2047,400
20,17,1,2048,400
20,17,1,2049,400
20,17,1,2050,400
20,17,2,2023,400
20,17,2,2024,400
20,17,2,2025,400
20,17,2,2026,400
20,17,2,2027,400
20,17,2,2028,400
20,17,2,2029,400
20,17,2,2030,400
20,17,2,2031,400
20,17,2,2032,400
20,17,2,2033,400
20,17,2,2034,400
20,17,2,2035,400
20,17,2,2036,400
20,17,2,2037,400
20,17,2,2038,400
20,17,2,2039,400
20,17,2,2040,400
20,17,2,2041,400
20,17,2,2042,400
20,17,2,2043,400
20,17,2,2044,400
20,17,2,2045,400
20,17,2,2046,400
20,17,2,2047,400
20,17,2,2048,400
20,17,2,2049,400
20,17,2,2050,400
20,17,3,2023,400
20,17,3,2024,400
20,17,3,2025,400
20,17,3,2026,400
20,17,3,2027,400
20,17,3,2028,400
20,17,3,2029,400
20,17,3,2030,400
20,17,3,2031,400
20,17,3,2032,400
20,17,3,2033,400
20,17,3,2034,400
20,17,3,2035,400
20,17,3,2036,400
20,17,3,2037,400
20,17,3,2038,400
20,17,3,2039,400
20,17,3,2040,400
20,17,3,2041,400
20,17,3,2042,400
20,17,3,2043,400
20,17,3,2044,400
20,17,3,2045,400
20,17,3,2046,400
20,17,3,2047,400
20,17,3,2048,400
20,17,3,2049,400
20,17,3,2050,400
20,22,1,2023,2996
20,22,1,2024,2996
20,22,1,2025,2996
20,22,1,2026,2996
20,22,1,2027,2996
20,22,1,2028,2996
20,22,1,2029,2996
20,22,1,2030,2996
20,22,1,2031,2996
20,22,1,2032,2996
20,22,1,2033,2996
20,22,1,2034,2996
20,22,1,2035,2996
20,22,1,2036,2996
20,22,1,2037,2996
20,22,1,2038,2996
20,22,1,2039,2996
20,22,1,2040,2996
20,22,1,2041,2996
20,22,1,2042,2996
20,22,1,2043,2996
20,22,1,2044,2996
20,22,1,2045,2996
20,22,1,2046,2996
20,22,1,2047,2996
20,22,1,2048,2996
20,22,1,2049,2996
20,22,1,2050,2996
20,22,2,2023,2996
20,22,2,2024,2996
20,22,2,2025,2996
20,22,2,2026,2996
20,22,2,2027,2996
20,22,2,2028,2996
20,22,2,2029,2996
20,22,2,2030,2996
20,22,2,2031,2996
20,22,2,2032,2996
20,22,2,2033,2996
20,22,2,2034,2996
20,22,2,2035,2996
20,22,2,2036,2996
20,22,2,2037,2996
20,22,2,2038,2996
20,22,2,2039,2996
20,22,2,2040,2996
20,22,2,2041,2996
20,22,2,2042,2996
20,22,2,2043,2996
20,22,2,2044,2996
20,22,2,2045,2996
20,22,2,2046,2996
20,22,2,2047,2996
20,22,2,2048,2996
20,22,2,2049,2996
20,22,2,2050,2996
20,22,3,2023,2996
20,22,3,2024,2996
20,22,3,2025,2996
20,22,3,2026,2996
20,22,3,2027,2996
20,22,3,2028,2996
20,22,3,2029,2996
20,22,3,2030,2996
20,22,3,2031,2996
20,22,3,2032,2996
20,22,3,2033,2996
20,22,3,2034,2996
20,22,3,2035,2996
20,22,3,2036,2996
20,22,3,2037,2996
20,22,3,2038,2996
20,22,3,2039,2996
20,22,3,2040,2996
20,22,3,2041,2996
20,22,3,2042,2996
20,22,3,2043,2996
20,22,3,2044,2996
20,22,3,2045,2996
20,22,3,2046,2996
20,22,3,2047,2996
20,22,3,2048,2996
20,22,3,2049,2996
20,22,3,2050,2996
20,24,1,2023,442
20,24,1,2024,442
20,24,1,2025,442
20,24,1,2026,442
20,24,1,2027,442
20,24,1,2028,442
20,24,1,2029,442
20,24,1,2030,442
20,24,1,2031,442
20,24,1,2032,442
20,24,1,2033,442
20,24,1,2034,442
20,24,1,2035,442
20,24,1,2036,442
20,24,1,2037,442
20,24,1,2038,442
20,24,1,2039,442
20,24,1,2040,442
20,24,1,2041,442
20,24,1,2042,442
20,24,1,2043,442
20,24,1,2044,442
20,24,1,2045,442
20,24,1,2046,442
20,24,1,2047,442
20,24,1,2048,442
20,24,1,2049,442
20,24,1,2050,442
20,24,2,2023,442
20,24,2,2024,442
20,24,2,2025,442
20,24,2,2026,442
20,24,2,2027,442
20,24,2,2028,442
20,24,2,2029,442
20,24,2,2030,442
20,24,2,2031,442
20,24,2,2032,442
20,24,2,2033,442
20,24,2,2034,442
20,24,2,2035,442
20,24,2,2036,442
20,24,2,2037,442
20,24,2,2038,442
20,24,2,2039,442
20,24,2,2040,442
20,24,2,2041,442
20,24,2,2042,442
20,24,2,2043,442
20,24,2,2044,442
20,24,2,2045,442
20,24,2,2046,442
20,24,2,2047,442
20,24,2,2048,442
20,24,2,2049,442
20,24,2,2050,442
20,24,3,2023,442
20,24,3,2024,442
20,24,3,2025,442
20,24,3,2026,442
20,24,3,2027,442
20,24,3,2028,442
20,24,3,2029,442
20,24,3,2030,442
20,24,3,2031,442
20,24,3,2032,442
20,24,3,2033,442
20,24,3,2034,442
20,24,3,2035,442
20,24,3,2036,442
20,24,3,2037,442
20,24,3,2038,442
20,24,3,2039,442
20,24,3,2040,442
20,24,3,2041,442
20,24,3,2042,442
20,24,3,2043,442
20,24,3,2044,442
20,24,3,2045,442
20,24,3,2046,442
20,24,3,2047,442
20,24,3,2048,442
20,24,3,2049,442
20,24,3,2050,442
20,25,1,2023,4589
20,25,1,2024,4589
20,25,1,2025,4589
20,25,1,2026,4589
20,25,1,2027,4589
20,25,1,2028,4589
20,25,1,2029,4589
20,25,1,2030,4589
20,25,1,2031,4589
20,25,1,2032,4589
20,25,1,2033,4589
20,25,1,2034,4589
20,25,1,2035,4589
20,25,1,2036,4589
20,25,1,2037,4589
20,25,1,2038,4589
20,25,1,2039,4589
20,25,1,2040,4589
20,25,1,2041,4589
20,25,1,2042,4589
20,25,1,2043,4589
20,25,1,2044,4589
20,25,1,2045,4589
20,25,1,2046,4589
20,25,1,2047,4589
20,25,1,2048,4589
20,25,1,2049,4589
20,25,1,2050,4589
20,25,2,2023,4589
20,25,2,2024,4589
20,25,2,2025,4589
20,25,2,2026,4589
20,25,2,2027,4589
20,25,2,2028,4589
20,25,2,2029,4589
20,25,2,2030,4589
20,25,2,2031,4589
20,25,2,2032,4589
20,25,2,2033,4589
20,25,2,2034,4589
20,25,2,2035,4589
20,25,2,2036,4589
20,25,2,2037,4589
20,25,2,2038,4589
20,25,2,2039,4589
20,25,2,2040,4589
20,25,2,2041,4589
20,25,2,2042,4589
20,25,2,2043,4589
20,25,2,2044,4589
20,25,2,2045,4589
20,25,2,2046,4589
20,25,2,2047,4589
20,25,2,2048,4589
20,25,2,2049,4589
20,25,2,2050,4589
20,25,3,2023,4589
20,25,3,2024,4589
20,25,3,2025,4589
20,25,3,2026,4589
20,25,3,2027,4589
20,25,3,2028,4589
20,25,3,2029,4589
20,25,3,2030,4589
20,25,3,2031,4589
20,25,3,2032,4589
20,25,3,2033,4589
20,25,3,2034,4589
20,25,3,2035,4589
20,25,3,2036,4589
20,25,3,2037,4589
20,25,3,2038,4589
20,25,3,2039,4589
20,25,3,2040,4589
20,25,3,2041,4589
20,25,3,2042,4589
20,25,3,2043,4589
20,25,3,2044,4589
20,25,3,2045,4589
20,25,3,2046,4589
20,25,3,2047,4589
20,25,3,2048,4589
20,25,3,2049,4589
20,25,3,2050,4589
21,22,1,2023,8242
21,22,1,2024,8242
21,22,1,2025,8242
21,22,1,2026,8242
21,22,1,2027,8242
21,22,1,2028,8242
21,22,1,2029,8242
21,22,1,2030,8242
21,22,1,2031,8242
21,22,1,2032,8242
21,22,1,2033,8242
21,22,1,2034,8242
21,22,1,2035,8242
21,22,1,2036,8242
21,22,1,2037,8242
21,22,1,2038,8242
21,22,1,2039,8242
21,22,1,2040,8242
21,22,1,2041,8242
21,22,1,2042,8242
21,22,1,2043,8242
21,22,1,2044,8242
21,22,1,2045,8242
21,22,1,2046,8242
21,22,1,2047,8242
21,22,1,2048,8242
21,22,1,2049,8242
21,22,1,2050,8242
21,22,2,2023,8242
21,22,2,2024,8242
21,22,2,2025,8242
21,22,2,2026,8242
21,22,2,2027,8242
21,22,2,2028,8242
21,22,2,2029,8242
21,22,2,2030,8242
21,22,2,2031,8242
21,22,2,2032,8242
21,22,2,2033,8242
21,22,2,2034,8242
21,22,2,2035,8242
21,22,2,2036,8242
21,22,2,2037,8242
21,22,2,2038,8242
21,22,2,2039,8242
21,22,2,2040,8242
21,22,2,2041,8242
21,22,2,2042,8242
21,22,2,2043,8242
21,22,2,2044,8242
21,22,2,2045,8242
21,22,2,2046,8242
21,22,2,2047,8242
21,22,2,2048,8242
21,22,2,2049,8242
21,22,2,2050,8242
21,22,3,2023,8242
21,22,3,2024,8242
21,22,3,2025,8242
21,22,3,2026,8242
21,22,3,2027,8242
21,22,3,2028,8242
21,22,3,2029,8242
21,22,3,2030,8242
21,22,3,2031,8242
21,22,3,2032,8242
21,22,3,2033,8242
21,22,3,2034,8242
21,22,3,2035,8242
21,22,3,2036,8242
21,22,3,2037,8242
21,22,3,2038,8242
21,22,3,2039,8242
21,22,3,2040,8242
21,22,3,2041,8242
21,22,3,2042,8242
21,22,3,2043,8242
21,22,3,2044,8242
21,22,3,2045,8242
21,22,3,2046,8242
21,22,3,2047,8242
21,22,3,2048,8242
21,22,3,2049,8242
21,22,3,2050,8242
21,23,1,2023,4441
21,23,1,2024,4441
21,23,1,2025,4441
21,23,1,2026,4441
21,23,1,2027,4441
21,23,1,2028,4441
21,23,1,2029,4441
21,23,1,2030,4441
21,23,1,2031,4441
21,23,1,2032,4441
21,23,1,2033,4441
21,23,1,2034,4441
21,23,1,2035,4441
21,23,1,2036,4441
21,23,1,2037,4441
21,23,1,2038,4441
21,23,1,2039,4441
21,23,1,2040,4441
21,23,1,2041,4441
21,23,1,2042,4441
21,23,1,2043,4441
21,23,1,2044,4441
21,23,1,2045,4441
21,23,1,2046,4441
21,23,1,2047,4441
21,23,1,2048,4441
21,23,1,2049,4441
21,23,1,2050,4441
21,23,2,2023,4441
21,23,2,2024,4441
21,23,2,2025,4441
21,23,2,2026,4441
21,23,2,2027,4441
21,23,2,2028,4441
21,23,2,2029,4441
21,23,2,2030,4441
21,23,2,2031,4441
21,23,2,2032,4441
21,23,2,2033,4441
21,23,2,2034,4441
21,23,2,2035,4441
21,23,2,2036,4441
21,23,2,2037,4441
21,23,2,2038,4441
21,23,2,2039,4441
21,23,2,2040,4441
21,23,2,2041,4441
21,23,2,2042,4441
21,23,2,2043,4441
21,23,2,2044,4441
21,23,2,2045,4441
21,23,2,2046,4441
21,23,2,2047,4441
21,23,2,2048,4441
21,23,2,2049,4441
21,23,2,2050,4441
21,23,3,2023,4441
21,23,3,2024,4441
21,23,3,2025,4441
21,23,3,2026,4441
21,23,3,2027,4441
21,23,3,2028,4441
21,23,3,2029,4441
21,23,3,2030,4441
21,23,3,2031,4441
21,23,3,2032,4441
21,23,3,2033,4441
21,23,3,2034,4441
21,23,3,2035,4441
21,23,3,2036,4441
21,23,3,2037,4441
21,23,3,2038,4441
21,23,3,2039,4441
21,23,3,2040,4441
21,23,3,2041,4441
21,23,3,2042,4441
21,23,3,2043,4441
21,23,3,2044,4441
21,23,3,2045,4441
21,23,3,2046,4441
21,23,3,2047,4441
21,23,3,2048,4441
21,23,3,2049,4441
21,23,3,2050,4441
21,25,1,2023,106
21,25,1,2024,106
21,25,1,2025,106
21,25,1,2026,106
21,25,1,2027,106
21,25,1,2028,106
21,25,1,2029,106
21,25,1,2030,106
21,25,1,2031,106
21,25,1,2032,106
21,25,1,2033,106
21,25,1,2034,106
21,25,1,2035,106
21,25,1,2036,106
21,25,1,2037,106
21,25,1,2038,106
21,25,1,2039,106
21,25,1,2040,106
21,25,1,2041,106
21,25,1,2042,106
21,25,1,2043,106
21,25,1,2044,106
21,25,1,2045,106
21,25,1,2046,106
21,25,1,2047,106
21,25,1,2048,106
21,25,1,2049,106
21,25,1,2050,106
21,25,2,2023,106
21,25,2,2024,106
21,25,2,2025,106
21,25,2,2026,106
21,25,2,2027,106
21,25,2,2028,106
21,25,2,2029,106
21,25,2,2030,106
21,25,2,2031,106
21,25,2,2032,106
21,25,2,2033,106
21,25,2,2034,106
21,25,2,2035,106
21,25,2,2036,106
21,25,2,2037,106
21,25,2,2038,106
21,25,2,2039,106
21,25,2,2040,106
21,25,2,2041,106
21,25,2,2042,106
21,25,2,2043,106
21,25,2,2044,106
21,25,2,2045,106
21,25,2,2046,106
21,25,2,2047,106
21,25,2,2048,106
21,25,2,2049,106
21,25,2,2050,106
21,25,3,2023,106
21,25,3,2024,106
21,25,3,2025,106
21,25,3,2026,106
21,25,3,2027,106
21,25,3,2028,106
21,25,3,2029,106
21,25,3,2030,106
21,25,3,2031,106
21,25,3,2032,106
21,25,3,2033,106
21,25,3,2034,106
21,25,3,2035,106
21,25,3,2036,106
21,25,3,2037,106
21,25,3,2038,106
21,25,3,2039,106
21,25,3,2040,106
21,25,3,2041,106
21,25,3,2042,106
21,25,3,2043,106
21,25,3,2044,106
21,25,3,2045,106
21,25,3,2046,106
21,25,3,2047,106
21,25,3,2048,106
21,25,3,2049,106
21,25,3,2050,106
22,20,1,2023,489
22,20,1,2024,489
22,20,1,2025,489
22,20,1,2026,489
22,20,1,2027,489
22,20,1,2028,489
22,20,1,2029,489
22,20,1,2030,489
22,20,1,2031,489
22,20,1,2032,489
22,20,1,2033,489
22,20,1,2034,489
22,20,1,2035,489
22,20,1,2036,489
22,20,1,2037,489
22,20,1,2038,489
22,20,1,2039,489
22,20,1,2040,489
22,20,1,2041,489
22,20,1,2042,489
22,20,1,2043,489
22,20,1,2044,489
22,20,1,2045,489
22,20,1,2046,489
22,20,1,2047,489
22,20,1,2048,489
22,20,1,2049,489
22,20,1,2050,489
22,20,2,2023,489
22,20,2,2024,489
22,20,2,2025,489
22,20,2,2026,489
22,20,2,2027,489
22,20,2,2028,489
22,20,2,2029,489
22,20,2,2030,489
22,20,2,2031,489
22,20,2,2032,489
22,20,2,2033,489
22,20,2,2034,489
22,20,2,2035,489
22,20,2,2036,489
22,20,2,2037,489
22,20,2,2038,489
22,20,2,2039,489
22,20,2,2040,489
22,20,2,2041,489
22,20,2,2042,489
22,20,2,2043,489
22,20,2,2044,489
22,20,2,2045,489
22,20,2,2046,489
22,20,2,2047,489
22,20,2,2048,489
22,20,2,2049,489
22,20,2,2050,489
22,20,3,2023,489
22,20,3,2024,489
22,20,3,2025,489
22,20,3,2026,489
22,20,3,2027,489
22,20,3,2028,489
22,20,3,2029,489
22,20,3,2030,489
22,20,3,2031,489
22,20,3,2032,489
22,20,3,2033,489
22,20,3,2034,489
22,20,3,2035,489
22,20,3,2036,489
22,20,3,2037,489
22,20,3,2038,489
22,20,3,2039,489
22,20,3,2040,489
22,20,3,2041,489
22,20,3,2042,489
22,20,3,2043,489
22,20,3,2044,489
22,20,3,2045,489
22,20,3,2046,489
22,20,3,2047,489
22,20,3,2048,489
22,20,3,2049,489
22,20,3,2050,489
22,21,1,2023,7918
22,21,1,2024,7918
22,21,1,2025,7918
22,21,1,2026,7918
22,21,1,2027,7918
22,21,1,2028,7918
22,21,1,2029,7918
22,21,1,2030,7918
22,21,1,2031,7918
22,21,1,2032,7918
22,21,1,2033,7918
22,21,1,2034,7918
22,21,1,2035,7918
22,21,1,2036,7918
22,21,1,2037,7918
22,21,1,2038,7918
22,21,1,2039,7918
22,21,1,2040,7918
22,21,1,2041,7918
22,21,1,2042,7918
22,21,1,2043,7918
22,21,1,2044,7918
22,21,1,2045,7918
22,21,1,2046,7918
22,21,1,2047,7918
22,21,1,2048,7918
22,21,1,2049,7918
22,21,1,2050,7918
22,21,2,2023,7918
22,21,2,2024,7918
22,21,2,2025,7918
22,21,2,2026,7918
22,21,2,2027,7918
22,21,2,2028,7918
22,21,2,2029,7918
22,21,2,2030,7918
22,21,2,2031,7918
22,21,2,2032,7918
22,21,2,2033,7918
22,21,2,2034,7918
22,21,2,2035,7918
22,21,2,2036,7918
22,21,2,2037,7918
22,21,2,2038,7918
22,21,2,2039,7918
22,21,2,2040,7918
22,21,2,2041,7918
22,21,2,2042,7918
22,21,2,2043,7918
22,21,2,2044,7918
22,21,2,2045,7918
22,21,2,2046,7918
22,21,2,2047,7918
22,21,2,2048,7918
22,21,2,2049,7918
22,21,2,2050,7918
22,21,3,2023,7918
22,21,3,2024,7918
22,21,3,2025,7918
22,21,3,2026,7918
22,21,3,2027,7918
22,21,3,2028,7918
22,21,3,2029,7918
22,21,3,2030,7918
22,21,3,2031,7918
22,21,3,2032,7918
22,21,3,2033,7918
22,21,3,2034,7918
22,21,3,2035,7918
22,21,3,2036,7918
22,21,3,2037,7918
22,21,3,2038,7918
22,21,3,2039,7918
22,21,3,2040,7918
22,21,3,2041,7918
22,21,3,2042,7918
22,21,3,2043,7918
22,21,3,2044,7918
22,21,3,2045,7918
22,21,3,2046,7918
22,21,3,2047,7918
22,21,3,2048,7918
22,21,3,2049,7918
22,21,3,2050,7918
22,23,1,2023,2381
22,23,1,2024,2381
22,23,1,2025,2381
22,23,1,2026,2381
22,23,1,2027,2381
22,23,1,2028,2381
22,23,1,2029,2381
22,23,1,2030,2381
22,23,1,2031,2381
22,23,1,2032,2381
22,23,1,2033,2381
22,23,1,2034,2381
22,23,1,2035,2381
22,23,1,2036,2381
22,23,1,2037,2381
22,23,1,2038,2381
22,23,1,2039,2381
22,23,1,2040,2381
22,23,1,2041,2381
22,23,1,2042,2381
22,23,1,2043,2381
22,23,1,2044,2381
22,23,1,2045,2381
22,23,1,2046,2381
22,23,1,2047,2381
22,23,1,2048,2381
22,23,1,2049,2381
22,23,1,2050,2381
22,23,2,2023,2381
22,23,2,2024,2381
22,23,2,2025,2381
22,23,2,2026,2381
22,23,2,2027,2381
22,23,2,2028,2381
22,23,2,2029,2381
22,23,2,2030,2381
22,23,2,2031,2381
22,23,2,2032,2381
22,23,2,2033,2381
22,23,2,2034,2381
22,23,2,2035,2381
22,23,2,2036,2381
22,23,2,2037,2381
22,23,2,2038,2381
22,23,2,2039,2381
22,23,2,2040,2381
22,23,2,2041,2381
22,23,2,2042,2381
22,23,2,2043,2381
22,23,2,2044,2381
22,23,2,2045,2381
22,23,2,2046,2381
22,23,2,2047,2381
22,23,2,2048,2381
22,23,2,2049,2381
22,23,2,2050,2381
22,23,3,2023,2381
22,23,3,2024,2381
22,23,3,2025,2381
22,23,3,2026,2381
22,23,3,2027,2381
22,23,3,2028,2381
22,23,3,2029,2381
22,23,3,2030,2381
22,23,3,2031,2381
22,23,3,2032,2381
22,23,3,2033,2381
22,23,3,2034,2381
22,23,3,2035,2381
22,23,3,2036,2381
22,23,3,2037,2381
22,23,3,2038,2381
22,23,3,2039,2381
22,23,3,2040,2381
22,23,3,2041,2381
22,23,3,2042,2381
22,23,3,2043,2381
22,23,3,2044,2381
22,23,3,2045,2381
22,23,3,2046,2381
22,23,3,2047,2381
22,23,3,2048,2381
22,23,3,2049,2381
22,23,3,2050,2381
22,25,1,2023,2291
22,25,1,2024,2291
22,25,1,2025,2291
22,25,1,2026,2291
22,25,1,2027,2291
22,25,1,2028,2291
22,25,1,2029,2291
22,25,1,2030,2291
22,25,1,2031,2291
22,25,1,2032,2291
22,25,1,2033,2291
22,25,1,2034,2291
22,25,1,2035,2291
22,25,1,2036,2291
22,25,1,2037,2291
22,25,1,2038,2291
22,25,1,2039,2291
22,25,1,2040,2291
22,25,1,2041,2291
22,25,1,2042,2291
22,25,1,2043,2291
22,25,1,2044,2291
22,25,1,2045,2291
22,25,1,2046,2291
22,25,1,2047,2291
22,25,1,2048,2291
22,25,1,2049,2291
22,25,1,2050,2291
22,25,2,2023,2291
22,25,2,2024,2291
22,25,2,2025,2291
22,25,2,2026,2291
22,25,2,2027,2291
22,25,2,2028,2291
22,25,2,2029,2291
22,25,2,2030,2291
22,25,2,2031,2291
22,25,2,2032,2291
22,25,2,2033,2291
22,25,2,2034,2291
22,25,2,2035,2291
22,25,2,2036,2291
22,25,2,2037,2291
22,25,2,2038,2291
22,25,2,2039,2291
22,25,2,2040,2291
22,25,2,2041,2291
22,25,2,2042,2291
22,25,2,2043,2291
22,25,2,2044,2291
22,25,2,2045,2291
22,25,2,2046,2291
22,25,2,2047,2291
22,25,2,2048,2291
22,25,2,2049,2291
22,25,2,2050,2291
22,25,3,2023,2291
22,25,3,2024,2291
22,25,3,2025,2291
22,25,3,2026,2291
22,25,3,2027,2291
22,25,3,2028,2291
22,25,3,2029,2291
22,25,3,2030,2291
22,25,3,2031,2291
22,25,3,2032,2291
22,25,3,2033,2291
22,25,3,2034,2291
22,25,3,2035,2291
22,25,3,2036,2291
22,25,3,2037,2291
22,25,3,2038,2291
22,25,3,2039,2291
22,25,3,2040,2291
22,25,3,2041,2291
22,25,3,2042,2291
22,25,3,2043,2291
22,25,3,2044,2291
22,25,3,2045,2291
22,25,3,2046,2291
22,25,3,2047,2291
22,25,3,2048,2291
22,25,3,2049,2291
22,25,3,2050,2291
23,19,1,2023,200
23,19,1,2024,200
23,19,1,2025,200
23,19,1,2026,200
23,19,1,2027,200
23,19,1,2028,200
23,19,1,2029,200
23,19,1,2030,200
23,19,1,2031,200
23,19,1,2032,200
23,19,1,2033,200
23,19,1,2034,200
23,19,1,2035,200
23,19,1,2036,200
23,19,1,2037,200
23,19,1,2038,200
23,19,1,2039,200
23,19,1,2040,200
23,19,1,2041,200
23,19,1,2042,200
23,19,1,2043,200
23,19,1,2044,200
23,19,1,2045,200
23,19,1,2046,200
23,19,1,2047,200
23,19,1,2048,200
23,19,1,2049,200
23,19,1,2050,200
23,19,2,2023,200
23,19,2,2024,200
23,19,2,2025,200
23,19,2,2026,200
23,19,2,2027,200
23,19,2,2028,200
23,19,2,2029,200
23,19,2,2030,200
23,19,2,2031,200
23,19,2,2032,200
23,19,2,2033,200
23,19,2,2034,200
23,19,2,2035,200
23,19,2,2036,200
23,19,2,2037,200
23,19,2,2038,200
23,19,2,2039,200
23,19,2,2040,200
23,19,2,2041,200
23,19,2,2042,200
23,19,2,2043,200
23,19,2,2044,200
23,19,2,2045,200
23,19,2,2046,200
23,19,2,2047,200
23,19,2,2048,200
23,19,2,2049,200
23,19,2,2050,200
23,19,3,2023,200
23,19,3,2024,200
23,19,3,2025,200
23,19,3,2026,200
23,19,3,2027,200
23,19,3,2028,200
23,19,3,2029,200
23,19,3,2030,200
23,19,3,2031,200
23,19,3,2032,200
23,19,3,2033,200
23,19,3,2034,200
23,19,3,2035,200
23,19,3,2036,200
23,19,3,2037,200
23,19,3,2038,200
23,19,3,2039,200
23,19,3,2040,200
23,19,3,2041,200
23,19,3,2042,200
23,19,3,2043,200
23,19,3,2044,200
23,19,3,2045,200
23,19,3,2046,200
23,19,3,2047,200
23,19,3,2048,200
23,19,3,2049,200
23,19,3,2050,200
23,21,1,2023,4441
23,21,1,2024,4441
23,21,1,2025,4441
23,21,1,2026,4441
23,21,1,2027,4441
23,21,1,2028,4441
23,21,1,2029,4441
23,21,1,2030,4441
23,21,1,2031,4441
23,21,1,2032,4441
23,21,1,2033,4441
23,21,1,2034,4441
23,21,1,2035,4441
23,21,1,2036,4441
23,21,1,2037,4441
23,21,1,2038,4441
23,21,1,2039,4441
23,21,1,2040,4441
23,21,1,2041,4441
23,21,1,2042,4441
23,21,1,2043,4441
23,21,1,2044,4441
23,21,1,2045,4441
23,21,1,2046,4441
23,21,1,2047,4441
23,21,1,2048,4441
23,21,1,2049,4441
23,21,1,2050,4441
23,21,2,2023,4441
23,21,2,2024,4441
23,21,2,2025,4441
23,21,2,2026,4441
23,21,2,2027,4441
23,21,2,2028,4441
23,21,2,2029,4441
23,21,2,2030,4441
23,21,2,2031,4441
23,21,2,2032,4441
23,21,2,2033,4441
23,21,2,2034,4441
23,21,2,2035,4441
23,21,2,2036,4441
23,21,2,2037,4441
23,21,2,2038,4441
23,21,2,2039,4441
23,21,2,2040,4441
23,21,2,2041,4441
23,21,2,2042,4441
23,21,2,2043,4441
23,21,2,2044,4441
23,21,2,2045,4441
23,21,2,2046,4441
23,21,2,2047,4441
23,21,2,2048,4441
23,21,2,2049,4441
23,21,2,2050,4441
23,21,3,2023,4441
23,21,3,2024,4441
23,21,3,2025,4441
23,21,3,2026,4441
23,21,3,2027,4441
23,21,3,2028,4441
23,21,3,2029,4441
23,21,3,2030,4441
23,21,3,2031,4441
23,21,3,2032,4441
23,21,3,2033,4441
23,21,3,2034,4441
23,21,3,2035,4441
23,21,3,2036,4441
23,21,3,2037,4441
23,21,3,2038,4441
23,21,3,2039,4441
23,21,3,2040,4441
23,21,3,2041,4441
23,21,3,2042,4441
23,21,3,2043,4441
23,21,3,2044,4441
23,21,3,2045,4441
23,21,3,2046,4441
23,21,3,2047,4441
23,21,3,2048,4441
23,21,3,2049,4441
23,21,3,2050,4441
23,22,1,2023,2780
23,22,1,2024,2780
23,22,1,2025,2780
23,22,1,2026,2780
23,22,1,2027,2780
23,22,1,2028,2780
23,22,1,2029,2780
23,22,1,2030,2780
23,22,1,2031,2780
23,22,1,2032,2780
23,22,1,2033,2780
23,22,1,2034,2780
23,22,1,2035,2780
23,22,1,2036,2780
23,22,1,2037,2780
23,22,1,2038,2780
23,22,1,2039,2780
23,22,1,2040,2780
23,22,1,2041,2780
23,22,1,2042,2780
23,22,1,2043,2780
23,22,1,2044,2780
23,22,1,2045,2780
23,22,1,2046,2780
23,22,1,2047,2780
23,22,1,2048,2780
23,22,1,2049,2780
23,22,1,2050,2780
23,22,2,2023,2780
23,22,2,2024,2780
23,22,2,2025,2780
23,22,2,2026,2780
23,22,2,2027,2780
23,22,2,2028,2780
23,22,2,2029,2780
23,22,2,2030,2780
23,22,2,2031,2780
23,22,2,2032,2780
23,22,2,2033,2780
23,22,2,2034,2780
23,22,2,2035,2780
23,22,2,2036,2780
23,22,2,2037,2780
23,22,2,2038,2780
23,22,2,2039,2780
23,22,2,2040,2780
23,22,2,2041,2780
23,22,2,2042,2780
23,22,2,2043,2780
23,22,2,2044,2780
23,22,2,2045,2780
23,22,2,2046,2780
23,22,2,2047,2780
23,22,2,2048,2780
23,22,2,2049,2780
23,22,2,2050,2780
23,22,3,2023,2780
23,22,3,2024,2780
23,22,3,2025,2780
23,22,3,2026,2780
23,22,3,2027,2780
23,22,3,2028,2780
23,22,3,2029,2780
23,22,3,2030,2780
23,22,3,2031,2780
23,22,3,2032,2780
23,22,3,2033,2780
23,22,3,2034,2780
23,22,3,2035,2780
23,22,3,2036,2780
23,22,3,2037,2780
23,22,3,2038,2780
23,22,3,2039,2780
23,22,3,2040,2780
23,22,3,2041,2780
23,22,3,2042,2780
23,22,3,2043,2780
23,22,3,2044,2780
23,22,3,2045,2780
23,22,3,2046,2780
23,22,3,2047,2780
23,22,3,2048,2780
23,22,3,2049,2780
23,22,3,2050,2780
23,24,1,2023,95
23,24,1,2024,95
23,24,1,2025,95
23,24,1,2026,95
23,24,1,2027,95
23,24,1,2028,95
23,24,1,2029,95
23,24,1,2030,95
23,24,1,2031,95
23,24,1,2032,95
23,24,1,2033,95
23,24,1,2034,95
23,24,1,2035,95
23,24,1,2036,95
23,24,1,2037,95
23,24,1,2038,95
23,24,1,2039,95
23,24,1,2040,95
23,24,1,2041,95
23,24,1,2042,95
23,24,1,2043,95
23,24,1,2044,95
23,24,1,2045,95
23,24,1,2046,95
23,24,1,2047,95
23,24,1,2048,95
23,24,1,2049,95
23,24,1,2050,95
23,24,2,2023,95
23,24,2,2024,95
23,24,2,2025,95
23,24,2,2026,95
23,24,2,2027,95
23,24,2,2028,95
23,24,2,2029,95
23,24,2,2030,95
23,24,2,2031,95
23,24,2,2032,95
23,24,2,2033,95
23,24,2,2034,95
23,24,2,2035,95
23,24,2,2036,95
23,24,2,2037,95
23,24,2,2038,95
23,24,2,2039,95
23,24,2,2040,95
23,24,2,2041,95
23,24,2,2042,95
23,24,2,2043,95
23,24,2,2044,95
23,24,2,2045,95
23,24,2,2046,95
23,24,2,2047,95
23,24,2,2048,95
23,24,2,2049,95
23,24,2,2050,95
23,24,3,2023,95
23,24,3,2024,95
23,24,3,2025,95
23,24,3,2026,95
23,24,3,2027,95
23,24,3,2028,95
23,24,3,2029,95
23,24,3,2030,95
23,24,3,2031,95
23,24,3,2032,95
23,24,3,2033,95
23,24,3,2034,95
23,24,3,2035,95
23,24,3,2036,95
23,24,3,2037,95
23,24,3,2038,95
23,24,3,2039,95
23,24,3,2040,95
23,24,3,2041,95
23,24,3,2042,95
23,24,3,2043,95
23,24,3,2044,95
23,24,3,2045,95
23,24,3,2046,95
23,24,3,2047,95
23,24,3,2048,95
23,24,3,2049,95
23,24,3,2050,95
23,25,1,2023,3670
23,25,1,2024,3670
23,25,1,2025,3670
23,25,1,2026,3670
23,25,1,2027,3670
23,25,1,2028,3670
23,25,1,2029,3670
23,25,1,2030,3670
23,25,1,2031,3670
23,25,1,2032,3670
23,25,1,2033,3670
23,25,1,2034,3670
23,25,1,2035,3670
23,25,1,2036,3670
23,25,1,2037,3670
23,25,1,2038,3670
23,25,1,2039,3670
23,25,1,2040,3670
23,25,1,2041,3670
23,25,1,2042,3670
23,25,1,2043,3670
23,25,1,2044,3670
23,25,1,2045,3670
23,25,1,2046,3670
23,25,1,2047,3670
23,25,1,2048,3670
23,25,1,2049,3670
23,25,1,2050,3670
23,25,2,2023,3670
23,25,2,2024,3670
23,25,2,2025,3670
23,25,2,2026,3670
23,25,2,2027,3670
23,25,2,2028,3670
23,25,2,2029,3670
23,25,2,2030,3670
23,25,2,2031,3670
23,25,2,2032,3670
23,25,2,2033,3670
23,25,2,2034,3670
23,25,2,2035,3670
23,25,2,2036,3670
23,25,2,2037,3670
23,25,2,2038,3670
23,25,2,2039,3670
23,25,2,2040,3670
23,25,2,2041,3670
23,25,2,2042,3670
23,25,2,2043,3670
23,25,2,2044,3670
23,25,2,2045,3670
23,25,2,2046,3670
23,25,2,2047,3670
23,25,2,2048,3670
23,25,2,2049,3670
23,25,2,2050,3670
23,25,3,2023,3670
23,25,3,2024,3670
23,25,3,2025,3670
23,25,3,2026,3670
23,25,3,2027,3670
23,25,3,2028,3670
23,25,3,2029,3670
23,25,3,2030,3670
23,25,3,2031,3670
23,25,3,2032,3670
23,25,3,2033,3670
23,25,3,2034,3670
23,25,3,2035,3670
23,25,3,2036,3670
23,25,3,2037,3670
23,25,3,2038,3670
23,25,3,2039,3670
23,25,3,2040,3670
23,25,3,2041,3670
23,25,3,2042,3670
23,25,3,2043,3670
23,25,3,2044,3670
23,25,3,2045,3670
23,25,3,2046,3670
23,25,3,2047,3670
23,25,3,2048,3670
23,25,3,2049,3670
23,25,3,2050,3670
24,18,1,2023,210
24,18,1,2024,210
24,18,1,2025,210
24,18,1,2026,210
24,18,1,2027,210
24,18,1,2028,210
24,18,1,2029,210
24,18,1,2030,210
24,18,1,2031,210
24,18,1,2032,210
24,18,1,2033,210
24,18,1,2034,210
24,18,1,2035,210
24,18,1,2036,210
24,18,1,2037,210
24,18,1,2038,210
24,18,1,2039,210
24,18,1,2040,210
24,18,1,2041,210
24,18,1,2042,210
24,18,1,2043,210
24,18,1,2044,210
24,18,1,2045,210
24,18,1,2046,210
24,18,1,2047,210
24,18,1,2048,210
24,18,1,2049,210
24,18,1,2050,210
24,18,2,2023,210
24,18,2,2024,210
24,18,2,2025,210
24,18,2,2026,210
24,18,2,2027,210
24,18,2,2028,210
24,18,2,2029,210
24,18,2,2030,210
24,18,2,2031,210
24,18,2,2032,210
24,18,2,2033,210
24,18,2,2034,210
24,18,2,2035,210
24,18,2,2036,210
24,18,2,2037,210
24,18,2,2038,210
24,18,2,2039,210
24,18,2,2040,210
24,18,2,2041,210
24,18,2,2042,210
24,18,2,2043,210
24,18,2,2044,210
24,18,2,2045,210
24,18,2,2046,210
24,18,2,2047,210
24,18,2,2048,210
24,18,2,2049,210
24,18,2,2050,210
24,18,3,2023,210
24,18,3,2024,210
24,18,3,2025,210
24,18,3,2026,210
24,18,3,2027,210
24,18,3,2028,210
24,18,3,2029,210
24,18,3,2030,210
24,18,3,2031,210
24,18,3,2032,210
24,18,3,2033,210
24,18,3,2034,210
24,18,3,2035,210
24,18,3,2036,210
24,18,3,2037,210
24,18,3,2038,210
24,18,3,2039,210
24,18,3,2040,210
24,18,3,2041,210
24,18,3,2042,210
24,18,3,2043,210
24,18,3,2044,210
24,18,3,2045,210
24,18,3,2046,210
24,18,3,2047,210
24,18,3,2048,210
24,18,3,2049,210
24,18,3,2050,210
24,19,1,2023,825
24,19,1,2024,825
24,19,1,2025,825
24,19,1,2026,825
24,19,1,2027,825
24,19,1,2028,825
24,19,1,2029,825
24,19,1,2030,825
24,19,1,2031,825
24,19,1,2032,825
24,19,1,2033,825
24,19,1,2034,825
24,19,1,2035,825
24,19,1,2036,825
24,19,1,2037,825
24,19,1,2038,825
24,19,1,2039,825
24,19,1,2040,825
24,19,1,2041,825
24,19,1,2042,825
24,19,1,2043,825
24,19,1,2044,825
24,19,1,2045,825
24,19,1,2046,825
24,19,1,2047,825
24,19,1,2048,825
24,19,1,2049,825
24,19,1,2050,825
24,19,2,2023,825
24,19,2,2024,825
24,19,2,2025,825
24,19,2,2026,825
24,19,2,2027,825
24,19,2,2028,825
24,19,2,2029,825
24,19,2,2030,825
24,19,2,2031,825
24,19,2,2032,825
24,19,2,2033,825
24,19,2,2034,825
24,19,2,2035,825
24,19,2,2036,825
24,19,2,2037,825
24,19,2,2038,825
24,19,2,2039,825
24,19,2,2040,825
24,19,2,2041,825
24,19,2,2042,825
24,19,2,2043,825
24,19,2,2044,825
24,19,2,2045,825
24,19,2,2046,825
24,19,2,2047,825
24,19,2,2048,825
24,19,2,2049,825
24,19,2,2050,825
24,19,3,2023,825
24,19,3,2024,825
24,19,3,2025,825
24,19,3,2026,825
24,19,3,2027,825
24,19,3,2028,825
24,19,3,2029,825
24,19,3,2030,825
24,19,3,2031,825
24,19,3,2032,825
24,19,3,2033,825
24,19,3,2034,825
24,19,3,2035,825
24,19,3,2036,825
24,19,3,2037,825
24,19,3,2038,825
24,19,3,2039,825
24,19,3,2040,825
24,19,3,2041,825
24,19,3,2042,825
24,19,3,2043,825
24,19,3,2044,825
24,19,3,2045,825
24,19,3,2046,825
24,19,3,2047,825
24,19,3,2048,825
24,19,3,2049,825
24,19,3,2050,825
24,20,1,2023,690
24,20,1,2024,690
24,20,1,2025,690
24,20,1,2026,690
24,20,1,2027,690
24,20,1,2028,690
24,20,1,2029,690
24,20,1,2030,690
24,20,1,2031,690
24,20,1,2032,690
24,20,1,2033,690
24,20,1,2034,690
24,20,1,2035,690
24,20,1,2036,690
24,20,1,2037,690
24,20,1,2038,690
24,20,1,2039,690
24,20,1,2040,690
24,20,1,2041,690
24,20,1,2042,690
24,20,1,2043,690
24,20,1,2044,690
24,20,1,2045,690
24,20,1,2046,690
24,20,1,2047,690
24,20,1,2048,690
24,20,1,2049,690
24,20,1,2050,690
24,20,2,2023,690
24,20,2,2024,690
24,20,2,2025,690
24,20,2,2026,690
24,20,2,2027,690
24,20,2,2028,690
24,20,2,2029,690
24,20,2,2030,690
24,20,2,2031,690
24,20,2,2032,690
24,20,2,2033,690
24,20,2,2034,690
24,20,2,2035,690
24,20,2,2036,690
24,20,2,2037,690
24,20,2,2038,690
24,20,2,2039,690
24,20,2,2040,690
24,20,2,2041,690
24,20,2,2042,690
24,20,2,2043,690
24,20,2,2044,690
24,20,2,2045,690
24,20,2,2046,690
24,20,2,2047,690
24,20,2,2048,690
24,20,2,2049,690
24,20,2,2050,690
24,20,3,2023,690
24,20,3,2024,690
24,20,3,2025,690
24,20,3,2026,690
24,20,3,2027,690
24,20,3,2028,690
24,20,3,2029,690
24,20,3,2030,690
24,20,3,2031,690
24,20,3,2032,690
24,20,3,2033,690
24,20,3,2034,690
24,20,3,2035,690
24,20,3,2036,690
24,20,3,2037,690
24,20,3,2038,690
24,20,3,2039,690
24,20,3,2040,690
24,20,3,2041,690
24,20,3,2042,690
24,20,3,2043,690
24,20,3,2044,690
24,20,3,2045,690
24,20,3,2046,690
24,20,3,2047,690
24,20,3,2048,690
24,20,3,2049,690
24,20,3,2050,690
24,23,1,2023,95
24,23,1,2024,95
24,23,1,2025,95
24,23,1,2026,95
24,23,1,2027,95
24,23,1,2028,95
24,23,1,2029,95
24,23,1,2030,95
24,23,1,2031,95
24,23,1,2032,95
24,23,1,2033,95
24,23,1,2034,95
24,23,1,2035,95
24,23,1,2036,95
24,23,1,2037,95
24,23,1,2038,95
24,23,1,2039,95
24,23,1,2040,95
24,23,1,2041,95
24,23,1,2042,95
24,23,1,2043,95
24,23,1,2044,95
24,23,1,2045,95
24,23,1,2046,95
24,23,1,2047,95
24,23,1,2048,95
24,23,1,2049,95
24,23,1,2050,95
24,23,2,2023,95
24,23,2,2024,95
24,23,2,2025,95
24,23,2,2026,95
24,23,2,2027,95
24,23,2,2028,95
24,23,2,2029,95
24,23,2,2030,95
24,23,2,2031,95
24,23,2,2032,95
24,23,2,2033,95
24,23,2,2034,95
24,23,2,2035,95
24,23,2,2036,95
24,23,2,2037,95
24,23,2,2038,95
24,23,2,2039,95
24,23,2,2040,95
24,23,2,2041,95
24,23,2,2042,95
24,23,2,2043,95
24,23,2,2044,95
24,23,2,2045,95
24,23,2,2046,95
24,23,2,2047,95
24,23,2,2048,95
24,23,2,2049,95
24,23,2,2050,95
24,23,3,2023,95
24,23,3,2024,95
24,23,3,2025,95
24,23,3,2026,95
24,23,3,2027,95
24,23,3,2028,95
24,23,3,2029,95
24,23,3,2030,95
24,23,3,2031,95
24,23,3,2032,95
24,23,3,2033,95
24,23,3,2034,95
24,23,3,2035,95
24,23,3,2036,95
24,23,3,2037,95
24,23,3,2038,95
24,23,3,2039,95
24,23,3,2040,95
24,23,3,2041,95
24,23,3,2042,95
24,23,3,2043,95
24,23,3,2044,95
24,23,3,2045,95
24,23,3,2046,95
24,23,3,2047,95
24,23,3,2048,95
24,23,3,2049,95
24,23,3,2050,95
24,25,1,2023,538
24,25,1,2024,538
24,25,1,2025,538
24,25,1,2026,538
24,25,1,2027,538
24,25,1,2028,538
24,25,1,2029,538
24,25,1,2030,538
24,25,1,2031,538
24,25,1,2032,538
24,25,1,2033,538
24,25,1,2034,538
24,25,1,2035,538
24,25,1,2036,538
24,25,1,2037,538
24,25,1,2038,538
24,25,1,2039,538
24,25,1,2040,538
24,25,1,2041,538
24,25,1,2042,538
24,25,1,2043,538
24,25,1,2044,538
24,25,1,2045,538
24,25,1,2046,538
24,25,1,2047,538
24,25,1,2048,538
24,25,1,2049,538
24,25,1,2050,538
24,25,2,2023,538
24,25,2,2024,538
24,25,2,2025,538
24,25,2,2026,538
24,25,2,2027,538
24,25,2,2028,538
24,25,2,2029,538
24,25,2,2030,538
24,25,2,2031,538
24,25,2,2032,538
24,25,2,2033,538
24,25,2,2034,538
24,25,2,2035,538
24,25,2,2036,538
24,25,2,2037,538
24,25,2,2038,538
24,25,2,2039,538
24,25,2,2040,538
24,25,2,2041,538
24,25,2,2042,538
24,25,2,2043,538
24,25,2,2044,538
24,25,2,2045,538
24,25,2,2046,538
24,25,2,2047,538
24,25,2,2048,538
24,25,2,2049,538
24,25,2,2050,538
24,25,3,2023,538
24,25,3,2024,538
24,25,3,2025,538
24,25,3,2026,538
24,25,3,2027,538
24,25,3,2028,538
24,25,3,2029,538
24,25,3,2030,538
24,25,3,2031,538
24,25,3,2032,538
24,25,3,2033,538
24,25,3,2034,538
24,25,3,2035,538
24,25,3,2036,538
24,25,3,2037,538
24,25,3,2038,538
24,25,3,2039,538
24,25,3,2040,538
24,25,3,2041,538
24,25,3,2042,538
24,25,3,2043,538
24,25,3,2044,538
24,25,3,2045,538
24,25,3,2046,538
24,25,3,2047,538
24,25,3,2048,538
24,25,3,2049,538
24,25,3,2050,538
25,20,1,2023,4209
25,20,1,2024,4209
25,20,1,2025,4209
25,20,1,2026,4209
25,20,1,2027,4209
25,20,1,2028,4209
25,20,1,2029,4209
25,20,1,2030,4209
25,20,1,2031,4209
25,20,1,2032,4209
25,20,1,2033,4209
25,20,1,2034,4209
25,20,1,2035,4209
25,20,1,2036,4209
25,20,1,2037,4209
25,20,1,2038,4209
25,20,1,2039,4209
25,20,1,2040,4209
25,20,1,2041,4209
25,20,1,2042,4209
25,20,1,2043,4209
25,20,1,2044,4209
25,20,1,2045,4209
25,20,1,2046,4209
25,20,1,2047,4209
25,20,1,2048,4209
25,20,1,2049,4209
25,20,1,2050,4209
25,20,2,2023,4209
25,20,2,2024,4209
25,20,2,2025,4209
25,20,2,2026,4209
25,20,2,2027,4209
25,20,2,2028,4209
25,20,2,2029,4209
25,20,2,2030,4209
25,20,2,2031,4209
25,20,2,2032,4209
25,20,2,2033,4209
25,20,2,2034,4209
25,20,2,2035,4209
25,20,2,2036,4209
25,20,2,2037,4209
25,20,2,2038,4209
25,20,2,2039,4209
25,20,2,2040,4209
25,20,2,2041,4209
25,20,2,2042,4209
25,20,2,2043,4209
25,20,2,2044,4209
25,20,2,2045,4209
25,20,2,2046,4209
25,20,2,2047,4209
25,20,2,2048,4209
25,20,2,2049,4209
25,20,2,2050,4209
25,20,3,2023,4209
25,20,3,2024,4209
25,20,3,2025,4209
25,20,3,2026,4209
25,20,3,2027,4209
25,20,3,2028,4209
25,20,3,2029,4209
25,20,3,2030,4209
25,20,3,2031,4209
25,20,3,2032,4209
25,20,3,2033,4209
25,20,3,2034,4209
25,20,3,2035,4209
25,20,3,2036,4209
25,20,3,2037,4209
25,20,3,2038,4209
25,20,3,2039,4209
25,20,3,2040,4209
25,20,3,2041,4209
25,20,3,2042,4209
25,20,3,2043,4209
25,20,3,2044,4209
25,20,3,2045,4209
25,20,3,2046,4209
25,20,3,2047,4209
25,20,3,2048,4209
25,20,3,2049,4209
25,20,3,2050,4209
25,21,1,2023,106
25,21,1,2024,106
25,21,1,2025,106
25,21,1,2026,106
25,21,1,2027,106
25,21,1,2028,106
25,21,1,2029,106
25,21,1,2030,106
25,21,1,2031,106
25,21,1,2032,106
25,21,1,2033,106
25,21,1,2034,106
25,21,1,2035,106
25,21,1,2036,106
25,21,1,2037,106
25,21,1,2038,106
25,21,1,2039,106
25,21,1,2040,106
25,21,1,2041,106
25,21,1,2042,106
25,21,1,2043,106
25,21,1,2044,106
25,21,1,2045,106
25,21,1,2046,106
25,21,1,2047,106
25,21,1,2048,106
25,21,1,2049,106
25,21,1,2050,106
25,21,2,2023,106
25,21,2,2024,106
25,21,2,2025,106
25,21,2,2026,106
25,21,2,2027,106
25,21,2,2028,106
25,21,2,2029,106
25,21,2,2030,106
25,21,2,2031,106
25,21,2,2032,106
25,21,2,2033,106
25,21,2,2034,106
25,21,2,2035,106
25,21,2,2036,106
25,21,2,2037,106
25,21,2,2038,106
25,21,2,2039,106
25,21,2,2040,106
25,21,2,2041,106
25,21,2,2042,106
25,21,2,2043,106
25,21,2,2044,106
25,21,2,2045,106
25,21,2,2046,106
25,21,2,2047,106
25,21,2,2048,106
25,21,2,2049,106
25,21,2,2050,106
25,21,3,2023,106
25,21,3,2024,106
25,21,3,2025,106
25,21,3,2026,106
25,21,3,2027,106
25,21,3,2028,106
25,21,3,2029,106
25,21,3,2030,106
25,21,3,2031,106
25,21,3,2032,106
25,21,3,2033,106
25,21,3,2034,106
25,21,3,2035,106
25,21,3,2036,106
25,21,3,2037,106
25,21,3,2038,106
25,21,3,2039,106
25,21,3,2040,106
25,21,3,2041,106
25,21,3,2042,106
25,21,3,2043,106
25,21,3,2044,106
25,21,3,2045,106
25,21,3,2046,106
25,21,3,2047,106
25,21,3,2048,106
25,21,3,2049,106
25,21,3,2050,106
25,22,1,2023,2291
25,22,1,2024,2291
25,22,1,2025,2291
25,22,1,2026,2291
25,22,1,2027,2291
25,22,1,2028,2291
25,22,1,2029,2291
25,22,1,2030,2291
25,22,1,2031,2291
25,22,1,2032,2291
25,22,1,2033,2291
25,22,1,2034,2291
25,22,1,2035,2291
25,22,1,2036,2291
25,22,1,2037,2291
25,22,1,2038,2291
25,22,1,2039,2291
25,22,1,2040,2291
25,22,1,2041,2291
25,22,1,2042,2291
25,22,1,2043,2291
25,22,1,2044,2291
25,22,1,2045,2291
25,22,1,2046,2291
25,22,1,2047,2291
25,22,1,2048,2291
25,22,1,2049,2291
25,22,1,2050,2291
25,22,2,2023,2291
25,22,2,2024,2291
25,22,2,2025,2291
25,22,2,2026,2291
25,22,2,2027,2291
25,22,2,2028,2291
25,22,2,2029,2291
25,22,2,2030,2291
25,22,2,2031,2291
25,22,2,2032,2291
25,22,2,2033,2291
25,22,2,2034,2291
25,22,2,2035,2291
25,22,2,2036,2291
25,22,2,2037,2291
25,22,2,2038,2291
25,22,2,2039,2291
25,22,2,2040,2291
25,22,2,2041,2291
25,22,2,2042,2291
25,22,2,2043,2291
25,22,2,2044,2291
25,22,2,2045,2291
25,22,2,2046,2291
25,22,2,2047,2291
25,22,2,2048,2291
25,22,2,2049,2291
25,22,2,2050,2291
25,22,3,2023,2291
25,22,3,2024,2291
25,22,3,2025,2291
25,22,3,2026,2291
25,22,3,2027,2291
25,22,3,2028,2291
25,22,3,2029,2291
25,22,3,2030,2291
25,22,3,2031,2291
25,22,3,2032,2291
25,22,3,2033,2291
25,22,3,2034,2291
25,22,3,2035,2291
25,22,3,2036,2291
25,22,3,2037,2291
25,22,3,2038,2291
25,22,3,2039,2291
25,22,3,2040,2291
25,22,3,2041,2291
25,22,3,2042,2291
25,22,3,2043,2291
25,22,3,2044,2291
25,22,3,2045,2291
25,22,3,2046,2291
25,22,3,2047,2291
25,22,3,2048,2291
25,22,3,2049,2291
25,22,3,2050,2291
25,23,1,2023,3628
25,23,1,2024,3628
25,23,1,2025,3628
25,23,1,2026,3628
25,23,1,2027,3628
25,23,1,2028,3628
25,23,1,2029,3628
25,23,1,2030,3628
25,23,1,2031,3628
25,23,1,2032,3628
25,23,1,2033,3628
25,23,1,2034,3628
25,23,1,2035,3628
25,23,1,2036,3628
25,23,1,2037,3628
25,23,1,2038,3628
25,23,1,2039,3628
25,23,1,2040,3628
25,23,1,2041,3628
25,23,1,2042,3628
25,23,1,2043,3628
25,23,1,2044,3628
25,23,1,2045,3628
25,23,1,2046,3628
25,23,1,2047,3628
25,23,1,2048,3628
25,23,1,2049,3628
25,23,1,2050,3628
25,23,2,2023,3628
25,23,2,2024,3628
25,23,2,2025,3628
25,23,2,2026,3628
25,23,2,2027,3628
25,23,2,2028,3628
25,23,2,2029,3628
25,23,2,2030,3628
25,23,2,2031,3628
25,23,2,2032,3628
25,23,2,2033,3628
25,23,2,2034,3628
25,23,2,2035,3628
25,23,2,2036,3628
25,23,2,2037,3628
25,23,2,2038,3628
25,23,2,2039,3628
25,23,2,2040,3628
25,23,2,2041,3628
25,23,2,2042,3628
25,23,2,2043,3628
25,23,2,2044,3628
25,23,2,2045,3628
25,23,2,2046,3628
25,23,2,2047,3628
25,23,2,2048,3628
25,23,2,2049,3628
25,23,2,2050,3628
25,23,3,2023,3628
25,23,3,2024,3628
25,23,3,2025,3628
25,23,3,2026,3628
25,23,3,2027,3628
25,23,3,2028,3628
25,23,3,2029,3628
25,23,3,2030,3628
25,23,3,2031,3628
25,23,3,2032,3628
25,23,3,2033,3628
25,23,3,2034,3628
25,23,3,2035,3628
25,23,3,2036,3628
25,23,3,2037,3628
25,23,3,2038,3628
25,23,3,2039,3628
25,23,3,2040,3628
25,23,3,2041,3628
25,23,3,2042,3628
25,23,3,2043,3628
25,23,3,2044,3628
25,23,3,2045,3628
25,23,3,2046,3628
25,23,3,2047,3628
25,23,3,2048,3628
25,23,3,2049,3628
25,23,3,2050,3628
25,24,1,2023,164
25,24,1,2024,164
25,24,1,2025,164
25,24,1,2026,164
25,24,1,2027,164
25,24,1,2028,164
25,24,1,2029,164
25,24,1,2030,164
25,24,1,2031,164
25,24,1,2032,164
25,24,1,2033,164
25,24,1,2034,164
25,24,1,2035,164
25,24,1,2036,164
25,24,1,2037,164
25,24,1,2038,164
25,24,1,2039,164
25,24,1,2040,164
25,24,1,2041,164
25,24,1,2042,164
25,24,1,2043,164
25,24,1,2044,164
25,24,1,2045,164
25,24,1,2046,164
25,24,1,2047,164
25,24,1,2048,164
25,24,1,2049,164
25,24,1,2050,164
25,24,2,2023,164
25,24,2,2024,164
25,24,2,2025,164
25,24,2,2026,164
25,24,2,2027,164
25,24,2,2028,164
25,24,2,2029,164
25,24,2,2030,164
25,24,2,2031,164
25,24,2,2032,164
25,24,2,2033,164
25,24,2,2034,164
25,24,2,2035,164
25,24,2,2036,164
25,24,2,2037,164
25,24,2,2038,164
25,24,2,2039,164
25,24,2,2040,164
25,24,2,2041,164
25,24,2,2042,164
25,24,2,2043,164
25,24,2,2044,164
25,24,2,2045,164
25,24,2,2046,164
25,24,2,2047,164
25,24,2,2048,164
25,24,2,2049,164
25,24,2,2050,164
25,24,3,2023,164
25,24,3,2024,164
25,24,3,2025,164
25,24,3,2026,164
25,24,3,2027,164
25,24,3,2028,164
25,24,3,2029,164
25,24,3,2030,164
25,24,3,2031,164
25,24,3,2032,164
25,24,3,2033,164
25,24,3,2034,164
25,24,3,2035,164
25,24,3,2036,164
25,24,3,2037,164
25,24,3,2038,164
25,24,3,2039,164
25,24,3,2040,164
25,24,3,2041,164
25,24,3,2042,164
25,24,3,2043,164
25,24,3,2044,164
25,24,3,2045,164
25,24,3,2046,164
25,24,3,2047,164
25,24,3,2048,164
25,24,3,2049,164
25,24,3,2050,164
1,17,4,2023,820
1,17,4,2024,820
1,17,4,2025,820
1,17,4,2026,820
1,17,4,2027,820
1,17,4,2028,820
1,17,4,2029,820
1,17,4,2030,820
1,17,4,2031,820
1,17,4,2032,820
1,17,4,2033,820
1,17,4,2034,820
1,17,4,2035,820
1,17,4,2036,820
1,17,4,2037,820
1,17,4,2038,820
1,17,4,2039,820
1,17,4,2040,820
1,17,4,2041,820
1,17,4,2042,820
1,17,4,2043,820
1,17,4,2044,820
1,17,4,2045,820
1,17,4,2046,820
1,17,4,2047,820
1,17,4,2048,820
1,17,4,2049,820
1,17,4,2050,820
2,15,4,2023,3600
2,15,4,2024,3600
2,15,4,2025,3600
2,15,4,2026,3600
2,15,4,2027,3600
2,15,4,2028,3600
2,15,4,2029,3600
2,15,4,2030,3600
2,15,4,2031,3600
2,15,4,2032,3600
2,15,4,2033,3600
2,15,4,2034,3600
2,15,4,2035,3600
2,15,4,2036,3600
2,15,4,2037,3600
2,15,4,2038,3600
2,15,4,2039,3600
2,15,4,2040,3600
2,15,4,2041,3600
2,15,4,2042,3600
2,15,4,2043,3600
2,15,4,2044,3600
2,15,4,2045,3600
2,15,4,2046,3600
2,15,4,2047,3600
2,15,4,2048,3600
2,15,4,2049,3600
2,15,4,2050,3600
3,4,4,2023,888
3,4,4,2024,888
3,4,4,2025,888
3,4,4,2026,888
3,4,4,2027,888
3,4,4,2028,888
3,4,4,2029,888
3,4,4,2030,888
3,4,4,2031,888
3,4,4,2032,888
3,4,4,2033,888
3,4,4,2034,888
3,4,4,2035,888
3,4,4,2036,888
3,4,4,2037,888
3,4,4,2038,888
3,4,4,2039,888
3,4,4,2040,888
3,4,4,2041,888
3,4,4,2042,888
3,4,4,2043,888
3,4,4,2044,888
3,4,4,2045,888
3,4,4,2046,888
3,4,4,2047,888
3,4,4,2048,888
3,4,4,2049,888
3,4,4,2050,888
3,12,4,2023,1996
3,12,4,2024,1996
3,12,4,2025,1996
3,12,4,2026,1996
3,12,4,2027,1996
3,12,4,2028,1996
3,12,4,2029,1996
3,12,4,2030,1996
3,12,4,2031,1996
3,12,4,2032,1996
3,12,4,2033,1996
3,12,4,2034,1996
3,12,4,2035,1996
3,12,4,2036,1996
3,12,4,2037,1996
3,12,4,2038,1996
3,12,4,2039,1996
3,12,4,2040,1996
3,12,4,2041,1996
3,12,4,2042,1996
3,12,4,2043,1996
3,12,4,2044,1996
3,12,4,2045,1996
3,12,4,2046,1996
3,12,4,2047,1996
3,12,4,2048,1996
3,12,4,2049,1996
3,12,4,2050,1996
3,18,4,2023,429
3,18,4,2024,429
3,18,4,2025,429
3,18,4,2026,429
3,18,4,2027,429
3,18,4,2028,429
3,18,4,2029,429
3,18,4,2030,429
3,18,4,2031,429
3,18,4,2032,429
3,18,4,2033,429
3,18,4,2034,429
3,18,4,2035,429
3,18,4,2036,429
3,18,4,2037,429
3,18,4,2038,429
3,18,4,2039,429
3,18,4,2040,429
3,18,4,2041,429
3,18,4,2042,429
3,18,4,2043,429
3,18,4,2044,429
3,18,4,2045,429
3,18,4,2046,429
3,18,4,2047,429
3,18,4,2048,429
3,18,4,2049,429
3,18,4,2050,429
3,19,4,2023,9521
3,19,4,2024,9521
3,19,4,2025,9521
3,19,4,2026,9521
3,19,4,2027,9521
3,19,4,2028,9521
3,19,4,2029,9521
3,19,4,2030,9521
3,19,4,2031,9521
3,19,4,2032,9521
3,19,4,2033,9521
3,19,4,2034,9521
3,19,4,2035,9521
3,19,4,2036,9521
3,19,4,2037,9521
3,19,4,2038,9521
3,19,4,2039,9521
3,19,4,2040,9521
3,19,4,2041,9521
3,19,4,2042,9521
3,19,4,2043,9521
3,19,4,2044,9521
3,19,4,2045,9521
3,19,4,2046,9521
3,19,4,2047,9521
3,19,4,2048,9521
3,19,4,2049,9521
3,19,4,2050,9521
4,3,4,2023,888
4,3,4,2024,888
4,3,4,2025,888
4,3,4,2026,888
4,3,4,2027,888
4,3,4,2028,888
4,3,4,2029,888
4,3,4,2030,888
4,3,4,2031,888
4,3,4,2032,888
4,3,4,2033,888
4,3,4,2034,888
4,3,4,2035,888
4,3,4,2036,888
4,3,4,2037,888
4,3,4,2038,888
4,3,4,2039,888
4,3,4,2040,888
4,3,4,2041,888
4,3,4,2042,888
4,3,4,2043,888
4,3,4,2044,888
4,3,4,2045,888
4,3,4,2046,888
4,3,4,2047,888
4,3,4,2048,888
4,3,4,2049,888
4,3,4,2050,888
4,5,4,2023,378
4,5,4,2024,378
4,5,4,2025,378
4,5,4,2026,378
4,5,4,2027,378
4,5,4,2028,378
4,5,4,2029,378
4,5,4,2030,378
4,5,4,2031,378
4,5,4,2032,378
4,5,4,2033,378
4,5,4,2034,378
4,5,4,2035,378
4,5,4,2036,378
4,5,4,2037,378
4,5,4,2038,378
4,5,4,2039,378
4,5,4,2040,378
4,5,4,2041,378
4,5,4,2042,378
4,5,4,2043,378
4,5,4,2044,378
4,5,4,2045,378
4,5,4,2046,378
4,5,4,2047,378
4,5,4,2048,378
4,5,4,2049,378
4,5,4,2050,378
4,11,4,2023,10262
4,11,4,2024,10262
4,11,4,2025,10262
4,11,4,2026,10262
4,11,4,2027,10262
4,11,4,2028,10262
4,11,4,2029,10262
4,11,4,2030,10262
4,11,4,2031,10262
4,11,4,2032,10262
4,11,4,2033,10262
4,11,4,2034,10262
4,11,4,2035,10262
4,11,4,2036,10262
4,11,4,2037,10262
4,11,4,2038,10262
4,11,4,2039,10262
4,11,4,2040,10262
4,11,4,2041,10262
4,11,4,2042,10262
4,11,4,2043,10262
4,11,4,2044,10262
4,11,4,2045,10262
4,11,4,2046,10262
4,11,4,2047,10262
4,11,4,2048,10262
4,11,4,2049,10262
4,11,4,2050,10262
4,12,4,2023,8746
4,12,4,2024,8746
4,12,4,2025,8746
4,12,4,2026,8746
4,12,4,2027,8746
4,12,4,2028,8746
4,12,4,2029,8746
4,12,4,2030,8746
4,12,4,2031,8746
4,12,4,2032,8746
4,12,4,2033,8746
4,12,4,2034,8746
4,12,4,2035,8746
4,12,4,2036,8746
4,12,4,2037,8746
4,12,4,2038,8746
4,12,4,2039,8746
4,12,4,2040,8746
4,12,4,2041,8746
4,12,4,2042,8746
4,12,4,2043,8746
4,12,4,2044,8746
4,12,4,2045,8746
4,12,4,2046,8746
4,12,4,2047,8746
4,12,4,2048,8746
4,12,4,2049,8746
4,12,4,2050,8746
4,16,4,2023,8367
4,16,4,2024,8367
4,16,4,2025,8367
4,16,4,2026,8367
4,16,4,2027,8367
4,16,4,2028,8367
4,16,4,2029,8367
4,16,4,2030,8367
4,16,4,2031,8367
4,16,4,2032,8367
4,16,4,2033,8367
4,16,4,2034,8367
4,16,4,2035,8367
4,16,4,2036,8367
4,16,4,2037,8367
4,16,4,2038,8367
4,16,4,2039,8367
4,16,4,2040,8367
4,16,4,2041,8367
4,16,4,2042,8367
4,16,4,2043,8367
4,16,4,2044,8367
4,16,4,2045,8367
4,16,4,2046,8367
4,16,4,2047,8367
4,16,4,2048,8367
4,16,4,2049,8367
4,16,4,2050,8367
4,17,4,2023,3000
4,17,4,2024,3000
4,17,4,2025,3000
4,17,4,2026,3000
4,17,4,2027,3000
4,17,4,2028,3000
4,17,4,2029,3000
4,17,4,2030,3000
4,17,4,2031,3000
4,17,4,2032,3000
4,17,4,2033,3000
4,17,4,2034,3000
4,17,4,2035,3000
4,17,4,2036,3000
4,17,4,2037,3000
4,17,4,2038,3000
4,17,4,2039,3000
4,17,4,2040,3000
4,17,4,2041,3000
4,17,4,2042,3000
4,17,4,2043,3000
4,17,4,2044,3000
4,17,4,2045,3000
4,17,4,2046,3000
4,17,4,2047,3000
4,17,4,2048,3000
4,17,4,2049,3000
4,17,4,2050,3000
4,18,4,2023,1138
4,18,4,2024,1138
4,18,4,2025,1138
4,18,4,2026,1138
4,18,4,2027,1138
4,18,4,2028,1138
4,18,4,2029,1138
4,18,4,2030,1138
4,18,4,2031,1138
4,18,4,2032,1138
4,18,4,2033,1138
4,18,4,2034,1138
4,18,4,2035,1138
4,18,4,2036,1138
4,18,4,2037,1138
4,18,4,2038,1138
4,18,4,2039,1138
4,18,4,2040,1138
4,18,4,2041,1138
4,18,4,2042,1138
4,18,4,2043,1138
4,18,4,2044,1138
4,18,4,2045,1138
4,18,4,2046,1138
4,18,4,2047,1138
4,18,4,2048,1138
4,18,4,2049,1138
4,18,4,2050,1138
5,4,4,2023,378
5,4,4,2024,378
5,4,4,2025,378
5,4,4,2026,378
5,4,4,2027,378
5,4,4,2028,378
5,4,4,2029,378
5,4,4,2030,378
5,4,4,2031,378
5,4,4,2032,378
5,4,4,2033,378
5,4,4,2034,378
5,4,4,2035,378
5,4,4,2036,378
5,4,4,2037,378
5,4,4,2038,378
5,4,4,2039,378
5,4,4,2040,378
5,4,4,2041,378
5,4,4,2042,378
5,4,4,2043,378
5,4,4,2044,378
5,4,4,2045,378
5,4,4,2046,378
5,4,4,2047,378
5,4,4,2048,378
5,4,4,2049,378
5,4,4,2050,378
5,11,4,2023,1526
5,11,4,2024,1526
5,11,4,2025,1526
5,11,4,2026,1526
5,11,4,2027,1526
5,11,4,2028,1526
5,11,4,2029,1526
5,11,4,2030,1526
5,11,4,2031,1526
5,11,4,2032,1526
5,11,4,2033,1526
5,11,4,2034,1526
5,11,4,2035,1526
5,11,4,2036,1526
5,11,4,2037,1526
5,11,4,2038,1526
5,11,4,2039,1526
5,11,4,2040,1526
5,11,4,2041,1526
5,11,4,2042,1526
5,11,4,2043,1526
5,11,4,2044,1526
5,11,4,2045,1526
5,11,4,2046,1526
5,11,4,2047,1526
5,11,4,2048,1526
5,11,4,2049,1526
5,11,4,2050,1526
6,15,4,2023,3000
6,15,4,2024,3000
6,15,4,2025,3000
6,15,4,2026,3000
6,15,4,2027,3000
6,15,4,2028,3000
6,15,4,2029,3000
6,15,4,2030,3000
6,15,4,2031,3000
6,15,4,2032,3000
6,15,4,2033,3000
6,15,4,2034,3000
6,15,4,2035,3000
6,15,4,2036,3000
6,15,4,2037,3000
6,15,4,2038,3000
6,15,4,2039,3000
6,15,4,2040,3000
6,15,4,2041,3000
6,15,4,2042,3000
6,15,4,2043,3000
6,15,4,2044,3000
6,15,4,2045,3000
6,15,4,2046,3000
6,15,4,2047,3000
6,15,4,2048,3000
6,15,4,2049,3000
6,15,4,2050,3000
6,16,4,2023,2919
6,16,4,2024,2919
6,16,4,2025,2919
6,16,4,2026,2919
6,16,4,2027,2919
6,16,4,2028,2919
6,16,4,2029,2919
6,16,4,2030,2919
6,16,4,2031,2919
6,16,4,2032,2919
6,16,4,2033,2919
6,16,4,2034,2919
6,16,4,2035,2919
6,16,4,2036,2919
6,16,4,2037,2919
6,16,4,2038,2919
6,16,4,2039,2919
6,16,4,2040,2919
6,16,4,2041,2919
6,16,4,2042,2919
6,16,4,2043,2919
6,16,4,2044,2919
6,16,4,2045,2919
6,16,4,2046,2919
6,16,4,2047,2919
6,16,4,2048,2919
6,16,4,2049,2919
6,16,4,2050,2919
6,17,4,2023,1736
6,17,4,2024,1736
6,17,4,2025,1736
6,17,4,2026,1736
6,17,4,2027,1736
6,17,4,2028,1736
6,17,4,2029,1736
6,17,4,2030,1736
6,17,4,2031,1736
6,17,4,2032,1736
6,17,4,2033,1736
6,17,4,2034,1736
6,17,4,2035,1736
6,17,4,2036,1736
6,17,4,2037,1736
6,17,4,2038,1736
6,17,4,2039,1736
6,17,4,2040,1736
6,17,4,2041,1736
6,17,4,2042,1736
6,17,4,2043,1736
6,17,4,2044,1736
6,17,4,2045,1736
6,17,4,2046,1736
6,17,4,2047,1736
6,17,4,2048,1736
6,17,4,2049,1736
6,17,4,2050,1736
6,18,4,2023,490
6,18,4,2024,490
6,18,4,2025,490
6,18,4,2026,490
6,18,4,2027,490
6,18,4,2028,490
6,18,4,2029,490
6,18,4,2030,490
6,18,4,2031,490
6,18,4,2032,490
6,18,4,2033,490
6,18,4,2034,490
6,18,4,2035,490
6,18,4,2036,490
6,18,4,2037,490
6,18,4,2038,490
6,18,4,2039,490
6,18,4,2040,490
6,18,4,2041,490
6,18,4,2042,490
6,18,4,2043,490
6,18,4,2044,490
6,18,4,2045,490
6,18,4,2046,490
6,18,4,2047,490
6,18,4,2048,490
6,18,4,2049,490
6,18,4,2050,490
7,8,4,2023,634
7,8,4,2024,634
7,8,4,2025,634
7,8,4,2026,634
7,8,4,2027,634
7,8,4,2028,634
7,8,4,2029,634
7,8,4,2030,634
7,8,4,2031,634
7,8,4,2032,634
7,8,4,2033,634
7,8,4,2034,634
7,8,4,2035,634
7,8,4,2036,634
7,8,4,2037,634
7,8,4,2038,634
7,8,4,2039,634
7,8,4,2040,634
7,8,4,2041,634
7,8,4,2042,634
7,8,4,2043,634
7,8,4,2044,634
7,8,4,2045,634
7,8,4,2046,634
7,8,4,2047,634
7,8,4,2048,634
7,8,4,2049,634
7,8,4,2050,634
7,9,4,2023,1400
7,9,4,2024,1400
7,9,4,2025,1400
7,9,4,2026,1400
7,9,4,2027,1400
7,9,4,2028,1400
7,9,4,2029,1400
7,9,4,2030,1400
7,9,4,2031,1400
7,9,4,2032,1400
7,9,4,2033,1400
7,9,4,2034,1400
7,9,4,2035,1400
7,9,4,2036,1400
7,9,4,2037,1400
7,9,4,2038,1400
7,9,4,2039,1400
7,9,4,2040,1400
7,9,4,2041,1400
7,9,4,2042,1400
7,9,4,2043,1400
7,9,4,2044,1400
7,9,4,2045,1400
7,9,4,2046,1400
7,9,4,2047,1400
7,9,4,2048,1400
7,9,4,2049,1400
7,9,4,2050,1400
8,7,4,2023,634
8,7,4,2024,634
8,7,4,2025,634
8,7,4,2026,634
8,7,4,2027,634
8,7,4,2028,634
8,7,4,2029,634
8,7,4,2030,634
8,7,4,2031,634
8,7,4,2032,634
8,7,4,2033,634
8,7,4,2034,634
8,7,4,2035,634
8,7,4,2036,634
8,7,4,2037,634
8,7,4,2038,634
8,7,4,2039,634
8,7,4,2040,634
8,7,4,2041,634
8,7,4,2042,634
8,7,4,2043,634
8,7,4,2044,634
8,7,4,2045,634
8,7,4,2046,634
8,7,4,2047,634
8,7,4,2048,634
8,7,4,2049,634
8,7,4,2050,634
8,9,4,2023,5700
8,9,4,2024,5700
8,9,4,2025,5700
8,9,4,2026,5700
8,9,4,2027,5700
8,9,4,2028,5700
8,9,4,2029,5700
8,9,4,2030,5700
8,9,4,2031,5700
8,9,4,2032,5700
8,9,4,2033,5700
8,9,4,2034,5700
8,9,4,2035,5700
8,9,4,2036,5700
8,9,4,2037,5700
8,9,4,2038,5700
8,9,4,2039,5700
8,9,4,2040,5700
8,9,4,2041,5700
8,9,4,2042,5700
8,9,4,2043,5700
8,9,4,2044,5700
8,9,4,2045,5700
8,9,4,2046,5700
8,9,4,2047,5700
8,9,4,2048,5700
8,9,4,2049,5700
8,9,4,2050,5700
8,10,4,2023,1640
8,10,4,2024,1640
8,10,4,2025,1640
8,10,4,2026,1640
8,10,4,2027,1640
8,10,4,2028,1640
8,10,4,2029,1640
8,10,4,2030,1640
8,10,4,2031,1640
8,10,4,2032,1640
8,10,4,2033,1640
8,10,4,2034,1640
8,10,4,2035,1640
8,10,4,2036,1640
8,10,4,2037,1640
8,10,4,2038,1640
8,10,4,2039,1640
8,10,4,2040,1640
8,10,4,2041,1640
8,10,4,2042,1640
8,10,4,2043,1640
8,10,4,2044,1640
8,10,4,2045,1640
8,10,4,2046,1640
8,10,4,2047,1640
8,10,4,2048,1640
8,10,4,2049,1640
8,10,4,2050,1640
9,7,4,2023,1400
9,7,4,2024,1400
9,7,4,2025,1400
9,7,4,2026,1400
9,7,4,2027,1400
9,7,4,2028,1400
9,7,4,2029,1400
9,7,4,2030,1400
9,7,4,2031,1400
9,7,4,2032,1400
9,7,4,2033,1400
9,7,4,2034,1400
9,7,4,2035,1400
9,7,4,2036,1400
9,7,4,2037,1400
9,7,4,2038,1400
9,7,4,2039,1400
9,7,4,2040,1400
9,7,4,2041,1400
9,7,4,2042,1400
9,7,4,2043,1400
9,7,4,2044,1400
9,7,4,2045,1400
9,7,4,2046,1400
9,7,4,2047,1400
9,7,4,2048,1400
9,7,4,2049,1400
9,7,4,2050,1400
9,8,4,2023,4000
9,8,4,2024,4000
9,8,4,2025,4000
9,8,4,2026,4000
9,8,4,2027,4000
9,8,4,2028,4000
9,8,4,2029,4000
9,8,4,2030,4000
9,8,4,2031,4000
9,8,4,2032,4000
9,8,4,2033,4000
9,8,4,2034,4000
9,8,4,2035,4000
9,8,4,2036,4000
9,8,4,2037,4000
9,8,4,2038,4000
9,8,4,2039,4000
9,8,4,2040,4000
9,8,4,2041,4000
9,8,4,2042,4000
9,8,4,2043,4000
9,8,4,2044,4000
9,8,4,2045,4000
9,8,4,2046,4000
9,8,4,2047,4000
9,8,4,2048,4000
9,8,4,2049,4000
9,8,4,2050,4000
9,10,4,2023,2000
9,10,4,2024,2000
9,10,4,2025,2000
9,10,4,2026,2000
9,10,4,2027,2000
9,10,4,2028,2000
9,10,4,2029,2000
9,10,4,2030,2000
9,10,4,2031,2000
9,10,4,2032,2000
9,10,4,2033,2000
9,10,4,2034,2000
9,10,4,2035,2000
9,10,4,2036,2000
9,10,4,2037,2000
9,10,4,2038,2000
9,10,4,2039,2000
9,10,4,2040,2000
9,10,4,2041,2000
9,10,4,2042,2000
9,10,4,2043,2000
9,10,4,2044,2000
9,10,4,2045,2000
9,10,4,2046,2000
9,10,4,2047,2000
9,10,4,2048,2000
9,10,4,2049,2000
9,10,4,2050,2000
10,8,4,2023,340
10,8,4,2024,340
10,8,4,2025,340
10,8,4,2026,340
10,8,4,2027,340
10,8,4,2028,340
10,8,4,2029,340
10,8,4,2030,340
10,8,4,2031,340
10,8,4,2032,340
10,8,4,2033,340
10,8,4,2034,340
10,8,4,2035,340
10,8,4,2036,340
10,8,4,2037,340
10,8,4,2038,340
10,8,4,2039,340
10,8,4,2040,340
10,8,4,2041,340
10,8,4,2042,340
10,8,4,2043,340
10,8,4,2044,340
10,8,4,2045,340
10,8,4,2046,340
10,8,4,2047,340
10,8,4,2048,340
10,8,4,2049,340
10,8,4,2050,340
10,9,4,2023,2000
10,9,4,2024,2000
10,9,4,2025,2000
10,9,4,2026,2000
10,9,4,2027,2000
10,9,4,2028,2000
10,9,4,2029,2000
10,9,4,2030,2000
10,9,4,2031,2000
10,9,4,2032,2000
10,9,4,2033,2000
10,9,4,2034,2000
10,9,4,2035,2000
10,9,4,2036,2000
10,9,4,2037,2000
10,9,4,2038,2000
10,9,4,2039,2000
10,9,4,2040,2000
10,9,4,2041,2000
10,9,4,2042,2000
10,9,4,2043,2000
10,9,4,2044,2000
10,9,4,2045,2000
10,9,4,2046,2000
10,9,4,2047,2000
10,9,4,2048,2000
10,9,4,2049,2000
10,9,4,2050,2000
10,11,4,2023,6133
10,11,4,2024,6133
10,11,4,2025,6133
10,11,4,2026,6133
10,11,4,2027,6133
10,11,4,2028,6133
10,11,4,2029,6133
10,11,4,2030,6133
10,11,4,2031,6133
10,11,4,2032,6133
10,11,4,2033,6133
10,11,4,2034,6133
10,11,4,2035,6133
10,11,4,2036,6133
10,11,4,2037,6133
10,11,4,2038,6133
10,11,4,2039,6133
10,11,4,2040,6133
10,11,4,2041,6133
10,11,4,2042,6133
10,11,4,2043,6133
10,11,4,2044,6133
10,11,4,2045,6133
10,11,4,2046,6133
10,11,4,2047,6133
10,11,4,2048,6133
10,11,4,2049,6133
10,11,4,2050,6133
10,13,4,2023,3900
10,13,4,2024,3900
10,13,4,2025,3900
10,13,4,2026,3900
10,13,4,2027,3900
10,13,4,2028,3900
10,13,4,2029,3900
10,13,4,2030,3900
10,13,4,2031,3900
10,13,4,2032,3900
10,13,4,2033,3900
10,13,4,2034,3900
10,13,4,2035,3900
10,13,4,2036,3900
10,13,4,2037,3900
10,13,4,2038,3900
10,13,4,2039,3900
10,13,4,2040,3900
10,13,4,2041,3900
10,13,4,2042,3900
10,13,4,2043,3900
10,13,4,2044,3900
10,13,4,2045,3900
10,13,4,2046,3900
10,13,4,2047,3900
10,13,4,2048,3900
10,13,4,2049,3900
10,13,4,2050,3900
11,4,4,2023,10262
11,4,4,2024,10262
11,4,4,2025,10262
11,4,4,2026,10262
11,4,4,2027,10262
11,4,4,2028,10262
11,4,4,2029,10262
11,4,4,2030,10262
11,4,4,2031,10262
11,4,4,2032,10262
11,4,4,2033,10262
11,4,4,2034,10262
11,4,4,2035,10262
11,4,4,2036,10262
11,4,4,2037,10262
11,4,4,2038,10262
11,4,4,2039,10262
11,4,4,2040,10262
11,4,4,2041,10262
11,4,4,2042,10262
11,4,4,2043,10262
11,4,4,2044,10262
11,4,4,2045,10262
11,4,4,2046,10262
11,4,4,2047,10262
11,4,4,2048,10262
11,4,4,2049,10262
11,4,4,2050,10262
11,5,4,2023,1526
11,5,4,2024,1526
11,5,4,2025,1526
11,5,4,2026,1526
11,5,4,2027,1526
11,5,4,2028,1526
11,5,4,2029,1526
11,5,4,2030,1526
11,5,4,2031,1526
11,5,4,2032,1526
11,5,4,2033,1526
11,5,4,2034,1526
11,5,4,2035,1526
11,5,4,2036,1526
11,5,4,2037,1526
11,5,4,2038,1526
11,5,4,2039,1526
11,5,4,2040,1526
11,5,4,2041,1526
11,5,4,2042,1526
11,5,4,2043,1526
11,5,4,2044,1526
11,5,4,2045,1526
11,5,4,2046,1526
11,5,4,2047,1526
11,5,4,2048,1526
11,5,4,2049,1526
11,5,4,2050,1526
11,10,4,2023,5982.999
11,10,4,2024,5982.999
11,10,4,2025,5982.999
11,10,4,2026,5982.999
11,10,4,2027,5982.999
11,10,4,2028,5982.999
11,10,4,2029,5982.999
11,10,4,2030,5982.999
11,10,4,2031,5982.999
11,10,4,2032,5982.999
11,10,4,2033,5982.999
11,10,4,2034,5982.999
11,10,4,2035,5982.999
11,10,4,2036,5982.999
11,10,4,2037,5982.999
11,10,4,2038,5982.999
11,10,4,2039,5982.999
11,10,4,2040,5982.999
11,10,4,2041,5982.999
11,10,4,2042,5982.999
11,10,4,2043,5982.999
11,10,4,2044,5982.999
11,10,4,2045,5982.999
11,10,4,2046,5982.999
11,10,4,2047,5982.999
11,10,4,2048,5982.999
11,10,4,2049,5982.999
11,10,4,2050,5982.999
11,13,4,2023,4098
11,13,4,2024,4098
11,13,4,2025,4098
11,13,4,2026,4098
11,13,4,2027,4098
11,13,4,2028,4098
11,13,4,2029,4098
11,13,4,2030,4098
11,13,4,2031,4098
11,13,4,2032,4098
11,13,4,2033,4098
11,13,4,2034,4098
11,13,4,2035,4098
11,13,4,2036,4098
11,13,4,2037,4098
11,13,4,2038,4098
11,13,4,2039,4098
11,13,4,2040,4098
11,13,4,2041,4098
11,13,4,2042,4098
11,13,4,2043,4098
11,13,4,2044,4098
11,13,4,2045,4098
11,13,4,2046,4098
11,13,4,2047,4098
11,13,4,2048,4098
11,13,4,2049,4098
11,13,4,2050,4098
11,14,4,2023,902
11,14,4,2024,902
11,14,4,2025,902
11,14,4,2026,902
11,14,4,2027,902
11,14,4,2028,902
11,14,4,2029,902
11,14,4,2030,902
11,14,4,2031,902
11,14,4,2032,902
11,14,4,2033,902
11,14,4,2034,902
11,14,4,2035,902
11,14,4,2036,902
11,14,4,2037,902
11,14,4,2038,902
11,14,4,2039,902
11,14,4,2040,902
11,14,4,2041,902
11,14,4,2042,902
11,14,4,2043,902
11,14,4,2044,902
11,14,4,2045,902
11,14,4,2046,902
11,14,4,2047,902
11,14,4,2048,902
11,14,4,2049,902
11,14,4,2050,902
11,16,4,2023,1816
11,16,4,2024,1816
11,16,4,2025,1816
11,16,4,2026,1816
11,16,4,2027,1816
11,16,4,2028,1816
11,16,4,2029,1816
11,16,4,2030,1816
11,16,4,2031,1816
11,16,4,2032,1816
11,16,4,2033,1816
11,16,4,2034,1816
11,16,4,2035,1816
11,16,4,2036,1816
11,16,4,2037,1816
11,16,4,2038,1816
11,16,4,2039,1816
11,16,4,2040,1816
11,16,4,2041,1816
11,16,4,2042,1816
11,16,4,2043,1816
11,16,4,2044,1816
11,16,4,2045,1816
11,16,4,2046,1816
11,16,4,2047,1816
11,16,4,2048,1816
11,16,4,2049,1816
11,16,4,2050,1816
12,3,4,2023,2006
12,3,4,2024,2006
12,3,4,2025,2006
12,3,4,2026,2006
12,3,4,2027,2006
12,3,4,2028,2006
12,3,4,2029,2006
12,3,4,2030,2006
12,3,4,2031,2006
12,3,4,2032,2006
12,3,4,2033,2006
12,3,4,2034,2006
12,3,4,2035,2006
12,3,4,2036,2006
12,3,4,2037,2006
12,3,4,2038,2006
12,3,4,2039,2006
12,3,4,2040,2006
12,3,4,2041,2006
12,3,4,2042,2006
12,3,4,2043,2006
12,3,4,2044,2006
12,3,4,2045,2006
12,3,4,2046,2006
12,3,4,2047,2006
12,3,4,2048,2006
12,3,4,2049,2006
12,3,4,2050,2006
12,4,4,2023,8746
12,4,4,2024,8746
12,4,4,2025,8746
12,4,4,2026,8746
12,4,4,2027,8746
12,4,4,2028,8746
12,4,4,2029,8746
12,4,4,2030,8746
12,4,4,2031,8746
12,4,4,2032,8746
12,4,4,2033,8746
12,4,4,2034,8746
12,4,4,2035,8746
12,4,4,2036,8746
12,4,4,2037,8746
12,4,4,2038,8746
12,4,4,2039,8746
12,4,4,2040,8746
12,4,4,2041,8746
12,4,4,2042,8746
12,4,4,2043,8746
12,4,4,2044,8746
12,4,4,2045,8746
12,4,4,2046,8746
12,4,4,2047,8746
12,4,4,2048,8746
12,4,4,2049,8746
12,4,4,2050,8746
13,10,4,2023,3900
13,10,4,2024,3900
13,10,4,2025,3900
13,10,4,2026,3900
13,10,4,2027,3900
13,10,4,2028,3900
13,10,4,2029,3900
13,10,4,2030,3900
13,10,4,2031,3900
13,10,4,2032,3900
13,10,4,2033,3900
13,10,4,2034,3900
13,10,4,2035,3900
13,10,4,2036,3900
13,10,4,2037,3900
13,10,4,2038,3900
13,10,4,2039,3900
13,10,4,2040,3900
13,10,4,2041,3900
13,10,4,2042,3900
13,10,4,2043,3900
13,10,4,2044,3900
13,10,4,2045,3900
13,10,4,2046,3900
13,10,4,2047,3900
13,10,4,2048,3900
13,10,4,2049,3900
13,10,4,2050,3900
13,11,4,2023,4098
13,11,4,2024,4098
13,11,4,2025,4098
13,11,4,2026,4098
13,11,4,2027,4098
13,11,4,2028,4098
13,11,4,2029,4098
13,11,4,2030,4098
13,11,4,2031,4098
13,11,4,2032,4098
13,11,4,2033,4098
13,11,4,2034,4098
13,11,4,2035,4098
13,11,4,2036,4098
13,11,4,2037,4098
13,11,4,2038,4098
13,11,4,2039,4098
13,11,4,2040,4098
13,11,4,2041,4098
13,11,4,2042,4098
13,11,4,2043,4098
13,11,4,2044,4098
13,11,4,2045,4098
13,11,4,2046,4098
13,11,4,2047,4098
13,11,4,2048,4098
13,11,4,2049,4098
13,11,4,2050,4098
13,14,4,2023,4316
13,14,4,2024,4316
13,14,4,2025,4316
13,14,4,2026,4316
13,14,4,2027,4316
13,14,4,2028,4316
13,14,4,2029,4316
13,14,4,2030,4316
13,14,4,2031,4316
13,14,4,2032,4316
13,14,4,2033,4316
13,14,4,2034,4316
13,14,4,2035,4316
13,14,4,2036,4316
13,14,4,2037,4316
13,14,4,2038,4316
13,14,4,2039,4316
13,14,4,2040,4316
13,14,4,2041,4316
13,14,4,2042,4316
13,14,4,2043,4316
13,14,4,2044,4316
13,14,4,2045,4316
13,14,4,2046,4316
13,14,4,2047,4316
13,14,4,2048,4316
13,14,4,2049,4316
13,14,4,2050,4316
14,11,4,2023,902
14,11,4,2024,902
14,11,4,2025,902
14,11,4,2026,902
14,11,4,2027,902
14,11,4,2028,902
14,11,4,2029,902
14,11,4,2030,902
14,11,4,2031,902
14,11,4,2032,902
14,11,4,2033,902
14,11,4,2034,902
14,11,4,2035,902
14,11,4,2036,902
14,11,4,2037,902
14,11,4,2038,902
14,11,4,2039,902
14,11,4,2040,902
14,11,4,2041,902
14,11,4,2042,902
14,11,4,2043,902
14,11,4,2044,902
14,11,4,2045,902
14,11,4,2046,902
14,11,4,2047,902
14,11,4,2048,902
14,11,4,2049,902
14,11,4,2050,902
14,13,4,2023,4350
14,13,4,2024,4350
14,13,4,2025,4350
14,13,4,2026,4350
14,13,4,2027,4350
14,13,4,2028,4350
14,13,4,2029,4350
14,13,4,2030,4350
14,13,4,2031,4350
14,13,4,2032,4350
14,13,4,2033,4350
14,13,4,2034,4350
14,13,4,2035,4350
14,13,4,2036,4350
14,13,4,2037,4350
14,13,4,2038,4350
14,13,4,2039,4350
14,13,4,2040,4350
14,13,4,2041,4350
14,13,4,2042,4350
14,13,4,2043,4350
14,13,4,2044,4350
14,13,4,2045,4350
14,13,4,2046,4350
14,13,4,2047,4350
14,13,4,2048,4350
14,13,4,2049,4350
14,13,4,2050,4350
14,15,4,2023,3242
14,15,4,2024,3242
14,15,4,2025,3242
14,15,4,2026,3242
14,15,4,2027,3242
14,15,4,2028,3242
14,15,4,2029,3242
14,15,4,2030,3242
14,15,4,2031,3242
14,15,4,2032,3242
14,15,4,2033,3242
14,15,4,2034,3242
14,15,4,2035,3242
14,15,4,2036,3242
14,15,4,2037,3242
14,15,4,2038,3242
14,15,4,2039,3242
14,15,4,2040,3242
14,15,4,2041,3242
14,15,4,2042,3242
14,15,4,2043,3242
14,15,4,2044,3242
14,15,4,2045,3242
14,15,4,2046,3242
14,15,4,2047,3242
14,15,4,2048,3242
14,15,4,2049,3242
14,15,4,2050,3242
14,16,4,2023,3600
14,16,4,2024,3600
14,16,4,2025,3600
14,16,4,2026,3600
14,16,4,2027,3600
14,16,4,2028,3600
14,16,4,2029,3600
14,16,4,2030,3600
14,16,4,2031,3600
14,16,4,2032,3600
14,16,4,2033,3600
14,16,4,2034,3600
14,16,4,2035,3600
14,16,4,2036,3600
14,16,4,2037,3600
14,16,4,2038,3600
14,16,4,2039,3600
14,16,4,2040,3600
14,16,4,2041,3600
14,16,4,2042,3600
14,16,4,2043,3600
14,16,4,2044,3600
14,16,4,2045,3600
14,16,4,2046,3600
14,16,4,2047,3600
14,16,4,2048,3600
14,16,4,2049,3600
14,16,4,2050,3600
15,2,4,2023,3600
15,2,4,2024,3600
15,2,4,2025,3600
15,2,4,2026,3600
15,2,4,2027,3600
15,2,4,2028,3600
15,2,4,2029,3600
15,2,4,2030,3600
15,2,4,2031,3600
15,2,4,2032,3600
15,2,4,2033,3600
15,2,4,2034,3600
15,2,4,2035,3600
15,2,4,2036,3600
15,2,4,2037,3600
15,2,4,2038,3600
15,2,4,2039,3600
15,2,4,2040,3600
15,2,4,2041,3600
15,2,4,2042,3600
15,2,4,2043,3600
15,2,4,2044,3600
15,2,4,2045,3600
15,2,4,2046,3600
15,2,4,2047,3600
15,2,4,2048,3600
15,2,4,2049,3600
15,2,4,2050,3600
15,6,4,2023,3000
15,6,4,2024,3000
15,6,4,2025,3000
15,6,4,2026,3000
15,6,4,2027,3000
15,6,4,2028,3000
15,6,4,2029,3000
15,6,4,2030,3000
15,6,4,2031,3000
15,6,4,2032,3000
15,6,4,2033,3000
15,6,4,2034,3000
15,6,4,2035,3000
15,6,4,2036,3000
15,6,4,2037,3000
15,6,4,2038,3000
15,6,4,2039,3000
15,6,4,2040,3000
15,6,4,2041,3000
15,6,4,2042,3000
15,6,4,2043,3000
15,6,4,2044,3000
15,6,4,2045,3000
15,6,4,2046,3000
15,6,4,2047,3000
15,6,4,2048,3000
15,6,4,2049,3000
15,6,4,2050,3000
15,14,4,2023,3242
15,14,4,2024,3242
15,14,4,2025,3242
15,14,4,2026,3242
15,14,4,2027,3242
15,14,4,2028,3242
15,14,4,2029,3242
15,14,4,2030,3242
15,14,4,2031,3242
15,14,4,2032,3242
15,14,4,2033,3242
15,14,4,2034,3242
15,14,4,2035,3242
15,14,4,2036,3242
15,14,4,2037,3242
15,14,4,2038,3242
15,14,4,2039,3242
15,14,4,2040,3242
15,14,4,2041,3242
15,14,4,2042,3242
15,14,4,2043,3242
15,14,4,2044,3242
15,14,4,2045,3242
15,14,4,2046,3242
15,14,4,2047,3242
15,14,4,2048,3242
15,14,4,2049,3242
15,14,4,2050,3242
15,16,4,2023,1713
15,16,4,2024,1713
15,16,4,2025,1713
15,16,4,2026,1713
15,16,4,2027,1713
15,16,4,2028,1713
15,16,4,2029,1713
15,16,4,2030,1713
15,16,4,2031,1713
15,16,4,2032,1713
15,16,4,2033,1713
15,16,4,2034,1713
15,16,4,2035,1713
15,16,4,2036,1713
15,16,4,2037,1713
15,16,4,2038,1713
15,16,4,2039,1713
15,16,4,2040,1713
15,16,4,2041,1713
15,16,4,2042,1713
15,16,4,2043,1713
15,16,4,2044,1713
15,16,4,2045,1713
15,16,4,2046,1713
15,16,4,2047,1713
15,16,4,2048,1713
15,16,4,2049,1713
15,16,4,2050,1713
16,4,4,2023,8367
16,4,4,2024,8367
16,4,4,2025,8367
16,4,4,2026,8367
16,4,4,2027,8367
16,4,4,2028,8367
16,4,4,2029,8367
16,4,4,2030,8367
16,4,4,2031,8367
16,4,4,2032,8367
16,4,4,2033,8367
16,4,4,2034,8367
16,4,4,2035,8367
16,4,4,2036,8367
16,4,4,2037,8367
16,4,4,2038,8367
16,4,4,2039,8367
16,4,4,2040,8367
16,4,4,2041,8367
16,4,4,2042,8367
16,4,4,2043,8367
16,4,4,2044,8367
16,4,4,2045,8367
16,4,4,2046,8367
16,4,4,2047,8367
16,4,4,2048,8367
16,4,4,2049,8367
16,4,4,2050,8367
16,6,4,2023,2919
16,6,4,2024,2919
16,6,4,2025,2919
16,6,4,2026,2919
16,6,4,2027,2919
16,6,4,2028,2919
16,6,4,2029,2919
16,6,4,2030,2919
16,6,4,2031,2919
16,6,4,2032,2919
16,6,4,2033,2919
16,6,4,2034,2919
16,6,4,2035,2919
16,6,4,2036,2919
16,6,4,2037,2919
16,6,4,2038,2919
16,6,4,2039,2919
16,6,4,2040,2919
16,6,4,2041,2919
16,6,4,2042,2919
16,6,4,2043,2919
16,6,4,2044,2919
16,6,4,2045,2919
16,6,4,2046,2919
16,6,4,2047,2919
16,6,4,2048,2919
16,6,4,2049,2919
16,6,4,2050,2919
16,11,4,2023,1816
16,11,4,2024,1816
16,11,4,2025,1816
16,11,4,2026,1816
16,11,4,2027,1816
16,11,4,2028,1816
16,11,4,2029,1816
16,11,4,2030,1816
16,11,4,2031,1816
16,11,4,2032,1816
16,11,4,2033,1816
16,11,4,2034,1816
16,11,4,2035,1816
16,11,4,2036,1816
16,11,4,2037,1816
16,11,4,2038,1816
16,11,4,2039,1816
16,11,4,2040,1816
16,11,4,2041,1816
16,11,4,2042,1816
16,11,4,2043,1816
16,11,4,2044,1816
16,11,4,2045,1816
16,11,4,2046,1816
16,11,4,2047,1816
16,11,4,2048,1816
16,11,4,2049,1816
16,11,4,2050,1816
16,14,4,2023,3600
16,14,4,2024,3600
16,14,4,2025,3600
16,14,4,2026,3600
16,14,4,2027,3600
16,14,4,2028,3600
16,14,4,2029,3600
16,14,4,2030,3600
16,14,4,2031,3600
16,14,4,2032,3600
16,14,4,2033,3600
16,14,4,2034,3600
16,14,4,2035,3600
16,14,4,2036,3600
16,14,4,2037,3600
16,14,4,2038,3600
16,14,4,2039,3600
16,14,4,2040,3600
16,14,4,2041,3600
16,14,4,2042,3600
16,14,4,2043,3600
16,14,4,2044,3600
16,14,4,2045,3600
16,14,4,2046,3600
16,14,4,2047,3600
16,14,4,2048,3600
16,14,4,2049,3600
16,14,4,2050,3600
16,15,4,2023,1713
16,15,4,2024,1713
16,15,4,2025,1713
16,15,4,2026,1713
16,15,4,2027,1713
16,15,4,2028,1713
16,15,4,2029,1713
16,15,4,2030,1713
16,15,4,2031,1713
16,15,4,2032,1713
16,15,4,2033,1713
16,15,4,2034,1713
16,15,4,2035,1713
16,15,4,2036,1713
16,15,4,2037,1713
16,15,4,2038,1713
16,15,4,2039,1713
16,15,4,2040,1713
16,15,4,2041,1713
16,15,4,2042,1713
16,15,4,2043,1713
16,15,4,2044,1713
16,15,4,2045,1713
16,15,4,2046,1713
16,15,4,2047,1713
16,15,4,2048,1713
16,15,4,2049,1713
16,15,4,2050,1713
17,1,4,2023,820
17,1,4,2024,820
17,1,4,2025,820
17,1,4,2026,820
17,1,4,2027,820
17,1,4,2028,820
17,1,4,2029,820
17,1,4,2030,820
17,1,4,2031,820
17,1,4,2032,820
17,1,4,2033,820
17,1,4,2034,820
17,1,4,2035,820
17,1,4,2036,820
17,1,4,2037,820
17,1,4,2038,820
17,1,4,2039,820
17,1,4,2040,820
17,1,4,2041,820
17,1,4,2042,820
17,1,4,2043,820
17,1,4,2044,820
17,1,4,2045,820
17,1,4,2046,820
17,1,4,2047,820
17,1,4,2048,820
17,1,4,2049,820
17,1,4,2050,820
17,4,4,2023,3000
17,4,4,2024,3000
17,4,4,2025,3000
17,4,4,2026,3000
17,4,4,2027,3000
17,4,4,2028,3000
17,4,4,2029,3000
17,4,4,2030,3000
17,4,4,2031,3000
17,4,4,2032,3000
17,4,4,2033,3000
17,4,4,2034,3000
17,4,4,2035,3000
17,4,4,2036,3000
17,4,4,2037,3000
17,4,4,2038,3000
17,4,4,2039,3000
17,4,4,2040,3000
17,4,4,2041,3000
17,4,4,2042,3000
17,4,4,2043,3000
17,4,4,2044,3000
17,4,4,2045,3000
17,4,4,2046,3000
17,4,4,2047,3000
17,4,4,2048,3000
17,4,4,2049,3000
17,4,4,2050,3000
17,6,4,2023,1736
17,6,4,2024,1736
17,6,4,2025,1736
17,6,4,2026,1736
17,6,4,2027,1736
17,6,4,2028,1736
17,6,4,2029,1736
17,6,4,2030,1736
17,6,4,2031,1736
17,6,4,2032,1736
17,6,4,2033,1736
17,6,4,2034,1736
17,6,4,2035,1736
17,6,4,2036,1736
17,6,4,2037,1736
17,6,4,2038,1736
17,6,4,2039,1736
17,6,4,2040,1736
17,6,4,2041,1736
17,6,4,2042,1736
17,6,4,2043,1736
17,6,4,2044,1736
17,6,4,2045,1736
17,6,4,2046,1736
17,6,4,2047,1736
17,6,4,2048,1736
17,6,4,2049,1736
17,6,4,2050,1736
17,18,4,2023,572
17,18,4,2024,572
17,18,4,2025,572
17,18,4,2026,572
17,18,4,2027,572
17,18,4,2028,572
17,18,4,2029,572
17,18,4,2030,572
17,18,4,2031,572
17,18,4,2032,572
17,18,4,2033,572
17,18,4,2034,572
17,18,4,2035,572
17,18,4,2036,572
17,18,4,2037,572
17,18,4,2038,572
17,18,4,2039,572
17,18,4,2040,572
17,18,4,2041,572
17,18,4,2042,572
17,18,4,2043,572
17,18,4,2044,572
17,18,4,2045,572
17,18,4,2046,572
17,18,4,2047,572
17,18,4,2048,572
17,18,4,2049,572
17,18,4,2050,572
17,20,4,2023,400
17,20,4,2024,400
17,20,4,2025,400
17,20,4,2026,400
17,20,4,2027,400
17,20,4,2028,400
17,20,4,2029,400
17,20,4,2030,400
17,20,4,2031,400
17,20,4,2032,400
17,20,4,2033,400
17,20,4,2034,400
17,20,4,2035,400
17,20,4,2036,400
17,20,4,2037,400
17,20,4,2038,400
17,20,4,2039,400
17,20,4,2040,400
17,20,4,2041,400
17,20,4,2042,400
17,20,4,2043,400
17,20,4,2044,400
17,20,4,2045,400
17,20,4,2046,400
17,20,4,2047,400
17,20,4,2048,400
17,20,4,2049,400
17,20,4,2050,400
18,3,4,2023,429
18,3,4,2024,429
18,3,4,2025,429
18,3,4,2026,429
18,3,4,2027,429
18,3,4,2028,429
18,3,4,2029,429
18,3,4,2030,429
18,3,4,2031,429
18,3,4,2032,429
18,3,4,2033,429
18,3,4,2034,429
18,3,4,2035,429
18,3,4,2036,429
18,3,4,2037,429
18,3,4,2038,429
18,3,4,2039,429
18,3,4,2040,429
18,3,4,2041,429
18,3,4,2042,429
18,3,4,2043,429
18,3,4,2044,429
18,3,4,2045,429
18,3,4,2046,429
18,3,4,2047,429
18,3,4,2048,429
18,3,4,2049,429
18,3,4,2050,429
18,4,4,2023,1138
18,4,4,2024,1138
18,4,4,2025,1138
18,4,4,2026,1138
18,4,4,2027,1138
18,4,4,2028,1138
18,4,4,2029,1138
18,4,4,2030,1138
18,4,4,2031,1138
18,4,4,2032,1138
18,4,4,2033,1138
18,4,4,2034,1138
18,4,4,2035,1138
18,4,4,2036,1138
18,4,4,2037,1138
18,4,4,2038,1138
18,4,4,2039,1138
18,4,4,2040,1138
18,4,4,2041,1138
18,4,4,2042,1138
18,4,4,2043,1138
18,4,4,2044,1138
18,4,4,2045,1138
18,4,4,2046,1138
18,4,4,2047,1138
18,4,4,2048,1138
18,4,4,2049,1138
18,4,4,2050,1138
18,6,4,2023,490
18,6,4,2024,490
18,6,4,2025,490
18,6,4,2026,490
18,6,4,2027,490
18,6,4,2028,490
18,6,4,2029,490
18,6,4,2030,490
18,6,4,2031,490
18,6,4,2032,490
18,6,4,2033,490
18,6,4,2034,490
18,6,4,2035,490
18,6,4,2036,490
18,6,4,2037,490
18,6,4,2038,490
18,6,4,2039,490
18,6,4,2040,490
18,6,4,2041,490
18,6,4,2042,490
18,6,4,2043,490
18,6,4,2044,490
18,6,4,2045,490
18,6,4,2046,490
18,6,4,2047,490
18,6,4,2048,490
18,6,4,2049,490
18,6,4,2050,490
18,17,4,2023,373
18,17,4,2024,373
18,17,4,2025,373
18,17,4,2026,373
18,17,4,2027,373
18,17,4,2028,373
18,17,4,2029,373
18,17,4,2030,373
18,17,4,2031,373
18,17,4,2032,373
18,17,4,2033,373
18,17,4,2034,373
18,17,4,2035,373
18,17,4,2036,373
18,17,4,2037,373
18,17,4,2038,373
18,17,4,2039,373
18,17,4,2040,373
18,17,4,2041,373
18,17,4,2042,373
18,17,4,2043,373
18,17,4,2044,373
18,17,4,2045,373
18,17,4,2046,373
18,17,4,2047,373
18,17,4,2048,373
18,17,4,2049,373
18,17,4,2050,373
18,19,4,2023,2878
18,19,4,2024,2878
18,19,4,2025,2878
18,19,4,2026,2878
18,19,4,2027,2878
18,19,4,2028,2878
18,19,4,2029,2878
18,19,4,2030,2878
18,19,4,2031,2878
18,19,4,2032,2878
18,19,4,2033,2878
18,19,4,2034,2878
18,19,4,2035,2878
18,19,4,2036,2878
18,19,4,2037,2878
18,19,4,2038,2878
18,19,4,2039,2878
18,19,4,2040,2878
18,19,4,2041,2878
18,19,4,2042,2878
18,19,4,2043,2878
18,19,4,2044,2878
18,19,4,2045,2878
18,19,4,2046,2878
18,19,4,2047,2878
18,19,4,2048,2878
18,19,4,2049,2878
18,19,4,2050,2878
18,24,4,2023,210
18,24,4,2024,210
18,24,4,2025,210
18,24,4,2026,210
18,24,4,2027,210
18,24,4,2028,210
18,24,4,2029,210
18,24,4,2030,210
18,24,4,2031,210
18,24,4,2032,210
18,24,4,2033,210
18,24,4,2034,210
18,24,4,2035,210
18,24,4,2036,210
18,24,4,2037,210
18,24,4,2038,210
18,24,4,2039,210
18,24,4,2040,210
18,24,4,2041,210
18,24,4,2042,210
18,24,4,2043,210
18,24,4,2044,210
18,24,4,2045,210
18,24,4,2046,210
18,24,4,2047,210
18,24,4,2048,210
18,24,4,2049,210
18,24,4,2050,210
19,3,4,2023,9521
19,3,4,2024,9521
19,3,4,2025,9521
19,3,4,2026,9521
19,3,4,2027,9521
19,3,4,2028,9521
19,3,4,2029,9521
19,3,4,2030,9521
19,3,4,2031,9521
19,3,4,2032,9521
19,3,4,2033,9521
19,3,4,2034,9521
19,3,4,2035,9521
19,3,4,2036,9521
19,3,4,2037,9521
19,3,4,2038,9521
19,3,4,2039,9521
19,3,4,2040,9521
19,3,4,2041,9521
19,3,4,2042,9521
19,3,4,2043,9521
19,3,4,2044,9521
19,3,4,2045,9521
19,3,4,2046,9521
19,3,4,2047,9521
19,3,4,2048,9521
19,3,4,2049,9521
19,3,4,2050,9521
19,18,4,2023,2878
19,18,4,2024,2878
19,18,4,2025,2878
19,18,4,2026,2878
19,18,4,2027,2878
19,18,4,2028,2878
19,18,4,2029,2878
19,18,4,2030,2878
19,18,4,2031,2878
19,18,4,2032,2878
19,18,4,2033,2878
19,18,4,2034,2878
19,18,4,2035,2878
19,18,4,2036,2878
19,18,4,2037,2878
19,18,4,2038,2878
19,18,4,2039,2878
19,18,4,2040,2878
19,18,4,2041,2878
19,18,4,2042,2878
19,18,4,2043,2878
19,18,4,2044,2878
19,18,4,2045,2878
19,18,4,2046,2878
19,18,4,2047,2878
19,18,4,2048,2878
19,18,4,2049,2878
19,18,4,2050,2878
19,23,4,2023,200
19,23,4,2024,200
19,23,4,2025,200
19,23,4,2026,200
19,23,4,2027,200
19,23,4,2028,200
19,23,4,2029,200
19,23,4,2030,200
19,23,4,2031,200
19,23,4,2032,200
19,23,4,2033,200
19,23,4,2034,200
19,23,4,2035,200
19,23,4,2036,200
19,23,4,2037,200
19,23,4,2038,200
19,23,4,2039,200
19,23,4,2040,200
19,23,4,2041,200
19,23,4,2042,200
19,23,4,2043,200
19,23,4,2044,200
19,23,4,2045,200
19,23,4,2046,200
19,23,4,2047,200
19,23,4,2048,200
19,23,4,2049,200
19,23,4,2050,200
19,24,4,2023,255
19,24,4,2024,255
19,24,4,2025,255
19,24,4,2026,255
19,24,4,2027,255
19,24,4,2028,255
19,24,4,2029,255
19,24,4,2030,255
19,24,4,2031,255
19,24,4,2032,255
19,24,4,2033,255
19,24,4,2034,255
19,24,4,2035,255
19,24,4,2036,255
19,24,4,2037,255
19,24,4,2038,255
19,24,4,2039,255
19,24,4,2040,255
19,24,4,2041,255
19,24,4,2042,255
19,24,4,2043,255
19,24,4,2044,255
19,24,4,2045,255
19,24,4,2046,255
19,24,4,2047,255
19,24,4,2048,255
19,24,4,2049,255
19,24,4,2050,255
20,17,4,2023,400
20,17,4,2024,400
20,17,4,2025,400
20,17,4,2026,400
20,17,4,2027,400
20,17,4,2028,400
20,17,4,2029,400
20,17,4,2030,400
20,17,4,2031,400
20,17,4,2032,400
20,17,4,2033,400
20,17,4,2034,400
20,17,4,2035,400
20,17,4,2036,400
20,17,4,2037,400
20,17,4,2038,400
20,17,4,2039,400
20,17,4,2040,400
20,17,4,2041,400
20,17,4,2042,400
20,17,4,2043,400
20,17,4,2044,400
20,17,4,2045,400
20,17,4,2046,400
20,17,4,2047,400
20,17,4,2048,400
20,17,4,2049,400
20,17,4,2050,400
20,22,4,2023,2996
20,22,4,2024,2996
20,22,4,2025,2996
20,22,4,2026,2996
20,22,4,2027,2996
20,22,4,2028,2996
20,22,4,2029,2996
20,22,4,2030,2996
20,22,4,2031,2996
20,22,4,2032,2996
20,22,4,2033,2996
20,22,4,2034,2996
20,22,4,2035,2996
20,22,4,2036,2996
20,22,4,2037,2996
20,22,4,2038,2996
20,22,4,2039,2996
20,22,4,2040,2996
20,22,4,2041,2996
20,22,4,2042,2996
20,22,4,2043,2996
20,22,4,2044,2996
20,22,4,2045,2996
20,22,4,2046,2996
20,22,4,2047,2996
20,22,4,2048,2996
20,22,4,2049,2996
20,22,4,2050,2996
20,24,4,2023,442
20,24,4,2024,442
20,24,4,2025,442
20,24,4,2026,442
20,24,4,2027,442
20,24,4,2028,442
20,24,4,2029,442
20,24,4,2030,442
20,24,4,2031,442
20,24,4,2032,442
20,24,4,2033,442
20,24,4,2034,442
20,24,4,2035,442
20,24,4,2036,442
20,24,4,2037,442
20,24,4,2038,442
20,24,4,2039,442
20,24,4,2040,442
20,24,4,2041,442
20,24,4,2042,442
20,24,4,2043,442
20,24,4,2044,442
20,24,4,2045,442
20,24,4,2046,442
20,24,4,2047,442
20,24,4,2048,442
20,24,4,2049,442
20,24,4,2050,442
20,25,4,2023,4589
20,25,4,2024,4589
20,25,4,2025,4589
20,25,4,2026,4589
20,25,4,2027,4589
20,25,4,2028,4589
20,25,4,2029,4589
20,25,4,2030,4589
20,25,4,2031,4589
20,25,4,2032,4589
20,25,4,2033,4589
20,25,4,2034,4589
20,25,4,2035,4589
20,25,4,2036,4589
20,25,4,2037,4589
20,25,4,2038,4589
20,25,4,2039,4589
20,25,4,2040,4589
20,25,4,2041,4589
20,25,4,2042,4589
20,25,4,2043,4589
20,25,4,2044,4589
20,25,4,2045,4589
20,25,4,2046,4589
20,25,4,2047,4589
20,25,4,2048,4589
20,25,4,2049,4589
20,25,4,2050,4589
21,22,4,2023,8242
21,22,4,2024,8242
21,22,4,2025,8242
21,22,4,2026,8242
21,22,4,2027,8242
21,22,4,2028,8242
21,22,4,2029,8242
21,22,4,2030,8242
21,22,4,2031,8242
21,22,4,2032,8242
21,22,4,2033,8242
21,22,4,2034,8242
21,22,4,2035,8242
21,22,4,2036,8242
21,22,4,2037,8242
21,22,4,2038,8242
21,22,4,2039,8242
21,22,4,2040,8242
21,22,4,2041,8242
21,22,4,2042,8242
21,22,4,2043,8242
21,22,4,2044,8242
21,22,4,2045,8242
21,22,4,2046,8242
21,22,4,2047,8242
21,22,4,2048,8242
21,22,4,2049,8242
21,22,4,2050,8242
21,23,4,2023,4441
21,23,4,2024,4441
21,23,4,2025,4441
21,23,4,2026,4441
21,23,4,2027,4441
21,23,4,2028,4441
21,23,4,2029,4441
21,23,4,2030,4441
21,23,4,2031,4441
21,23,4,2032,4441
21,23,4,2033,4441
21,23,4,2034,4441
21,23,4,2035,4441
21,23,4,2036,4441
21,23,4,2037,4441
21,23,4,2038,4441
21,23,4,2039,4441
21,23,4,2040,4441
21,23,4,2041,4441
21,23,4,2042,4441
21,23,4,2043,4441
21,23,4,2044,4441
21,23,4,2045,4441
21,23,4,2046,4441
21,23,4,2047,4441
21,23,4,2048,4441
21,23,4,2049,4441
21,23,4,2050,4441
21,25,4,2023,106
21,25,4,2024,106
21,25,4,2025,106
21,25,4,2026,106
21,25,4,2027,106
21,25,4,2028,106
21,25,4,2029,106
21,25,4,2030,106
21,25,4,2031,106
21,25,4,2032,106
21,25,4,2033,106
21,25,4,2034,106
21,25,4,2035,106
21,25,4,2036,106
21,25,4,2037,106
21,25,4,2038,106
21,25,4,2039,106
21,25,4,2040,106
21,25,4,2041,106
21,25,4,2042,106
21,25,4,2043,106
21,25,4,2044,106
21,25,4,2045,106
21,25,4,2046,106
21,25,4,2047,106
21,25,4,2048,106
21,25,4,2049,106
21,25,4,2050,106
22,20,4,2023,489
22,20,4,2024,489
22,20,4,2025,489
22,20,4,2026,489
22,20,4,2027,489
22,20,4,2028,489
22,20,4,2029,489
22,20,4,2030,489
22,20,4,2031,489
22,20,4,2032,489
22,20,4,2033,489
22,20,4,2034,489
22,20,4,2035,489
22,20,4,2036,489
22,20,4,2037,489
22,20,4,2038,489
22,20,4,2039,489
22,20,4,2040,489
22,20,4,2041,489
22,20,4,2042,489
22,20,4,2043,489
22,20,4,2044,489
22,20,4,2045,489
22,20,4,2046,489
22,20,4,2047,489
22,20,4,2048,489
22,20,4,2049,489
22,20,4,2050,489
22,21,4,2023,7918
22,21,4,2024,7918
22,21,4,2025,7918
22,21,4,2026,7918
22,21,4,2027,7918
22,21,4,2028,7918
22,21,4,2029,7918
22,21,4,2030,7918
22,21,4,2031,7918
22,21,4,2032,7918
22,21,4,2033,7918
22,21,4,2034,7918
22,21,4,2035,7918
22,21,4,2036,7918
22,21,4,2037,7918
22,21,4,2038,7918
22,21,4,2039,7918
22,21,4,2040,7918
22,21,4,2041,7918
22,21,4,2042,7918
22,21,4,2043,7918
22,21,4,2044,7918
22,21,4,2045,7918
22,21,4,2046,7918
22,21,4,2047,7918
22,21,4,2048,7918
22,21,4,2049,7918
22,21,4,2050,7918
22,23,4,2023,2381
22,23,4,2024,2381
22,23,4,2025,2381
22,23,4,2026,2381
22,23,4,2027,2381
22,23,4,2028,2381
22,23,4,2029,2381
22,23,4,2030,2381
22,23,4,2031,2381
22,23,4,2032,2381
22,23,4,2033,2381
22,23,4,2034,2381
22,23,4,2035,2381
22,23,4,2036,2381
22,23,4,2037,2381
22,23,4,2038,2381
22,23,4,2039,2381
22,23,4,2040,2381
22,23,4,2041,2381
22,23,4,2042,2381
22,23,4,2043,2381
22,23,4,2044,2381
22,23,4,2045,2381
22,23,4,2046,2381
22,23,4,2047,2381
22,23,4,2048,2381
22,23,4,2049,2381
22,23,4,2050,2381
22,25,4,2023,2291
22,25,4,2024,2291
22,25,4,2025,2291
22,25,4,2026,2291
22,25,4,2027,2291
22,25,4,2028,2291
22,25,4,2029,2291
22,25,4,2030,2291
22,25,4,2031,2291
22,25,4,2032,2291
22,25,4,2033,2291
22,25,4,2034,2291
22,25,4,2035,2291
22,25,4,2036,2291
22,25,4,2037,2291
22,25,4,2038,2291
22,25,4,2039,2291
22,25,4,2040,2291
22,25,4,2041,2291
22,25,4,2042,2291
22,25,4,2043,2291
22,25,4,2044,2291
22,25,4,2045,2291
22,25,4,2046,2291
22,25,4,2047,2291
22,25,4,2048,2291
22,25,4,2049,2291
22,25,4,2050,2291
23,19,4,2023,200
23,19,4,2024,200
23,19,4,2025,200
23,19,4,2026,200
23,19,4,2027,200
23,19,4,2028,200
23,19,4,2029,200
23,19,4,2030,200
23,19,4,2031,200
23,19,4,2032,200
23,19,4,2033,200
23,19,4,2034,200
23,19,4,2035,200
23,19,4,2036,200
23,19,4,2037,200
23,19,4,2038,200
23,19,4,2039,200
23,19,4,2040,200
23,19,4,2041,200
23,19,4,2042,200
23,19,4,2043,200
23,19,4,2044,200
23,19,4,2045,200
23,19,4,2046,200
23,19,4,2047,200
23,19,4,2048,200
23,19,4,2049,200
23,19,4,2050,200
23,21,4,2023,4441
23,21,4,2024,4441
23,21,4,2025,4441
23,21,4,2026,4441
23,21,4,2027,4441
23,21,4,2028,4441
23,21,4,2029,4441
23,21,4,2030,4441
23,21,4,2031,4441
23,21,4,2032,4441
23,21,4,2033,4441
23,21,4,2034,4441
23,21,4,2035,4441
23,21,4,2036,4441
23,21,4,2037,4441
23,21,4,2038,4441
23,21,4,2039,4441
23,21,4,2040,4441
23,21,4,2041,4441
23,21,4,2042,4441
23,21,4,2043,4441
23,21,4,2044,4441
23,21,4,2045,4441
23,21,4,2046,4441
23,21,4,2047,4441
23,21,4,2048,4441
23,21,4,2049,4441
23,21,4,2050,4441
23,22,4,2023,2780
23,22,4,2024,2780
23,22,4,2025,2780
23,22,4,2026,2780
23,22,4,2027,2780
23,22,4,2028,2780
23,22,4,2029,2780
23,22,4,2030,2780
23,22,4,2031,2780
23,22,4,2032,2780
23,22,4,2033,2780
23,22,4,2034,2780
23,22,4,2035,2780
23,22,4,2036,2780
23,22,4,2037,2780
23,22,4,2038,2780
23,22,4,2039,2780
23,22,4,2040,2780
23,22,4,2041,2780
23,22,4,2042,2780
23,22,4,2043,2780
23,22,4,2044,2780
23,22,4,2045,2780
23,22,4,2046,2780
23,22,4,2047,2780
23,22,4,2048,2780
23,22,4,2049,2780
23,22,4,2050,2780
23,24,4,2023,95
23,24,4,2024,95
23,24,4,2025,95
23,24,4,2026,95
23,24,4,2027,95
23,24,4,2028,95
23,24,4,2029,95
23,24,4,2030,95
23,24,4,2031,95
23,24,4,2032,95
23,24,4,2033,95
23,24,4,2034,95
23,24,4,2035,95
23,24,4,2036,95
23,24,4,2037,95
23,24,4,2038,95
23,24,4,2039,95
23,24,4,2040,95
23,24,4,2041,95
23,24,4,2042,95
23,24,4,2043,95
23,24,4,2044,95
23,24,4,2045,95
23,24,4,2046,95
23,24,4,2047,95
23,24,4,2048,95
23,24,4,2049,95
23,24,4,2050,95
23,25,4,2023,3670
23,25,4,2024,3670
23,25,4,2025,3670
23,25,4,2026,3670
23,25,4,2027,3670
23,25,4,2028,3670
23,25,4,2029,3670
23,25,4,2030,3670
23,25,4,2031,3670
23,25,4,2032,3670
23,25,4,2033,3670
23,25,4,2034,3670
23,25,4,2035,3670
23,25,4,2036,3670
23,25,4,2037,3670
23,25,4,2038,3670
23,25,4,2039,3670
23,25,4,2040,3670
23,25,4,2041,3670
23,25,4,2042,3670
23,25,4,2043,3670
23,25,4,2044,3670
23,25,4,2045,3670
23,25,4,2046,3670
23,25,4,2047,3670
23,25,4,2048,3670
23,25,4,2049,3670
23,25,4,2050,3670
24,18,4,2023,210
24,18,4,2024,210
24,18,4,2025,210
24,18,4,2026,210
24,18,4,2027,210
24,18,4,2028,210
24,18,4,2029,210
24,18,4,2030,210
24,18,4,2031,210
24,18,4,2032,210
24,18,4,2033,210
24,18,4,2034,210
24,18,4,2035,210
24,18,4,2036,210
24,18,4,2037,210
24,18,4,2038,210
24,18,4,2039,210
24,18,4,2040,210
24,18,4,2041,210
24,18,4,2042,210
24,18,4,2043,210
24,18,4,2044,210
24,18,4,2045,210
24,18,4,2046,210
24,18,4,2047,210
24,18,4,2048,210
24,18,4,2049,210
24,18,4,2050,210
24,19,4,2023,825
24,19,4,2024,825
24,19,4,2025,825
24,19,4,2026,825
24,19,4,2027,825
24,19,4,2028,825
24,19,4,2029,825
24,19,4,2030,825
24,19,4,2031,825
24,19,4,2032,825
24,19,4,2033,825
24,19,4,2034,825
24,19,4,2035,825
24,19,4,2036,825
24,19,4,2037,825
24,19,4,2038,825
24,19,4,2039,825
24,19,4,2040,825
24,19,4,2041,825
24,19,4,2042,825
24,19,4,2043,825
24,19,4,2044,825
24,19,4,2045,825
24,19,4,2046,825
24,19,4,2047,825
24,19,4,2048,825
24,19,4,2049,825
24,19,4,2050,825
24,20,4,2023,690
24,20,4,2024,690
24,20,4,2025,690
24,20,4,2026,690
24,20,4,2027,690
24,20,4,2028,690
24,20,4,2029,690
24,20,4,2030,690
24,20,4,2031,690
24,20,4,2032,690
24,20,4,2033,690
24,20,4,2034,690
24,20,4,2035,690
24,20,4,2036,690
24,20,4,2037,690
24,20,4,2038,690
24,20,4,2039,690
24,20,4,2040,690
24,20,4,2041,690
24,20,4,2042,690
24,20,4,2043,690
24,20,4,2044,690
24,20,4,2045,690
24,20,4,2046,690
24,20,4,2047,690
24,20,4,2048,690
24,20,4,2049,690
24,20,4,2050,690
24,23,4,2023,95
24,23,4,2024,95
24,23,4,2025,95
24,23,4,2026,95
24,23,4,2027,95
24,23,4,2028,95
24,23,4,2029,95
24,23,4,2030,95
24,23,4,2031,95
24,23,4,2032,95
24,23,4,2033,95
24,23,4,2034,95
24,23,4,2035,95
24,23,4,2036,95
24,23,4,2037,95
24,23,4,2038,95
24,23,4,2039,95
24,23,4,2040,95
24,23,4,2041,95
24,23,4,2042,95
24,23,4,2043,95
24,23,4,2044,95
24,23,4,2045,95
24,23,4,2046,95
24,23,4,2047,95
24,23,4,2048,95
24,23,4,2049,95
24,23,4,2050,95
24,25,4,2023,538
24,25,4,2024,538
24,25,4,2025,538
24,25,4,2026,538
24,25,4,2027,538
24,25,4,2028,538
24,25,4,2029,538
24,25,4,2030,538
24,25,4,2031,538
24,25,4,2032,538
24,25,4,2033,538
24,25,4,2034,538
24,25,4,2035,538
24,25,4,2036,538
24,25,4,2037,538
24,25,4,2038,538
24,25,4,2039,538
24,25,4,2040,538
24,25,4,2041,538
24,25,4,2042,538
24,25,4,2043,538
24,25,4,2044,538
24,25,4,2045,538
24,25,4,2046,538
24,25,4,2047,538
24,25,4,2048,538
24,25,4,2049,538
24,25,4,2050,538
25,20,4,2023,4209
25,20,4,2024,4209
25,20,4,2025,4209
25,20,4,2026,4209
25,20,4,2027,4209
25,20,4,2028,4209
25,20,4,2029,4209
25,20,4,2030,4209
25,20,4,2031,4209
25,20,4,2032,4209
25,20,4,2033,4209
25,20,4,2034,4209
25,20,4,2035,4209
25,20,4,2036,4209
25,20,4,2037,4209
25,20,4,2038,4209
25,20,4,2039,4209
25,20,4,2040,4209
25,20,4,2041,4209
25,20,4,2042,4209
25,20,4,2043,4209
25,20,4,2044,4209
25,20,4,2045,4209
25,20,4,2046,4209
25,20,4,2047,4209
25,20,4,2048,4209
25,20,4,2049,4209
25,20,4,2050,4209
25,21,4,2023,106
25,21,4,2024,106
25,21,4,2025,106
25,21,4,2026,106
25,21,4,2027,106
25,21,4,2028,106
25,21,4,2029,106
25,21,4,2030,106
25,21,4,2031,106
25,21,4,2032,106
25,21,4,2033,106
25,21,4,2034,106
25,21,4,2035,106
25,21,4,2036,106
25,21,4,2037,106
25,21,4,2038,106
25,21,4,2039,106
25,21,4,2040,106
25,21,4,2041,106
25,21,4,2042,106
25,21,4,2043,106
25,21,4,2044,106
25,21,4,2045,106
25,21,4,2046,106
25,21,4,2047,106
25,21,4,2048,106
25,21,4,2049,106
25,21,4,2050,106
25,22,4,2023,2291
25,22,4,2024,2291
25,22,4,2025,2291
25,22,4,2026,2291
25,22,4,2027,2291
25,22,4,2028,2291
25,22,4,2029,2291
25,22,4,2030,2291
25,22,4,2031,2291
25,22,4,2032,2291
25,22,4,2033,2291
25,22,4,2034,2291
25,22,4,2035,2291
25,22,4,2036,2291
25,22,4,2037,2291
25,22,4,2038,2291
25,22,4,2039,2291
25,22,4,2040,2291
25,22,4,2041,2291
25,22,4,2042,2291
25,22,4,2043,2291
25,22,4,2044,2291
25,22,4,2045,2291
25,22,4,2046,2291
25,22,4,2047,2291
25,22,4,2048,2291
25,22,4,2049,2291
25,22,4,2050,2291
25,23,4,2023,3628
25,23,4,2024,3628
25,23,4,2025,3628
25,23,4,2026,3628
25,23,4,2027,3628
25,23,4,2028,3628
25,23,4,2029,3628
25,23,4,2030,3628
25,23,4,2031,3628
25,23,4,2032,3628
25,23,4,2033,3628
25,23,4,2034,3628
25,23,4,2035,3628
25,23,4,2036,3628
25,23,4,2037,3628
25,23,4,2038,3628
25,23,4,2039,3628
25,23,4,2040,3628
25,23,4,2041,3628
25,23,4,2042,3628
25,23,4,2043,3628
25,23,4,2044,3628
25,23,4,2045,3628
25,23,4,2046,3628
25,23,4,2047,3628
25,23,4,2048,3628
25,23,4,2049,3628
25,23,4,2050,3628
25,24,4,2023,164
25,24,4,2024,164
25,24,4,2025,164
25,24,4,2026,164
25,24,4,2027,164
25,24,4,2028,164
25,24,4,2029,164
25,24,4,2030,164
25,24,4,2031,164
25,24,4,2032,164
25,24,4,2033,164
25,24,4,2034,164
25,24,4,2035,164
25,24,4,2036,164
25,24,4,2037,164
25,24,4,2038,164
25,24,4,2039,164
25,24,4,2040,164
25,24,4,2041,164
25,24,4,2042,164
25,24,4,2043,164
25,24,4,2044,164
25,24,4,2045,164
25,24,4,2046,164
25,24,4,2047,164
25,24,4,2048,164
25,24,4,2049,164
25,24,4,2050,164
