source_region,destination_region,season,year,TranLimit
1,17,1.0,2023,0.82
1,17,1.0,2024,0.82
1,17,1.0,2025,0.82
1,17,1.0,2026,0.82
1,17,1.0,2027,0.82
1,17,1.0,2028,0.82
1,17,1.0,2029,0.82
1,17,1.0,2030,0.82
1,17,1.0,2031,0.82
1,17,1.0,2032,0.82
1,17,1.0,2033,0.82
1,17,1.0,2034,0.82
1,17,1.0,2035,0.82
1,17,1.0,2036,0.82
1,17,1.0,2037,0.82
1,17,1.0,2038,0.82
1,17,1.0,2039,0.82
1,17,1.0,2040,0.82
1,17,1.0,2041,0.82
1,17,1.0,2042,0.82
1,17,1.0,2043,0.82
1,17,1.0,2044,0.82
1,17,1.0,2045,0.82
1,17,1.0,2046,0.82
1,17,1.0,2047,0.82
1,17,1.0,2048,0.82
1,17,1.0,2049,0.82
1,17,1.0,2050,0.82
1,17,2.0,2023,0.82
1,17,2.0,2024,0.82
1,17,2.0,2025,0.82
1,17,2.0,2026,0.82
1,17,2.0,2027,0.82
1,17,2.0,2028,0.82
1,17,2.0,2029,0.82
1,17,2.0,2030,0.82
1,17,2.0,2031,0.82
1,17,2.0,2032,0.82
1,17,2.0,2033,0.82
1,17,2.0,2034,0.82
1,17,2.0,2035,0.82
1,17,2.0,2036,0.82
1,17,2.0,2037,0.82
1,17,2.0,2038,0.82
1,17,2.0,2039,0.82
1,17,2.0,2040,0.82
1,17,2.0,2041,0.82
1,17,2.0,2042,0.82
1,17,2.0,2043,0.82
1,17,2.0,2044,0.82
1,17,2.0,2045,0.82
1,17,2.0,2046,0.82
1,17,2.0,2047,0.82
1,17,2.0,2048,0.82
1,17,2.0,2049,0.82
1,17,2.0,2050,0.82
1,17,3.0,2023,0.82
1,17,3.0,2024,0.82
1,17,3.0,2025,0.82
1,17,3.0,2026,0.82
1,17,3.0,2027,0.82
1,17,3.0,2028,0.82
1,17,3.0,2029,0.82
1,17,3.0,2030,0.82
1,17,3.0,2031,0.82
1,17,3.0,2032,0.82
1,17,3.0,2033,0.82
1,17,3.0,2034,0.82
1,17,3.0,2035,0.82
1,17,3.0,2036,0.82
1,17,3.0,2037,0.82
1,17,3.0,2038,0.82
1,17,3.0,2039,0.82
1,17,3.0,2040,0.82
1,17,3.0,2041,0.82
1,17,3.0,2042,0.82
1,17,3.0,2043,0.82
1,17,3.0,2044,0.82
1,17,3.0,2045,0.82
1,17,3.0,2046,0.82
1,17,3.0,2047,0.82
1,17,3.0,2048,0.82
1,17,3.0,2049,0.82
1,17,3.0,2050,0.82
2,15,1.0,2023,3.6
2,15,1.0,2024,3.6
2,15,1.0,2025,3.6
2,15,1.0,2026,3.6
2,15,1.0,2027,3.6
2,15,1.0,2028,3.6
2,15,1.0,2029,3.6
2,15,1.0,2030,3.6
2,15,1.0,2031,3.6
2,15,1.0,2032,3.6
2,15,1.0,2033,3.6
2,15,1.0,2034,3.6
2,15,1.0,2035,3.6
2,15,1.0,2036,3.6
2,15,1.0,2037,3.6
2,15,1.0,2038,3.6
2,15,1.0,2039,3.6
2,15,1.0,2040,3.6
2,15,1.0,2041,3.6
2,15,1.0,2042,3.6
2,15,1.0,2043,3.6
2,15,1.0,2044,3.6
2,15,1.0,2045,3.6
2,15,1.0,2046,3.6
2,15,1.0,2047,3.6
2,15,1.0,2048,3.6
2,15,1.0,2049,3.6
2,15,1.0,2050,3.6
2,15,2.0,2023,3.6
2,15,2.0,2024,3.6
2,15,2.0,2025,3.6
2,15,2.0,2026,3.6
2,15,2.0,2027,3.6
2,15,2.0,2028,3.6
2,15,2.0,2029,3.6
2,15,2.0,2030,3.6
2,15,2.0,2031,3.6
2,15,2.0,2032,3.6
2,15,2.0,2033,3.6
2,15,2.0,2034,3.6
2,15,2.0,2035,3.6
2,15,2.0,2036,3.6
2,15,2.0,2037,3.6
2,15,2.0,2038,3.6
2,15,2.0,2039,3.6
2,15,2.0,2040,3.6
2,15,2.0,2041,3.6
2,15,2.0,2042,3.6
2,15,2.0,2043,3.6
2,15,2.0,2044,3.6
2,15,2.0,2045,3.6
2,15,2.0,2046,3.6
2,15,2.0,2047,3.6
2,15,2.0,2048,3.6
2,15,2.0,2049,3.6
2,15,2.0,2050,3.6
2,15,3.0,2023,3.6
2,15,3.0,2024,3.6
2,15,3.0,2025,3.6
2,15,3.0,2026,3.6
2,15,3.0,2027,3.6
2,15,3.0,2028,3.6
2,15,3.0,2029,3.6
2,15,3.0,2030,3.6
2,15,3.0,2031,3.6
2,15,3.0,2032,3.6
2,15,3.0,2033,3.6
2,15,3.0,2034,3.6
2,15,3.0,2035,3.6
2,15,3.0,2036,3.6
2,15,3.0,2037,3.6
2,15,3.0,2038,3.6
2,15,3.0,2039,3.6
2,15,3.0,2040,3.6
2,15,3.0,2041,3.6
2,15,3.0,2042,3.6
2,15,3.0,2043,3.6
2,15,3.0,2044,3.6
2,15,3.0,2045,3.6
2,15,3.0,2046,3.6
2,15,3.0,2047,3.6
2,15,3.0,2048,3.6
2,15,3.0,2049,3.6
2,15,3.0,2050,3.6
3,4,1.0,2023,0.888
3,4,1.0,2024,0.888
3,4,1.0,2025,0.888
3,4,1.0,2026,0.888
3,4,1.0,2027,0.888
3,4,1.0,2028,0.888
3,4,1.0,2029,0.888
3,4,1.0,2030,0.888
3,4,1.0,2031,0.888
3,4,1.0,2032,0.888
3,4,1.0,2033,0.888
3,4,1.0,2034,0.888
3,4,1.0,2035,0.888
3,4,1.0,2036,0.888
3,4,1.0,2037,0.888
3,4,1.0,2038,0.888
3,4,1.0,2039,0.888
3,4,1.0,2040,0.888
3,4,1.0,2041,0.888
3,4,1.0,2042,0.888
3,4,1.0,2043,0.888
3,4,1.0,2044,0.888
3,4,1.0,2045,0.888
3,4,1.0,2046,0.888
3,4,1.0,2047,0.888
3,4,1.0,2048,0.888
3,4,1.0,2049,0.888
3,4,1.0,2050,0.888
3,4,2.0,2023,0.888
3,4,2.0,2024,0.888
3,4,2.0,2025,0.888
3,4,2.0,2026,0.888
3,4,2.0,2027,0.888
3,4,2.0,2028,0.888
3,4,2.0,2029,0.888
3,4,2.0,2030,0.888
3,4,2.0,2031,0.888
3,4,2.0,2032,0.888
3,4,2.0,2033,0.888
3,4,2.0,2034,0.888
3,4,2.0,2035,0.888
3,4,2.0,2036,0.888
3,4,2.0,2037,0.888
3,4,2.0,2038,0.888
3,4,2.0,2039,0.888
3,4,2.0,2040,0.888
3,4,2.0,2041,0.888
3,4,2.0,2042,0.888
3,4,2.0,2043,0.888
3,4,2.0,2044,0.888
3,4,2.0,2045,0.888
3,4,2.0,2046,0.888
3,4,2.0,2047,0.888
3,4,2.0,2048,0.888
3,4,2.0,2049,0.888
3,4,2.0,2050,0.888
3,4,3.0,2023,0.888
3,4,3.0,2024,0.888
3,4,3.0,2025,0.888
3,4,3.0,2026,0.888
3,4,3.0,2027,0.888
3,4,3.0,2028,0.888
3,4,3.0,2029,0.888
3,4,3.0,2030,0.888
3,4,3.0,2031,0.888
3,4,3.0,2032,0.888
3,4,3.0,2033,0.888
3,4,3.0,2034,0.888
3,4,3.0,2035,0.888
3,4,3.0,2036,0.888
3,4,3.0,2037,0.888
3,4,3.0,2038,0.888
3,4,3.0,2039,0.888
3,4,3.0,2040,0.888
3,4,3.0,2041,0.888
3,4,3.0,2042,0.888
3,4,3.0,2043,0.888
3,4,3.0,2044,0.888
3,4,3.0,2045,0.888
3,4,3.0,2046,0.888
3,4,3.0,2047,0.888
3,4,3.0,2048,0.888
3,4,3.0,2049,0.888
3,4,3.0,2050,0.888
3,12,1.0,2023,1.996
3,12,1.0,2024,1.996
3,12,1.0,2025,1.996
3,12,1.0,2026,1.996
3,12,1.0,2027,1.996
3,12,1.0,2028,1.996
3,12,1.0,2029,1.996
3,12,1.0,2030,1.996
3,12,1.0,2031,1.996
3,12,1.0,2032,1.996
3,12,1.0,2033,1.996
3,12,1.0,2034,1.996
3,12,1.0,2035,1.996
3,12,1.0,2036,1.996
3,12,1.0,2037,1.996
3,12,1.0,2038,1.996
3,12,1.0,2039,1.996
3,12,1.0,2040,1.996
3,12,1.0,2041,1.996
3,12,1.0,2042,1.996
3,12,1.0,2043,1.996
3,12,1.0,2044,1.996
3,12,1.0,2045,1.996
3,12,1.0,2046,1.996
3,12,1.0,2047,1.996
3,12,1.0,2048,1.996
3,12,1.0,2049,1.996
3,12,1.0,2050,1.996
3,12,2.0,2023,1.996
3,12,2.0,2024,1.996
3,12,2.0,2025,1.996
3,12,2.0,2026,1.996
3,12,2.0,2027,1.996
3,12,2.0,2028,1.996
3,12,2.0,2029,1.996
3,12,2.0,2030,1.996
3,12,2.0,2031,1.996
3,12,2.0,2032,1.996
3,12,2.0,2033,1.996
3,12,2.0,2034,1.996
3,12,2.0,2035,1.996
3,12,2.0,2036,1.996
3,12,2.0,2037,1.996
3,12,2.0,2038,1.996
3,12,2.0,2039,1.996
3,12,2.0,2040,1.996
3,12,2.0,2041,1.996
3,12,2.0,2042,1.996
3,12,2.0,2043,1.996
3,12,2.0,2044,1.996
3,12,2.0,2045,1.996
3,12,2.0,2046,1.996
3,12,2.0,2047,1.996
3,12,2.0,2048,1.996
3,12,2.0,2049,1.996
3,12,2.0,2050,1.996
3,12,3.0,2023,1.996
3,12,3.0,2024,1.996
3,12,3.0,2025,1.996
3,12,3.0,2026,1.996
3,12,3.0,2027,1.996
3,12,3.0,2028,1.996
3,12,3.0,2029,1.996
3,12,3.0,2030,1.996
3,12,3.0,2031,1.996
3,12,3.0,2032,1.996
3,12,3.0,2033,1.996
3,12,3.0,2034,1.996
3,12,3.0,2035,1.996
3,12,3.0,2036,1.996
3,12,3.0,2037,1.996
3,12,3.0,2038,1.996
3,12,3.0,2039,1.996
3,12,3.0,2040,1.996
3,12,3.0,2041,1.996
3,12,3.0,2042,1.996
3,12,3.0,2043,1.996
3,12,3.0,2044,1.996
3,12,3.0,2045,1.996
3,12,3.0,2046,1.996
3,12,3.0,2047,1.996
3,12,3.0,2048,1.996
3,12,3.0,2049,1.996
3,12,3.0,2050,1.996
3,18,1.0,2023,0.429
3,18,1.0,2024,0.429
3,18,1.0,2025,0.429
3,18,1.0,2026,0.429
3,18,1.0,2027,0.429
3,18,1.0,2028,0.429
3,18,1.0,2029,0.429
3,18,1.0,2030,0.429
3,18,1.0,2031,0.429
3,18,1.0,2032,0.429
3,18,1.0,2033,0.429
3,18,1.0,2034,0.429
3,18,1.0,2035,0.429
3,18,1.0,2036,0.429
3,18,1.0,2037,0.429
3,18,1.0,2038,0.429
3,18,1.0,2039,0.429
3,18,1.0,2040,0.429
3,18,1.0,2041,0.429
3,18,1.0,2042,0.429
3,18,1.0,2043,0.429
3,18,1.0,2044,0.429
3,18,1.0,2045,0.429
3,18,1.0,2046,0.429
3,18,1.0,2047,0.429
3,18,1.0,2048,0.429
3,18,1.0,2049,0.429
3,18,1.0,2050,0.429
3,18,2.0,2023,0.429
3,18,2.0,2024,0.429
3,18,2.0,2025,0.429
3,18,2.0,2026,0.429
3,18,2.0,2027,0.429
3,18,2.0,2028,0.429
3,18,2.0,2029,0.429
3,18,2.0,2030,0.429
3,18,2.0,2031,0.429
3,18,2.0,2032,0.429
3,18,2.0,2033,0.429
3,18,2.0,2034,0.429
3,18,2.0,2035,0.429
3,18,2.0,2036,0.429
3,18,2.0,2037,0.429
3,18,2.0,2038,0.429
3,18,2.0,2039,0.429
3,18,2.0,2040,0.429
3,18,2.0,2041,0.429
3,18,2.0,2042,0.429
3,18,2.0,2043,0.429
3,18,2.0,2044,0.429
3,18,2.0,2045,0.429
3,18,2.0,2046,0.429
3,18,2.0,2047,0.429
3,18,2.0,2048,0.429
3,18,2.0,2049,0.429
3,18,2.0,2050,0.429
3,18,3.0,2023,0.429
3,18,3.0,2024,0.429
3,18,3.0,2025,0.429
3,18,3.0,2026,0.429
3,18,3.0,2027,0.429
3,18,3.0,2028,0.429
3,18,3.0,2029,0.429
3,18,3.0,2030,0.429
3,18,3.0,2031,0.429
3,18,3.0,2032,0.429
3,18,3.0,2033,0.429
3,18,3.0,2034,0.429
3,18,3.0,2035,0.429
3,18,3.0,2036,0.429
3,18,3.0,2037,0.429
3,18,3.0,2038,0.429
3,18,3.0,2039,0.429
3,18,3.0,2040,0.429
3,18,3.0,2041,0.429
3,18,3.0,2042,0.429
3,18,3.0,2043,0.429
3,18,3.0,2044,0.429
3,18,3.0,2045,0.429
3,18,3.0,2046,0.429
3,18,3.0,2047,0.429
3,18,3.0,2048,0.429
3,18,3.0,2049,0.429
3,18,3.0,2050,0.429
3,19,1.0,2023,9.521
3,19,1.0,2024,9.521
3,19,1.0,2025,9.521
3,19,1.0,2026,9.521
3,19,1.0,2027,9.521
3,19,1.0,2028,9.521
3,19,1.0,2029,9.521
3,19,1.0,2030,9.521
3,19,1.0,2031,9.521
3,19,1.0,2032,9.521
3,19,1.0,2033,9.521
3,19,1.0,2034,9.521
3,19,1.0,2035,9.521
3,19,1.0,2036,9.521
3,19,1.0,2037,9.521
3,19,1.0,2038,9.521
3,19,1.0,2039,9.521
3,19,1.0,2040,9.521
3,19,1.0,2041,9.521
3,19,1.0,2042,9.521
3,19,1.0,2043,9.521
3,19,1.0,2044,9.521
3,19,1.0,2045,9.521
3,19,1.0,2046,9.521
3,19,1.0,2047,9.521
3,19,1.0,2048,9.521
3,19,1.0,2049,9.521
3,19,1.0,2050,9.521
3,19,2.0,2023,9.521
3,19,2.0,2024,9.521
3,19,2.0,2025,9.521
3,19,2.0,2026,9.521
3,19,2.0,2027,9.521
3,19,2.0,2028,9.521
3,19,2.0,2029,9.521
3,19,2.0,2030,9.521
3,19,2.0,2031,9.521
3,19,2.0,2032,9.521
3,19,2.0,2033,9.521
3,19,2.0,2034,9.521
3,19,2.0,2035,9.521
3,19,2.0,2036,9.521
3,19,2.0,2037,9.521
3,19,2.0,2038,9.521
3,19,2.0,2039,9.521
3,19,2.0,2040,9.521
3,19,2.0,2041,9.521
3,19,2.0,2042,9.521
3,19,2.0,2043,9.521
3,19,2.0,2044,9.521
3,19,2.0,2045,9.521
3,19,2.0,2046,9.521
3,19,2.0,2047,9.521
3,19,2.0,2048,9.521
3,19,2.0,2049,9.521
3,19,2.0,2050,9.521
3,19,3.0,2023,9.521
3,19,3.0,2024,9.521
3,19,3.0,2025,9.521
3,19,3.0,2026,9.521
3,19,3.0,2027,9.521
3,19,3.0,2028,9.521
3,19,3.0,2029,9.521
3,19,3.0,2030,9.521
3,19,3.0,2031,9.521
3,19,3.0,2032,9.521
3,19,3.0,2033,9.521
3,19,3.0,2034,9.521
3,19,3.0,2035,9.521
3,19,3.0,2036,9.521
3,19,3.0,2037,9.521
3,19,3.0,2038,9.521
3,19,3.0,2039,9.521
3,19,3.0,2040,9.521
3,19,3.0,2041,9.521
3,19,3.0,2042,9.521
3,19,3.0,2043,9.521
3,19,3.0,2044,9.521
3,19,3.0,2045,9.521
3,19,3.0,2046,9.521
3,19,3.0,2047,9.521
3,19,3.0,2048,9.521
3,19,3.0,2049,9.521
3,19,3.0,2050,9.521
4,3,1.0,2023,0.888
4,3,1.0,2024,0.888
4,3,1.0,2025,0.888
4,3,1.0,2026,0.888
4,3,1.0,2027,0.888
4,3,1.0,2028,0.888
4,3,1.0,2029,0.888
4,3,1.0,2030,0.888
4,3,1.0,2031,0.888
4,3,1.0,2032,0.888
4,3,1.0,2033,0.888
4,3,1.0,2034,0.888
4,3,1.0,2035,0.888
4,3,1.0,2036,0.888
4,3,1.0,2037,0.888
4,3,1.0,2038,0.888
4,3,1.0,2039,0.888
4,3,1.0,2040,0.888
4,3,1.0,2041,0.888
4,3,1.0,2042,0.888
4,3,1.0,2043,0.888
4,3,1.0,2044,0.888
4,3,1.0,2045,0.888
4,3,1.0,2046,0.888
4,3,1.0,2047,0.888
4,3,1.0,2048,0.888
4,3,1.0,2049,0.888
4,3,1.0,2050,0.888
4,3,2.0,2023,0.888
4,3,2.0,2024,0.888
4,3,2.0,2025,0.888
4,3,2.0,2026,0.888
4,3,2.0,2027,0.888
4,3,2.0,2028,0.888
4,3,2.0,2029,0.888
4,3,2.0,2030,0.888
4,3,2.0,2031,0.888
4,3,2.0,2032,0.888
4,3,2.0,2033,0.888
4,3,2.0,2034,0.888
4,3,2.0,2035,0.888
4,3,2.0,2036,0.888
4,3,2.0,2037,0.888
4,3,2.0,2038,0.888
4,3,2.0,2039,0.888
4,3,2.0,2040,0.888
4,3,2.0,2041,0.888
4,3,2.0,2042,0.888
4,3,2.0,2043,0.888
4,3,2.0,2044,0.888
4,3,2.0,2045,0.888
4,3,2.0,2046,0.888
4,3,2.0,2047,0.888
4,3,2.0,2048,0.888
4,3,2.0,2049,0.888
4,3,2.0,2050,0.888
4,3,3.0,2023,0.888
4,3,3.0,2024,0.888
4,3,3.0,2025,0.888
4,3,3.0,2026,0.888
4,3,3.0,2027,0.888
4,3,3.0,2028,0.888
4,3,3.0,2029,0.888
4,3,3.0,2030,0.888
4,3,3.0,2031,0.888
4,3,3.0,2032,0.888
4,3,3.0,2033,0.888
4,3,3.0,2034,0.888
4,3,3.0,2035,0.888
4,3,3.0,2036,0.888
4,3,3.0,2037,0.888
4,3,3.0,2038,0.888
4,3,3.0,2039,0.888
4,3,3.0,2040,0.888
4,3,3.0,2041,0.888
4,3,3.0,2042,0.888
4,3,3.0,2043,0.888
4,3,3.0,2044,0.888
4,3,3.0,2045,0.888
4,3,3.0,2046,0.888
4,3,3.0,2047,0.888
4,3,3.0,2048,0.888
4,3,3.0,2049,0.888
4,3,3.0,2050,0.888
4,5,1.0,2023,0.378
4,5,1.0,2024,0.378
4,5,1.0,2025,0.378
4,5,1.0,2026,0.378
4,5,1.0,2027,0.378
4,5,1.0,2028,0.378
4,5,1.0,2029,0.378
4,5,1.0,2030,0.378
4,5,1.0,2031,0.378
4,5,1.0,2032,0.378
4,5,1.0,2033,0.378
4,5,1.0,2034,0.378
4,5,1.0,2035,0.378
4,5,1.0,2036,0.378
4,5,1.0,2037,0.378
4,5,1.0,2038,0.378
4,5,1.0,2039,0.378
4,5,1.0,2040,0.378
4,5,1.0,2041,0.378
4,5,1.0,2042,0.378
4,5,1.0,2043,0.378
4,5,1.0,2044,0.378
4,5,1.0,2045,0.378
4,5,1.0,2046,0.378
4,5,1.0,2047,0.378
4,5,1.0,2048,0.378
4,5,1.0,2049,0.378
4,5,1.0,2050,0.378
4,5,2.0,2023,0.378
4,5,2.0,2024,0.378
4,5,2.0,2025,0.378
4,5,2.0,2026,0.378
4,5,2.0,2027,0.378
4,5,2.0,2028,0.378
4,5,2.0,2029,0.378
4,5,2.0,2030,0.378
4,5,2.0,2031,0.378
4,5,2.0,2032,0.378
4,5,2.0,2033,0.378
4,5,2.0,2034,0.378
4,5,2.0,2035,0.378
4,5,2.0,2036,0.378
4,5,2.0,2037,0.378
4,5,2.0,2038,0.378
4,5,2.0,2039,0.378
4,5,2.0,2040,0.378
4,5,2.0,2041,0.378
4,5,2.0,2042,0.378
4,5,2.0,2043,0.378
4,5,2.0,2044,0.378
4,5,2.0,2045,0.378
4,5,2.0,2046,0.378
4,5,2.0,2047,0.378
4,5,2.0,2048,0.378
4,5,2.0,2049,0.378
4,5,2.0,2050,0.378
4,5,3.0,2023,0.378
4,5,3.0,2024,0.378
4,5,3.0,2025,0.378
4,5,3.0,2026,0.378
4,5,3.0,2027,0.378
4,5,3.0,2028,0.378
4,5,3.0,2029,0.378
4,5,3.0,2030,0.378
4,5,3.0,2031,0.378
4,5,3.0,2032,0.378
4,5,3.0,2033,0.378
4,5,3.0,2034,0.378
4,5,3.0,2035,0.378
4,5,3.0,2036,0.378
4,5,3.0,2037,0.378
4,5,3.0,2038,0.378
4,5,3.0,2039,0.378
4,5,3.0,2040,0.378
4,5,3.0,2041,0.378
4,5,3.0,2042,0.378
4,5,3.0,2043,0.378
4,5,3.0,2044,0.378
4,5,3.0,2045,0.378
4,5,3.0,2046,0.378
4,5,3.0,2047,0.378
4,5,3.0,2048,0.378
4,5,3.0,2049,0.378
4,5,3.0,2050,0.378
4,11,1.0,2023,10.262
4,11,1.0,2024,10.262
4,11,1.0,2025,10.262
4,11,1.0,2026,10.262
4,11,1.0,2027,10.262
4,11,1.0,2028,10.262
4,11,1.0,2029,10.262
4,11,1.0,2030,10.262
4,11,1.0,2031,10.262
4,11,1.0,2032,10.262
4,11,1.0,2033,10.262
4,11,1.0,2034,10.262
4,11,1.0,2035,10.262
4,11,1.0,2036,10.262
4,11,1.0,2037,10.262
4,11,1.0,2038,10.262
4,11,1.0,2039,10.262
4,11,1.0,2040,10.262
4,11,1.0,2041,10.262
4,11,1.0,2042,10.262
4,11,1.0,2043,10.262
4,11,1.0,2044,10.262
4,11,1.0,2045,10.262
4,11,1.0,2046,10.262
4,11,1.0,2047,10.262
4,11,1.0,2048,10.262
4,11,1.0,2049,10.262
4,11,1.0,2050,10.262
4,11,2.0,2023,10.262
4,11,2.0,2024,10.262
4,11,2.0,2025,10.262
4,11,2.0,2026,10.262
4,11,2.0,2027,10.262
4,11,2.0,2028,10.262
4,11,2.0,2029,10.262
4,11,2.0,2030,10.262
4,11,2.0,2031,10.262
4,11,2.0,2032,10.262
4,11,2.0,2033,10.262
4,11,2.0,2034,10.262
4,11,2.0,2035,10.262
4,11,2.0,2036,10.262
4,11,2.0,2037,10.262
4,11,2.0,2038,10.262
4,11,2.0,2039,10.262
4,11,2.0,2040,10.262
4,11,2.0,2041,10.262
4,11,2.0,2042,10.262
4,11,2.0,2043,10.262
4,11,2.0,2044,10.262
4,11,2.0,2045,10.262
4,11,2.0,2046,10.262
4,11,2.0,2047,10.262
4,11,2.0,2048,10.262
4,11,2.0,2049,10.262
4,11,2.0,2050,10.262
4,11,3.0,2023,10.262
4,11,3.0,2024,10.262
4,11,3.0,2025,10.262
4,11,3.0,2026,10.262
4,11,3.0,2027,10.262
4,11,3.0,2028,10.262
4,11,3.0,2029,10.262
4,11,3.0,2030,10.262
4,11,3.0,2031,10.262
4,11,3.0,2032,10.262
4,11,3.0,2033,10.262
4,11,3.0,2034,10.262
4,11,3.0,2035,10.262
4,11,3.0,2036,10.262
4,11,3.0,2037,10.262
4,11,3.0,2038,10.262
4,11,3.0,2039,10.262
4,11,3.0,2040,10.262
4,11,3.0,2041,10.262
4,11,3.0,2042,10.262
4,11,3.0,2043,10.262
4,11,3.0,2044,10.262
4,11,3.0,2045,10.262
4,11,3.0,2046,10.262
4,11,3.0,2047,10.262
4,11,3.0,2048,10.262
4,11,3.0,2049,10.262
4,11,3.0,2050,10.262
4,12,1.0,2023,8.746
4,12,1.0,2024,8.746
4,12,1.0,2025,8.746
4,12,1.0,2026,8.746
4,12,1.0,2027,8.746
4,12,1.0,2028,8.746
4,12,1.0,2029,8.746
4,12,1.0,2030,8.746
4,12,1.0,2031,8.746
4,12,1.0,2032,8.746
4,12,1.0,2033,8.746
4,12,1.0,2034,8.746
4,12,1.0,2035,8.746
4,12,1.0,2036,8.746
4,12,1.0,2037,8.746
4,12,1.0,2038,8.746
4,12,1.0,2039,8.746
4,12,1.0,2040,8.746
4,12,1.0,2041,8.746
4,12,1.0,2042,8.746
4,12,1.0,2043,8.746
4,12,1.0,2044,8.746
4,12,1.0,2045,8.746
4,12,1.0,2046,8.746
4,12,1.0,2047,8.746
4,12,1.0,2048,8.746
4,12,1.0,2049,8.746
4,12,1.0,2050,8.746
4,12,2.0,2023,8.746
4,12,2.0,2024,8.746
4,12,2.0,2025,8.746
4,12,2.0,2026,8.746
4,12,2.0,2027,8.746
4,12,2.0,2028,8.746
4,12,2.0,2029,8.746
4,12,2.0,2030,8.746
4,12,2.0,2031,8.746
4,12,2.0,2032,8.746
4,12,2.0,2033,8.746
4,12,2.0,2034,8.746
4,12,2.0,2035,8.746
4,12,2.0,2036,8.746
4,12,2.0,2037,8.746
4,12,2.0,2038,8.746
4,12,2.0,2039,8.746
4,12,2.0,2040,8.746
4,12,2.0,2041,8.746
4,12,2.0,2042,8.746
4,12,2.0,2043,8.746
4,12,2.0,2044,8.746
4,12,2.0,2045,8.746
4,12,2.0,2046,8.746
4,12,2.0,2047,8.746
4,12,2.0,2048,8.746
4,12,2.0,2049,8.746
4,12,2.0,2050,8.746
4,12,3.0,2023,8.746
4,12,3.0,2024,8.746
4,12,3.0,2025,8.746
4,12,3.0,2026,8.746
4,12,3.0,2027,8.746
4,12,3.0,2028,8.746
4,12,3.0,2029,8.746
4,12,3.0,2030,8.746
4,12,3.0,2031,8.746
4,12,3.0,2032,8.746
4,12,3.0,2033,8.746
4,12,3.0,2034,8.746
4,12,3.0,2035,8.746
4,12,3.0,2036,8.746
4,12,3.0,2037,8.746
4,12,3.0,2038,8.746
4,12,3.0,2039,8.746
4,12,3.0,2040,8.746
4,12,3.0,2041,8.746
4,12,3.0,2042,8.746
4,12,3.0,2043,8.746
4,12,3.0,2044,8.746
4,12,3.0,2045,8.746
4,12,3.0,2046,8.746
4,12,3.0,2047,8.746
4,12,3.0,2048,8.746
4,12,3.0,2049,8.746
4,12,3.0,2050,8.746
4,16,1.0,2023,8.367
4,16,1.0,2024,8.367
4,16,1.0,2025,8.367
4,16,1.0,2026,8.367
4,16,1.0,2027,8.367
4,16,1.0,2028,8.367
4,16,1.0,2029,8.367
4,16,1.0,2030,8.367
4,16,1.0,2031,8.367
4,16,1.0,2032,8.367
4,16,1.0,2033,8.367
4,16,1.0,2034,8.367
4,16,1.0,2035,8.367
4,16,1.0,2036,8.367
4,16,1.0,2037,8.367
4,16,1.0,2038,8.367
4,16,1.0,2039,8.367
4,16,1.0,2040,8.367
4,16,1.0,2041,8.367
4,16,1.0,2042,8.367
4,16,1.0,2043,8.367
4,16,1.0,2044,8.367
4,16,1.0,2045,8.367
4,16,1.0,2046,8.367
4,16,1.0,2047,8.367
4,16,1.0,2048,8.367
4,16,1.0,2049,8.367
4,16,1.0,2050,8.367
4,16,2.0,2023,8.367
4,16,2.0,2024,8.367
4,16,2.0,2025,8.367
4,16,2.0,2026,8.367
4,16,2.0,2027,8.367
4,16,2.0,2028,8.367
4,16,2.0,2029,8.367
4,16,2.0,2030,8.367
4,16,2.0,2031,8.367
4,16,2.0,2032,8.367
4,16,2.0,2033,8.367
4,16,2.0,2034,8.367
4,16,2.0,2035,8.367
4,16,2.0,2036,8.367
4,16,2.0,2037,8.367
4,16,2.0,2038,8.367
4,16,2.0,2039,8.367
4,16,2.0,2040,8.367
4,16,2.0,2041,8.367
4,16,2.0,2042,8.367
4,16,2.0,2043,8.367
4,16,2.0,2044,8.367
4,16,2.0,2045,8.367
4,16,2.0,2046,8.367
4,16,2.0,2047,8.367
4,16,2.0,2048,8.367
4,16,2.0,2049,8.367
4,16,2.0,2050,8.367
4,16,3.0,2023,8.367
4,16,3.0,2024,8.367
4,16,3.0,2025,8.367
4,16,3.0,2026,8.367
4,16,3.0,2027,8.367
4,16,3.0,2028,8.367
4,16,3.0,2029,8.367
4,16,3.0,2030,8.367
4,16,3.0,2031,8.367
4,16,3.0,2032,8.367
4,16,3.0,2033,8.367
4,16,3.0,2034,8.367
4,16,3.0,2035,8.367
4,16,3.0,2036,8.367
4,16,3.0,2037,8.367
4,16,3.0,2038,8.367
4,16,3.0,2039,8.367
4,16,3.0,2040,8.367
4,16,3.0,2041,8.367
4,16,3.0,2042,8.367
4,16,3.0,2043,8.367
4,16,3.0,2044,8.367
4,16,3.0,2045,8.367
4,16,3.0,2046,8.367
4,16,3.0,2047,8.367
4,16,3.0,2048,8.367
4,16,3.0,2049,8.367
4,16,3.0,2050,8.367
4,17,1.0,2023,3.0
4,17,1.0,2024,3.0
4,17,1.0,2025,3.0
4,17,1.0,2026,3.0
4,17,1.0,2027,3.0
4,17,1.0,2028,3.0
4,17,1.0,2029,3.0
4,17,1.0,2030,3.0
4,17,1.0,2031,3.0
4,17,1.0,2032,3.0
4,17,1.0,2033,3.0
4,17,1.0,2034,3.0
4,17,1.0,2035,3.0
4,17,1.0,2036,3.0
4,17,1.0,2037,3.0
4,17,1.0,2038,3.0
4,17,1.0,2039,3.0
4,17,1.0,2040,3.0
4,17,1.0,2041,3.0
4,17,1.0,2042,3.0
4,17,1.0,2043,3.0
4,17,1.0,2044,3.0
4,17,1.0,2045,3.0
4,17,1.0,2046,3.0
4,17,1.0,2047,3.0
4,17,1.0,2048,3.0
4,17,1.0,2049,3.0
4,17,1.0,2050,3.0
4,17,2.0,2023,3.0
4,17,2.0,2024,3.0
4,17,2.0,2025,3.0
4,17,2.0,2026,3.0
4,17,2.0,2027,3.0
4,17,2.0,2028,3.0
4,17,2.0,2029,3.0
4,17,2.0,2030,3.0
4,17,2.0,2031,3.0
4,17,2.0,2032,3.0
4,17,2.0,2033,3.0
4,17,2.0,2034,3.0
4,17,2.0,2035,3.0
4,17,2.0,2036,3.0
4,17,2.0,2037,3.0
4,17,2.0,2038,3.0
4,17,2.0,2039,3.0
4,17,2.0,2040,3.0
4,17,2.0,2041,3.0
4,17,2.0,2042,3.0
4,17,2.0,2043,3.0
4,17,2.0,2044,3.0
4,17,2.0,2045,3.0
4,17,2.0,2046,3.0
4,17,2.0,2047,3.0
4,17,2.0,2048,3.0
4,17,2.0,2049,3.0
4,17,2.0,2050,3.0
4,17,3.0,2023,3.0
4,17,3.0,2024,3.0
4,17,3.0,2025,3.0
4,17,3.0,2026,3.0
4,17,3.0,2027,3.0
4,17,3.0,2028,3.0
4,17,3.0,2029,3.0
4,17,3.0,2030,3.0
4,17,3.0,2031,3.0
4,17,3.0,2032,3.0
4,17,3.0,2033,3.0
4,17,3.0,2034,3.0
4,17,3.0,2035,3.0
4,17,3.0,2036,3.0
4,17,3.0,2037,3.0
4,17,3.0,2038,3.0
4,17,3.0,2039,3.0
4,17,3.0,2040,3.0
4,17,3.0,2041,3.0
4,17,3.0,2042,3.0
4,17,3.0,2043,3.0
4,17,3.0,2044,3.0
4,17,3.0,2045,3.0
4,17,3.0,2046,3.0
4,17,3.0,2047,3.0
4,17,3.0,2048,3.0
4,17,3.0,2049,3.0
4,17,3.0,2050,3.0
4,18,1.0,2023,1.138
4,18,1.0,2024,1.138
4,18,1.0,2025,1.138
4,18,1.0,2026,1.138
4,18,1.0,2027,1.138
4,18,1.0,2028,1.138
4,18,1.0,2029,1.138
4,18,1.0,2030,1.138
4,18,1.0,2031,1.138
4,18,1.0,2032,1.138
4,18,1.0,2033,1.138
4,18,1.0,2034,1.138
4,18,1.0,2035,1.138
4,18,1.0,2036,1.138
4,18,1.0,2037,1.138
4,18,1.0,2038,1.138
4,18,1.0,2039,1.138
4,18,1.0,2040,1.138
4,18,1.0,2041,1.138
4,18,1.0,2042,1.138
4,18,1.0,2043,1.138
4,18,1.0,2044,1.138
4,18,1.0,2045,1.138
4,18,1.0,2046,1.138
4,18,1.0,2047,1.138
4,18,1.0,2048,1.138
4,18,1.0,2049,1.138
4,18,1.0,2050,1.138
4,18,2.0,2023,1.138
4,18,2.0,2024,1.138
4,18,2.0,2025,1.138
4,18,2.0,2026,1.138
4,18,2.0,2027,1.138
4,18,2.0,2028,1.138
4,18,2.0,2029,1.138
4,18,2.0,2030,1.138
4,18,2.0,2031,1.138
4,18,2.0,2032,1.138
4,18,2.0,2033,1.138
4,18,2.0,2034,1.138
4,18,2.0,2035,1.138
4,18,2.0,2036,1.138
4,18,2.0,2037,1.138
4,18,2.0,2038,1.138
4,18,2.0,2039,1.138
4,18,2.0,2040,1.138
4,18,2.0,2041,1.138
4,18,2.0,2042,1.138
4,18,2.0,2043,1.138
4,18,2.0,2044,1.138
4,18,2.0,2045,1.138
4,18,2.0,2046,1.138
4,18,2.0,2047,1.138
4,18,2.0,2048,1.138
4,18,2.0,2049,1.138
4,18,2.0,2050,1.138
4,18,3.0,2023,1.138
4,18,3.0,2024,1.138
4,18,3.0,2025,1.138
4,18,3.0,2026,1.138
4,18,3.0,2027,1.138
4,18,3.0,2028,1.138
4,18,3.0,2029,1.138
4,18,3.0,2030,1.138
4,18,3.0,2031,1.138
4,18,3.0,2032,1.138
4,18,3.0,2033,1.138
4,18,3.0,2034,1.138
4,18,3.0,2035,1.138
4,18,3.0,2036,1.138
4,18,3.0,2037,1.138
4,18,3.0,2038,1.138
4,18,3.0,2039,1.138
4,18,3.0,2040,1.138
4,18,3.0,2041,1.138
4,18,3.0,2042,1.138
4,18,3.0,2043,1.138
4,18,3.0,2044,1.138
4,18,3.0,2045,1.138
4,18,3.0,2046,1.138
4,18,3.0,2047,1.138
4,18,3.0,2048,1.138
4,18,3.0,2049,1.138
4,18,3.0,2050,1.138
5,4,1.0,2023,0.378
5,4,1.0,2024,0.378
5,4,1.0,2025,0.378
5,4,1.0,2026,0.378
5,4,1.0,2027,0.378
5,4,1.0,2028,0.378
5,4,1.0,2029,0.378
5,4,1.0,2030,0.378
5,4,1.0,2031,0.378
5,4,1.0,2032,0.378
5,4,1.0,2033,0.378
5,4,1.0,2034,0.378
5,4,1.0,2035,0.378
5,4,1.0,2036,0.378
5,4,1.0,2037,0.378
5,4,1.0,2038,0.378
5,4,1.0,2039,0.378
5,4,1.0,2040,0.378
5,4,1.0,2041,0.378
5,4,1.0,2042,0.378
5,4,1.0,2043,0.378
5,4,1.0,2044,0.378
5,4,1.0,2045,0.378
5,4,1.0,2046,0.378
5,4,1.0,2047,0.378
5,4,1.0,2048,0.378
5,4,1.0,2049,0.378
5,4,1.0,2050,0.378
5,4,2.0,2023,0.378
5,4,2.0,2024,0.378
5,4,2.0,2025,0.378
5,4,2.0,2026,0.378
5,4,2.0,2027,0.378
5,4,2.0,2028,0.378
5,4,2.0,2029,0.378
5,4,2.0,2030,0.378
5,4,2.0,2031,0.378
5,4,2.0,2032,0.378
5,4,2.0,2033,0.378
5,4,2.0,2034,0.378
5,4,2.0,2035,0.378
5,4,2.0,2036,0.378
5,4,2.0,2037,0.378
5,4,2.0,2038,0.378
5,4,2.0,2039,0.378
5,4,2.0,2040,0.378
5,4,2.0,2041,0.378
5,4,2.0,2042,0.378
5,4,2.0,2043,0.378
5,4,2.0,2044,0.378
5,4,2.0,2045,0.378
5,4,2.0,2046,0.378
5,4,2.0,2047,0.378
5,4,2.0,2048,0.378
5,4,2.0,2049,0.378
5,4,2.0,2050,0.378
5,4,3.0,2023,0.378
5,4,3.0,2024,0.378
5,4,3.0,2025,0.378
5,4,3.0,2026,0.378
5,4,3.0,2027,0.378
5,4,3.0,2028,0.378
5,4,3.0,2029,0.378
5,4,3.0,2030,0.378
5,4,3.0,2031,0.378
5,4,3.0,2032,0.378
5,4,3.0,2033,0.378
5,4,3.0,2034,0.378
5,4,3.0,2035,0.378
5,4,3.0,2036,0.378
5,4,3.0,2037,0.378
5,4,3.0,2038,0.378
5,4,3.0,2039,0.378
5,4,3.0,2040,0.378
5,4,3.0,2041,0.378
5,4,3.0,2042,0.378
5,4,3.0,2043,0.378
5,4,3.0,2044,0.378
5,4,3.0,2045,0.378
5,4,3.0,2046,0.378
5,4,3.0,2047,0.378
5,4,3.0,2048,0.378
5,4,3.0,2049,0.378
5,4,3.0,2050,0.378
5,11,1.0,2023,1.526
5,11,1.0,2024,1.526
5,11,1.0,2025,1.526
5,11,1.0,2026,1.526
5,11,1.0,2027,1.526
5,11,1.0,2028,1.526
5,11,1.0,2029,1.526
5,11,1.0,2030,1.526
5,11,1.0,2031,1.526
5,11,1.0,2032,1.526
5,11,1.0,2033,1.526
5,11,1.0,2034,1.526
5,11,1.0,2035,1.526
5,11,1.0,2036,1.526
5,11,1.0,2037,1.526
5,11,1.0,2038,1.526
5,11,1.0,2039,1.526
5,11,1.0,2040,1.526
5,11,1.0,2041,1.526
5,11,1.0,2042,1.526
5,11,1.0,2043,1.526
5,11,1.0,2044,1.526
5,11,1.0,2045,1.526
5,11,1.0,2046,1.526
5,11,1.0,2047,1.526
5,11,1.0,2048,1.526
5,11,1.0,2049,1.526
5,11,1.0,2050,1.526
5,11,2.0,2023,1.526
5,11,2.0,2024,1.526
5,11,2.0,2025,1.526
5,11,2.0,2026,1.526
5,11,2.0,2027,1.526
5,11,2.0,2028,1.526
5,11,2.0,2029,1.526
5,11,2.0,2030,1.526
5,11,2.0,2031,1.526
5,11,2.0,2032,1.526
5,11,2.0,2033,1.526
5,11,2.0,2034,1.526
5,11,2.0,2035,1.526
5,11,2.0,2036,1.526
5,11,2.0,2037,1.526
5,11,2.0,2038,1.526
5,11,2.0,2039,1.526
5,11,2.0,2040,1.526
5,11,2.0,2041,1.526
5,11,2.0,2042,1.526
5,11,2.0,2043,1.526
5,11,2.0,2044,1.526
5,11,2.0,2045,1.526
5,11,2.0,2046,1.526
5,11,2.0,2047,1.526
5,11,2.0,2048,1.526
5,11,2.0,2049,1.526
5,11,2.0,2050,1.526
5,11,3.0,2023,1.526
5,11,3.0,2024,1.526
5,11,3.0,2025,1.526
5,11,3.0,2026,1.526
5,11,3.0,2027,1.526
5,11,3.0,2028,1.526
5,11,3.0,2029,1.526
5,11,3.0,2030,1.526
5,11,3.0,2031,1.526
5,11,3.0,2032,1.526
5,11,3.0,2033,1.526
5,11,3.0,2034,1.526
5,11,3.0,2035,1.526
5,11,3.0,2036,1.526
5,11,3.0,2037,1.526
5,11,3.0,2038,1.526
5,11,3.0,2039,1.526
5,11,3.0,2040,1.526
5,11,3.0,2041,1.526
5,11,3.0,2042,1.526
5,11,3.0,2043,1.526
5,11,3.0,2044,1.526
5,11,3.0,2045,1.526
5,11,3.0,2046,1.526
5,11,3.0,2047,1.526
5,11,3.0,2048,1.526
5,11,3.0,2049,1.526
5,11,3.0,2050,1.526
6,15,1.0,2023,3.0
6,15,1.0,2024,3.0
6,15,1.0,2025,3.0
6,15,1.0,2026,3.0
6,15,1.0,2027,3.0
6,15,1.0,2028,3.0
6,15,1.0,2029,3.0
6,15,1.0,2030,3.0
6,15,1.0,2031,3.0
6,15,1.0,2032,3.0
6,15,1.0,2033,3.0
6,15,1.0,2034,3.0
6,15,1.0,2035,3.0
6,15,1.0,2036,3.0
6,15,1.0,2037,3.0
6,15,1.0,2038,3.0
6,15,1.0,2039,3.0
6,15,1.0,2040,3.0
6,15,1.0,2041,3.0
6,15,1.0,2042,3.0
6,15,1.0,2043,3.0
6,15,1.0,2044,3.0
6,15,1.0,2045,3.0
6,15,1.0,2046,3.0
6,15,1.0,2047,3.0
6,15,1.0,2048,3.0
6,15,1.0,2049,3.0
6,15,1.0,2050,3.0
6,15,2.0,2023,3.0
6,15,2.0,2024,3.0
6,15,2.0,2025,3.0
6,15,2.0,2026,3.0
6,15,2.0,2027,3.0
6,15,2.0,2028,3.0
6,15,2.0,2029,3.0
6,15,2.0,2030,3.0
6,15,2.0,2031,3.0
6,15,2.0,2032,3.0
6,15,2.0,2033,3.0
6,15,2.0,2034,3.0
6,15,2.0,2035,3.0
6,15,2.0,2036,3.0
6,15,2.0,2037,3.0
6,15,2.0,2038,3.0
6,15,2.0,2039,3.0
6,15,2.0,2040,3.0
6,15,2.0,2041,3.0
6,15,2.0,2042,3.0
6,15,2.0,2043,3.0
6,15,2.0,2044,3.0
6,15,2.0,2045,3.0
6,15,2.0,2046,3.0
6,15,2.0,2047,3.0
6,15,2.0,2048,3.0
6,15,2.0,2049,3.0
6,15,2.0,2050,3.0
6,15,3.0,2023,3.0
6,15,3.0,2024,3.0
6,15,3.0,2025,3.0
6,15,3.0,2026,3.0
6,15,3.0,2027,3.0
6,15,3.0,2028,3.0
6,15,3.0,2029,3.0
6,15,3.0,2030,3.0
6,15,3.0,2031,3.0
6,15,3.0,2032,3.0
6,15,3.0,2033,3.0
6,15,3.0,2034,3.0
6,15,3.0,2035,3.0
6,15,3.0,2036,3.0
6,15,3.0,2037,3.0
6,15,3.0,2038,3.0
6,15,3.0,2039,3.0
6,15,3.0,2040,3.0
6,15,3.0,2041,3.0
6,15,3.0,2042,3.0
6,15,3.0,2043,3.0
6,15,3.0,2044,3.0
6,15,3.0,2045,3.0
6,15,3.0,2046,3.0
6,15,3.0,2047,3.0
6,15,3.0,2048,3.0
6,15,3.0,2049,3.0
6,15,3.0,2050,3.0
6,16,1.0,2023,2.919
6,16,1.0,2024,2.919
6,16,1.0,2025,2.919
6,16,1.0,2026,2.919
6,16,1.0,2027,2.919
6,16,1.0,2028,2.919
6,16,1.0,2029,2.919
6,16,1.0,2030,2.919
6,16,1.0,2031,2.919
6,16,1.0,2032,2.919
6,16,1.0,2033,2.919
6,16,1.0,2034,2.919
6,16,1.0,2035,2.919
6,16,1.0,2036,2.919
6,16,1.0,2037,2.919
6,16,1.0,2038,2.919
6,16,1.0,2039,2.919
6,16,1.0,2040,2.919
6,16,1.0,2041,2.919
6,16,1.0,2042,2.919
6,16,1.0,2043,2.919
6,16,1.0,2044,2.919
6,16,1.0,2045,2.919
6,16,1.0,2046,2.919
6,16,1.0,2047,2.919
6,16,1.0,2048,2.919
6,16,1.0,2049,2.919
6,16,1.0,2050,2.919
6,16,2.0,2023,2.919
6,16,2.0,2024,2.919
6,16,2.0,2025,2.919
6,16,2.0,2026,2.919
6,16,2.0,2027,2.919
6,16,2.0,2028,2.919
6,16,2.0,2029,2.919
6,16,2.0,2030,2.919
6,16,2.0,2031,2.919
6,16,2.0,2032,2.919
6,16,2.0,2033,2.919
6,16,2.0,2034,2.919
6,16,2.0,2035,2.919
6,16,2.0,2036,2.919
6,16,2.0,2037,2.919
6,16,2.0,2038,2.919
6,16,2.0,2039,2.919
6,16,2.0,2040,2.919
6,16,2.0,2041,2.919
6,16,2.0,2042,2.919
6,16,2.0,2043,2.919
6,16,2.0,2044,2.919
6,16,2.0,2045,2.919
6,16,2.0,2046,2.919
6,16,2.0,2047,2.919
6,16,2.0,2048,2.919
6,16,2.0,2049,2.919
6,16,2.0,2050,2.919
6,16,3.0,2023,2.919
6,16,3.0,2024,2.919
6,16,3.0,2025,2.919
6,16,3.0,2026,2.919
6,16,3.0,2027,2.919
6,16,3.0,2028,2.919
6,16,3.0,2029,2.919
6,16,3.0,2030,2.919
6,16,3.0,2031,2.919
6,16,3.0,2032,2.919
6,16,3.0,2033,2.919
6,16,3.0,2034,2.919
6,16,3.0,2035,2.919
6,16,3.0,2036,2.919
6,16,3.0,2037,2.919
6,16,3.0,2038,2.919
6,16,3.0,2039,2.919
6,16,3.0,2040,2.919
6,16,3.0,2041,2.919
6,16,3.0,2042,2.919
6,16,3.0,2043,2.919
6,16,3.0,2044,2.919
6,16,3.0,2045,2.919
6,16,3.0,2046,2.919
6,16,3.0,2047,2.919
6,16,3.0,2048,2.919
6,16,3.0,2049,2.919
6,16,3.0,2050,2.919
6,17,1.0,2023,1.736
6,17,1.0,2024,1.736
6,17,1.0,2025,1.736
6,17,1.0,2026,1.736
6,17,1.0,2027,1.736
6,17,1.0,2028,1.736
6,17,1.0,2029,1.736
6,17,1.0,2030,1.736
6,17,1.0,2031,1.736
6,17,1.0,2032,1.736
6,17,1.0,2033,1.736
6,17,1.0,2034,1.736
6,17,1.0,2035,1.736
6,17,1.0,2036,1.736
6,17,1.0,2037,1.736
6,17,1.0,2038,1.736
6,17,1.0,2039,1.736
6,17,1.0,2040,1.736
6,17,1.0,2041,1.736
6,17,1.0,2042,1.736
6,17,1.0,2043,1.736
6,17,1.0,2044,1.736
6,17,1.0,2045,1.736
6,17,1.0,2046,1.736
6,17,1.0,2047,1.736
6,17,1.0,2048,1.736
6,17,1.0,2049,1.736
6,17,1.0,2050,1.736
6,17,2.0,2023,1.736
6,17,2.0,2024,1.736
6,17,2.0,2025,1.736
6,17,2.0,2026,1.736
6,17,2.0,2027,1.736
6,17,2.0,2028,1.736
6,17,2.0,2029,1.736
6,17,2.0,2030,1.736
6,17,2.0,2031,1.736
6,17,2.0,2032,1.736
6,17,2.0,2033,1.736
6,17,2.0,2034,1.736
6,17,2.0,2035,1.736
6,17,2.0,2036,1.736
6,17,2.0,2037,1.736
6,17,2.0,2038,1.736
6,17,2.0,2039,1.736
6,17,2.0,2040,1.736
6,17,2.0,2041,1.736
6,17,2.0,2042,1.736
6,17,2.0,2043,1.736
6,17,2.0,2044,1.736
6,17,2.0,2045,1.736
6,17,2.0,2046,1.736
6,17,2.0,2047,1.736
6,17,2.0,2048,1.736
6,17,2.0,2049,1.736
6,17,2.0,2050,1.736
6,17,3.0,2023,1.736
6,17,3.0,2024,1.736
6,17,3.0,2025,1.736
6,17,3.0,2026,1.736
6,17,3.0,2027,1.736
6,17,3.0,2028,1.736
6,17,3.0,2029,1.736
6,17,3.0,2030,1.736
6,17,3.0,2031,1.736
6,17,3.0,2032,1.736
6,17,3.0,2033,1.736
6,17,3.0,2034,1.736
6,17,3.0,2035,1.736
6,17,3.0,2036,1.736
6,17,3.0,2037,1.736
6,17,3.0,2038,1.736
6,17,3.0,2039,1.736
6,17,3.0,2040,1.736
6,17,3.0,2041,1.736
6,17,3.0,2042,1.736
6,17,3.0,2043,1.736
6,17,3.0,2044,1.736
6,17,3.0,2045,1.736
6,17,3.0,2046,1.736
6,17,3.0,2047,1.736
6,17,3.0,2048,1.736
6,17,3.0,2049,1.736
6,17,3.0,2050,1.736
6,18,1.0,2023,0.49
6,18,1.0,2024,0.49
6,18,1.0,2025,0.49
6,18,1.0,2026,0.49
6,18,1.0,2027,0.49
6,18,1.0,2028,0.49
6,18,1.0,2029,0.49
6,18,1.0,2030,0.49
6,18,1.0,2031,0.49
6,18,1.0,2032,0.49
6,18,1.0,2033,0.49
6,18,1.0,2034,0.49
6,18,1.0,2035,0.49
6,18,1.0,2036,0.49
6,18,1.0,2037,0.49
6,18,1.0,2038,0.49
6,18,1.0,2039,0.49
6,18,1.0,2040,0.49
6,18,1.0,2041,0.49
6,18,1.0,2042,0.49
6,18,1.0,2043,0.49
6,18,1.0,2044,0.49
6,18,1.0,2045,0.49
6,18,1.0,2046,0.49
6,18,1.0,2047,0.49
6,18,1.0,2048,0.49
6,18,1.0,2049,0.49
6,18,1.0,2050,0.49
6,18,2.0,2023,0.49
6,18,2.0,2024,0.49
6,18,2.0,2025,0.49
6,18,2.0,2026,0.49
6,18,2.0,2027,0.49
6,18,2.0,2028,0.49
6,18,2.0,2029,0.49
6,18,2.0,2030,0.49
6,18,2.0,2031,0.49
6,18,2.0,2032,0.49
6,18,2.0,2033,0.49
6,18,2.0,2034,0.49
6,18,2.0,2035,0.49
6,18,2.0,2036,0.49
6,18,2.0,2037,0.49
6,18,2.0,2038,0.49
6,18,2.0,2039,0.49
6,18,2.0,2040,0.49
6,18,2.0,2041,0.49
6,18,2.0,2042,0.49
6,18,2.0,2043,0.49
6,18,2.0,2044,0.49
6,18,2.0,2045,0.49
6,18,2.0,2046,0.49
6,18,2.0,2047,0.49
6,18,2.0,2048,0.49
6,18,2.0,2049,0.49
6,18,2.0,2050,0.49
6,18,3.0,2023,0.49
6,18,3.0,2024,0.49
6,18,3.0,2025,0.49
6,18,3.0,2026,0.49
6,18,3.0,2027,0.49
6,18,3.0,2028,0.49
6,18,3.0,2029,0.49
6,18,3.0,2030,0.49
6,18,3.0,2031,0.49
6,18,3.0,2032,0.49
6,18,3.0,2033,0.49
6,18,3.0,2034,0.49
6,18,3.0,2035,0.49
6,18,3.0,2036,0.49
6,18,3.0,2037,0.49
6,18,3.0,2038,0.49
6,18,3.0,2039,0.49
6,18,3.0,2040,0.49
6,18,3.0,2041,0.49
6,18,3.0,2042,0.49
6,18,3.0,2043,0.49
6,18,3.0,2044,0.49
6,18,3.0,2045,0.49
6,18,3.0,2046,0.49
6,18,3.0,2047,0.49
6,18,3.0,2048,0.49
6,18,3.0,2049,0.49
6,18,3.0,2050,0.49
7,8,1.0,2023,0.634
7,8,1.0,2024,0.634
7,8,1.0,2025,0.634
7,8,1.0,2026,0.634
7,8,1.0,2027,0.634
7,8,1.0,2028,0.634
7,8,1.0,2029,0.634
7,8,1.0,2030,0.634
7,8,1.0,2031,0.634
7,8,1.0,2032,0.634
7,8,1.0,2033,0.634
7,8,1.0,2034,0.634
7,8,1.0,2035,0.634
7,8,1.0,2036,0.634
7,8,1.0,2037,0.634
7,8,1.0,2038,0.634
7,8,1.0,2039,0.634
7,8,1.0,2040,0.634
7,8,1.0,2041,0.634
7,8,1.0,2042,0.634
7,8,1.0,2043,0.634
7,8,1.0,2044,0.634
7,8,1.0,2045,0.634
7,8,1.0,2046,0.634
7,8,1.0,2047,0.634
7,8,1.0,2048,0.634
7,8,1.0,2049,0.634
7,8,1.0,2050,0.634
7,8,2.0,2023,0.634
7,8,2.0,2024,0.634
7,8,2.0,2025,0.634
7,8,2.0,2026,0.634
7,8,2.0,2027,0.634
7,8,2.0,2028,0.634
7,8,2.0,2029,0.634
7,8,2.0,2030,0.634
7,8,2.0,2031,0.634
7,8,2.0,2032,0.634
7,8,2.0,2033,0.634
7,8,2.0,2034,0.634
7,8,2.0,2035,0.634
7,8,2.0,2036,0.634
7,8,2.0,2037,0.634
7,8,2.0,2038,0.634
7,8,2.0,2039,0.634
7,8,2.0,2040,0.634
7,8,2.0,2041,0.634
7,8,2.0,2042,0.634
7,8,2.0,2043,0.634
7,8,2.0,2044,0.634
7,8,2.0,2045,0.634
7,8,2.0,2046,0.634
7,8,2.0,2047,0.634
7,8,2.0,2048,0.634
7,8,2.0,2049,0.634
7,8,2.0,2050,0.634
7,8,3.0,2023,0.634
7,8,3.0,2024,0.634
7,8,3.0,2025,0.634
7,8,3.0,2026,0.634
7,8,3.0,2027,0.634
7,8,3.0,2028,0.634
7,8,3.0,2029,0.634
7,8,3.0,2030,0.634
7,8,3.0,2031,0.634
7,8,3.0,2032,0.634
7,8,3.0,2033,0.634
7,8,3.0,2034,0.634
7,8,3.0,2035,0.634
7,8,3.0,2036,0.634
7,8,3.0,2037,0.634
7,8,3.0,2038,0.634
7,8,3.0,2039,0.634
7,8,3.0,2040,0.634
7,8,3.0,2041,0.634
7,8,3.0,2042,0.634
7,8,3.0,2043,0.634
7,8,3.0,2044,0.634
7,8,3.0,2045,0.634
7,8,3.0,2046,0.634
7,8,3.0,2047,0.634
7,8,3.0,2048,0.634
7,8,3.0,2049,0.634
7,8,3.0,2050,0.634
7,9,1.0,2023,1.4
7,9,1.0,2024,1.4
7,9,1.0,2025,1.4
7,9,1.0,2026,1.4
7,9,1.0,2027,1.4
7,9,1.0,2028,1.4
7,9,1.0,2029,1.4
7,9,1.0,2030,1.4
7,9,1.0,2031,1.4
7,9,1.0,2032,1.4
7,9,1.0,2033,1.4
7,9,1.0,2034,1.4
7,9,1.0,2035,1.4
7,9,1.0,2036,1.4
7,9,1.0,2037,1.4
7,9,1.0,2038,1.4
7,9,1.0,2039,1.4
7,9,1.0,2040,1.4
7,9,1.0,2041,1.4
7,9,1.0,2042,1.4
7,9,1.0,2043,1.4
7,9,1.0,2044,1.4
7,9,1.0,2045,1.4
7,9,1.0,2046,1.4
7,9,1.0,2047,1.4
7,9,1.0,2048,1.4
7,9,1.0,2049,1.4
7,9,1.0,2050,1.4
7,9,2.0,2023,1.4
7,9,2.0,2024,1.4
7,9,2.0,2025,1.4
7,9,2.0,2026,1.4
7,9,2.0,2027,1.4
7,9,2.0,2028,1.4
7,9,2.0,2029,1.4
7,9,2.0,2030,1.4
7,9,2.0,2031,1.4
7,9,2.0,2032,1.4
7,9,2.0,2033,1.4
7,9,2.0,2034,1.4
7,9,2.0,2035,1.4
7,9,2.0,2036,1.4
7,9,2.0,2037,1.4
7,9,2.0,2038,1.4
7,9,2.0,2039,1.4
7,9,2.0,2040,1.4
7,9,2.0,2041,1.4
7,9,2.0,2042,1.4
7,9,2.0,2043,1.4
7,9,2.0,2044,1.4
7,9,2.0,2045,1.4
7,9,2.0,2046,1.4
7,9,2.0,2047,1.4
7,9,2.0,2048,1.4
7,9,2.0,2049,1.4
7,9,2.0,2050,1.4
7,9,3.0,2023,1.4
7,9,3.0,2024,1.4
7,9,3.0,2025,1.4
7,9,3.0,2026,1.4
7,9,3.0,2027,1.4
7,9,3.0,2028,1.4
7,9,3.0,2029,1.4
7,9,3.0,2030,1.4
7,9,3.0,2031,1.4
7,9,3.0,2032,1.4
7,9,3.0,2033,1.4
7,9,3.0,2034,1.4
7,9,3.0,2035,1.4
7,9,3.0,2036,1.4
7,9,3.0,2037,1.4
7,9,3.0,2038,1.4
7,9,3.0,2039,1.4
7,9,3.0,2040,1.4
7,9,3.0,2041,1.4
7,9,3.0,2042,1.4
7,9,3.0,2043,1.4
7,9,3.0,2044,1.4
7,9,3.0,2045,1.4
7,9,3.0,2046,1.4
7,9,3.0,2047,1.4
7,9,3.0,2048,1.4
7,9,3.0,2049,1.4
7,9,3.0,2050,1.4
8,7,1.0,2023,0.634
8,7,1.0,2024,0.634
8,7,1.0,2025,0.634
8,7,1.0,2026,0.634
8,7,1.0,2027,0.634
8,7,1.0,2028,0.634
8,7,1.0,2029,0.634
8,7,1.0,2030,0.634
8,7,1.0,2031,0.634
8,7,1.0,2032,0.634
8,7,1.0,2033,0.634
8,7,1.0,2034,0.634
8,7,1.0,2035,0.634
8,7,1.0,2036,0.634
8,7,1.0,2037,0.634
8,7,1.0,2038,0.634
8,7,1.0,2039,0.634
8,7,1.0,2040,0.634
8,7,1.0,2041,0.634
8,7,1.0,2042,0.634
8,7,1.0,2043,0.634
8,7,1.0,2044,0.634
8,7,1.0,2045,0.634
8,7,1.0,2046,0.634
8,7,1.0,2047,0.634
8,7,1.0,2048,0.634
8,7,1.0,2049,0.634
8,7,1.0,2050,0.634
8,7,2.0,2023,0.634
8,7,2.0,2024,0.634
8,7,2.0,2025,0.634
8,7,2.0,2026,0.634
8,7,2.0,2027,0.634
8,7,2.0,2028,0.634
8,7,2.0,2029,0.634
8,7,2.0,2030,0.634
8,7,2.0,2031,0.634
8,7,2.0,2032,0.634
8,7,2.0,2033,0.634
8,7,2.0,2034,0.634
8,7,2.0,2035,0.634
8,7,2.0,2036,0.634
8,7,2.0,2037,0.634
8,7,2.0,2038,0.634
8,7,2.0,2039,0.634
8,7,2.0,2040,0.634
8,7,2.0,2041,0.634
8,7,2.0,2042,0.634
8,7,2.0,2043,0.634
8,7,2.0,2044,0.634
8,7,2.0,2045,0.634
8,7,2.0,2046,0.634
8,7,2.0,2047,0.634
8,7,2.0,2048,0.634
8,7,2.0,2049,0.634
8,7,2.0,2050,0.634
8,7,3.0,2023,0.634
8,7,3.0,2024,0.634
8,7,3.0,2025,0.634
8,7,3.0,2026,0.634
8,7,3.0,2027,0.634
8,7,3.0,2028,0.634
8,7,3.0,2029,0.634
8,7,3.0,2030,0.634
8,7,3.0,2031,0.634
8,7,3.0,2032,0.634
8,7,3.0,2033,0.634
8,7,3.0,2034,0.634
8,7,3.0,2035,0.634
8,7,3.0,2036,0.634
8,7,3.0,2037,0.634
8,7,3.0,2038,0.634
8,7,3.0,2039,0.634
8,7,3.0,2040,0.634
8,7,3.0,2041,0.634
8,7,3.0,2042,0.634
8,7,3.0,2043,0.634
8,7,3.0,2044,0.634
8,7,3.0,2045,0.634
8,7,3.0,2046,0.634
8,7,3.0,2047,0.634
8,7,3.0,2048,0.634
8,7,3.0,2049,0.634
8,7,3.0,2050,0.634
8,9,1.0,2023,5.7
8,9,1.0,2024,5.7
8,9,1.0,2025,5.7
8,9,1.0,2026,5.7
8,9,1.0,2027,5.7
8,9,1.0,2028,5.7
8,9,1.0,2029,5.7
8,9,1.0,2030,5.7
8,9,1.0,2031,5.7
8,9,1.0,2032,5.7
8,9,1.0,2033,5.7
8,9,1.0,2034,5.7
8,9,1.0,2035,5.7
8,9,1.0,2036,5.7
8,9,1.0,2037,5.7
8,9,1.0,2038,5.7
8,9,1.0,2039,5.7
8,9,1.0,2040,5.7
8,9,1.0,2041,5.7
8,9,1.0,2042,5.7
8,9,1.0,2043,5.7
8,9,1.0,2044,5.7
8,9,1.0,2045,5.7
8,9,1.0,2046,5.7
8,9,1.0,2047,5.7
8,9,1.0,2048,5.7
8,9,1.0,2049,5.7
8,9,1.0,2050,5.7
8,9,2.0,2023,5.7
8,9,2.0,2024,5.7
8,9,2.0,2025,5.7
8,9,2.0,2026,5.7
8,9,2.0,2027,5.7
8,9,2.0,2028,5.7
8,9,2.0,2029,5.7
8,9,2.0,2030,5.7
8,9,2.0,2031,5.7
8,9,2.0,2032,5.7
8,9,2.0,2033,5.7
8,9,2.0,2034,5.7
8,9,2.0,2035,5.7
8,9,2.0,2036,5.7
8,9,2.0,2037,5.7
8,9,2.0,2038,5.7
8,9,2.0,2039,5.7
8,9,2.0,2040,5.7
8,9,2.0,2041,5.7
8,9,2.0,2042,5.7
8,9,2.0,2043,5.7
8,9,2.0,2044,5.7
8,9,2.0,2045,5.7
8,9,2.0,2046,5.7
8,9,2.0,2047,5.7
8,9,2.0,2048,5.7
8,9,2.0,2049,5.7
8,9,2.0,2050,5.7
8,9,3.0,2023,5.7
8,9,3.0,2024,5.7
8,9,3.0,2025,5.7
8,9,3.0,2026,5.7
8,9,3.0,2027,5.7
8,9,3.0,2028,5.7
8,9,3.0,2029,5.7
8,9,3.0,2030,5.7
8,9,3.0,2031,5.7
8,9,3.0,2032,5.7
8,9,3.0,2033,5.7
8,9,3.0,2034,5.7
8,9,3.0,2035,5.7
8,9,3.0,2036,5.7
8,9,3.0,2037,5.7
8,9,3.0,2038,5.7
8,9,3.0,2039,5.7
8,9,3.0,2040,5.7
8,9,3.0,2041,5.7
8,9,3.0,2042,5.7
8,9,3.0,2043,5.7
8,9,3.0,2044,5.7
8,9,3.0,2045,5.7
8,9,3.0,2046,5.7
8,9,3.0,2047,5.7
8,9,3.0,2048,5.7
8,9,3.0,2049,5.7
8,9,3.0,2050,5.7
8,10,1.0,2023,1.64
8,10,1.0,2024,1.64
8,10,1.0,2025,1.64
8,10,1.0,2026,1.64
8,10,1.0,2027,1.64
8,10,1.0,2028,1.64
8,10,1.0,2029,1.64
8,10,1.0,2030,1.64
8,10,1.0,2031,1.64
8,10,1.0,2032,1.64
8,10,1.0,2033,1.64
8,10,1.0,2034,1.64
8,10,1.0,2035,1.64
8,10,1.0,2036,1.64
8,10,1.0,2037,1.64
8,10,1.0,2038,1.64
8,10,1.0,2039,1.64
8,10,1.0,2040,1.64
8,10,1.0,2041,1.64
8,10,1.0,2042,1.64
8,10,1.0,2043,1.64
8,10,1.0,2044,1.64
8,10,1.0,2045,1.64
8,10,1.0,2046,1.64
8,10,1.0,2047,1.64
8,10,1.0,2048,1.64
8,10,1.0,2049,1.64
8,10,1.0,2050,1.64
8,10,2.0,2023,1.64
8,10,2.0,2024,1.64
8,10,2.0,2025,1.64
8,10,2.0,2026,1.64
8,10,2.0,2027,1.64
8,10,2.0,2028,1.64
8,10,2.0,2029,1.64
8,10,2.0,2030,1.64
8,10,2.0,2031,1.64
8,10,2.0,2032,1.64
8,10,2.0,2033,1.64
8,10,2.0,2034,1.64
8,10,2.0,2035,1.64
8,10,2.0,2036,1.64
8,10,2.0,2037,1.64
8,10,2.0,2038,1.64
8,10,2.0,2039,1.64
8,10,2.0,2040,1.64
8,10,2.0,2041,1.64
8,10,2.0,2042,1.64
8,10,2.0,2043,1.64
8,10,2.0,2044,1.64
8,10,2.0,2045,1.64
8,10,2.0,2046,1.64
8,10,2.0,2047,1.64
8,10,2.0,2048,1.64
8,10,2.0,2049,1.64
8,10,2.0,2050,1.64
8,10,3.0,2023,1.64
8,10,3.0,2024,1.64
8,10,3.0,2025,1.64
8,10,3.0,2026,1.64
8,10,3.0,2027,1.64
8,10,3.0,2028,1.64
8,10,3.0,2029,1.64
8,10,3.0,2030,1.64
8,10,3.0,2031,1.64
8,10,3.0,2032,1.64
8,10,3.0,2033,1.64
8,10,3.0,2034,1.64
8,10,3.0,2035,1.64
8,10,3.0,2036,1.64
8,10,3.0,2037,1.64
8,10,3.0,2038,1.64
8,10,3.0,2039,1.64
8,10,3.0,2040,1.64
8,10,3.0,2041,1.64
8,10,3.0,2042,1.64
8,10,3.0,2043,1.64
8,10,3.0,2044,1.64
8,10,3.0,2045,1.64
8,10,3.0,2046,1.64
8,10,3.0,2047,1.64
8,10,3.0,2048,1.64
8,10,3.0,2049,1.64
8,10,3.0,2050,1.64
9,7,1.0,2023,1.4
9,7,1.0,2024,1.4
9,7,1.0,2025,1.4
9,7,1.0,2026,1.4
9,7,1.0,2027,1.4
9,7,1.0,2028,1.4
9,7,1.0,2029,1.4
9,7,1.0,2030,1.4
9,7,1.0,2031,1.4
9,7,1.0,2032,1.4
9,7,1.0,2033,1.4
9,7,1.0,2034,1.4
9,7,1.0,2035,1.4
9,7,1.0,2036,1.4
9,7,1.0,2037,1.4
9,7,1.0,2038,1.4
9,7,1.0,2039,1.4
9,7,1.0,2040,1.4
9,7,1.0,2041,1.4
9,7,1.0,2042,1.4
9,7,1.0,2043,1.4
9,7,1.0,2044,1.4
9,7,1.0,2045,1.4
9,7,1.0,2046,1.4
9,7,1.0,2047,1.4
9,7,1.0,2048,1.4
9,7,1.0,2049,1.4
9,7,1.0,2050,1.4
9,7,2.0,2023,1.4
9,7,2.0,2024,1.4
9,7,2.0,2025,1.4
9,7,2.0,2026,1.4
9,7,2.0,2027,1.4
9,7,2.0,2028,1.4
9,7,2.0,2029,1.4
9,7,2.0,2030,1.4
9,7,2.0,2031,1.4
9,7,2.0,2032,1.4
9,7,2.0,2033,1.4
9,7,2.0,2034,1.4
9,7,2.0,2035,1.4
9,7,2.0,2036,1.4
9,7,2.0,2037,1.4
9,7,2.0,2038,1.4
9,7,2.0,2039,1.4
9,7,2.0,2040,1.4
9,7,2.0,2041,1.4
9,7,2.0,2042,1.4
9,7,2.0,2043,1.4
9,7,2.0,2044,1.4
9,7,2.0,2045,1.4
9,7,2.0,2046,1.4
9,7,2.0,2047,1.4
9,7,2.0,2048,1.4
9,7,2.0,2049,1.4
9,7,2.0,2050,1.4
9,7,3.0,2023,1.4
9,7,3.0,2024,1.4
9,7,3.0,2025,1.4
9,7,3.0,2026,1.4
9,7,3.0,2027,1.4
9,7,3.0,2028,1.4
9,7,3.0,2029,1.4
9,7,3.0,2030,1.4
9,7,3.0,2031,1.4
9,7,3.0,2032,1.4
9,7,3.0,2033,1.4
9,7,3.0,2034,1.4
9,7,3.0,2035,1.4
9,7,3.0,2036,1.4
9,7,3.0,2037,1.4
9,7,3.0,2038,1.4
9,7,3.0,2039,1.4
9,7,3.0,2040,1.4
9,7,3.0,2041,1.4
9,7,3.0,2042,1.4
9,7,3.0,2043,1.4
9,7,3.0,2044,1.4
9,7,3.0,2045,1.4
9,7,3.0,2046,1.4
9,7,3.0,2047,1.4
9,7,3.0,2048,1.4
9,7,3.0,2049,1.4
9,7,3.0,2050,1.4
9,8,1.0,2023,4.0
9,8,1.0,2024,4.0
9,8,1.0,2025,4.0
9,8,1.0,2026,4.0
9,8,1.0,2027,4.0
9,8,1.0,2028,4.0
9,8,1.0,2029,4.0
9,8,1.0,2030,4.0
9,8,1.0,2031,4.0
9,8,1.0,2032,4.0
9,8,1.0,2033,4.0
9,8,1.0,2034,4.0
9,8,1.0,2035,4.0
9,8,1.0,2036,4.0
9,8,1.0,2037,4.0
9,8,1.0,2038,4.0
9,8,1.0,2039,4.0
9,8,1.0,2040,4.0
9,8,1.0,2041,4.0
9,8,1.0,2042,4.0
9,8,1.0,2043,4.0
9,8,1.0,2044,4.0
9,8,1.0,2045,4.0
9,8,1.0,2046,4.0
9,8,1.0,2047,4.0
9,8,1.0,2048,4.0
9,8,1.0,2049,4.0
9,8,1.0,2050,4.0
9,8,2.0,2023,4.0
9,8,2.0,2024,4.0
9,8,2.0,2025,4.0
9,8,2.0,2026,4.0
9,8,2.0,2027,4.0
9,8,2.0,2028,4.0
9,8,2.0,2029,4.0
9,8,2.0,2030,4.0
9,8,2.0,2031,4.0
9,8,2.0,2032,4.0
9,8,2.0,2033,4.0
9,8,2.0,2034,4.0
9,8,2.0,2035,4.0
9,8,2.0,2036,4.0
9,8,2.0,2037,4.0
9,8,2.0,2038,4.0
9,8,2.0,2039,4.0
9,8,2.0,2040,4.0
9,8,2.0,2041,4.0
9,8,2.0,2042,4.0
9,8,2.0,2043,4.0
9,8,2.0,2044,4.0
9,8,2.0,2045,4.0
9,8,2.0,2046,4.0
9,8,2.0,2047,4.0
9,8,2.0,2048,4.0
9,8,2.0,2049,4.0
9,8,2.0,2050,4.0
9,8,3.0,2023,4.0
9,8,3.0,2024,4.0
9,8,3.0,2025,4.0
9,8,3.0,2026,4.0
9,8,3.0,2027,4.0
9,8,3.0,2028,4.0
9,8,3.0,2029,4.0
9,8,3.0,2030,4.0
9,8,3.0,2031,4.0
9,8,3.0,2032,4.0
9,8,3.0,2033,4.0
9,8,3.0,2034,4.0
9,8,3.0,2035,4.0
9,8,3.0,2036,4.0
9,8,3.0,2037,4.0
9,8,3.0,2038,4.0
9,8,3.0,2039,4.0
9,8,3.0,2040,4.0
9,8,3.0,2041,4.0
9,8,3.0,2042,4.0
9,8,3.0,2043,4.0
9,8,3.0,2044,4.0
9,8,3.0,2045,4.0
9,8,3.0,2046,4.0
9,8,3.0,2047,4.0
9,8,3.0,2048,4.0
9,8,3.0,2049,4.0
9,8,3.0,2050,4.0
9,10,1.0,2023,2.0
9,10,1.0,2024,2.0
9,10,1.0,2025,2.0
9,10,1.0,2026,2.0
9,10,1.0,2027,2.0
9,10,1.0,2028,2.0
9,10,1.0,2029,2.0
9,10,1.0,2030,2.0
9,10,1.0,2031,2.0
9,10,1.0,2032,2.0
9,10,1.0,2033,2.0
9,10,1.0,2034,2.0
9,10,1.0,2035,2.0
9,10,1.0,2036,2.0
9,10,1.0,2037,2.0
9,10,1.0,2038,2.0
9,10,1.0,2039,2.0
9,10,1.0,2040,2.0
9,10,1.0,2041,2.0
9,10,1.0,2042,2.0
9,10,1.0,2043,2.0
9,10,1.0,2044,2.0
9,10,1.0,2045,2.0
9,10,1.0,2046,2.0
9,10,1.0,2047,2.0
9,10,1.0,2048,2.0
9,10,1.0,2049,2.0
9,10,1.0,2050,2.0
9,10,2.0,2023,2.0
9,10,2.0,2024,2.0
9,10,2.0,2025,2.0
9,10,2.0,2026,2.0
9,10,2.0,2027,2.0
9,10,2.0,2028,2.0
9,10,2.0,2029,2.0
9,10,2.0,2030,2.0
9,10,2.0,2031,2.0
9,10,2.0,2032,2.0
9,10,2.0,2033,2.0
9,10,2.0,2034,2.0
9,10,2.0,2035,2.0
9,10,2.0,2036,2.0
9,10,2.0,2037,2.0
9,10,2.0,2038,2.0
9,10,2.0,2039,2.0
9,10,2.0,2040,2.0
9,10,2.0,2041,2.0
9,10,2.0,2042,2.0
9,10,2.0,2043,2.0
9,10,2.0,2044,2.0
9,10,2.0,2045,2.0
9,10,2.0,2046,2.0
9,10,2.0,2047,2.0
9,10,2.0,2048,2.0
9,10,2.0,2049,2.0
9,10,2.0,2050,2.0
9,10,3.0,2023,2.0
9,10,3.0,2024,2.0
9,10,3.0,2025,2.0
9,10,3.0,2026,2.0
9,10,3.0,2027,2.0
9,10,3.0,2028,2.0
9,10,3.0,2029,2.0
9,10,3.0,2030,2.0
9,10,3.0,2031,2.0
9,10,3.0,2032,2.0
9,10,3.0,2033,2.0
9,10,3.0,2034,2.0
9,10,3.0,2035,2.0
9,10,3.0,2036,2.0
9,10,3.0,2037,2.0
9,10,3.0,2038,2.0
9,10,3.0,2039,2.0
9,10,3.0,2040,2.0
9,10,3.0,2041,2.0
9,10,3.0,2042,2.0
9,10,3.0,2043,2.0
9,10,3.0,2044,2.0
9,10,3.0,2045,2.0
9,10,3.0,2046,2.0
9,10,3.0,2047,2.0
9,10,3.0,2048,2.0
9,10,3.0,2049,2.0
9,10,3.0,2050,2.0
10,8,1.0,2023,0.34
10,8,1.0,2024,0.34
10,8,1.0,2025,0.34
10,8,1.0,2026,0.34
10,8,1.0,2027,0.34
10,8,1.0,2028,0.34
10,8,1.0,2029,0.34
10,8,1.0,2030,0.34
10,8,1.0,2031,0.34
10,8,1.0,2032,0.34
10,8,1.0,2033,0.34
10,8,1.0,2034,0.34
10,8,1.0,2035,0.34
10,8,1.0,2036,0.34
10,8,1.0,2037,0.34
10,8,1.0,2038,0.34
10,8,1.0,2039,0.34
10,8,1.0,2040,0.34
10,8,1.0,2041,0.34
10,8,1.0,2042,0.34
10,8,1.0,2043,0.34
10,8,1.0,2044,0.34
10,8,1.0,2045,0.34
10,8,1.0,2046,0.34
10,8,1.0,2047,0.34
10,8,1.0,2048,0.34
10,8,1.0,2049,0.34
10,8,1.0,2050,0.34
10,8,2.0,2023,0.34
10,8,2.0,2024,0.34
10,8,2.0,2025,0.34
10,8,2.0,2026,0.34
10,8,2.0,2027,0.34
10,8,2.0,2028,0.34
10,8,2.0,2029,0.34
10,8,2.0,2030,0.34
10,8,2.0,2031,0.34
10,8,2.0,2032,0.34
10,8,2.0,2033,0.34
10,8,2.0,2034,0.34
10,8,2.0,2035,0.34
10,8,2.0,2036,0.34
10,8,2.0,2037,0.34
10,8,2.0,2038,0.34
10,8,2.0,2039,0.34
10,8,2.0,2040,0.34
10,8,2.0,2041,0.34
10,8,2.0,2042,0.34
10,8,2.0,2043,0.34
10,8,2.0,2044,0.34
10,8,2.0,2045,0.34
10,8,2.0,2046,0.34
10,8,2.0,2047,0.34
10,8,2.0,2048,0.34
10,8,2.0,2049,0.34
10,8,2.0,2050,0.34
10,8,3.0,2023,0.34
10,8,3.0,2024,0.34
10,8,3.0,2025,0.34
10,8,3.0,2026,0.34
10,8,3.0,2027,0.34
10,8,3.0,2028,0.34
10,8,3.0,2029,0.34
10,8,3.0,2030,0.34
10,8,3.0,2031,0.34
10,8,3.0,2032,0.34
10,8,3.0,2033,0.34
10,8,3.0,2034,0.34
10,8,3.0,2035,0.34
10,8,3.0,2036,0.34
10,8,3.0,2037,0.34
10,8,3.0,2038,0.34
10,8,3.0,2039,0.34
10,8,3.0,2040,0.34
10,8,3.0,2041,0.34
10,8,3.0,2042,0.34
10,8,3.0,2043,0.34
10,8,3.0,2044,0.34
10,8,3.0,2045,0.34
10,8,3.0,2046,0.34
10,8,3.0,2047,0.34
10,8,3.0,2048,0.34
10,8,3.0,2049,0.34
10,8,3.0,2050,0.34
10,9,1.0,2023,2.0
10,9,1.0,2024,2.0
10,9,1.0,2025,2.0
10,9,1.0,2026,2.0
10,9,1.0,2027,2.0
10,9,1.0,2028,2.0
10,9,1.0,2029,2.0
10,9,1.0,2030,2.0
10,9,1.0,2031,2.0
10,9,1.0,2032,2.0
10,9,1.0,2033,2.0
10,9,1.0,2034,2.0
10,9,1.0,2035,2.0
10,9,1.0,2036,2.0
10,9,1.0,2037,2.0
10,9,1.0,2038,2.0
10,9,1.0,2039,2.0
10,9,1.0,2040,2.0
10,9,1.0,2041,2.0
10,9,1.0,2042,2.0
10,9,1.0,2043,2.0
10,9,1.0,2044,2.0
10,9,1.0,2045,2.0
10,9,1.0,2046,2.0
10,9,1.0,2047,2.0
10,9,1.0,2048,2.0
10,9,1.0,2049,2.0
10,9,1.0,2050,2.0
10,9,2.0,2023,2.0
10,9,2.0,2024,2.0
10,9,2.0,2025,2.0
10,9,2.0,2026,2.0
10,9,2.0,2027,2.0
10,9,2.0,2028,2.0
10,9,2.0,2029,2.0
10,9,2.0,2030,2.0
10,9,2.0,2031,2.0
10,9,2.0,2032,2.0
10,9,2.0,2033,2.0
10,9,2.0,2034,2.0
10,9,2.0,2035,2.0
10,9,2.0,2036,2.0
10,9,2.0,2037,2.0
10,9,2.0,2038,2.0
10,9,2.0,2039,2.0
10,9,2.0,2040,2.0
10,9,2.0,2041,2.0
10,9,2.0,2042,2.0
10,9,2.0,2043,2.0
10,9,2.0,2044,2.0
10,9,2.0,2045,2.0
10,9,2.0,2046,2.0
10,9,2.0,2047,2.0
10,9,2.0,2048,2.0
10,9,2.0,2049,2.0
10,9,2.0,2050,2.0
10,9,3.0,2023,2.0
10,9,3.0,2024,2.0
10,9,3.0,2025,2.0
10,9,3.0,2026,2.0
10,9,3.0,2027,2.0
10,9,3.0,2028,2.0
10,9,3.0,2029,2.0
10,9,3.0,2030,2.0
10,9,3.0,2031,2.0
10,9,3.0,2032,2.0
10,9,3.0,2033,2.0
10,9,3.0,2034,2.0
10,9,3.0,2035,2.0
10,9,3.0,2036,2.0
10,9,3.0,2037,2.0
10,9,3.0,2038,2.0
10,9,3.0,2039,2.0
10,9,3.0,2040,2.0
10,9,3.0,2041,2.0
10,9,3.0,2042,2.0
10,9,3.0,2043,2.0
10,9,3.0,2044,2.0
10,9,3.0,2045,2.0
10,9,3.0,2046,2.0
10,9,3.0,2047,2.0
10,9,3.0,2048,2.0
10,9,3.0,2049,2.0
10,9,3.0,2050,2.0
10,11,1.0,2023,6.133
10,11,1.0,2024,6.133
10,11,1.0,2025,6.133
10,11,1.0,2026,6.133
10,11,1.0,2027,6.133
10,11,1.0,2028,6.133
10,11,1.0,2029,6.133
10,11,1.0,2030,6.133
10,11,1.0,2031,6.133
10,11,1.0,2032,6.133
10,11,1.0,2033,6.133
10,11,1.0,2034,6.133
10,11,1.0,2035,6.133
10,11,1.0,2036,6.133
10,11,1.0,2037,6.133
10,11,1.0,2038,6.133
10,11,1.0,2039,6.133
10,11,1.0,2040,6.133
10,11,1.0,2041,6.133
10,11,1.0,2042,6.133
10,11,1.0,2043,6.133
10,11,1.0,2044,6.133
10,11,1.0,2045,6.133
10,11,1.0,2046,6.133
10,11,1.0,2047,6.133
10,11,1.0,2048,6.133
10,11,1.0,2049,6.133
10,11,1.0,2050,6.133
10,11,2.0,2023,6.133
10,11,2.0,2024,6.133
10,11,2.0,2025,6.133
10,11,2.0,2026,6.133
10,11,2.0,2027,6.133
10,11,2.0,2028,6.133
10,11,2.0,2029,6.133
10,11,2.0,2030,6.133
10,11,2.0,2031,6.133
10,11,2.0,2032,6.133
10,11,2.0,2033,6.133
10,11,2.0,2034,6.133
10,11,2.0,2035,6.133
10,11,2.0,2036,6.133
10,11,2.0,2037,6.133
10,11,2.0,2038,6.133
10,11,2.0,2039,6.133
10,11,2.0,2040,6.133
10,11,2.0,2041,6.133
10,11,2.0,2042,6.133
10,11,2.0,2043,6.133
10,11,2.0,2044,6.133
10,11,2.0,2045,6.133
10,11,2.0,2046,6.133
10,11,2.0,2047,6.133
10,11,2.0,2048,6.133
10,11,2.0,2049,6.133
10,11,2.0,2050,6.133
10,11,3.0,2023,6.133
10,11,3.0,2024,6.133
10,11,3.0,2025,6.133
10,11,3.0,2026,6.133
10,11,3.0,2027,6.133
10,11,3.0,2028,6.133
10,11,3.0,2029,6.133
10,11,3.0,2030,6.133
10,11,3.0,2031,6.133
10,11,3.0,2032,6.133
10,11,3.0,2033,6.133
10,11,3.0,2034,6.133
10,11,3.0,2035,6.133
10,11,3.0,2036,6.133
10,11,3.0,2037,6.133
10,11,3.0,2038,6.133
10,11,3.0,2039,6.133
10,11,3.0,2040,6.133
10,11,3.0,2041,6.133
10,11,3.0,2042,6.133
10,11,3.0,2043,6.133
10,11,3.0,2044,6.133
10,11,3.0,2045,6.133
10,11,3.0,2046,6.133
10,11,3.0,2047,6.133
10,11,3.0,2048,6.133
10,11,3.0,2049,6.133
10,11,3.0,2050,6.133
10,13,1.0,2023,3.9
10,13,1.0,2024,3.9
10,13,1.0,2025,3.9
10,13,1.0,2026,3.9
10,13,1.0,2027,3.9
10,13,1.0,2028,3.9
10,13,1.0,2029,3.9
10,13,1.0,2030,3.9
10,13,1.0,2031,3.9
10,13,1.0,2032,3.9
10,13,1.0,2033,3.9
10,13,1.0,2034,3.9
10,13,1.0,2035,3.9
10,13,1.0,2036,3.9
10,13,1.0,2037,3.9
10,13,1.0,2038,3.9
10,13,1.0,2039,3.9
10,13,1.0,2040,3.9
10,13,1.0,2041,3.9
10,13,1.0,2042,3.9
10,13,1.0,2043,3.9
10,13,1.0,2044,3.9
10,13,1.0,2045,3.9
10,13,1.0,2046,3.9
10,13,1.0,2047,3.9
10,13,1.0,2048,3.9
10,13,1.0,2049,3.9
10,13,1.0,2050,3.9
10,13,2.0,2023,3.9
10,13,2.0,2024,3.9
10,13,2.0,2025,3.9
10,13,2.0,2026,3.9
10,13,2.0,2027,3.9
10,13,2.0,2028,3.9
10,13,2.0,2029,3.9
10,13,2.0,2030,3.9
10,13,2.0,2031,3.9
10,13,2.0,2032,3.9
10,13,2.0,2033,3.9
10,13,2.0,2034,3.9
10,13,2.0,2035,3.9
10,13,2.0,2036,3.9
10,13,2.0,2037,3.9
10,13,2.0,2038,3.9
10,13,2.0,2039,3.9
10,13,2.0,2040,3.9
10,13,2.0,2041,3.9
10,13,2.0,2042,3.9
10,13,2.0,2043,3.9
10,13,2.0,2044,3.9
10,13,2.0,2045,3.9
10,13,2.0,2046,3.9
10,13,2.0,2047,3.9
10,13,2.0,2048,3.9
10,13,2.0,2049,3.9
10,13,2.0,2050,3.9
10,13,3.0,2023,3.9
10,13,3.0,2024,3.9
10,13,3.0,2025,3.9
10,13,3.0,2026,3.9
10,13,3.0,2027,3.9
10,13,3.0,2028,3.9
10,13,3.0,2029,3.9
10,13,3.0,2030,3.9
10,13,3.0,2031,3.9
10,13,3.0,2032,3.9
10,13,3.0,2033,3.9
10,13,3.0,2034,3.9
10,13,3.0,2035,3.9
10,13,3.0,2036,3.9
10,13,3.0,2037,3.9
10,13,3.0,2038,3.9
10,13,3.0,2039,3.9
10,13,3.0,2040,3.9
10,13,3.0,2041,3.9
10,13,3.0,2042,3.9
10,13,3.0,2043,3.9
10,13,3.0,2044,3.9
10,13,3.0,2045,3.9
10,13,3.0,2046,3.9
10,13,3.0,2047,3.9
10,13,3.0,2048,3.9
10,13,3.0,2049,3.9
10,13,3.0,2050,3.9
11,4,1.0,2023,10.262
11,4,1.0,2024,10.262
11,4,1.0,2025,10.262
11,4,1.0,2026,10.262
11,4,1.0,2027,10.262
11,4,1.0,2028,10.262
11,4,1.0,2029,10.262
11,4,1.0,2030,10.262
11,4,1.0,2031,10.262
11,4,1.0,2032,10.262
11,4,1.0,2033,10.262
11,4,1.0,2034,10.262
11,4,1.0,2035,10.262
11,4,1.0,2036,10.262
11,4,1.0,2037,10.262
11,4,1.0,2038,10.262
11,4,1.0,2039,10.262
11,4,1.0,2040,10.262
11,4,1.0,2041,10.262
11,4,1.0,2042,10.262
11,4,1.0,2043,10.262
11,4,1.0,2044,10.262
11,4,1.0,2045,10.262
11,4,1.0,2046,10.262
11,4,1.0,2047,10.262
11,4,1.0,2048,10.262
11,4,1.0,2049,10.262
11,4,1.0,2050,10.262
11,4,2.0,2023,10.262
11,4,2.0,2024,10.262
11,4,2.0,2025,10.262
11,4,2.0,2026,10.262
11,4,2.0,2027,10.262
11,4,2.0,2028,10.262
11,4,2.0,2029,10.262
11,4,2.0,2030,10.262
11,4,2.0,2031,10.262
11,4,2.0,2032,10.262
11,4,2.0,2033,10.262
11,4,2.0,2034,10.262
11,4,2.0,2035,10.262
11,4,2.0,2036,10.262
11,4,2.0,2037,10.262
11,4,2.0,2038,10.262
11,4,2.0,2039,10.262
11,4,2.0,2040,10.262
11,4,2.0,2041,10.262
11,4,2.0,2042,10.262
11,4,2.0,2043,10.262
11,4,2.0,2044,10.262
11,4,2.0,2045,10.262
11,4,2.0,2046,10.262
11,4,2.0,2047,10.262
11,4,2.0,2048,10.262
11,4,2.0,2049,10.262
11,4,2.0,2050,10.262
11,4,3.0,2023,10.262
11,4,3.0,2024,10.262
11,4,3.0,2025,10.262
11,4,3.0,2026,10.262
11,4,3.0,2027,10.262
11,4,3.0,2028,10.262
11,4,3.0,2029,10.262
11,4,3.0,2030,10.262
11,4,3.0,2031,10.262
11,4,3.0,2032,10.262
11,4,3.0,2033,10.262
11,4,3.0,2034,10.262
11,4,3.0,2035,10.262
11,4,3.0,2036,10.262
11,4,3.0,2037,10.262
11,4,3.0,2038,10.262
11,4,3.0,2039,10.262
11,4,3.0,2040,10.262
11,4,3.0,2041,10.262
11,4,3.0,2042,10.262
11,4,3.0,2043,10.262
11,4,3.0,2044,10.262
11,4,3.0,2045,10.262
11,4,3.0,2046,10.262
11,4,3.0,2047,10.262
11,4,3.0,2048,10.262
11,4,3.0,2049,10.262
11,4,3.0,2050,10.262
11,5,1.0,2023,1.526
11,5,1.0,2024,1.526
11,5,1.0,2025,1.526
11,5,1.0,2026,1.526
11,5,1.0,2027,1.526
11,5,1.0,2028,1.526
11,5,1.0,2029,1.526
11,5,1.0,2030,1.526
11,5,1.0,2031,1.526
11,5,1.0,2032,1.526
11,5,1.0,2033,1.526
11,5,1.0,2034,1.526
11,5,1.0,2035,1.526
11,5,1.0,2036,1.526
11,5,1.0,2037,1.526
11,5,1.0,2038,1.526
11,5,1.0,2039,1.526
11,5,1.0,2040,1.526
11,5,1.0,2041,1.526
11,5,1.0,2042,1.526
11,5,1.0,2043,1.526
11,5,1.0,2044,1.526
11,5,1.0,2045,1.526
11,5,1.0,2046,1.526
11,5,1.0,2047,1.526
11,5,1.0,2048,1.526
11,5,1.0,2049,1.526
11,5,1.0,2050,1.526
11,5,2.0,2023,1.526
11,5,2.0,2024,1.526
11,5,2.0,2025,1.526
11,5,2.0,2026,1.526
11,5,2.0,2027,1.526
11,5,2.0,2028,1.526
11,5,2.0,2029,1.526
11,5,2.0,2030,1.526
11,5,2.0,2031,1.526
11,5,2.0,2032,1.526
11,5,2.0,2033,1.526
11,5,2.0,2034,1.526
11,5,2.0,2035,1.526
11,5,2.0,2036,1.526
11,5,2.0,2037,1.526
11,5,2.0,2038,1.526
11,5,2.0,2039,1.526
11,5,2.0,2040,1.526
11,5,2.0,2041,1.526
11,5,2.0,2042,1.526
11,5,2.0,2043,1.526
11,5,2.0,2044,1.526
11,5,2.0,2045,1.526
11,5,2.0,2046,1.526
11,5,2.0,2047,1.526
11,5,2.0,2048,1.526
11,5,2.0,2049,1.526
11,5,2.0,2050,1.526
11,5,3.0,2023,1.526
11,5,3.0,2024,1.526
11,5,3.0,2025,1.526
11,5,3.0,2026,1.526
11,5,3.0,2027,1.526
11,5,3.0,2028,1.526
11,5,3.0,2029,1.526
11,5,3.0,2030,1.526
11,5,3.0,2031,1.526
11,5,3.0,2032,1.526
11,5,3.0,2033,1.526
11,5,3.0,2034,1.526
11,5,3.0,2035,1.526
11,5,3.0,2036,1.526
11,5,3.0,2037,1.526
11,5,3.0,2038,1.526
11,5,3.0,2039,1.526
11,5,3.0,2040,1.526
11,5,3.0,2041,1.526
11,5,3.0,2042,1.526
11,5,3.0,2043,1.526
11,5,3.0,2044,1.526
11,5,3.0,2045,1.526
11,5,3.0,2046,1.526
11,5,3.0,2047,1.526
11,5,3.0,2048,1.526
11,5,3.0,2049,1.526
11,5,3.0,2050,1.526
11,10,1.0,2023,5.983
11,10,1.0,2024,5.983
11,10,1.0,2025,5.983
11,10,1.0,2026,5.983
11,10,1.0,2027,5.983
11,10,1.0,2028,5.983
11,10,1.0,2029,5.983
11,10,1.0,2030,5.983
11,10,1.0,2031,5.983
11,10,1.0,2032,5.983
11,10,1.0,2033,5.983
11,10,1.0,2034,5.983
11,10,1.0,2035,5.983
11,10,1.0,2036,5.983
11,10,1.0,2037,5.983
11,10,1.0,2038,5.983
11,10,1.0,2039,5.983
11,10,1.0,2040,5.983
11,10,1.0,2041,5.983
11,10,1.0,2042,5.983
11,10,1.0,2043,5.983
11,10,1.0,2044,5.983
11,10,1.0,2045,5.983
11,10,1.0,2046,5.983
11,10,1.0,2047,5.983
11,10,1.0,2048,5.983
11,10,1.0,2049,5.983
11,10,1.0,2050,5.983
11,10,2.0,2023,5.982999
11,10,2.0,2024,5.982999
11,10,2.0,2025,5.982999
11,10,2.0,2026,5.982999
11,10,2.0,2027,5.982999
11,10,2.0,2028,5.982999
11,10,2.0,2029,5.982999
11,10,2.0,2030,5.982999
11,10,2.0,2031,5.982999
11,10,2.0,2032,5.982999
11,10,2.0,2033,5.982999
11,10,2.0,2034,5.982999
11,10,2.0,2035,5.982999
11,10,2.0,2036,5.982999
11,10,2.0,2037,5.982999
11,10,2.0,2038,5.982999
11,10,2.0,2039,5.982999
11,10,2.0,2040,5.982999
11,10,2.0,2041,5.982999
11,10,2.0,2042,5.982999
11,10,2.0,2043,5.982999
11,10,2.0,2044,5.982999
11,10,2.0,2045,5.982999
11,10,2.0,2046,5.982999
11,10,2.0,2047,5.982999
11,10,2.0,2048,5.982999
11,10,2.0,2049,5.982999
11,10,2.0,2050,5.982999
11,10,3.0,2023,5.982999
11,10,3.0,2024,5.982999
11,10,3.0,2025,5.982999
11,10,3.0,2026,5.982999
11,10,3.0,2027,5.982999
11,10,3.0,2028,5.982999
11,10,3.0,2029,5.982999
11,10,3.0,2030,5.982999
11,10,3.0,2031,5.982999
11,10,3.0,2032,5.982999
11,10,3.0,2033,5.982999
11,10,3.0,2034,5.982999
11,10,3.0,2035,5.982999
11,10,3.0,2036,5.982999
11,10,3.0,2037,5.982999
11,10,3.0,2038,5.982999
11,10,3.0,2039,5.982999
11,10,3.0,2040,5.982999
11,10,3.0,2041,5.982999
11,10,3.0,2042,5.982999
11,10,3.0,2043,5.982999
11,10,3.0,2044,5.982999
11,10,3.0,2045,5.982999
11,10,3.0,2046,5.982999
11,10,3.0,2047,5.982999
11,10,3.0,2048,5.982999
11,10,3.0,2049,5.982999
11,10,3.0,2050,5.982999
11,13,1.0,2023,4.098
11,13,1.0,2024,4.098
11,13,1.0,2025,4.098
11,13,1.0,2026,4.098
11,13,1.0,2027,4.098
11,13,1.0,2028,4.098
11,13,1.0,2029,4.098
11,13,1.0,2030,4.098
11,13,1.0,2031,4.098
11,13,1.0,2032,4.098
11,13,1.0,2033,4.098
11,13,1.0,2034,4.098
11,13,1.0,2035,4.098
11,13,1.0,2036,4.098
11,13,1.0,2037,4.098
11,13,1.0,2038,4.098
11,13,1.0,2039,4.098
11,13,1.0,2040,4.098
11,13,1.0,2041,4.098
11,13,1.0,2042,4.098
11,13,1.0,2043,4.098
11,13,1.0,2044,4.098
11,13,1.0,2045,4.098
11,13,1.0,2046,4.098
11,13,1.0,2047,4.098
11,13,1.0,2048,4.098
11,13,1.0,2049,4.098
11,13,1.0,2050,4.098
11,13,2.0,2023,4.098
11,13,2.0,2024,4.098
11,13,2.0,2025,4.098
11,13,2.0,2026,4.098
11,13,2.0,2027,4.098
11,13,2.0,2028,4.098
11,13,2.0,2029,4.098
11,13,2.0,2030,4.098
11,13,2.0,2031,4.098
11,13,2.0,2032,4.098
11,13,2.0,2033,4.098
11,13,2.0,2034,4.098
11,13,2.0,2035,4.098
11,13,2.0,2036,4.098
11,13,2.0,2037,4.098
11,13,2.0,2038,4.098
11,13,2.0,2039,4.098
11,13,2.0,2040,4.098
11,13,2.0,2041,4.098
11,13,2.0,2042,4.098
11,13,2.0,2043,4.098
11,13,2.0,2044,4.098
11,13,2.0,2045,4.098
11,13,2.0,2046,4.098
11,13,2.0,2047,4.098
11,13,2.0,2048,4.098
11,13,2.0,2049,4.098
11,13,2.0,2050,4.098
11,13,3.0,2023,4.098
11,13,3.0,2024,4.098
11,13,3.0,2025,4.098
11,13,3.0,2026,4.098
11,13,3.0,2027,4.098
11,13,3.0,2028,4.098
11,13,3.0,2029,4.098
11,13,3.0,2030,4.098
11,13,3.0,2031,4.098
11,13,3.0,2032,4.098
11,13,3.0,2033,4.098
11,13,3.0,2034,4.098
11,13,3.0,2035,4.098
11,13,3.0,2036,4.098
11,13,3.0,2037,4.098
11,13,3.0,2038,4.098
11,13,3.0,2039,4.098
11,13,3.0,2040,4.098
11,13,3.0,2041,4.098
11,13,3.0,2042,4.098
11,13,3.0,2043,4.098
11,13,3.0,2044,4.098
11,13,3.0,2045,4.098
11,13,3.0,2046,4.098
11,13,3.0,2047,4.098
11,13,3.0,2048,4.098
11,13,3.0,2049,4.098
11,13,3.0,2050,4.098
11,14,1.0,2023,0.902
11,14,1.0,2024,0.902
11,14,1.0,2025,0.902
11,14,1.0,2026,0.902
11,14,1.0,2027,0.902
11,14,1.0,2028,0.902
11,14,1.0,2029,0.902
11,14,1.0,2030,0.902
11,14,1.0,2031,0.902
11,14,1.0,2032,0.902
11,14,1.0,2033,0.902
11,14,1.0,2034,0.902
11,14,1.0,2035,0.902
11,14,1.0,2036,0.902
11,14,1.0,2037,0.902
11,14,1.0,2038,0.902
11,14,1.0,2039,0.902
11,14,1.0,2040,0.902
11,14,1.0,2041,0.902
11,14,1.0,2042,0.902
11,14,1.0,2043,0.902
11,14,1.0,2044,0.902
11,14,1.0,2045,0.902
11,14,1.0,2046,0.902
11,14,1.0,2047,0.902
11,14,1.0,2048,0.902
11,14,1.0,2049,0.902
11,14,1.0,2050,0.902
11,14,2.0,2023,0.902
11,14,2.0,2024,0.902
11,14,2.0,2025,0.902
11,14,2.0,2026,0.902
11,14,2.0,2027,0.902
11,14,2.0,2028,0.902
11,14,2.0,2029,0.902
11,14,2.0,2030,0.902
11,14,2.0,2031,0.902
11,14,2.0,2032,0.902
11,14,2.0,2033,0.902
11,14,2.0,2034,0.902
11,14,2.0,2035,0.902
11,14,2.0,2036,0.902
11,14,2.0,2037,0.902
11,14,2.0,2038,0.902
11,14,2.0,2039,0.902
11,14,2.0,2040,0.902
11,14,2.0,2041,0.902
11,14,2.0,2042,0.902
11,14,2.0,2043,0.902
11,14,2.0,2044,0.902
11,14,2.0,2045,0.902
11,14,2.0,2046,0.902
11,14,2.0,2047,0.902
11,14,2.0,2048,0.902
11,14,2.0,2049,0.902
11,14,2.0,2050,0.902
11,14,3.0,2023,0.902
11,14,3.0,2024,0.902
11,14,3.0,2025,0.902
11,14,3.0,2026,0.902
11,14,3.0,2027,0.902
11,14,3.0,2028,0.902
11,14,3.0,2029,0.902
11,14,3.0,2030,0.902
11,14,3.0,2031,0.902
11,14,3.0,2032,0.902
11,14,3.0,2033,0.902
11,14,3.0,2034,0.902
11,14,3.0,2035,0.902
11,14,3.0,2036,0.902
11,14,3.0,2037,0.902
11,14,3.0,2038,0.902
11,14,3.0,2039,0.902
11,14,3.0,2040,0.902
11,14,3.0,2041,0.902
11,14,3.0,2042,0.902
11,14,3.0,2043,0.902
11,14,3.0,2044,0.902
11,14,3.0,2045,0.902
11,14,3.0,2046,0.902
11,14,3.0,2047,0.902
11,14,3.0,2048,0.902
11,14,3.0,2049,0.902
11,14,3.0,2050,0.902
11,16,1.0,2023,1.816
11,16,1.0,2024,1.816
11,16,1.0,2025,1.816
11,16,1.0,2026,1.816
11,16,1.0,2027,1.816
11,16,1.0,2028,1.816
11,16,1.0,2029,1.816
11,16,1.0,2030,1.816
11,16,1.0,2031,1.816
11,16,1.0,2032,1.816
11,16,1.0,2033,1.816
11,16,1.0,2034,1.816
11,16,1.0,2035,1.816
11,16,1.0,2036,1.816
11,16,1.0,2037,1.816
11,16,1.0,2038,1.816
11,16,1.0,2039,1.816
11,16,1.0,2040,1.816
11,16,1.0,2041,1.816
11,16,1.0,2042,1.816
11,16,1.0,2043,1.816
11,16,1.0,2044,1.816
11,16,1.0,2045,1.816
11,16,1.0,2046,1.816
11,16,1.0,2047,1.816
11,16,1.0,2048,1.816
11,16,1.0,2049,1.816
11,16,1.0,2050,1.816
11,16,2.0,2023,1.816
11,16,2.0,2024,1.816
11,16,2.0,2025,1.816
11,16,2.0,2026,1.816
11,16,2.0,2027,1.816
11,16,2.0,2028,1.816
11,16,2.0,2029,1.816
11,16,2.0,2030,1.816
11,16,2.0,2031,1.816
11,16,2.0,2032,1.816
11,16,2.0,2033,1.816
11,16,2.0,2034,1.816
11,16,2.0,2035,1.816
11,16,2.0,2036,1.816
11,16,2.0,2037,1.816
11,16,2.0,2038,1.816
11,16,2.0,2039,1.816
11,16,2.0,2040,1.816
11,16,2.0,2041,1.816
11,16,2.0,2042,1.816
11,16,2.0,2043,1.816
11,16,2.0,2044,1.816
11,16,2.0,2045,1.816
11,16,2.0,2046,1.816
11,16,2.0,2047,1.816
11,16,2.0,2048,1.816
11,16,2.0,2049,1.816
11,16,2.0,2050,1.816
11,16,3.0,2023,1.816
11,16,3.0,2024,1.816
11,16,3.0,2025,1.816
11,16,3.0,2026,1.816
11,16,3.0,2027,1.816
11,16,3.0,2028,1.816
11,16,3.0,2029,1.816
11,16,3.0,2030,1.816
11,16,3.0,2031,1.816
11,16,3.0,2032,1.816
11,16,3.0,2033,1.816
11,16,3.0,2034,1.816
11,16,3.0,2035,1.816
11,16,3.0,2036,1.816
11,16,3.0,2037,1.816
11,16,3.0,2038,1.816
11,16,3.0,2039,1.816
11,16,3.0,2040,1.816
11,16,3.0,2041,1.816
11,16,3.0,2042,1.816
11,16,3.0,2043,1.816
11,16,3.0,2044,1.816
11,16,3.0,2045,1.816
11,16,3.0,2046,1.816
11,16,3.0,2047,1.816
11,16,3.0,2048,1.816
11,16,3.0,2049,1.816
11,16,3.0,2050,1.816
12,3,1.0,2023,2.006
12,3,1.0,2024,2.006
12,3,1.0,2025,2.006
12,3,1.0,2026,2.006
12,3,1.0,2027,2.006
12,3,1.0,2028,2.006
12,3,1.0,2029,2.006
12,3,1.0,2030,2.006
12,3,1.0,2031,2.006
12,3,1.0,2032,2.006
12,3,1.0,2033,2.006
12,3,1.0,2034,2.006
12,3,1.0,2035,2.006
12,3,1.0,2036,2.006
12,3,1.0,2037,2.006
12,3,1.0,2038,2.006
12,3,1.0,2039,2.006
12,3,1.0,2040,2.006
12,3,1.0,2041,2.006
12,3,1.0,2042,2.006
12,3,1.0,2043,2.006
12,3,1.0,2044,2.006
12,3,1.0,2045,2.006
12,3,1.0,2046,2.006
12,3,1.0,2047,2.006
12,3,1.0,2048,2.006
12,3,1.0,2049,2.006
12,3,1.0,2050,2.006
12,3,2.0,2023,2.006
12,3,2.0,2024,2.006
12,3,2.0,2025,2.006
12,3,2.0,2026,2.006
12,3,2.0,2027,2.006
12,3,2.0,2028,2.006
12,3,2.0,2029,2.006
12,3,2.0,2030,2.006
12,3,2.0,2031,2.006
12,3,2.0,2032,2.006
12,3,2.0,2033,2.006
12,3,2.0,2034,2.006
12,3,2.0,2035,2.006
12,3,2.0,2036,2.006
12,3,2.0,2037,2.006
12,3,2.0,2038,2.006
12,3,2.0,2039,2.006
12,3,2.0,2040,2.006
12,3,2.0,2041,2.006
12,3,2.0,2042,2.006
12,3,2.0,2043,2.006
12,3,2.0,2044,2.006
12,3,2.0,2045,2.006
12,3,2.0,2046,2.006
12,3,2.0,2047,2.006
12,3,2.0,2048,2.006
12,3,2.0,2049,2.006
12,3,2.0,2050,2.006
12,3,3.0,2023,2.006
12,3,3.0,2024,2.006
12,3,3.0,2025,2.006
12,3,3.0,2026,2.006
12,3,3.0,2027,2.006
12,3,3.0,2028,2.006
12,3,3.0,2029,2.006
12,3,3.0,2030,2.006
12,3,3.0,2031,2.006
12,3,3.0,2032,2.006
12,3,3.0,2033,2.006
12,3,3.0,2034,2.006
12,3,3.0,2035,2.006
12,3,3.0,2036,2.006
12,3,3.0,2037,2.006
12,3,3.0,2038,2.006
12,3,3.0,2039,2.006
12,3,3.0,2040,2.006
12,3,3.0,2041,2.006
12,3,3.0,2042,2.006
12,3,3.0,2043,2.006
12,3,3.0,2044,2.006
12,3,3.0,2045,2.006
12,3,3.0,2046,2.006
12,3,3.0,2047,2.006
12,3,3.0,2048,2.006
12,3,3.0,2049,2.006
12,3,3.0,2050,2.006
12,4,1.0,2023,8.746
12,4,1.0,2024,8.746
12,4,1.0,2025,8.746
12,4,1.0,2026,8.746
12,4,1.0,2027,8.746
12,4,1.0,2028,8.746
12,4,1.0,2029,8.746
12,4,1.0,2030,8.746
12,4,1.0,2031,8.746
12,4,1.0,2032,8.746
12,4,1.0,2033,8.746
12,4,1.0,2034,8.746
12,4,1.0,2035,8.746
12,4,1.0,2036,8.746
12,4,1.0,2037,8.746
12,4,1.0,2038,8.746
12,4,1.0,2039,8.746
12,4,1.0,2040,8.746
12,4,1.0,2041,8.746
12,4,1.0,2042,8.746
12,4,1.0,2043,8.746
12,4,1.0,2044,8.746
12,4,1.0,2045,8.746
12,4,1.0,2046,8.746
12,4,1.0,2047,8.746
12,4,1.0,2048,8.746
12,4,1.0,2049,8.746
12,4,1.0,2050,8.746
12,4,2.0,2023,8.746
12,4,2.0,2024,8.746
12,4,2.0,2025,8.746
12,4,2.0,2026,8.746
12,4,2.0,2027,8.746
12,4,2.0,2028,8.746
12,4,2.0,2029,8.746
12,4,2.0,2030,8.746
12,4,2.0,2031,8.746
12,4,2.0,2032,8.746
12,4,2.0,2033,8.746
12,4,2.0,2034,8.746
12,4,2.0,2035,8.746
12,4,2.0,2036,8.746
12,4,2.0,2037,8.746
12,4,2.0,2038,8.746
12,4,2.0,2039,8.746
12,4,2.0,2040,8.746
12,4,2.0,2041,8.746
12,4,2.0,2042,8.746
12,4,2.0,2043,8.746
12,4,2.0,2044,8.746
12,4,2.0,2045,8.746
12,4,2.0,2046,8.746
12,4,2.0,2047,8.746
12,4,2.0,2048,8.746
12,4,2.0,2049,8.746
12,4,2.0,2050,8.746
12,4,3.0,2023,8.746
12,4,3.0,2024,8.746
12,4,3.0,2025,8.746
12,4,3.0,2026,8.746
12,4,3.0,2027,8.746
12,4,3.0,2028,8.746
12,4,3.0,2029,8.746
12,4,3.0,2030,8.746
12,4,3.0,2031,8.746
12,4,3.0,2032,8.746
12,4,3.0,2033,8.746
12,4,3.0,2034,8.746
12,4,3.0,2035,8.746
12,4,3.0,2036,8.746
12,4,3.0,2037,8.746
12,4,3.0,2038,8.746
12,4,3.0,2039,8.746
12,4,3.0,2040,8.746
12,4,3.0,2041,8.746
12,4,3.0,2042,8.746
12,4,3.0,2043,8.746
12,4,3.0,2044,8.746
12,4,3.0,2045,8.746
12,4,3.0,2046,8.746
12,4,3.0,2047,8.746
12,4,3.0,2048,8.746
12,4,3.0,2049,8.746
12,4,3.0,2050,8.746
13,10,1.0,2023,3.9
13,10,1.0,2024,3.9
13,10,1.0,2025,3.9
13,10,1.0,2026,3.9
13,10,1.0,2027,3.9
13,10,1.0,2028,3.9
13,10,1.0,2029,3.9
13,10,1.0,2030,3.9
13,10,1.0,2031,3.9
13,10,1.0,2032,3.9
13,10,1.0,2033,3.9
13,10,1.0,2034,3.9
13,10,1.0,2035,3.9
13,10,1.0,2036,3.9
13,10,1.0,2037,3.9
13,10,1.0,2038,3.9
13,10,1.0,2039,3.9
13,10,1.0,2040,3.9
13,10,1.0,2041,3.9
13,10,1.0,2042,3.9
13,10,1.0,2043,3.9
13,10,1.0,2044,3.9
13,10,1.0,2045,3.9
13,10,1.0,2046,3.9
13,10,1.0,2047,3.9
13,10,1.0,2048,3.9
13,10,1.0,2049,3.9
13,10,1.0,2050,3.9
13,10,2.0,2023,3.9
13,10,2.0,2024,3.9
13,10,2.0,2025,3.9
13,10,2.0,2026,3.9
13,10,2.0,2027,3.9
13,10,2.0,2028,3.9
13,10,2.0,2029,3.9
13,10,2.0,2030,3.9
13,10,2.0,2031,3.9
13,10,2.0,2032,3.9
13,10,2.0,2033,3.9
13,10,2.0,2034,3.9
13,10,2.0,2035,3.9
13,10,2.0,2036,3.9
13,10,2.0,2037,3.9
13,10,2.0,2038,3.9
13,10,2.0,2039,3.9
13,10,2.0,2040,3.9
13,10,2.0,2041,3.9
13,10,2.0,2042,3.9
13,10,2.0,2043,3.9
13,10,2.0,2044,3.9
13,10,2.0,2045,3.9
13,10,2.0,2046,3.9
13,10,2.0,2047,3.9
13,10,2.0,2048,3.9
13,10,2.0,2049,3.9
13,10,2.0,2050,3.9
13,10,3.0,2023,3.9
13,10,3.0,2024,3.9
13,10,3.0,2025,3.9
13,10,3.0,2026,3.9
13,10,3.0,2027,3.9
13,10,3.0,2028,3.9
13,10,3.0,2029,3.9
13,10,3.0,2030,3.9
13,10,3.0,2031,3.9
13,10,3.0,2032,3.9
13,10,3.0,2033,3.9
13,10,3.0,2034,3.9
13,10,3.0,2035,3.9
13,10,3.0,2036,3.9
13,10,3.0,2037,3.9
13,10,3.0,2038,3.9
13,10,3.0,2039,3.9
13,10,3.0,2040,3.9
13,10,3.0,2041,3.9
13,10,3.0,2042,3.9
13,10,3.0,2043,3.9
13,10,3.0,2044,3.9
13,10,3.0,2045,3.9
13,10,3.0,2046,3.9
13,10,3.0,2047,3.9
13,10,3.0,2048,3.9
13,10,3.0,2049,3.9
13,10,3.0,2050,3.9
13,11,1.0,2023,4.098
13,11,1.0,2024,4.098
13,11,1.0,2025,4.098
13,11,1.0,2026,4.098
13,11,1.0,2027,4.098
13,11,1.0,2028,4.098
13,11,1.0,2029,4.098
13,11,1.0,2030,4.098
13,11,1.0,2031,4.098
13,11,1.0,2032,4.098
13,11,1.0,2033,4.098
13,11,1.0,2034,4.098
13,11,1.0,2035,4.098
13,11,1.0,2036,4.098
13,11,1.0,2037,4.098
13,11,1.0,2038,4.098
13,11,1.0,2039,4.098
13,11,1.0,2040,4.098
13,11,1.0,2041,4.098
13,11,1.0,2042,4.098
13,11,1.0,2043,4.098
13,11,1.0,2044,4.098
13,11,1.0,2045,4.098
13,11,1.0,2046,4.098
13,11,1.0,2047,4.098
13,11,1.0,2048,4.098
13,11,1.0,2049,4.098
13,11,1.0,2050,4.098
13,11,2.0,2023,4.098
13,11,2.0,2024,4.098
13,11,2.0,2025,4.098
13,11,2.0,2026,4.098
13,11,2.0,2027,4.098
13,11,2.0,2028,4.098
13,11,2.0,2029,4.098
13,11,2.0,2030,4.098
13,11,2.0,2031,4.098
13,11,2.0,2032,4.098
13,11,2.0,2033,4.098
13,11,2.0,2034,4.098
13,11,2.0,2035,4.098
13,11,2.0,2036,4.098
13,11,2.0,2037,4.098
13,11,2.0,2038,4.098
13,11,2.0,2039,4.098
13,11,2.0,2040,4.098
13,11,2.0,2041,4.098
13,11,2.0,2042,4.098
13,11,2.0,2043,4.098
13,11,2.0,2044,4.098
13,11,2.0,2045,4.098
13,11,2.0,2046,4.098
13,11,2.0,2047,4.098
13,11,2.0,2048,4.098
13,11,2.0,2049,4.098
13,11,2.0,2050,4.098
13,11,3.0,2023,4.098
13,11,3.0,2024,4.098
13,11,3.0,2025,4.098
13,11,3.0,2026,4.098
13,11,3.0,2027,4.098
13,11,3.0,2028,4.098
13,11,3.0,2029,4.098
13,11,3.0,2030,4.098
13,11,3.0,2031,4.098
13,11,3.0,2032,4.098
13,11,3.0,2033,4.098
13,11,3.0,2034,4.098
13,11,3.0,2035,4.098
13,11,3.0,2036,4.098
13,11,3.0,2037,4.098
13,11,3.0,2038,4.098
13,11,3.0,2039,4.098
13,11,3.0,2040,4.098
13,11,3.0,2041,4.098
13,11,3.0,2042,4.098
13,11,3.0,2043,4.098
13,11,3.0,2044,4.098
13,11,3.0,2045,4.098
13,11,3.0,2046,4.098
13,11,3.0,2047,4.098
13,11,3.0,2048,4.098
13,11,3.0,2049,4.098
13,11,3.0,2050,4.098
13,14,1.0,2023,4.316
13,14,1.0,2024,4.316
13,14,1.0,2025,4.316
13,14,1.0,2026,4.316
13,14,1.0,2027,4.316
13,14,1.0,2028,4.316
13,14,1.0,2029,4.316
13,14,1.0,2030,4.316
13,14,1.0,2031,4.316
13,14,1.0,2032,4.316
13,14,1.0,2033,4.316
13,14,1.0,2034,4.316
13,14,1.0,2035,4.316
13,14,1.0,2036,4.316
13,14,1.0,2037,4.316
13,14,1.0,2038,4.316
13,14,1.0,2039,4.316
13,14,1.0,2040,4.316
13,14,1.0,2041,4.316
13,14,1.0,2042,4.316
13,14,1.0,2043,4.316
13,14,1.0,2044,4.316
13,14,1.0,2045,4.316
13,14,1.0,2046,4.316
13,14,1.0,2047,4.316
13,14,1.0,2048,4.316
13,14,1.0,2049,4.316
13,14,1.0,2050,4.316
13,14,2.0,2023,4.316
13,14,2.0,2024,4.316
13,14,2.0,2025,4.316
13,14,2.0,2026,4.316
13,14,2.0,2027,4.316
13,14,2.0,2028,4.316
13,14,2.0,2029,4.316
13,14,2.0,2030,4.316
13,14,2.0,2031,4.316
13,14,2.0,2032,4.316
13,14,2.0,2033,4.316
13,14,2.0,2034,4.316
13,14,2.0,2035,4.316
13,14,2.0,2036,4.316
13,14,2.0,2037,4.316
13,14,2.0,2038,4.316
13,14,2.0,2039,4.316
13,14,2.0,2040,4.316
13,14,2.0,2041,4.316
13,14,2.0,2042,4.316
13,14,2.0,2043,4.316
13,14,2.0,2044,4.316
13,14,2.0,2045,4.316
13,14,2.0,2046,4.316
13,14,2.0,2047,4.316
13,14,2.0,2048,4.316
13,14,2.0,2049,4.316
13,14,2.0,2050,4.316
13,14,3.0,2023,4.316
13,14,3.0,2024,4.316
13,14,3.0,2025,4.316
13,14,3.0,2026,4.316
13,14,3.0,2027,4.316
13,14,3.0,2028,4.316
13,14,3.0,2029,4.316
13,14,3.0,2030,4.316
13,14,3.0,2031,4.316
13,14,3.0,2032,4.316
13,14,3.0,2033,4.316
13,14,3.0,2034,4.316
13,14,3.0,2035,4.316
13,14,3.0,2036,4.316
13,14,3.0,2037,4.316
13,14,3.0,2038,4.316
13,14,3.0,2039,4.316
13,14,3.0,2040,4.316
13,14,3.0,2041,4.316
13,14,3.0,2042,4.316
13,14,3.0,2043,4.316
13,14,3.0,2044,4.316
13,14,3.0,2045,4.316
13,14,3.0,2046,4.316
13,14,3.0,2047,4.316
13,14,3.0,2048,4.316
13,14,3.0,2049,4.316
13,14,3.0,2050,4.316
14,11,1.0,2023,0.902
14,11,1.0,2024,0.902
14,11,1.0,2025,0.902
14,11,1.0,2026,0.902
14,11,1.0,2027,0.902
14,11,1.0,2028,0.902
14,11,1.0,2029,0.902
14,11,1.0,2030,0.902
14,11,1.0,2031,0.902
14,11,1.0,2032,0.902
14,11,1.0,2033,0.902
14,11,1.0,2034,0.902
14,11,1.0,2035,0.902
14,11,1.0,2036,0.902
14,11,1.0,2037,0.902
14,11,1.0,2038,0.902
14,11,1.0,2039,0.902
14,11,1.0,2040,0.902
14,11,1.0,2041,0.902
14,11,1.0,2042,0.902
14,11,1.0,2043,0.902
14,11,1.0,2044,0.902
14,11,1.0,2045,0.902
14,11,1.0,2046,0.902
14,11,1.0,2047,0.902
14,11,1.0,2048,0.902
14,11,1.0,2049,0.902
14,11,1.0,2050,0.902
14,11,2.0,2023,0.902
14,11,2.0,2024,0.902
14,11,2.0,2025,0.902
14,11,2.0,2026,0.902
14,11,2.0,2027,0.902
14,11,2.0,2028,0.902
14,11,2.0,2029,0.902
14,11,2.0,2030,0.902
14,11,2.0,2031,0.902
14,11,2.0,2032,0.902
14,11,2.0,2033,0.902
14,11,2.0,2034,0.902
14,11,2.0,2035,0.902
14,11,2.0,2036,0.902
14,11,2.0,2037,0.902
14,11,2.0,2038,0.902
14,11,2.0,2039,0.902
14,11,2.0,2040,0.902
14,11,2.0,2041,0.902
14,11,2.0,2042,0.902
14,11,2.0,2043,0.902
14,11,2.0,2044,0.902
14,11,2.0,2045,0.902
14,11,2.0,2046,0.902
14,11,2.0,2047,0.902
14,11,2.0,2048,0.902
14,11,2.0,2049,0.902
14,11,2.0,2050,0.902
14,11,3.0,2023,0.902
14,11,3.0,2024,0.902
14,11,3.0,2025,0.902
14,11,3.0,2026,0.902
14,11,3.0,2027,0.902
14,11,3.0,2028,0.902
14,11,3.0,2029,0.902
14,11,3.0,2030,0.902
14,11,3.0,2031,0.902
14,11,3.0,2032,0.902
14,11,3.0,2033,0.902
14,11,3.0,2034,0.902
14,11,3.0,2035,0.902
14,11,3.0,2036,0.902
14,11,3.0,2037,0.902
14,11,3.0,2038,0.902
14,11,3.0,2039,0.902
14,11,3.0,2040,0.902
14,11,3.0,2041,0.902
14,11,3.0,2042,0.902
14,11,3.0,2043,0.902
14,11,3.0,2044,0.902
14,11,3.0,2045,0.902
14,11,3.0,2046,0.902
14,11,3.0,2047,0.902
14,11,3.0,2048,0.902
14,11,3.0,2049,0.902
14,11,3.0,2050,0.902
14,13,1.0,2023,4.35
14,13,1.0,2024,4.35
14,13,1.0,2025,4.35
14,13,1.0,2026,4.35
14,13,1.0,2027,4.35
14,13,1.0,2028,4.35
14,13,1.0,2029,4.35
14,13,1.0,2030,4.35
14,13,1.0,2031,4.35
14,13,1.0,2032,4.35
14,13,1.0,2033,4.35
14,13,1.0,2034,4.35
14,13,1.0,2035,4.35
14,13,1.0,2036,4.35
14,13,1.0,2037,4.35
14,13,1.0,2038,4.35
14,13,1.0,2039,4.35
14,13,1.0,2040,4.35
14,13,1.0,2041,4.35
14,13,1.0,2042,4.35
14,13,1.0,2043,4.35
14,13,1.0,2044,4.35
14,13,1.0,2045,4.35
14,13,1.0,2046,4.35
14,13,1.0,2047,4.35
14,13,1.0,2048,4.35
14,13,1.0,2049,4.35
14,13,1.0,2050,4.35
14,13,2.0,2023,4.35
14,13,2.0,2024,4.35
14,13,2.0,2025,4.35
14,13,2.0,2026,4.35
14,13,2.0,2027,4.35
14,13,2.0,2028,4.35
14,13,2.0,2029,4.35
14,13,2.0,2030,4.35
14,13,2.0,2031,4.35
14,13,2.0,2032,4.35
14,13,2.0,2033,4.35
14,13,2.0,2034,4.35
14,13,2.0,2035,4.35
14,13,2.0,2036,4.35
14,13,2.0,2037,4.35
14,13,2.0,2038,4.35
14,13,2.0,2039,4.35
14,13,2.0,2040,4.35
14,13,2.0,2041,4.35
14,13,2.0,2042,4.35
14,13,2.0,2043,4.35
14,13,2.0,2044,4.35
14,13,2.0,2045,4.35
14,13,2.0,2046,4.35
14,13,2.0,2047,4.35
14,13,2.0,2048,4.35
14,13,2.0,2049,4.35
14,13,2.0,2050,4.35
14,13,3.0,2023,4.35
14,13,3.0,2024,4.35
14,13,3.0,2025,4.35
14,13,3.0,2026,4.35
14,13,3.0,2027,4.35
14,13,3.0,2028,4.35
14,13,3.0,2029,4.35
14,13,3.0,2030,4.35
14,13,3.0,2031,4.35
14,13,3.0,2032,4.35
14,13,3.0,2033,4.35
14,13,3.0,2034,4.35
14,13,3.0,2035,4.35
14,13,3.0,2036,4.35
14,13,3.0,2037,4.35
14,13,3.0,2038,4.35
14,13,3.0,2039,4.35
14,13,3.0,2040,4.35
14,13,3.0,2041,4.35
14,13,3.0,2042,4.35
14,13,3.0,2043,4.35
14,13,3.0,2044,4.35
14,13,3.0,2045,4.35
14,13,3.0,2046,4.35
14,13,3.0,2047,4.35
14,13,3.0,2048,4.35
14,13,3.0,2049,4.35
14,13,3.0,2050,4.35
14,15,1.0,2023,3.242
14,15,1.0,2024,3.242
14,15,1.0,2025,3.242
14,15,1.0,2026,3.242
14,15,1.0,2027,3.242
14,15,1.0,2028,3.242
14,15,1.0,2029,3.242
14,15,1.0,2030,3.242
14,15,1.0,2031,3.242
14,15,1.0,2032,3.242
14,15,1.0,2033,3.242
14,15,1.0,2034,3.242
14,15,1.0,2035,3.242
14,15,1.0,2036,3.242
14,15,1.0,2037,3.242
14,15,1.0,2038,3.242
14,15,1.0,2039,3.242
14,15,1.0,2040,3.242
14,15,1.0,2041,3.242
14,15,1.0,2042,3.242
14,15,1.0,2043,3.242
14,15,1.0,2044,3.242
14,15,1.0,2045,3.242
14,15,1.0,2046,3.242
14,15,1.0,2047,3.242
14,15,1.0,2048,3.242
14,15,1.0,2049,3.242
14,15,1.0,2050,3.242
14,15,2.0,2023,3.242
14,15,2.0,2024,3.242
14,15,2.0,2025,3.242
14,15,2.0,2026,3.242
14,15,2.0,2027,3.242
14,15,2.0,2028,3.242
14,15,2.0,2029,3.242
14,15,2.0,2030,3.242
14,15,2.0,2031,3.242
14,15,2.0,2032,3.242
14,15,2.0,2033,3.242
14,15,2.0,2034,3.242
14,15,2.0,2035,3.242
14,15,2.0,2036,3.242
14,15,2.0,2037,3.242
14,15,2.0,2038,3.242
14,15,2.0,2039,3.242
14,15,2.0,2040,3.242
14,15,2.0,2041,3.242
14,15,2.0,2042,3.242
14,15,2.0,2043,3.242
14,15,2.0,2044,3.242
14,15,2.0,2045,3.242
14,15,2.0,2046,3.242
14,15,2.0,2047,3.242
14,15,2.0,2048,3.242
14,15,2.0,2049,3.242
14,15,2.0,2050,3.242
14,15,3.0,2023,3.242
14,15,3.0,2024,3.242
14,15,3.0,2025,3.242
14,15,3.0,2026,3.242
14,15,3.0,2027,3.242
14,15,3.0,2028,3.242
14,15,3.0,2029,3.242
14,15,3.0,2030,3.242
14,15,3.0,2031,3.242
14,15,3.0,2032,3.242
14,15,3.0,2033,3.242
14,15,3.0,2034,3.242
14,15,3.0,2035,3.242
14,15,3.0,2036,3.242
14,15,3.0,2037,3.242
14,15,3.0,2038,3.242
14,15,3.0,2039,3.242
14,15,3.0,2040,3.242
14,15,3.0,2041,3.242
14,15,3.0,2042,3.242
14,15,3.0,2043,3.242
14,15,3.0,2044,3.242
14,15,3.0,2045,3.242
14,15,3.0,2046,3.242
14,15,3.0,2047,3.242
14,15,3.0,2048,3.242
14,15,3.0,2049,3.242
14,15,3.0,2050,3.242
14,16,1.0,2023,3.6
14,16,1.0,2024,3.6
14,16,1.0,2025,3.6
14,16,1.0,2026,3.6
14,16,1.0,2027,3.6
14,16,1.0,2028,3.6
14,16,1.0,2029,3.6
14,16,1.0,2030,3.6
14,16,1.0,2031,3.6
14,16,1.0,2032,3.6
14,16,1.0,2033,3.6
14,16,1.0,2034,3.6
14,16,1.0,2035,3.6
14,16,1.0,2036,3.6
14,16,1.0,2037,3.6
14,16,1.0,2038,3.6
14,16,1.0,2039,3.6
14,16,1.0,2040,3.6
14,16,1.0,2041,3.6
14,16,1.0,2042,3.6
14,16,1.0,2043,3.6
14,16,1.0,2044,3.6
14,16,1.0,2045,3.6
14,16,1.0,2046,3.6
14,16,1.0,2047,3.6
14,16,1.0,2048,3.6
14,16,1.0,2049,3.6
14,16,1.0,2050,3.6
14,16,2.0,2023,3.6
14,16,2.0,2024,3.6
14,16,2.0,2025,3.6
14,16,2.0,2026,3.6
14,16,2.0,2027,3.6
14,16,2.0,2028,3.6
14,16,2.0,2029,3.6
14,16,2.0,2030,3.6
14,16,2.0,2031,3.6
14,16,2.0,2032,3.6
14,16,2.0,2033,3.6
14,16,2.0,2034,3.6
14,16,2.0,2035,3.6
14,16,2.0,2036,3.6
14,16,2.0,2037,3.6
14,16,2.0,2038,3.6
14,16,2.0,2039,3.6
14,16,2.0,2040,3.6
14,16,2.0,2041,3.6
14,16,2.0,2042,3.6
14,16,2.0,2043,3.6
14,16,2.0,2044,3.6
14,16,2.0,2045,3.6
14,16,2.0,2046,3.6
14,16,2.0,2047,3.6
14,16,2.0,2048,3.6
14,16,2.0,2049,3.6
14,16,2.0,2050,3.6
14,16,3.0,2023,3.6
14,16,3.0,2024,3.6
14,16,3.0,2025,3.6
14,16,3.0,2026,3.6
14,16,3.0,2027,3.6
14,16,3.0,2028,3.6
14,16,3.0,2029,3.6
14,16,3.0,2030,3.6
14,16,3.0,2031,3.6
14,16,3.0,2032,3.6
14,16,3.0,2033,3.6
14,16,3.0,2034,3.6
14,16,3.0,2035,3.6
14,16,3.0,2036,3.6
14,16,3.0,2037,3.6
14,16,3.0,2038,3.6
14,16,3.0,2039,3.6
14,16,3.0,2040,3.6
14,16,3.0,2041,3.6
14,16,3.0,2042,3.6
14,16,3.0,2043,3.6
14,16,3.0,2044,3.6
14,16,3.0,2045,3.6
14,16,3.0,2046,3.6
14,16,3.0,2047,3.6
14,16,3.0,2048,3.6
14,16,3.0,2049,3.6
14,16,3.0,2050,3.6
15,2,1.0,2023,3.6
15,2,1.0,2024,3.6
15,2,1.0,2025,3.6
15,2,1.0,2026,3.6
15,2,1.0,2027,3.6
15,2,1.0,2028,3.6
15,2,1.0,2029,3.6
15,2,1.0,2030,3.6
15,2,1.0,2031,3.6
15,2,1.0,2032,3.6
15,2,1.0,2033,3.6
15,2,1.0,2034,3.6
15,2,1.0,2035,3.6
15,2,1.0,2036,3.6
15,2,1.0,2037,3.6
15,2,1.0,2038,3.6
15,2,1.0,2039,3.6
15,2,1.0,2040,3.6
15,2,1.0,2041,3.6
15,2,1.0,2042,3.6
15,2,1.0,2043,3.6
15,2,1.0,2044,3.6
15,2,1.0,2045,3.6
15,2,1.0,2046,3.6
15,2,1.0,2047,3.6
15,2,1.0,2048,3.6
15,2,1.0,2049,3.6
15,2,1.0,2050,3.6
15,2,2.0,2023,3.6
15,2,2.0,2024,3.6
15,2,2.0,2025,3.6
15,2,2.0,2026,3.6
15,2,2.0,2027,3.6
15,2,2.0,2028,3.6
15,2,2.0,2029,3.6
15,2,2.0,2030,3.6
15,2,2.0,2031,3.6
15,2,2.0,2032,3.6
15,2,2.0,2033,3.6
15,2,2.0,2034,3.6
15,2,2.0,2035,3.6
15,2,2.0,2036,3.6
15,2,2.0,2037,3.6
15,2,2.0,2038,3.6
15,2,2.0,2039,3.6
15,2,2.0,2040,3.6
15,2,2.0,2041,3.6
15,2,2.0,2042,3.6
15,2,2.0,2043,3.6
15,2,2.0,2044,3.6
15,2,2.0,2045,3.6
15,2,2.0,2046,3.6
15,2,2.0,2047,3.6
15,2,2.0,2048,3.6
15,2,2.0,2049,3.6
15,2,2.0,2050,3.6
15,2,3.0,2023,3.6
15,2,3.0,2024,3.6
15,2,3.0,2025,3.6
15,2,3.0,2026,3.6
15,2,3.0,2027,3.6
15,2,3.0,2028,3.6
15,2,3.0,2029,3.6
15,2,3.0,2030,3.6
15,2,3.0,2031,3.6
15,2,3.0,2032,3.6
15,2,3.0,2033,3.6
15,2,3.0,2034,3.6
15,2,3.0,2035,3.6
15,2,3.0,2036,3.6
15,2,3.0,2037,3.6
15,2,3.0,2038,3.6
15,2,3.0,2039,3.6
15,2,3.0,2040,3.6
15,2,3.0,2041,3.6
15,2,3.0,2042,3.6
15,2,3.0,2043,3.6
15,2,3.0,2044,3.6
15,2,3.0,2045,3.6
15,2,3.0,2046,3.6
15,2,3.0,2047,3.6
15,2,3.0,2048,3.6
15,2,3.0,2049,3.6
15,2,3.0,2050,3.6
15,6,1.0,2023,3.0
15,6,1.0,2024,3.0
15,6,1.0,2025,3.0
15,6,1.0,2026,3.0
15,6,1.0,2027,3.0
15,6,1.0,2028,3.0
15,6,1.0,2029,3.0
15,6,1.0,2030,3.0
15,6,1.0,2031,3.0
15,6,1.0,2032,3.0
15,6,1.0,2033,3.0
15,6,1.0,2034,3.0
15,6,1.0,2035,3.0
15,6,1.0,2036,3.0
15,6,1.0,2037,3.0
15,6,1.0,2038,3.0
15,6,1.0,2039,3.0
15,6,1.0,2040,3.0
15,6,1.0,2041,3.0
15,6,1.0,2042,3.0
15,6,1.0,2043,3.0
15,6,1.0,2044,3.0
15,6,1.0,2045,3.0
15,6,1.0,2046,3.0
15,6,1.0,2047,3.0
15,6,1.0,2048,3.0
15,6,1.0,2049,3.0
15,6,1.0,2050,3.0
15,6,2.0,2023,3.0
15,6,2.0,2024,3.0
15,6,2.0,2025,3.0
15,6,2.0,2026,3.0
15,6,2.0,2027,3.0
15,6,2.0,2028,3.0
15,6,2.0,2029,3.0
15,6,2.0,2030,3.0
15,6,2.0,2031,3.0
15,6,2.0,2032,3.0
15,6,2.0,2033,3.0
15,6,2.0,2034,3.0
15,6,2.0,2035,3.0
15,6,2.0,2036,3.0
15,6,2.0,2037,3.0
15,6,2.0,2038,3.0
15,6,2.0,2039,3.0
15,6,2.0,2040,3.0
15,6,2.0,2041,3.0
15,6,2.0,2042,3.0
15,6,2.0,2043,3.0
15,6,2.0,2044,3.0
15,6,2.0,2045,3.0
15,6,2.0,2046,3.0
15,6,2.0,2047,3.0
15,6,2.0,2048,3.0
15,6,2.0,2049,3.0
15,6,2.0,2050,3.0
15,6,3.0,2023,3.0
15,6,3.0,2024,3.0
15,6,3.0,2025,3.0
15,6,3.0,2026,3.0
15,6,3.0,2027,3.0
15,6,3.0,2028,3.0
15,6,3.0,2029,3.0
15,6,3.0,2030,3.0
15,6,3.0,2031,3.0
15,6,3.0,2032,3.0
15,6,3.0,2033,3.0
15,6,3.0,2034,3.0
15,6,3.0,2035,3.0
15,6,3.0,2036,3.0
15,6,3.0,2037,3.0
15,6,3.0,2038,3.0
15,6,3.0,2039,3.0
15,6,3.0,2040,3.0
15,6,3.0,2041,3.0
15,6,3.0,2042,3.0
15,6,3.0,2043,3.0
15,6,3.0,2044,3.0
15,6,3.0,2045,3.0
15,6,3.0,2046,3.0
15,6,3.0,2047,3.0
15,6,3.0,2048,3.0
15,6,3.0,2049,3.0
15,6,3.0,2050,3.0
15,14,1.0,2023,3.242
15,14,1.0,2024,3.242
15,14,1.0,2025,3.242
15,14,1.0,2026,3.242
15,14,1.0,2027,3.242
15,14,1.0,2028,3.242
15,14,1.0,2029,3.242
15,14,1.0,2030,3.242
15,14,1.0,2031,3.242
15,14,1.0,2032,3.242
15,14,1.0,2033,3.242
15,14,1.0,2034,3.242
15,14,1.0,2035,3.242
15,14,1.0,2036,3.242
15,14,1.0,2037,3.242
15,14,1.0,2038,3.242
15,14,1.0,2039,3.242
15,14,1.0,2040,3.242
15,14,1.0,2041,3.242
15,14,1.0,2042,3.242
15,14,1.0,2043,3.242
15,14,1.0,2044,3.242
15,14,1.0,2045,3.242
15,14,1.0,2046,3.242
15,14,1.0,2047,3.242
15,14,1.0,2048,3.242
15,14,1.0,2049,3.242
15,14,1.0,2050,3.242
15,14,2.0,2023,3.242
15,14,2.0,2024,3.242
15,14,2.0,2025,3.242
15,14,2.0,2026,3.242
15,14,2.0,2027,3.242
15,14,2.0,2028,3.242
15,14,2.0,2029,3.242
15,14,2.0,2030,3.242
15,14,2.0,2031,3.242
15,14,2.0,2032,3.242
15,14,2.0,2033,3.242
15,14,2.0,2034,3.242
15,14,2.0,2035,3.242
15,14,2.0,2036,3.242
15,14,2.0,2037,3.242
15,14,2.0,2038,3.242
15,14,2.0,2039,3.242
15,14,2.0,2040,3.242
15,14,2.0,2041,3.242
15,14,2.0,2042,3.242
15,14,2.0,2043,3.242
15,14,2.0,2044,3.242
15,14,2.0,2045,3.242
15,14,2.0,2046,3.242
15,14,2.0,2047,3.242
15,14,2.0,2048,3.242
15,14,2.0,2049,3.242
15,14,2.0,2050,3.242
15,14,3.0,2023,3.242
15,14,3.0,2024,3.242
15,14,3.0,2025,3.242
15,14,3.0,2026,3.242
15,14,3.0,2027,3.242
15,14,3.0,2028,3.242
15,14,3.0,2029,3.242
15,14,3.0,2030,3.242
15,14,3.0,2031,3.242
15,14,3.0,2032,3.242
15,14,3.0,2033,3.242
15,14,3.0,2034,3.242
15,14,3.0,2035,3.242
15,14,3.0,2036,3.242
15,14,3.0,2037,3.242
15,14,3.0,2038,3.242
15,14,3.0,2039,3.242
15,14,3.0,2040,3.242
15,14,3.0,2041,3.242
15,14,3.0,2042,3.242
15,14,3.0,2043,3.242
15,14,3.0,2044,3.242
15,14,3.0,2045,3.242
15,14,3.0,2046,3.242
15,14,3.0,2047,3.242
15,14,3.0,2048,3.242
15,14,3.0,2049,3.242
15,14,3.0,2050,3.242
15,16,1.0,2023,1.713
15,16,1.0,2024,1.713
15,16,1.0,2025,1.713
15,16,1.0,2026,1.713
15,16,1.0,2027,1.713
15,16,1.0,2028,1.713
15,16,1.0,2029,1.713
15,16,1.0,2030,1.713
15,16,1.0,2031,1.713
15,16,1.0,2032,1.713
15,16,1.0,2033,1.713
15,16,1.0,2034,1.713
15,16,1.0,2035,1.713
15,16,1.0,2036,1.713
15,16,1.0,2037,1.713
15,16,1.0,2038,1.713
15,16,1.0,2039,1.713
15,16,1.0,2040,1.713
15,16,1.0,2041,1.713
15,16,1.0,2042,1.713
15,16,1.0,2043,1.713
15,16,1.0,2044,1.713
15,16,1.0,2045,1.713
15,16,1.0,2046,1.713
15,16,1.0,2047,1.713
15,16,1.0,2048,1.713
15,16,1.0,2049,1.713
15,16,1.0,2050,1.713
15,16,2.0,2023,1.713
15,16,2.0,2024,1.713
15,16,2.0,2025,1.713
15,16,2.0,2026,1.713
15,16,2.0,2027,1.713
15,16,2.0,2028,1.713
15,16,2.0,2029,1.713
15,16,2.0,2030,1.713
15,16,2.0,2031,1.713
15,16,2.0,2032,1.713
15,16,2.0,2033,1.713
15,16,2.0,2034,1.713
15,16,2.0,2035,1.713
15,16,2.0,2036,1.713
15,16,2.0,2037,1.713
15,16,2.0,2038,1.713
15,16,2.0,2039,1.713
15,16,2.0,2040,1.713
15,16,2.0,2041,1.713
15,16,2.0,2042,1.713
15,16,2.0,2043,1.713
15,16,2.0,2044,1.713
15,16,2.0,2045,1.713
15,16,2.0,2046,1.713
15,16,2.0,2047,1.713
15,16,2.0,2048,1.713
15,16,2.0,2049,1.713
15,16,2.0,2050,1.713
15,16,3.0,2023,1.713
15,16,3.0,2024,1.713
15,16,3.0,2025,1.713
15,16,3.0,2026,1.713
15,16,3.0,2027,1.713
15,16,3.0,2028,1.713
15,16,3.0,2029,1.713
15,16,3.0,2030,1.713
15,16,3.0,2031,1.713
15,16,3.0,2032,1.713
15,16,3.0,2033,1.713
15,16,3.0,2034,1.713
15,16,3.0,2035,1.713
15,16,3.0,2036,1.713
15,16,3.0,2037,1.713
15,16,3.0,2038,1.713
15,16,3.0,2039,1.713
15,16,3.0,2040,1.713
15,16,3.0,2041,1.713
15,16,3.0,2042,1.713
15,16,3.0,2043,1.713
15,16,3.0,2044,1.713
15,16,3.0,2045,1.713
15,16,3.0,2046,1.713
15,16,3.0,2047,1.713
15,16,3.0,2048,1.713
15,16,3.0,2049,1.713
15,16,3.0,2050,1.713
16,4,1.0,2023,8.367
16,4,1.0,2024,8.367
16,4,1.0,2025,8.367
16,4,1.0,2026,8.367
16,4,1.0,2027,8.367
16,4,1.0,2028,8.367
16,4,1.0,2029,8.367
16,4,1.0,2030,8.367
16,4,1.0,2031,8.367
16,4,1.0,2032,8.367
16,4,1.0,2033,8.367
16,4,1.0,2034,8.367
16,4,1.0,2035,8.367
16,4,1.0,2036,8.367
16,4,1.0,2037,8.367
16,4,1.0,2038,8.367
16,4,1.0,2039,8.367
16,4,1.0,2040,8.367
16,4,1.0,2041,8.367
16,4,1.0,2042,8.367
16,4,1.0,2043,8.367
16,4,1.0,2044,8.367
16,4,1.0,2045,8.367
16,4,1.0,2046,8.367
16,4,1.0,2047,8.367
16,4,1.0,2048,8.367
16,4,1.0,2049,8.367
16,4,1.0,2050,8.367
16,4,2.0,2023,8.367
16,4,2.0,2024,8.367
16,4,2.0,2025,8.367
16,4,2.0,2026,8.367
16,4,2.0,2027,8.367
16,4,2.0,2028,8.367
16,4,2.0,2029,8.367
16,4,2.0,2030,8.367
16,4,2.0,2031,8.367
16,4,2.0,2032,8.367
16,4,2.0,2033,8.367
16,4,2.0,2034,8.367
16,4,2.0,2035,8.367
16,4,2.0,2036,8.367
16,4,2.0,2037,8.367
16,4,2.0,2038,8.367
16,4,2.0,2039,8.367
16,4,2.0,2040,8.367
16,4,2.0,2041,8.367
16,4,2.0,2042,8.367
16,4,2.0,2043,8.367
16,4,2.0,2044,8.367
16,4,2.0,2045,8.367
16,4,2.0,2046,8.367
16,4,2.0,2047,8.367
16,4,2.0,2048,8.367
16,4,2.0,2049,8.367
16,4,2.0,2050,8.367
16,4,3.0,2023,8.367
16,4,3.0,2024,8.367
16,4,3.0,2025,8.367
16,4,3.0,2026,8.367
16,4,3.0,2027,8.367
16,4,3.0,2028,8.367
16,4,3.0,2029,8.367
16,4,3.0,2030,8.367
16,4,3.0,2031,8.367
16,4,3.0,2032,8.367
16,4,3.0,2033,8.367
16,4,3.0,2034,8.367
16,4,3.0,2035,8.367
16,4,3.0,2036,8.367
16,4,3.0,2037,8.367
16,4,3.0,2038,8.367
16,4,3.0,2039,8.367
16,4,3.0,2040,8.367
16,4,3.0,2041,8.367
16,4,3.0,2042,8.367
16,4,3.0,2043,8.367
16,4,3.0,2044,8.367
16,4,3.0,2045,8.367
16,4,3.0,2046,8.367
16,4,3.0,2047,8.367
16,4,3.0,2048,8.367
16,4,3.0,2049,8.367
16,4,3.0,2050,8.367
16,6,1.0,2023,2.919
16,6,1.0,2024,2.919
16,6,1.0,2025,2.919
16,6,1.0,2026,2.919
16,6,1.0,2027,2.919
16,6,1.0,2028,2.919
16,6,1.0,2029,2.919
16,6,1.0,2030,2.919
16,6,1.0,2031,2.919
16,6,1.0,2032,2.919
16,6,1.0,2033,2.919
16,6,1.0,2034,2.919
16,6,1.0,2035,2.919
16,6,1.0,2036,2.919
16,6,1.0,2037,2.919
16,6,1.0,2038,2.919
16,6,1.0,2039,2.919
16,6,1.0,2040,2.919
16,6,1.0,2041,2.919
16,6,1.0,2042,2.919
16,6,1.0,2043,2.919
16,6,1.0,2044,2.919
16,6,1.0,2045,2.919
16,6,1.0,2046,2.919
16,6,1.0,2047,2.919
16,6,1.0,2048,2.919
16,6,1.0,2049,2.919
16,6,1.0,2050,2.919
16,6,2.0,2023,2.919
16,6,2.0,2024,2.919
16,6,2.0,2025,2.919
16,6,2.0,2026,2.919
16,6,2.0,2027,2.919
16,6,2.0,2028,2.919
16,6,2.0,2029,2.919
16,6,2.0,2030,2.919
16,6,2.0,2031,2.919
16,6,2.0,2032,2.919
16,6,2.0,2033,2.919
16,6,2.0,2034,2.919
16,6,2.0,2035,2.919
16,6,2.0,2036,2.919
16,6,2.0,2037,2.919
16,6,2.0,2038,2.919
16,6,2.0,2039,2.919
16,6,2.0,2040,2.919
16,6,2.0,2041,2.919
16,6,2.0,2042,2.919
16,6,2.0,2043,2.919
16,6,2.0,2044,2.919
16,6,2.0,2045,2.919
16,6,2.0,2046,2.919
16,6,2.0,2047,2.919
16,6,2.0,2048,2.919
16,6,2.0,2049,2.919
16,6,2.0,2050,2.919
16,6,3.0,2023,2.919
16,6,3.0,2024,2.919
16,6,3.0,2025,2.919
16,6,3.0,2026,2.919
16,6,3.0,2027,2.919
16,6,3.0,2028,2.919
16,6,3.0,2029,2.919
16,6,3.0,2030,2.919
16,6,3.0,2031,2.919
16,6,3.0,2032,2.919
16,6,3.0,2033,2.919
16,6,3.0,2034,2.919
16,6,3.0,2035,2.919
16,6,3.0,2036,2.919
16,6,3.0,2037,2.919
16,6,3.0,2038,2.919
16,6,3.0,2039,2.919
16,6,3.0,2040,2.919
16,6,3.0,2041,2.919
16,6,3.0,2042,2.919
16,6,3.0,2043,2.919
16,6,3.0,2044,2.919
16,6,3.0,2045,2.919
16,6,3.0,2046,2.919
16,6,3.0,2047,2.919
16,6,3.0,2048,2.919
16,6,3.0,2049,2.919
16,6,3.0,2050,2.919
16,11,1.0,2023,1.816
16,11,1.0,2024,1.816
16,11,1.0,2025,1.816
16,11,1.0,2026,1.816
16,11,1.0,2027,1.816
16,11,1.0,2028,1.816
16,11,1.0,2029,1.816
16,11,1.0,2030,1.816
16,11,1.0,2031,1.816
16,11,1.0,2032,1.816
16,11,1.0,2033,1.816
16,11,1.0,2034,1.816
16,11,1.0,2035,1.816
16,11,1.0,2036,1.816
16,11,1.0,2037,1.816
16,11,1.0,2038,1.816
16,11,1.0,2039,1.816
16,11,1.0,2040,1.816
16,11,1.0,2041,1.816
16,11,1.0,2042,1.816
16,11,1.0,2043,1.816
16,11,1.0,2044,1.816
16,11,1.0,2045,1.816
16,11,1.0,2046,1.816
16,11,1.0,2047,1.816
16,11,1.0,2048,1.816
16,11,1.0,2049,1.816
16,11,1.0,2050,1.816
16,11,2.0,2023,1.816
16,11,2.0,2024,1.816
16,11,2.0,2025,1.816
16,11,2.0,2026,1.816
16,11,2.0,2027,1.816
16,11,2.0,2028,1.816
16,11,2.0,2029,1.816
16,11,2.0,2030,1.816
16,11,2.0,2031,1.816
16,11,2.0,2032,1.816
16,11,2.0,2033,1.816
16,11,2.0,2034,1.816
16,11,2.0,2035,1.816
16,11,2.0,2036,1.816
16,11,2.0,2037,1.816
16,11,2.0,2038,1.816
16,11,2.0,2039,1.816
16,11,2.0,2040,1.816
16,11,2.0,2041,1.816
16,11,2.0,2042,1.816
16,11,2.0,2043,1.816
16,11,2.0,2044,1.816
16,11,2.0,2045,1.816
16,11,2.0,2046,1.816
16,11,2.0,2047,1.816
16,11,2.0,2048,1.816
16,11,2.0,2049,1.816
16,11,2.0,2050,1.816
16,11,3.0,2023,1.816
16,11,3.0,2024,1.816
16,11,3.0,2025,1.816
16,11,3.0,2026,1.816
16,11,3.0,2027,1.816
16,11,3.0,2028,1.816
16,11,3.0,2029,1.816
16,11,3.0,2030,1.816
16,11,3.0,2031,1.816
16,11,3.0,2032,1.816
16,11,3.0,2033,1.816
16,11,3.0,2034,1.816
16,11,3.0,2035,1.816
16,11,3.0,2036,1.816
16,11,3.0,2037,1.816
16,11,3.0,2038,1.816
16,11,3.0,2039,1.816
16,11,3.0,2040,1.816
16,11,3.0,2041,1.816
16,11,3.0,2042,1.816
16,11,3.0,2043,1.816
16,11,3.0,2044,1.816
16,11,3.0,2045,1.816
16,11,3.0,2046,1.816
16,11,3.0,2047,1.816
16,11,3.0,2048,1.816
16,11,3.0,2049,1.816
16,11,3.0,2050,1.816
16,14,1.0,2023,3.6
16,14,1.0,2024,3.6
16,14,1.0,2025,3.6
16,14,1.0,2026,3.6
16,14,1.0,2027,3.6
16,14,1.0,2028,3.6
16,14,1.0,2029,3.6
16,14,1.0,2030,3.6
16,14,1.0,2031,3.6
16,14,1.0,2032,3.6
16,14,1.0,2033,3.6
16,14,1.0,2034,3.6
16,14,1.0,2035,3.6
16,14,1.0,2036,3.6
16,14,1.0,2037,3.6
16,14,1.0,2038,3.6
16,14,1.0,2039,3.6
16,14,1.0,2040,3.6
16,14,1.0,2041,3.6
16,14,1.0,2042,3.6
16,14,1.0,2043,3.6
16,14,1.0,2044,3.6
16,14,1.0,2045,3.6
16,14,1.0,2046,3.6
16,14,1.0,2047,3.6
16,14,1.0,2048,3.6
16,14,1.0,2049,3.6
16,14,1.0,2050,3.6
16,14,2.0,2023,3.6
16,14,2.0,2024,3.6
16,14,2.0,2025,3.6
16,14,2.0,2026,3.6
16,14,2.0,2027,3.6
16,14,2.0,2028,3.6
16,14,2.0,2029,3.6
16,14,2.0,2030,3.6
16,14,2.0,2031,3.6
16,14,2.0,2032,3.6
16,14,2.0,2033,3.6
16,14,2.0,2034,3.6
16,14,2.0,2035,3.6
16,14,2.0,2036,3.6
16,14,2.0,2037,3.6
16,14,2.0,2038,3.6
16,14,2.0,2039,3.6
16,14,2.0,2040,3.6
16,14,2.0,2041,3.6
16,14,2.0,2042,3.6
16,14,2.0,2043,3.6
16,14,2.0,2044,3.6
16,14,2.0,2045,3.6
16,14,2.0,2046,3.6
16,14,2.0,2047,3.6
16,14,2.0,2048,3.6
16,14,2.0,2049,3.6
16,14,2.0,2050,3.6
16,14,3.0,2023,3.6
16,14,3.0,2024,3.6
16,14,3.0,2025,3.6
16,14,3.0,2026,3.6
16,14,3.0,2027,3.6
16,14,3.0,2028,3.6
16,14,3.0,2029,3.6
16,14,3.0,2030,3.6
16,14,3.0,2031,3.6
16,14,3.0,2032,3.6
16,14,3.0,2033,3.6
16,14,3.0,2034,3.6
16,14,3.0,2035,3.6
16,14,3.0,2036,3.6
16,14,3.0,2037,3.6
16,14,3.0,2038,3.6
16,14,3.0,2039,3.6
16,14,3.0,2040,3.6
16,14,3.0,2041,3.6
16,14,3.0,2042,3.6
16,14,3.0,2043,3.6
16,14,3.0,2044,3.6
16,14,3.0,2045,3.6
16,14,3.0,2046,3.6
16,14,3.0,2047,3.6
16,14,3.0,2048,3.6
16,14,3.0,2049,3.6
16,14,3.0,2050,3.6
16,15,1.0,2023,1.713
16,15,1.0,2024,1.713
16,15,1.0,2025,1.713
16,15,1.0,2026,1.713
16,15,1.0,2027,1.713
16,15,1.0,2028,1.713
16,15,1.0,2029,1.713
16,15,1.0,2030,1.713
16,15,1.0,2031,1.713
16,15,1.0,2032,1.713
16,15,1.0,2033,1.713
16,15,1.0,2034,1.713
16,15,1.0,2035,1.713
16,15,1.0,2036,1.713
16,15,1.0,2037,1.713
16,15,1.0,2038,1.713
16,15,1.0,2039,1.713
16,15,1.0,2040,1.713
16,15,1.0,2041,1.713
16,15,1.0,2042,1.713
16,15,1.0,2043,1.713
16,15,1.0,2044,1.713
16,15,1.0,2045,1.713
16,15,1.0,2046,1.713
16,15,1.0,2047,1.713
16,15,1.0,2048,1.713
16,15,1.0,2049,1.713
16,15,1.0,2050,1.713
16,15,2.0,2023,1.713
16,15,2.0,2024,1.713
16,15,2.0,2025,1.713
16,15,2.0,2026,1.713
16,15,2.0,2027,1.713
16,15,2.0,2028,1.713
16,15,2.0,2029,1.713
16,15,2.0,2030,1.713
16,15,2.0,2031,1.713
16,15,2.0,2032,1.713
16,15,2.0,2033,1.713
16,15,2.0,2034,1.713
16,15,2.0,2035,1.713
16,15,2.0,2036,1.713
16,15,2.0,2037,1.713
16,15,2.0,2038,1.713
16,15,2.0,2039,1.713
16,15,2.0,2040,1.713
16,15,2.0,2041,1.713
16,15,2.0,2042,1.713
16,15,2.0,2043,1.713
16,15,2.0,2044,1.713
16,15,2.0,2045,1.713
16,15,2.0,2046,1.713
16,15,2.0,2047,1.713
16,15,2.0,2048,1.713
16,15,2.0,2049,1.713
16,15,2.0,2050,1.713
16,15,3.0,2023,1.713
16,15,3.0,2024,1.713
16,15,3.0,2025,1.713
16,15,3.0,2026,1.713
16,15,3.0,2027,1.713
16,15,3.0,2028,1.713
16,15,3.0,2029,1.713
16,15,3.0,2030,1.713
16,15,3.0,2031,1.713
16,15,3.0,2032,1.713
16,15,3.0,2033,1.713
16,15,3.0,2034,1.713
16,15,3.0,2035,1.713
16,15,3.0,2036,1.713
16,15,3.0,2037,1.713
16,15,3.0,2038,1.713
16,15,3.0,2039,1.713
16,15,3.0,2040,1.713
16,15,3.0,2041,1.713
16,15,3.0,2042,1.713
16,15,3.0,2043,1.713
16,15,3.0,2044,1.713
16,15,3.0,2045,1.713
16,15,3.0,2046,1.713
16,15,3.0,2047,1.713
16,15,3.0,2048,1.713
16,15,3.0,2049,1.713
16,15,3.0,2050,1.713
17,1,1.0,2023,0.82
17,1,1.0,2024,0.82
17,1,1.0,2025,0.82
17,1,1.0,2026,0.82
17,1,1.0,2027,0.82
17,1,1.0,2028,0.82
17,1,1.0,2029,0.82
17,1,1.0,2030,0.82
17,1,1.0,2031,0.82
17,1,1.0,2032,0.82
17,1,1.0,2033,0.82
17,1,1.0,2034,0.82
17,1,1.0,2035,0.82
17,1,1.0,2036,0.82
17,1,1.0,2037,0.82
17,1,1.0,2038,0.82
17,1,1.0,2039,0.82
17,1,1.0,2040,0.82
17,1,1.0,2041,0.82
17,1,1.0,2042,0.82
17,1,1.0,2043,0.82
17,1,1.0,2044,0.82
17,1,1.0,2045,0.82
17,1,1.0,2046,0.82
17,1,1.0,2047,0.82
17,1,1.0,2048,0.82
17,1,1.0,2049,0.82
17,1,1.0,2050,0.82
17,1,2.0,2023,0.82
17,1,2.0,2024,0.82
17,1,2.0,2025,0.82
17,1,2.0,2026,0.82
17,1,2.0,2027,0.82
17,1,2.0,2028,0.82
17,1,2.0,2029,0.82
17,1,2.0,2030,0.82
17,1,2.0,2031,0.82
17,1,2.0,2032,0.82
17,1,2.0,2033,0.82
17,1,2.0,2034,0.82
17,1,2.0,2035,0.82
17,1,2.0,2036,0.82
17,1,2.0,2037,0.82
17,1,2.0,2038,0.82
17,1,2.0,2039,0.82
17,1,2.0,2040,0.82
17,1,2.0,2041,0.82
17,1,2.0,2042,0.82
17,1,2.0,2043,0.82
17,1,2.0,2044,0.82
17,1,2.0,2045,0.82
17,1,2.0,2046,0.82
17,1,2.0,2047,0.82
17,1,2.0,2048,0.82
17,1,2.0,2049,0.82
17,1,2.0,2050,0.82
17,1,3.0,2023,0.82
17,1,3.0,2024,0.82
17,1,3.0,2025,0.82
17,1,3.0,2026,0.82
17,1,3.0,2027,0.82
17,1,3.0,2028,0.82
17,1,3.0,2029,0.82
17,1,3.0,2030,0.82
17,1,3.0,2031,0.82
17,1,3.0,2032,0.82
17,1,3.0,2033,0.82
17,1,3.0,2034,0.82
17,1,3.0,2035,0.82
17,1,3.0,2036,0.82
17,1,3.0,2037,0.82
17,1,3.0,2038,0.82
17,1,3.0,2039,0.82
17,1,3.0,2040,0.82
17,1,3.0,2041,0.82
17,1,3.0,2042,0.82
17,1,3.0,2043,0.82
17,1,3.0,2044,0.82
17,1,3.0,2045,0.82
17,1,3.0,2046,0.82
17,1,3.0,2047,0.82
17,1,3.0,2048,0.82
17,1,3.0,2049,0.82
17,1,3.0,2050,0.82
17,4,1.0,2023,3.0
17,4,1.0,2024,3.0
17,4,1.0,2025,3.0
17,4,1.0,2026,3.0
17,4,1.0,2027,3.0
17,4,1.0,2028,3.0
17,4,1.0,2029,3.0
17,4,1.0,2030,3.0
17,4,1.0,2031,3.0
17,4,1.0,2032,3.0
17,4,1.0,2033,3.0
17,4,1.0,2034,3.0
17,4,1.0,2035,3.0
17,4,1.0,2036,3.0
17,4,1.0,2037,3.0
17,4,1.0,2038,3.0
17,4,1.0,2039,3.0
17,4,1.0,2040,3.0
17,4,1.0,2041,3.0
17,4,1.0,2042,3.0
17,4,1.0,2043,3.0
17,4,1.0,2044,3.0
17,4,1.0,2045,3.0
17,4,1.0,2046,3.0
17,4,1.0,2047,3.0
17,4,1.0,2048,3.0
17,4,1.0,2049,3.0
17,4,1.0,2050,3.0
17,4,2.0,2023,3.0
17,4,2.0,2024,3.0
17,4,2.0,2025,3.0
17,4,2.0,2026,3.0
17,4,2.0,2027,3.0
17,4,2.0,2028,3.0
17,4,2.0,2029,3.0
17,4,2.0,2030,3.0
17,4,2.0,2031,3.0
17,4,2.0,2032,3.0
17,4,2.0,2033,3.0
17,4,2.0,2034,3.0
17,4,2.0,2035,3.0
17,4,2.0,2036,3.0
17,4,2.0,2037,3.0
17,4,2.0,2038,3.0
17,4,2.0,2039,3.0
17,4,2.0,2040,3.0
17,4,2.0,2041,3.0
17,4,2.0,2042,3.0
17,4,2.0,2043,3.0
17,4,2.0,2044,3.0
17,4,2.0,2045,3.0
17,4,2.0,2046,3.0
17,4,2.0,2047,3.0
17,4,2.0,2048,3.0
17,4,2.0,2049,3.0
17,4,2.0,2050,3.0
17,4,3.0,2023,3.0
17,4,3.0,2024,3.0
17,4,3.0,2025,3.0
17,4,3.0,2026,3.0
17,4,3.0,2027,3.0
17,4,3.0,2028,3.0
17,4,3.0,2029,3.0
17,4,3.0,2030,3.0
17,4,3.0,2031,3.0
17,4,3.0,2032,3.0
17,4,3.0,2033,3.0
17,4,3.0,2034,3.0
17,4,3.0,2035,3.0
17,4,3.0,2036,3.0
17,4,3.0,2037,3.0
17,4,3.0,2038,3.0
17,4,3.0,2039,3.0
17,4,3.0,2040,3.0
17,4,3.0,2041,3.0
17,4,3.0,2042,3.0
17,4,3.0,2043,3.0
17,4,3.0,2044,3.0
17,4,3.0,2045,3.0
17,4,3.0,2046,3.0
17,4,3.0,2047,3.0
17,4,3.0,2048,3.0
17,4,3.0,2049,3.0
17,4,3.0,2050,3.0
17,6,1.0,2023,1.736
17,6,1.0,2024,1.736
17,6,1.0,2025,1.736
17,6,1.0,2026,1.736
17,6,1.0,2027,1.736
17,6,1.0,2028,1.736
17,6,1.0,2029,1.736
17,6,1.0,2030,1.736
17,6,1.0,2031,1.736
17,6,1.0,2032,1.736
17,6,1.0,2033,1.736
17,6,1.0,2034,1.736
17,6,1.0,2035,1.736
17,6,1.0,2036,1.736
17,6,1.0,2037,1.736
17,6,1.0,2038,1.736
17,6,1.0,2039,1.736
17,6,1.0,2040,1.736
17,6,1.0,2041,1.736
17,6,1.0,2042,1.736
17,6,1.0,2043,1.736
17,6,1.0,2044,1.736
17,6,1.0,2045,1.736
17,6,1.0,2046,1.736
17,6,1.0,2047,1.736
17,6,1.0,2048,1.736
17,6,1.0,2049,1.736
17,6,1.0,2050,1.736
17,6,2.0,2023,1.736
17,6,2.0,2024,1.736
17,6,2.0,2025,1.736
17,6,2.0,2026,1.736
17,6,2.0,2027,1.736
17,6,2.0,2028,1.736
17,6,2.0,2029,1.736
17,6,2.0,2030,1.736
17,6,2.0,2031,1.736
17,6,2.0,2032,1.736
17,6,2.0,2033,1.736
17,6,2.0,2034,1.736
17,6,2.0,2035,1.736
17,6,2.0,2036,1.736
17,6,2.0,2037,1.736
17,6,2.0,2038,1.736
17,6,2.0,2039,1.736
17,6,2.0,2040,1.736
17,6,2.0,2041,1.736
17,6,2.0,2042,1.736
17,6,2.0,2043,1.736
17,6,2.0,2044,1.736
17,6,2.0,2045,1.736
17,6,2.0,2046,1.736
17,6,2.0,2047,1.736
17,6,2.0,2048,1.736
17,6,2.0,2049,1.736
17,6,2.0,2050,1.736
17,6,3.0,2023,1.736
17,6,3.0,2024,1.736
17,6,3.0,2025,1.736
17,6,3.0,2026,1.736
17,6,3.0,2027,1.736
17,6,3.0,2028,1.736
17,6,3.0,2029,1.736
17,6,3.0,2030,1.736
17,6,3.0,2031,1.736
17,6,3.0,2032,1.736
17,6,3.0,2033,1.736
17,6,3.0,2034,1.736
17,6,3.0,2035,1.736
17,6,3.0,2036,1.736
17,6,3.0,2037,1.736
17,6,3.0,2038,1.736
17,6,3.0,2039,1.736
17,6,3.0,2040,1.736
17,6,3.0,2041,1.736
17,6,3.0,2042,1.736
17,6,3.0,2043,1.736
17,6,3.0,2044,1.736
17,6,3.0,2045,1.736
17,6,3.0,2046,1.736
17,6,3.0,2047,1.736
17,6,3.0,2048,1.736
17,6,3.0,2049,1.736
17,6,3.0,2050,1.736
17,18,1.0,2023,0.572
17,18,1.0,2024,0.572
17,18,1.0,2025,0.572
17,18,1.0,2026,0.572
17,18,1.0,2027,0.572
17,18,1.0,2028,0.572
17,18,1.0,2029,0.572
17,18,1.0,2030,0.572
17,18,1.0,2031,0.572
17,18,1.0,2032,0.572
17,18,1.0,2033,0.572
17,18,1.0,2034,0.572
17,18,1.0,2035,0.572
17,18,1.0,2036,0.572
17,18,1.0,2037,0.572
17,18,1.0,2038,0.572
17,18,1.0,2039,0.572
17,18,1.0,2040,0.572
17,18,1.0,2041,0.572
17,18,1.0,2042,0.572
17,18,1.0,2043,0.572
17,18,1.0,2044,0.572
17,18,1.0,2045,0.572
17,18,1.0,2046,0.572
17,18,1.0,2047,0.572
17,18,1.0,2048,0.572
17,18,1.0,2049,0.572
17,18,1.0,2050,0.572
17,18,2.0,2023,0.572
17,18,2.0,2024,0.572
17,18,2.0,2025,0.572
17,18,2.0,2026,0.572
17,18,2.0,2027,0.572
17,18,2.0,2028,0.572
17,18,2.0,2029,0.572
17,18,2.0,2030,0.572
17,18,2.0,2031,0.572
17,18,2.0,2032,0.572
17,18,2.0,2033,0.572
17,18,2.0,2034,0.572
17,18,2.0,2035,0.572
17,18,2.0,2036,0.572
17,18,2.0,2037,0.572
17,18,2.0,2038,0.572
17,18,2.0,2039,0.572
17,18,2.0,2040,0.572
17,18,2.0,2041,0.572
17,18,2.0,2042,0.572
17,18,2.0,2043,0.572
17,18,2.0,2044,0.572
17,18,2.0,2045,0.572
17,18,2.0,2046,0.572
17,18,2.0,2047,0.572
17,18,2.0,2048,0.572
17,18,2.0,2049,0.572
17,18,2.0,2050,0.572
17,18,3.0,2023,0.572
17,18,3.0,2024,0.572
17,18,3.0,2025,0.572
17,18,3.0,2026,0.572
17,18,3.0,2027,0.572
17,18,3.0,2028,0.572
17,18,3.0,2029,0.572
17,18,3.0,2030,0.572
17,18,3.0,2031,0.572
17,18,3.0,2032,0.572
17,18,3.0,2033,0.572
17,18,3.0,2034,0.572
17,18,3.0,2035,0.572
17,18,3.0,2036,0.572
17,18,3.0,2037,0.572
17,18,3.0,2038,0.572
17,18,3.0,2039,0.572
17,18,3.0,2040,0.572
17,18,3.0,2041,0.572
17,18,3.0,2042,0.572
17,18,3.0,2043,0.572
17,18,3.0,2044,0.572
17,18,3.0,2045,0.572
17,18,3.0,2046,0.572
17,18,3.0,2047,0.572
17,18,3.0,2048,0.572
17,18,3.0,2049,0.572
17,18,3.0,2050,0.572
17,20,1.0,2023,0.4
17,20,1.0,2024,0.4
17,20,1.0,2025,0.4
17,20,1.0,2026,0.4
17,20,1.0,2027,0.4
17,20,1.0,2028,0.4
17,20,1.0,2029,0.4
17,20,1.0,2030,0.4
17,20,1.0,2031,0.4
17,20,1.0,2032,0.4
17,20,1.0,2033,0.4
17,20,1.0,2034,0.4
17,20,1.0,2035,0.4
17,20,1.0,2036,0.4
17,20,1.0,2037,0.4
17,20,1.0,2038,0.4
17,20,1.0,2039,0.4
17,20,1.0,2040,0.4
17,20,1.0,2041,0.4
17,20,1.0,2042,0.4
17,20,1.0,2043,0.4
17,20,1.0,2044,0.4
17,20,1.0,2045,0.4
17,20,1.0,2046,0.4
17,20,1.0,2047,0.4
17,20,1.0,2048,0.4
17,20,1.0,2049,0.4
17,20,1.0,2050,0.4
17,20,2.0,2023,0.4
17,20,2.0,2024,0.4
17,20,2.0,2025,0.4
17,20,2.0,2026,0.4
17,20,2.0,2027,0.4
17,20,2.0,2028,0.4
17,20,2.0,2029,0.4
17,20,2.0,2030,0.4
17,20,2.0,2031,0.4
17,20,2.0,2032,0.4
17,20,2.0,2033,0.4
17,20,2.0,2034,0.4
17,20,2.0,2035,0.4
17,20,2.0,2036,0.4
17,20,2.0,2037,0.4
17,20,2.0,2038,0.4
17,20,2.0,2039,0.4
17,20,2.0,2040,0.4
17,20,2.0,2041,0.4
17,20,2.0,2042,0.4
17,20,2.0,2043,0.4
17,20,2.0,2044,0.4
17,20,2.0,2045,0.4
17,20,2.0,2046,0.4
17,20,2.0,2047,0.4
17,20,2.0,2048,0.4
17,20,2.0,2049,0.4
17,20,2.0,2050,0.4
17,20,3.0,2023,0.4
17,20,3.0,2024,0.4
17,20,3.0,2025,0.4
17,20,3.0,2026,0.4
17,20,3.0,2027,0.4
17,20,3.0,2028,0.4
17,20,3.0,2029,0.4
17,20,3.0,2030,0.4
17,20,3.0,2031,0.4
17,20,3.0,2032,0.4
17,20,3.0,2033,0.4
17,20,3.0,2034,0.4
17,20,3.0,2035,0.4
17,20,3.0,2036,0.4
17,20,3.0,2037,0.4
17,20,3.0,2038,0.4
17,20,3.0,2039,0.4
17,20,3.0,2040,0.4
17,20,3.0,2041,0.4
17,20,3.0,2042,0.4
17,20,3.0,2043,0.4
17,20,3.0,2044,0.4
17,20,3.0,2045,0.4
17,20,3.0,2046,0.4
17,20,3.0,2047,0.4
17,20,3.0,2048,0.4
17,20,3.0,2049,0.4
17,20,3.0,2050,0.4
18,3,1.0,2023,0.429
18,3,1.0,2024,0.429
18,3,1.0,2025,0.429
18,3,1.0,2026,0.429
18,3,1.0,2027,0.429
18,3,1.0,2028,0.429
18,3,1.0,2029,0.429
18,3,1.0,2030,0.429
18,3,1.0,2031,0.429
18,3,1.0,2032,0.429
18,3,1.0,2033,0.429
18,3,1.0,2034,0.429
18,3,1.0,2035,0.429
18,3,1.0,2036,0.429
18,3,1.0,2037,0.429
18,3,1.0,2038,0.429
18,3,1.0,2039,0.429
18,3,1.0,2040,0.429
18,3,1.0,2041,0.429
18,3,1.0,2042,0.429
18,3,1.0,2043,0.429
18,3,1.0,2044,0.429
18,3,1.0,2045,0.429
18,3,1.0,2046,0.429
18,3,1.0,2047,0.429
18,3,1.0,2048,0.429
18,3,1.0,2049,0.429
18,3,1.0,2050,0.429
18,3,2.0,2023,0.429
18,3,2.0,2024,0.429
18,3,2.0,2025,0.429
18,3,2.0,2026,0.429
18,3,2.0,2027,0.429
18,3,2.0,2028,0.429
18,3,2.0,2029,0.429
18,3,2.0,2030,0.429
18,3,2.0,2031,0.429
18,3,2.0,2032,0.429
18,3,2.0,2033,0.429
18,3,2.0,2034,0.429
18,3,2.0,2035,0.429
18,3,2.0,2036,0.429
18,3,2.0,2037,0.429
18,3,2.0,2038,0.429
18,3,2.0,2039,0.429
18,3,2.0,2040,0.429
18,3,2.0,2041,0.429
18,3,2.0,2042,0.429
18,3,2.0,2043,0.429
18,3,2.0,2044,0.429
18,3,2.0,2045,0.429
18,3,2.0,2046,0.429
18,3,2.0,2047,0.429
18,3,2.0,2048,0.429
18,3,2.0,2049,0.429
18,3,2.0,2050,0.429
18,3,3.0,2023,0.429
18,3,3.0,2024,0.429
18,3,3.0,2025,0.429
18,3,3.0,2026,0.429
18,3,3.0,2027,0.429
18,3,3.0,2028,0.429
18,3,3.0,2029,0.429
18,3,3.0,2030,0.429
18,3,3.0,2031,0.429
18,3,3.0,2032,0.429
18,3,3.0,2033,0.429
18,3,3.0,2034,0.429
18,3,3.0,2035,0.429
18,3,3.0,2036,0.429
18,3,3.0,2037,0.429
18,3,3.0,2038,0.429
18,3,3.0,2039,0.429
18,3,3.0,2040,0.429
18,3,3.0,2041,0.429
18,3,3.0,2042,0.429
18,3,3.0,2043,0.429
18,3,3.0,2044,0.429
18,3,3.0,2045,0.429
18,3,3.0,2046,0.429
18,3,3.0,2047,0.429
18,3,3.0,2048,0.429
18,3,3.0,2049,0.429
18,3,3.0,2050,0.429
18,4,1.0,2023,1.138
18,4,1.0,2024,1.138
18,4,1.0,2025,1.138
18,4,1.0,2026,1.138
18,4,1.0,2027,1.138
18,4,1.0,2028,1.138
18,4,1.0,2029,1.138
18,4,1.0,2030,1.138
18,4,1.0,2031,1.138
18,4,1.0,2032,1.138
18,4,1.0,2033,1.138
18,4,1.0,2034,1.138
18,4,1.0,2035,1.138
18,4,1.0,2036,1.138
18,4,1.0,2037,1.138
18,4,1.0,2038,1.138
18,4,1.0,2039,1.138
18,4,1.0,2040,1.138
18,4,1.0,2041,1.138
18,4,1.0,2042,1.138
18,4,1.0,2043,1.138
18,4,1.0,2044,1.138
18,4,1.0,2045,1.138
18,4,1.0,2046,1.138
18,4,1.0,2047,1.138
18,4,1.0,2048,1.138
18,4,1.0,2049,1.138
18,4,1.0,2050,1.138
18,4,2.0,2023,1.138
18,4,2.0,2024,1.138
18,4,2.0,2025,1.138
18,4,2.0,2026,1.138
18,4,2.0,2027,1.138
18,4,2.0,2028,1.138
18,4,2.0,2029,1.138
18,4,2.0,2030,1.138
18,4,2.0,2031,1.138
18,4,2.0,2032,1.138
18,4,2.0,2033,1.138
18,4,2.0,2034,1.138
18,4,2.0,2035,1.138
18,4,2.0,2036,1.138
18,4,2.0,2037,1.138
18,4,2.0,2038,1.138
18,4,2.0,2039,1.138
18,4,2.0,2040,1.138
18,4,2.0,2041,1.138
18,4,2.0,2042,1.138
18,4,2.0,2043,1.138
18,4,2.0,2044,1.138
18,4,2.0,2045,1.138
18,4,2.0,2046,1.138
18,4,2.0,2047,1.138
18,4,2.0,2048,1.138
18,4,2.0,2049,1.138
18,4,2.0,2050,1.138
18,4,3.0,2023,1.138
18,4,3.0,2024,1.138
18,4,3.0,2025,1.138
18,4,3.0,2026,1.138
18,4,3.0,2027,1.138
18,4,3.0,2028,1.138
18,4,3.0,2029,1.138
18,4,3.0,2030,1.138
18,4,3.0,2031,1.138
18,4,3.0,2032,1.138
18,4,3.0,2033,1.138
18,4,3.0,2034,1.138
18,4,3.0,2035,1.138
18,4,3.0,2036,1.138
18,4,3.0,2037,1.138
18,4,3.0,2038,1.138
18,4,3.0,2039,1.138
18,4,3.0,2040,1.138
18,4,3.0,2041,1.138
18,4,3.0,2042,1.138
18,4,3.0,2043,1.138
18,4,3.0,2044,1.138
18,4,3.0,2045,1.138
18,4,3.0,2046,1.138
18,4,3.0,2047,1.138
18,4,3.0,2048,1.138
18,4,3.0,2049,1.138
18,4,3.0,2050,1.138
18,6,1.0,2023,0.49
18,6,1.0,2024,0.49
18,6,1.0,2025,0.49
18,6,1.0,2026,0.49
18,6,1.0,2027,0.49
18,6,1.0,2028,0.49
18,6,1.0,2029,0.49
18,6,1.0,2030,0.49
18,6,1.0,2031,0.49
18,6,1.0,2032,0.49
18,6,1.0,2033,0.49
18,6,1.0,2034,0.49
18,6,1.0,2035,0.49
18,6,1.0,2036,0.49
18,6,1.0,2037,0.49
18,6,1.0,2038,0.49
18,6,1.0,2039,0.49
18,6,1.0,2040,0.49
18,6,1.0,2041,0.49
18,6,1.0,2042,0.49
18,6,1.0,2043,0.49
18,6,1.0,2044,0.49
18,6,1.0,2045,0.49
18,6,1.0,2046,0.49
18,6,1.0,2047,0.49
18,6,1.0,2048,0.49
18,6,1.0,2049,0.49
18,6,1.0,2050,0.49
18,6,2.0,2023,0.49
18,6,2.0,2024,0.49
18,6,2.0,2025,0.49
18,6,2.0,2026,0.49
18,6,2.0,2027,0.49
18,6,2.0,2028,0.49
18,6,2.0,2029,0.49
18,6,2.0,2030,0.49
18,6,2.0,2031,0.49
18,6,2.0,2032,0.49
18,6,2.0,2033,0.49
18,6,2.0,2034,0.49
18,6,2.0,2035,0.49
18,6,2.0,2036,0.49
18,6,2.0,2037,0.49
18,6,2.0,2038,0.49
18,6,2.0,2039,0.49
18,6,2.0,2040,0.49
18,6,2.0,2041,0.49
18,6,2.0,2042,0.49
18,6,2.0,2043,0.49
18,6,2.0,2044,0.49
18,6,2.0,2045,0.49
18,6,2.0,2046,0.49
18,6,2.0,2047,0.49
18,6,2.0,2048,0.49
18,6,2.0,2049,0.49
18,6,2.0,2050,0.49
18,6,3.0,2023,0.49
18,6,3.0,2024,0.49
18,6,3.0,2025,0.49
18,6,3.0,2026,0.49
18,6,3.0,2027,0.49
18,6,3.0,2028,0.49
18,6,3.0,2029,0.49
18,6,3.0,2030,0.49
18,6,3.0,2031,0.49
18,6,3.0,2032,0.49
18,6,3.0,2033,0.49
18,6,3.0,2034,0.49
18,6,3.0,2035,0.49
18,6,3.0,2036,0.49
18,6,3.0,2037,0.49
18,6,3.0,2038,0.49
18,6,3.0,2039,0.49
18,6,3.0,2040,0.49
18,6,3.0,2041,0.49
18,6,3.0,2042,0.49
18,6,3.0,2043,0.49
18,6,3.0,2044,0.49
18,6,3.0,2045,0.49
18,6,3.0,2046,0.49
18,6,3.0,2047,0.49
18,6,3.0,2048,0.49
18,6,3.0,2049,0.49
18,6,3.0,2050,0.49
18,17,1.0,2023,0.373
18,17,1.0,2024,0.373
18,17,1.0,2025,0.373
18,17,1.0,2026,0.373
18,17,1.0,2027,0.373
18,17,1.0,2028,0.373
18,17,1.0,2029,0.373
18,17,1.0,2030,0.373
18,17,1.0,2031,0.373
18,17,1.0,2032,0.373
18,17,1.0,2033,0.373
18,17,1.0,2034,0.373
18,17,1.0,2035,0.373
18,17,1.0,2036,0.373
18,17,1.0,2037,0.373
18,17,1.0,2038,0.373
18,17,1.0,2039,0.373
18,17,1.0,2040,0.373
18,17,1.0,2041,0.373
18,17,1.0,2042,0.373
18,17,1.0,2043,0.373
18,17,1.0,2044,0.373
18,17,1.0,2045,0.373
18,17,1.0,2046,0.373
18,17,1.0,2047,0.373
18,17,1.0,2048,0.373
18,17,1.0,2049,0.373
18,17,1.0,2050,0.373
18,17,2.0,2023,0.373
18,17,2.0,2024,0.373
18,17,2.0,2025,0.373
18,17,2.0,2026,0.373
18,17,2.0,2027,0.373
18,17,2.0,2028,0.373
18,17,2.0,2029,0.373
18,17,2.0,2030,0.373
18,17,2.0,2031,0.373
18,17,2.0,2032,0.373
18,17,2.0,2033,0.373
18,17,2.0,2034,0.373
18,17,2.0,2035,0.373
18,17,2.0,2036,0.373
18,17,2.0,2037,0.373
18,17,2.0,2038,0.373
18,17,2.0,2039,0.373
18,17,2.0,2040,0.373
18,17,2.0,2041,0.373
18,17,2.0,2042,0.373
18,17,2.0,2043,0.373
18,17,2.0,2044,0.373
18,17,2.0,2045,0.373
18,17,2.0,2046,0.373
18,17,2.0,2047,0.373
18,17,2.0,2048,0.373
18,17,2.0,2049,0.373
18,17,2.0,2050,0.373
18,17,3.0,2023,0.373
18,17,3.0,2024,0.373
18,17,3.0,2025,0.373
18,17,3.0,2026,0.373
18,17,3.0,2027,0.373
18,17,3.0,2028,0.373
18,17,3.0,2029,0.373
18,17,3.0,2030,0.373
18,17,3.0,2031,0.373
18,17,3.0,2032,0.373
18,17,3.0,2033,0.373
18,17,3.0,2034,0.373
18,17,3.0,2035,0.373
18,17,3.0,2036,0.373
18,17,3.0,2037,0.373
18,17,3.0,2038,0.373
18,17,3.0,2039,0.373
18,17,3.0,2040,0.373
18,17,3.0,2041,0.373
18,17,3.0,2042,0.373
18,17,3.0,2043,0.373
18,17,3.0,2044,0.373
18,17,3.0,2045,0.373
18,17,3.0,2046,0.373
18,17,3.0,2047,0.373
18,17,3.0,2048,0.373
18,17,3.0,2049,0.373
18,17,3.0,2050,0.373
18,19,1.0,2023,2.878
18,19,1.0,2024,2.878
18,19,1.0,2025,2.878
18,19,1.0,2026,2.878
18,19,1.0,2027,2.878
18,19,1.0,2028,2.878
18,19,1.0,2029,2.878
18,19,1.0,2030,2.878
18,19,1.0,2031,2.878
18,19,1.0,2032,2.878
18,19,1.0,2033,2.878
18,19,1.0,2034,2.878
18,19,1.0,2035,2.878
18,19,1.0,2036,2.878
18,19,1.0,2037,2.878
18,19,1.0,2038,2.878
18,19,1.0,2039,2.878
18,19,1.0,2040,2.878
18,19,1.0,2041,2.878
18,19,1.0,2042,2.878
18,19,1.0,2043,2.878
18,19,1.0,2044,2.878
18,19,1.0,2045,2.878
18,19,1.0,2046,2.878
18,19,1.0,2047,2.878
18,19,1.0,2048,2.878
18,19,1.0,2049,2.878
18,19,1.0,2050,2.878
18,19,2.0,2023,2.878
18,19,2.0,2024,2.878
18,19,2.0,2025,2.878
18,19,2.0,2026,2.878
18,19,2.0,2027,2.878
18,19,2.0,2028,2.878
18,19,2.0,2029,2.878
18,19,2.0,2030,2.878
18,19,2.0,2031,2.878
18,19,2.0,2032,2.878
18,19,2.0,2033,2.878
18,19,2.0,2034,2.878
18,19,2.0,2035,2.878
18,19,2.0,2036,2.878
18,19,2.0,2037,2.878
18,19,2.0,2038,2.878
18,19,2.0,2039,2.878
18,19,2.0,2040,2.878
18,19,2.0,2041,2.878
18,19,2.0,2042,2.878
18,19,2.0,2043,2.878
18,19,2.0,2044,2.878
18,19,2.0,2045,2.878
18,19,2.0,2046,2.878
18,19,2.0,2047,2.878
18,19,2.0,2048,2.878
18,19,2.0,2049,2.878
18,19,2.0,2050,2.878
18,19,3.0,2023,2.878
18,19,3.0,2024,2.878
18,19,3.0,2025,2.878
18,19,3.0,2026,2.878
18,19,3.0,2027,2.878
18,19,3.0,2028,2.878
18,19,3.0,2029,2.878
18,19,3.0,2030,2.878
18,19,3.0,2031,2.878
18,19,3.0,2032,2.878
18,19,3.0,2033,2.878
18,19,3.0,2034,2.878
18,19,3.0,2035,2.878
18,19,3.0,2036,2.878
18,19,3.0,2037,2.878
18,19,3.0,2038,2.878
18,19,3.0,2039,2.878
18,19,3.0,2040,2.878
18,19,3.0,2041,2.878
18,19,3.0,2042,2.878
18,19,3.0,2043,2.878
18,19,3.0,2044,2.878
18,19,3.0,2045,2.878
18,19,3.0,2046,2.878
18,19,3.0,2047,2.878
18,19,3.0,2048,2.878
18,19,3.0,2049,2.878
18,19,3.0,2050,2.878
18,24,1.0,2023,0.21
18,24,1.0,2024,0.21
18,24,1.0,2025,0.21
18,24,1.0,2026,0.21
18,24,1.0,2027,0.21
18,24,1.0,2028,0.21
18,24,1.0,2029,0.21
18,24,1.0,2030,0.21
18,24,1.0,2031,0.21
18,24,1.0,2032,0.21
18,24,1.0,2033,0.21
18,24,1.0,2034,0.21
18,24,1.0,2035,0.21
18,24,1.0,2036,0.21
18,24,1.0,2037,0.21
18,24,1.0,2038,0.21
18,24,1.0,2039,0.21
18,24,1.0,2040,0.21
18,24,1.0,2041,0.21
18,24,1.0,2042,0.21
18,24,1.0,2043,0.21
18,24,1.0,2044,0.21
18,24,1.0,2045,0.21
18,24,1.0,2046,0.21
18,24,1.0,2047,0.21
18,24,1.0,2048,0.21
18,24,1.0,2049,0.21
18,24,1.0,2050,0.21
18,24,2.0,2023,0.21
18,24,2.0,2024,0.21
18,24,2.0,2025,0.21
18,24,2.0,2026,0.21
18,24,2.0,2027,0.21
18,24,2.0,2028,0.21
18,24,2.0,2029,0.21
18,24,2.0,2030,0.21
18,24,2.0,2031,0.21
18,24,2.0,2032,0.21
18,24,2.0,2033,0.21
18,24,2.0,2034,0.21
18,24,2.0,2035,0.21
18,24,2.0,2036,0.21
18,24,2.0,2037,0.21
18,24,2.0,2038,0.21
18,24,2.0,2039,0.21
18,24,2.0,2040,0.21
18,24,2.0,2041,0.21
18,24,2.0,2042,0.21
18,24,2.0,2043,0.21
18,24,2.0,2044,0.21
18,24,2.0,2045,0.21
18,24,2.0,2046,0.21
18,24,2.0,2047,0.21
18,24,2.0,2048,0.21
18,24,2.0,2049,0.21
18,24,2.0,2050,0.21
18,24,3.0,2023,0.21
18,24,3.0,2024,0.21
18,24,3.0,2025,0.21
18,24,3.0,2026,0.21
18,24,3.0,2027,0.21
18,24,3.0,2028,0.21
18,24,3.0,2029,0.21
18,24,3.0,2030,0.21
18,24,3.0,2031,0.21
18,24,3.0,2032,0.21
18,24,3.0,2033,0.21
18,24,3.0,2034,0.21
18,24,3.0,2035,0.21
18,24,3.0,2036,0.21
18,24,3.0,2037,0.21
18,24,3.0,2038,0.21
18,24,3.0,2039,0.21
18,24,3.0,2040,0.21
18,24,3.0,2041,0.21
18,24,3.0,2042,0.21
18,24,3.0,2043,0.21
18,24,3.0,2044,0.21
18,24,3.0,2045,0.21
18,24,3.0,2046,0.21
18,24,3.0,2047,0.21
18,24,3.0,2048,0.21
18,24,3.0,2049,0.21
18,24,3.0,2050,0.21
19,3,1.0,2023,9.521
19,3,1.0,2024,9.521
19,3,1.0,2025,9.521
19,3,1.0,2026,9.521
19,3,1.0,2027,9.521
19,3,1.0,2028,9.521
19,3,1.0,2029,9.521
19,3,1.0,2030,9.521
19,3,1.0,2031,9.521
19,3,1.0,2032,9.521
19,3,1.0,2033,9.521
19,3,1.0,2034,9.521
19,3,1.0,2035,9.521
19,3,1.0,2036,9.521
19,3,1.0,2037,9.521
19,3,1.0,2038,9.521
19,3,1.0,2039,9.521
19,3,1.0,2040,9.521
19,3,1.0,2041,9.521
19,3,1.0,2042,9.521
19,3,1.0,2043,9.521
19,3,1.0,2044,9.521
19,3,1.0,2045,9.521
19,3,1.0,2046,9.521
19,3,1.0,2047,9.521
19,3,1.0,2048,9.521
19,3,1.0,2049,9.521
19,3,1.0,2050,9.521
19,3,2.0,2023,9.521
19,3,2.0,2024,9.521
19,3,2.0,2025,9.521
19,3,2.0,2026,9.521
19,3,2.0,2027,9.521
19,3,2.0,2028,9.521
19,3,2.0,2029,9.521
19,3,2.0,2030,9.521
19,3,2.0,2031,9.521
19,3,2.0,2032,9.521
19,3,2.0,2033,9.521
19,3,2.0,2034,9.521
19,3,2.0,2035,9.521
19,3,2.0,2036,9.521
19,3,2.0,2037,9.521
19,3,2.0,2038,9.521
19,3,2.0,2039,9.521
19,3,2.0,2040,9.521
19,3,2.0,2041,9.521
19,3,2.0,2042,9.521
19,3,2.0,2043,9.521
19,3,2.0,2044,9.521
19,3,2.0,2045,9.521
19,3,2.0,2046,9.521
19,3,2.0,2047,9.521
19,3,2.0,2048,9.521
19,3,2.0,2049,9.521
19,3,2.0,2050,9.521
19,3,3.0,2023,9.521
19,3,3.0,2024,9.521
19,3,3.0,2025,9.521
19,3,3.0,2026,9.521
19,3,3.0,2027,9.521
19,3,3.0,2028,9.521
19,3,3.0,2029,9.521
19,3,3.0,2030,9.521
19,3,3.0,2031,9.521
19,3,3.0,2032,9.521
19,3,3.0,2033,9.521
19,3,3.0,2034,9.521
19,3,3.0,2035,9.521
19,3,3.0,2036,9.521
19,3,3.0,2037,9.521
19,3,3.0,2038,9.521
19,3,3.0,2039,9.521
19,3,3.0,2040,9.521
19,3,3.0,2041,9.521
19,3,3.0,2042,9.521
19,3,3.0,2043,9.521
19,3,3.0,2044,9.521
19,3,3.0,2045,9.521
19,3,3.0,2046,9.521
19,3,3.0,2047,9.521
19,3,3.0,2048,9.521
19,3,3.0,2049,9.521
19,3,3.0,2050,9.521
19,18,1.0,2023,2.878
19,18,1.0,2024,2.878
19,18,1.0,2025,2.878
19,18,1.0,2026,2.878
19,18,1.0,2027,2.878
19,18,1.0,2028,2.878
19,18,1.0,2029,2.878
19,18,1.0,2030,2.878
19,18,1.0,2031,2.878
19,18,1.0,2032,2.878
19,18,1.0,2033,2.878
19,18,1.0,2034,2.878
19,18,1.0,2035,2.878
19,18,1.0,2036,2.878
19,18,1.0,2037,2.878
19,18,1.0,2038,2.878
19,18,1.0,2039,2.878
19,18,1.0,2040,2.878
19,18,1.0,2041,2.878
19,18,1.0,2042,2.878
19,18,1.0,2043,2.878
19,18,1.0,2044,2.878
19,18,1.0,2045,2.878
19,18,1.0,2046,2.878
19,18,1.0,2047,2.878
19,18,1.0,2048,2.878
19,18,1.0,2049,2.878
19,18,1.0,2050,2.878
19,18,2.0,2023,2.878
19,18,2.0,2024,2.878
19,18,2.0,2025,2.878
19,18,2.0,2026,2.878
19,18,2.0,2027,2.878
19,18,2.0,2028,2.878
19,18,2.0,2029,2.878
19,18,2.0,2030,2.878
19,18,2.0,2031,2.878
19,18,2.0,2032,2.878
19,18,2.0,2033,2.878
19,18,2.0,2034,2.878
19,18,2.0,2035,2.878
19,18,2.0,2036,2.878
19,18,2.0,2037,2.878
19,18,2.0,2038,2.878
19,18,2.0,2039,2.878
19,18,2.0,2040,2.878
19,18,2.0,2041,2.878
19,18,2.0,2042,2.878
19,18,2.0,2043,2.878
19,18,2.0,2044,2.878
19,18,2.0,2045,2.878
19,18,2.0,2046,2.878
19,18,2.0,2047,2.878
19,18,2.0,2048,2.878
19,18,2.0,2049,2.878
19,18,2.0,2050,2.878
19,18,3.0,2023,2.878
19,18,3.0,2024,2.878
19,18,3.0,2025,2.878
19,18,3.0,2026,2.878
19,18,3.0,2027,2.878
19,18,3.0,2028,2.878
19,18,3.0,2029,2.878
19,18,3.0,2030,2.878
19,18,3.0,2031,2.878
19,18,3.0,2032,2.878
19,18,3.0,2033,2.878
19,18,3.0,2034,2.878
19,18,3.0,2035,2.878
19,18,3.0,2036,2.878
19,18,3.0,2037,2.878
19,18,3.0,2038,2.878
19,18,3.0,2039,2.878
19,18,3.0,2040,2.878
19,18,3.0,2041,2.878
19,18,3.0,2042,2.878
19,18,3.0,2043,2.878
19,18,3.0,2044,2.878
19,18,3.0,2045,2.878
19,18,3.0,2046,2.878
19,18,3.0,2047,2.878
19,18,3.0,2048,2.878
19,18,3.0,2049,2.878
19,18,3.0,2050,2.878
19,23,1.0,2023,0.2
19,23,1.0,2024,0.2
19,23,1.0,2025,0.2
19,23,1.0,2026,0.2
19,23,1.0,2027,0.2
19,23,1.0,2028,0.2
19,23,1.0,2029,0.2
19,23,1.0,2030,0.2
19,23,1.0,2031,0.2
19,23,1.0,2032,0.2
19,23,1.0,2033,0.2
19,23,1.0,2034,0.2
19,23,1.0,2035,0.2
19,23,1.0,2036,0.2
19,23,1.0,2037,0.2
19,23,1.0,2038,0.2
19,23,1.0,2039,0.2
19,23,1.0,2040,0.2
19,23,1.0,2041,0.2
19,23,1.0,2042,0.2
19,23,1.0,2043,0.2
19,23,1.0,2044,0.2
19,23,1.0,2045,0.2
19,23,1.0,2046,0.2
19,23,1.0,2047,0.2
19,23,1.0,2048,0.2
19,23,1.0,2049,0.2
19,23,1.0,2050,0.2
19,23,2.0,2023,0.2
19,23,2.0,2024,0.2
19,23,2.0,2025,0.2
19,23,2.0,2026,0.2
19,23,2.0,2027,0.2
19,23,2.0,2028,0.2
19,23,2.0,2029,0.2
19,23,2.0,2030,0.2
19,23,2.0,2031,0.2
19,23,2.0,2032,0.2
19,23,2.0,2033,0.2
19,23,2.0,2034,0.2
19,23,2.0,2035,0.2
19,23,2.0,2036,0.2
19,23,2.0,2037,0.2
19,23,2.0,2038,0.2
19,23,2.0,2039,0.2
19,23,2.0,2040,0.2
19,23,2.0,2041,0.2
19,23,2.0,2042,0.2
19,23,2.0,2043,0.2
19,23,2.0,2044,0.2
19,23,2.0,2045,0.2
19,23,2.0,2046,0.2
19,23,2.0,2047,0.2
19,23,2.0,2048,0.2
19,23,2.0,2049,0.2
19,23,2.0,2050,0.2
19,23,3.0,2023,0.2
19,23,3.0,2024,0.2
19,23,3.0,2025,0.2
19,23,3.0,2026,0.2
19,23,3.0,2027,0.2
19,23,3.0,2028,0.2
19,23,3.0,2029,0.2
19,23,3.0,2030,0.2
19,23,3.0,2031,0.2
19,23,3.0,2032,0.2
19,23,3.0,2033,0.2
19,23,3.0,2034,0.2
19,23,3.0,2035,0.2
19,23,3.0,2036,0.2
19,23,3.0,2037,0.2
19,23,3.0,2038,0.2
19,23,3.0,2039,0.2
19,23,3.0,2040,0.2
19,23,3.0,2041,0.2
19,23,3.0,2042,0.2
19,23,3.0,2043,0.2
19,23,3.0,2044,0.2
19,23,3.0,2045,0.2
19,23,3.0,2046,0.2
19,23,3.0,2047,0.2
19,23,3.0,2048,0.2
19,23,3.0,2049,0.2
19,23,3.0,2050,0.2
19,24,1.0,2023,0.255
19,24,1.0,2024,0.255
19,24,1.0,2025,0.255
19,24,1.0,2026,0.255
19,24,1.0,2027,0.255
19,24,1.0,2028,0.255
19,24,1.0,2029,0.255
19,24,1.0,2030,0.255
19,24,1.0,2031,0.255
19,24,1.0,2032,0.255
19,24,1.0,2033,0.255
19,24,1.0,2034,0.255
19,24,1.0,2035,0.255
19,24,1.0,2036,0.255
19,24,1.0,2037,0.255
19,24,1.0,2038,0.255
19,24,1.0,2039,0.255
19,24,1.0,2040,0.255
19,24,1.0,2041,0.255
19,24,1.0,2042,0.255
19,24,1.0,2043,0.255
19,24,1.0,2044,0.255
19,24,1.0,2045,0.255
19,24,1.0,2046,0.255
19,24,1.0,2047,0.255
19,24,1.0,2048,0.255
19,24,1.0,2049,0.255
19,24,1.0,2050,0.255
19,24,2.0,2023,0.255
19,24,2.0,2024,0.255
19,24,2.0,2025,0.255
19,24,2.0,2026,0.255
19,24,2.0,2027,0.255
19,24,2.0,2028,0.255
19,24,2.0,2029,0.255
19,24,2.0,2030,0.255
19,24,2.0,2031,0.255
19,24,2.0,2032,0.255
19,24,2.0,2033,0.255
19,24,2.0,2034,0.255
19,24,2.0,2035,0.255
19,24,2.0,2036,0.255
19,24,2.0,2037,0.255
19,24,2.0,2038,0.255
19,24,2.0,2039,0.255
19,24,2.0,2040,0.255
19,24,2.0,2041,0.255
19,24,2.0,2042,0.255
19,24,2.0,2043,0.255
19,24,2.0,2044,0.255
19,24,2.0,2045,0.255
19,24,2.0,2046,0.255
19,24,2.0,2047,0.255
19,24,2.0,2048,0.255
19,24,2.0,2049,0.255
19,24,2.0,2050,0.255
19,24,3.0,2023,0.255
19,24,3.0,2024,0.255
19,24,3.0,2025,0.255
19,24,3.0,2026,0.255
19,24,3.0,2027,0.255
19,24,3.0,2028,0.255
19,24,3.0,2029,0.255
19,24,3.0,2030,0.255
19,24,3.0,2031,0.255
19,24,3.0,2032,0.255
19,24,3.0,2033,0.255
19,24,3.0,2034,0.255
19,24,3.0,2035,0.255
19,24,3.0,2036,0.255
19,24,3.0,2037,0.255
19,24,3.0,2038,0.255
19,24,3.0,2039,0.255
19,24,3.0,2040,0.255
19,24,3.0,2041,0.255
19,24,3.0,2042,0.255
19,24,3.0,2043,0.255
19,24,3.0,2044,0.255
19,24,3.0,2045,0.255
19,24,3.0,2046,0.255
19,24,3.0,2047,0.255
19,24,3.0,2048,0.255
19,24,3.0,2049,0.255
19,24,3.0,2050,0.255
20,17,1.0,2023,0.4
20,17,1.0,2024,0.4
20,17,1.0,2025,0.4
20,17,1.0,2026,0.4
20,17,1.0,2027,0.4
20,17,1.0,2028,0.4
20,17,1.0,2029,0.4
20,17,1.0,2030,0.4
20,17,1.0,2031,0.4
20,17,1.0,2032,0.4
20,17,1.0,2033,0.4
20,17,1.0,2034,0.4
20,17,1.0,2035,0.4
20,17,1.0,2036,0.4
20,17,1.0,2037,0.4
20,17,1.0,2038,0.4
20,17,1.0,2039,0.4
20,17,1.0,2040,0.4
20,17,1.0,2041,0.4
20,17,1.0,2042,0.4
20,17,1.0,2043,0.4
20,17,1.0,2044,0.4
20,17,1.0,2045,0.4
20,17,1.0,2046,0.4
20,17,1.0,2047,0.4
20,17,1.0,2048,0.4
20,17,1.0,2049,0.4
20,17,1.0,2050,0.4
20,17,2.0,2023,0.4
20,17,2.0,2024,0.4
20,17,2.0,2025,0.4
20,17,2.0,2026,0.4
20,17,2.0,2027,0.4
20,17,2.0,2028,0.4
20,17,2.0,2029,0.4
20,17,2.0,2030,0.4
20,17,2.0,2031,0.4
20,17,2.0,2032,0.4
20,17,2.0,2033,0.4
20,17,2.0,2034,0.4
20,17,2.0,2035,0.4
20,17,2.0,2036,0.4
20,17,2.0,2037,0.4
20,17,2.0,2038,0.4
20,17,2.0,2039,0.4
20,17,2.0,2040,0.4
20,17,2.0,2041,0.4
20,17,2.0,2042,0.4
20,17,2.0,2043,0.4
20,17,2.0,2044,0.4
20,17,2.0,2045,0.4
20,17,2.0,2046,0.4
20,17,2.0,2047,0.4
20,17,2.0,2048,0.4
20,17,2.0,2049,0.4
20,17,2.0,2050,0.4
20,17,3.0,2023,0.4
20,17,3.0,2024,0.4
20,17,3.0,2025,0.4
20,17,3.0,2026,0.4
20,17,3.0,2027,0.4
20,17,3.0,2028,0.4
20,17,3.0,2029,0.4
20,17,3.0,2030,0.4
20,17,3.0,2031,0.4
20,17,3.0,2032,0.4
20,17,3.0,2033,0.4
20,17,3.0,2034,0.4
20,17,3.0,2035,0.4
20,17,3.0,2036,0.4
20,17,3.0,2037,0.4
20,17,3.0,2038,0.4
20,17,3.0,2039,0.4
20,17,3.0,2040,0.4
20,17,3.0,2041,0.4
20,17,3.0,2042,0.4
20,17,3.0,2043,0.4
20,17,3.0,2044,0.4
20,17,3.0,2045,0.4
20,17,3.0,2046,0.4
20,17,3.0,2047,0.4
20,17,3.0,2048,0.4
20,17,3.0,2049,0.4
20,17,3.0,2050,0.4
20,22,1.0,2023,2.996
20,22,1.0,2024,2.996
20,22,1.0,2025,2.996
20,22,1.0,2026,2.996
20,22,1.0,2027,2.996
20,22,1.0,2028,2.996
20,22,1.0,2029,2.996
20,22,1.0,2030,2.996
20,22,1.0,2031,2.996
20,22,1.0,2032,2.996
20,22,1.0,2033,2.996
20,22,1.0,2034,2.996
20,22,1.0,2035,2.996
20,22,1.0,2036,2.996
20,22,1.0,2037,2.996
20,22,1.0,2038,2.996
20,22,1.0,2039,2.996
20,22,1.0,2040,2.996
20,22,1.0,2041,2.996
20,22,1.0,2042,2.996
20,22,1.0,2043,2.996
20,22,1.0,2044,2.996
20,22,1.0,2045,2.996
20,22,1.0,2046,2.996
20,22,1.0,2047,2.996
20,22,1.0,2048,2.996
20,22,1.0,2049,2.996
20,22,1.0,2050,2.996
20,22,2.0,2023,2.996
20,22,2.0,2024,2.996
20,22,2.0,2025,2.996
20,22,2.0,2026,2.996
20,22,2.0,2027,2.996
20,22,2.0,2028,2.996
20,22,2.0,2029,2.996
20,22,2.0,2030,2.996
20,22,2.0,2031,2.996
20,22,2.0,2032,2.996
20,22,2.0,2033,2.996
20,22,2.0,2034,2.996
20,22,2.0,2035,2.996
20,22,2.0,2036,2.996
20,22,2.0,2037,2.996
20,22,2.0,2038,2.996
20,22,2.0,2039,2.996
20,22,2.0,2040,2.996
20,22,2.0,2041,2.996
20,22,2.0,2042,2.996
20,22,2.0,2043,2.996
20,22,2.0,2044,2.996
20,22,2.0,2045,2.996
20,22,2.0,2046,2.996
20,22,2.0,2047,2.996
20,22,2.0,2048,2.996
20,22,2.0,2049,2.996
20,22,2.0,2050,2.996
20,22,3.0,2023,2.996
20,22,3.0,2024,2.996
20,22,3.0,2025,2.996
20,22,3.0,2026,2.996
20,22,3.0,2027,2.996
20,22,3.0,2028,2.996
20,22,3.0,2029,2.996
20,22,3.0,2030,2.996
20,22,3.0,2031,2.996
20,22,3.0,2032,2.996
20,22,3.0,2033,2.996
20,22,3.0,2034,2.996
20,22,3.0,2035,2.996
20,22,3.0,2036,2.996
20,22,3.0,2037,2.996
20,22,3.0,2038,2.996
20,22,3.0,2039,2.996
20,22,3.0,2040,2.996
20,22,3.0,2041,2.996
20,22,3.0,2042,2.996
20,22,3.0,2043,2.996
20,22,3.0,2044,2.996
20,22,3.0,2045,2.996
20,22,3.0,2046,2.996
20,22,3.0,2047,2.996
20,22,3.0,2048,2.996
20,22,3.0,2049,2.996
20,22,3.0,2050,2.996
20,24,1.0,2023,0.442
20,24,1.0,2024,0.442
20,24,1.0,2025,0.442
20,24,1.0,2026,0.442
20,24,1.0,2027,0.442
20,24,1.0,2028,0.442
20,24,1.0,2029,0.442
20,24,1.0,2030,0.442
20,24,1.0,2031,0.442
20,24,1.0,2032,0.442
20,24,1.0,2033,0.442
20,24,1.0,2034,0.442
20,24,1.0,2035,0.442
20,24,1.0,2036,0.442
20,24,1.0,2037,0.442
20,24,1.0,2038,0.442
20,24,1.0,2039,0.442
20,24,1.0,2040,0.442
20,24,1.0,2041,0.442
20,24,1.0,2042,0.442
20,24,1.0,2043,0.442
20,24,1.0,2044,0.442
20,24,1.0,2045,0.442
20,24,1.0,2046,0.442
20,24,1.0,2047,0.442
20,24,1.0,2048,0.442
20,24,1.0,2049,0.442
20,24,1.0,2050,0.442
20,24,2.0,2023,0.442
20,24,2.0,2024,0.442
20,24,2.0,2025,0.442
20,24,2.0,2026,0.442
20,24,2.0,2027,0.442
20,24,2.0,2028,0.442
20,24,2.0,2029,0.442
20,24,2.0,2030,0.442
20,24,2.0,2031,0.442
20,24,2.0,2032,0.442
20,24,2.0,2033,0.442
20,24,2.0,2034,0.442
20,24,2.0,2035,0.442
20,24,2.0,2036,0.442
20,24,2.0,2037,0.442
20,24,2.0,2038,0.442
20,24,2.0,2039,0.442
20,24,2.0,2040,0.442
20,24,2.0,2041,0.442
20,24,2.0,2042,0.442
20,24,2.0,2043,0.442
20,24,2.0,2044,0.442
20,24,2.0,2045,0.442
20,24,2.0,2046,0.442
20,24,2.0,2047,0.442
20,24,2.0,2048,0.442
20,24,2.0,2049,0.442
20,24,2.0,2050,0.442
20,24,3.0,2023,0.442
20,24,3.0,2024,0.442
20,24,3.0,2025,0.442
20,24,3.0,2026,0.442
20,24,3.0,2027,0.442
20,24,3.0,2028,0.442
20,24,3.0,2029,0.442
20,24,3.0,2030,0.442
20,24,3.0,2031,0.442
20,24,3.0,2032,0.442
20,24,3.0,2033,0.442
20,24,3.0,2034,0.442
20,24,3.0,2035,0.442
20,24,3.0,2036,0.442
20,24,3.0,2037,0.442
20,24,3.0,2038,0.442
20,24,3.0,2039,0.442
20,24,3.0,2040,0.442
20,24,3.0,2041,0.442
20,24,3.0,2042,0.442
20,24,3.0,2043,0.442
20,24,3.0,2044,0.442
20,24,3.0,2045,0.442
20,24,3.0,2046,0.442
20,24,3.0,2047,0.442
20,24,3.0,2048,0.442
20,24,3.0,2049,0.442
20,24,3.0,2050,0.442
20,25,1.0,2023,4.589
20,25,1.0,2024,4.589
20,25,1.0,2025,4.589
20,25,1.0,2026,4.589
20,25,1.0,2027,4.589
20,25,1.0,2028,4.589
20,25,1.0,2029,4.589
20,25,1.0,2030,4.589
20,25,1.0,2031,4.589
20,25,1.0,2032,4.589
20,25,1.0,2033,4.589
20,25,1.0,2034,4.589
20,25,1.0,2035,4.589
20,25,1.0,2036,4.589
20,25,1.0,2037,4.589
20,25,1.0,2038,4.589
20,25,1.0,2039,4.589
20,25,1.0,2040,4.589
20,25,1.0,2041,4.589
20,25,1.0,2042,4.589
20,25,1.0,2043,4.589
20,25,1.0,2044,4.589
20,25,1.0,2045,4.589
20,25,1.0,2046,4.589
20,25,1.0,2047,4.589
20,25,1.0,2048,4.589
20,25,1.0,2049,4.589
20,25,1.0,2050,4.589
20,25,2.0,2023,4.589
20,25,2.0,2024,4.589
20,25,2.0,2025,4.589
20,25,2.0,2026,4.589
20,25,2.0,2027,4.589
20,25,2.0,2028,4.589
20,25,2.0,2029,4.589
20,25,2.0,2030,4.589
20,25,2.0,2031,4.589
20,25,2.0,2032,4.589
20,25,2.0,2033,4.589
20,25,2.0,2034,4.589
20,25,2.0,2035,4.589
20,25,2.0,2036,4.589
20,25,2.0,2037,4.589
20,25,2.0,2038,4.589
20,25,2.0,2039,4.589
20,25,2.0,2040,4.589
20,25,2.0,2041,4.589
20,25,2.0,2042,4.589
20,25,2.0,2043,4.589
20,25,2.0,2044,4.589
20,25,2.0,2045,4.589
20,25,2.0,2046,4.589
20,25,2.0,2047,4.589
20,25,2.0,2048,4.589
20,25,2.0,2049,4.589
20,25,2.0,2050,4.589
20,25,3.0,2023,4.589
20,25,3.0,2024,4.589
20,25,3.0,2025,4.589
20,25,3.0,2026,4.589
20,25,3.0,2027,4.589
20,25,3.0,2028,4.589
20,25,3.0,2029,4.589
20,25,3.0,2030,4.589
20,25,3.0,2031,4.589
20,25,3.0,2032,4.589
20,25,3.0,2033,4.589
20,25,3.0,2034,4.589
20,25,3.0,2035,4.589
20,25,3.0,2036,4.589
20,25,3.0,2037,4.589
20,25,3.0,2038,4.589
20,25,3.0,2039,4.589
20,25,3.0,2040,4.589
20,25,3.0,2041,4.589
20,25,3.0,2042,4.589
20,25,3.0,2043,4.589
20,25,3.0,2044,4.589
20,25,3.0,2045,4.589
20,25,3.0,2046,4.589
20,25,3.0,2047,4.589
20,25,3.0,2048,4.589
20,25,3.0,2049,4.589
20,25,3.0,2050,4.589
21,22,1.0,2023,8.242
21,22,1.0,2024,8.242
21,22,1.0,2025,8.242
21,22,1.0,2026,8.242
21,22,1.0,2027,8.242
21,22,1.0,2028,8.242
21,22,1.0,2029,8.242
21,22,1.0,2030,8.242
21,22,1.0,2031,8.242
21,22,1.0,2032,8.242
21,22,1.0,2033,8.242
21,22,1.0,2034,8.242
21,22,1.0,2035,8.242
21,22,1.0,2036,8.242
21,22,1.0,2037,8.242
21,22,1.0,2038,8.242
21,22,1.0,2039,8.242
21,22,1.0,2040,8.242
21,22,1.0,2041,8.242
21,22,1.0,2042,8.242
21,22,1.0,2043,8.242
21,22,1.0,2044,8.242
21,22,1.0,2045,8.242
21,22,1.0,2046,8.242
21,22,1.0,2047,8.242
21,22,1.0,2048,8.242
21,22,1.0,2049,8.242
21,22,1.0,2050,8.242
21,22,2.0,2023,8.242
21,22,2.0,2024,8.242
21,22,2.0,2025,8.242
21,22,2.0,2026,8.242
21,22,2.0,2027,8.242
21,22,2.0,2028,8.242
21,22,2.0,2029,8.242
21,22,2.0,2030,8.242
21,22,2.0,2031,8.242
21,22,2.0,2032,8.242
21,22,2.0,2033,8.242
21,22,2.0,2034,8.242
21,22,2.0,2035,8.242
21,22,2.0,2036,8.242
21,22,2.0,2037,8.242
21,22,2.0,2038,8.242
21,22,2.0,2039,8.242
21,22,2.0,2040,8.242
21,22,2.0,2041,8.242
21,22,2.0,2042,8.242
21,22,2.0,2043,8.242
21,22,2.0,2044,8.242
21,22,2.0,2045,8.242
21,22,2.0,2046,8.242
21,22,2.0,2047,8.242
21,22,2.0,2048,8.242
21,22,2.0,2049,8.242
21,22,2.0,2050,8.242
21,22,3.0,2023,8.242
21,22,3.0,2024,8.242
21,22,3.0,2025,8.242
21,22,3.0,2026,8.242
21,22,3.0,2027,8.242
21,22,3.0,2028,8.242
21,22,3.0,2029,8.242
21,22,3.0,2030,8.242
21,22,3.0,2031,8.242
21,22,3.0,2032,8.242
21,22,3.0,2033,8.242
21,22,3.0,2034,8.242
21,22,3.0,2035,8.242
21,22,3.0,2036,8.242
21,22,3.0,2037,8.242
21,22,3.0,2038,8.242
21,22,3.0,2039,8.242
21,22,3.0,2040,8.242
21,22,3.0,2041,8.242
21,22,3.0,2042,8.242
21,22,3.0,2043,8.242
21,22,3.0,2044,8.242
21,22,3.0,2045,8.242
21,22,3.0,2046,8.242
21,22,3.0,2047,8.242
21,22,3.0,2048,8.242
21,22,3.0,2049,8.242
21,22,3.0,2050,8.242
21,23,1.0,2023,4.441
21,23,1.0,2024,4.441
21,23,1.0,2025,4.441
21,23,1.0,2026,4.441
21,23,1.0,2027,4.441
21,23,1.0,2028,4.441
21,23,1.0,2029,4.441
21,23,1.0,2030,4.441
21,23,1.0,2031,4.441
21,23,1.0,2032,4.441
21,23,1.0,2033,4.441
21,23,1.0,2034,4.441
21,23,1.0,2035,4.441
21,23,1.0,2036,4.441
21,23,1.0,2037,4.441
21,23,1.0,2038,4.441
21,23,1.0,2039,4.441
21,23,1.0,2040,4.441
21,23,1.0,2041,4.441
21,23,1.0,2042,4.441
21,23,1.0,2043,4.441
21,23,1.0,2044,4.441
21,23,1.0,2045,4.441
21,23,1.0,2046,4.441
21,23,1.0,2047,4.441
21,23,1.0,2048,4.441
21,23,1.0,2049,4.441
21,23,1.0,2050,4.441
21,23,2.0,2023,4.441
21,23,2.0,2024,4.441
21,23,2.0,2025,4.441
21,23,2.0,2026,4.441
21,23,2.0,2027,4.441
21,23,2.0,2028,4.441
21,23,2.0,2029,4.441
21,23,2.0,2030,4.441
21,23,2.0,2031,4.441
21,23,2.0,2032,4.441
21,23,2.0,2033,4.441
21,23,2.0,2034,4.441
21,23,2.0,2035,4.441
21,23,2.0,2036,4.441
21,23,2.0,2037,4.441
21,23,2.0,2038,4.441
21,23,2.0,2039,4.441
21,23,2.0,2040,4.441
21,23,2.0,2041,4.441
21,23,2.0,2042,4.441
21,23,2.0,2043,4.441
21,23,2.0,2044,4.441
21,23,2.0,2045,4.441
21,23,2.0,2046,4.441
21,23,2.0,2047,4.441
21,23,2.0,2048,4.441
21,23,2.0,2049,4.441
21,23,2.0,2050,4.441
21,23,3.0,2023,4.441
21,23,3.0,2024,4.441
21,23,3.0,2025,4.441
21,23,3.0,2026,4.441
21,23,3.0,2027,4.441
21,23,3.0,2028,4.441
21,23,3.0,2029,4.441
21,23,3.0,2030,4.441
21,23,3.0,2031,4.441
21,23,3.0,2032,4.441
21,23,3.0,2033,4.441
21,23,3.0,2034,4.441
21,23,3.0,2035,4.441
21,23,3.0,2036,4.441
21,23,3.0,2037,4.441
21,23,3.0,2038,4.441
21,23,3.0,2039,4.441
21,23,3.0,2040,4.441
21,23,3.0,2041,4.441
21,23,3.0,2042,4.441
21,23,3.0,2043,4.441
21,23,3.0,2044,4.441
21,23,3.0,2045,4.441
21,23,3.0,2046,4.441
21,23,3.0,2047,4.441
21,23,3.0,2048,4.441
21,23,3.0,2049,4.441
21,23,3.0,2050,4.441
21,25,1.0,2023,0.106
21,25,1.0,2024,0.106
21,25,1.0,2025,0.106
21,25,1.0,2026,0.106
21,25,1.0,2027,0.106
21,25,1.0,2028,0.106
21,25,1.0,2029,0.106
21,25,1.0,2030,0.106
21,25,1.0,2031,0.106
21,25,1.0,2032,0.106
21,25,1.0,2033,0.106
21,25,1.0,2034,0.106
21,25,1.0,2035,0.106
21,25,1.0,2036,0.106
21,25,1.0,2037,0.106
21,25,1.0,2038,0.106
21,25,1.0,2039,0.106
21,25,1.0,2040,0.106
21,25,1.0,2041,0.106
21,25,1.0,2042,0.106
21,25,1.0,2043,0.106
21,25,1.0,2044,0.106
21,25,1.0,2045,0.106
21,25,1.0,2046,0.106
21,25,1.0,2047,0.106
21,25,1.0,2048,0.106
21,25,1.0,2049,0.106
21,25,1.0,2050,0.106
21,25,2.0,2023,0.106
21,25,2.0,2024,0.106
21,25,2.0,2025,0.106
21,25,2.0,2026,0.106
21,25,2.0,2027,0.106
21,25,2.0,2028,0.106
21,25,2.0,2029,0.106
21,25,2.0,2030,0.106
21,25,2.0,2031,0.106
21,25,2.0,2032,0.106
21,25,2.0,2033,0.106
21,25,2.0,2034,0.106
21,25,2.0,2035,0.106
21,25,2.0,2036,0.106
21,25,2.0,2037,0.106
21,25,2.0,2038,0.106
21,25,2.0,2039,0.106
21,25,2.0,2040,0.106
21,25,2.0,2041,0.106
21,25,2.0,2042,0.106
21,25,2.0,2043,0.106
21,25,2.0,2044,0.106
21,25,2.0,2045,0.106
21,25,2.0,2046,0.106
21,25,2.0,2047,0.106
21,25,2.0,2048,0.106
21,25,2.0,2049,0.106
21,25,2.0,2050,0.106
21,25,3.0,2023,0.106
21,25,3.0,2024,0.106
21,25,3.0,2025,0.106
21,25,3.0,2026,0.106
21,25,3.0,2027,0.106
21,25,3.0,2028,0.106
21,25,3.0,2029,0.106
21,25,3.0,2030,0.106
21,25,3.0,2031,0.106
21,25,3.0,2032,0.106
21,25,3.0,2033,0.106
21,25,3.0,2034,0.106
21,25,3.0,2035,0.106
21,25,3.0,2036,0.106
21,25,3.0,2037,0.106
21,25,3.0,2038,0.106
21,25,3.0,2039,0.106
21,25,3.0,2040,0.106
21,25,3.0,2041,0.106
21,25,3.0,2042,0.106
21,25,3.0,2043,0.106
21,25,3.0,2044,0.106
21,25,3.0,2045,0.106
21,25,3.0,2046,0.106
21,25,3.0,2047,0.106
21,25,3.0,2048,0.106
21,25,3.0,2049,0.106
21,25,3.0,2050,0.106
22,20,1.0,2023,0.489
22,20,1.0,2024,0.489
22,20,1.0,2025,0.489
22,20,1.0,2026,0.489
22,20,1.0,2027,0.489
22,20,1.0,2028,0.489
22,20,1.0,2029,0.489
22,20,1.0,2030,0.489
22,20,1.0,2031,0.489
22,20,1.0,2032,0.489
22,20,1.0,2033,0.489
22,20,1.0,2034,0.489
22,20,1.0,2035,0.489
22,20,1.0,2036,0.489
22,20,1.0,2037,0.489
22,20,1.0,2038,0.489
22,20,1.0,2039,0.489
22,20,1.0,2040,0.489
22,20,1.0,2041,0.489
22,20,1.0,2042,0.489
22,20,1.0,2043,0.489
22,20,1.0,2044,0.489
22,20,1.0,2045,0.489
22,20,1.0,2046,0.489
22,20,1.0,2047,0.489
22,20,1.0,2048,0.489
22,20,1.0,2049,0.489
22,20,1.0,2050,0.489
22,20,2.0,2023,0.489
22,20,2.0,2024,0.489
22,20,2.0,2025,0.489
22,20,2.0,2026,0.489
22,20,2.0,2027,0.489
22,20,2.0,2028,0.489
22,20,2.0,2029,0.489
22,20,2.0,2030,0.489
22,20,2.0,2031,0.489
22,20,2.0,2032,0.489
22,20,2.0,2033,0.489
22,20,2.0,2034,0.489
22,20,2.0,2035,0.489
22,20,2.0,2036,0.489
22,20,2.0,2037,0.489
22,20,2.0,2038,0.489
22,20,2.0,2039,0.489
22,20,2.0,2040,0.489
22,20,2.0,2041,0.489
22,20,2.0,2042,0.489
22,20,2.0,2043,0.489
22,20,2.0,2044,0.489
22,20,2.0,2045,0.489
22,20,2.0,2046,0.489
22,20,2.0,2047,0.489
22,20,2.0,2048,0.489
22,20,2.0,2049,0.489
22,20,2.0,2050,0.489
22,20,3.0,2023,0.489
22,20,3.0,2024,0.489
22,20,3.0,2025,0.489
22,20,3.0,2026,0.489
22,20,3.0,2027,0.489
22,20,3.0,2028,0.489
22,20,3.0,2029,0.489
22,20,3.0,2030,0.489
22,20,3.0,2031,0.489
22,20,3.0,2032,0.489
22,20,3.0,2033,0.489
22,20,3.0,2034,0.489
22,20,3.0,2035,0.489
22,20,3.0,2036,0.489
22,20,3.0,2037,0.489
22,20,3.0,2038,0.489
22,20,3.0,2039,0.489
22,20,3.0,2040,0.489
22,20,3.0,2041,0.489
22,20,3.0,2042,0.489
22,20,3.0,2043,0.489
22,20,3.0,2044,0.489
22,20,3.0,2045,0.489
22,20,3.0,2046,0.489
22,20,3.0,2047,0.489
22,20,3.0,2048,0.489
22,20,3.0,2049,0.489
22,20,3.0,2050,0.489
22,21,1.0,2023,7.918
22,21,1.0,2024,7.918
22,21,1.0,2025,7.918
22,21,1.0,2026,7.918
22,21,1.0,2027,7.918
22,21,1.0,2028,7.918
22,21,1.0,2029,7.918
22,21,1.0,2030,7.918
22,21,1.0,2031,7.918
22,21,1.0,2032,7.918
22,21,1.0,2033,7.918
22,21,1.0,2034,7.918
22,21,1.0,2035,7.918
22,21,1.0,2036,7.918
22,21,1.0,2037,7.918
22,21,1.0,2038,7.918
22,21,1.0,2039,7.918
22,21,1.0,2040,7.918
22,21,1.0,2041,7.918
22,21,1.0,2042,7.918
22,21,1.0,2043,7.918
22,21,1.0,2044,7.918
22,21,1.0,2045,7.918
22,21,1.0,2046,7.918
22,21,1.0,2047,7.918
22,21,1.0,2048,7.918
22,21,1.0,2049,7.918
22,21,1.0,2050,7.918
22,21,2.0,2023,7.918
22,21,2.0,2024,7.918
22,21,2.0,2025,7.918
22,21,2.0,2026,7.918
22,21,2.0,2027,7.918
22,21,2.0,2028,7.918
22,21,2.0,2029,7.918
22,21,2.0,2030,7.918
22,21,2.0,2031,7.918
22,21,2.0,2032,7.918
22,21,2.0,2033,7.918
22,21,2.0,2034,7.918
22,21,2.0,2035,7.918
22,21,2.0,2036,7.918
22,21,2.0,2037,7.918
22,21,2.0,2038,7.918
22,21,2.0,2039,7.918
22,21,2.0,2040,7.918
22,21,2.0,2041,7.918
22,21,2.0,2042,7.918
22,21,2.0,2043,7.918
22,21,2.0,2044,7.918
22,21,2.0,2045,7.918
22,21,2.0,2046,7.918
22,21,2.0,2047,7.918
22,21,2.0,2048,7.918
22,21,2.0,2049,7.918
22,21,2.0,2050,7.918
22,21,3.0,2023,7.918
22,21,3.0,2024,7.918
22,21,3.0,2025,7.918
22,21,3.0,2026,7.918
22,21,3.0,2027,7.918
22,21,3.0,2028,7.918
22,21,3.0,2029,7.918
22,21,3.0,2030,7.918
22,21,3.0,2031,7.918
22,21,3.0,2032,7.918
22,21,3.0,2033,7.918
22,21,3.0,2034,7.918
22,21,3.0,2035,7.918
22,21,3.0,2036,7.918
22,21,3.0,2037,7.918
22,21,3.0,2038,7.918
22,21,3.0,2039,7.918
22,21,3.0,2040,7.918
22,21,3.0,2041,7.918
22,21,3.0,2042,7.918
22,21,3.0,2043,7.918
22,21,3.0,2044,7.918
22,21,3.0,2045,7.918
22,21,3.0,2046,7.918
22,21,3.0,2047,7.918
22,21,3.0,2048,7.918
22,21,3.0,2049,7.918
22,21,3.0,2050,7.918
22,23,1.0,2023,2.381
22,23,1.0,2024,2.381
22,23,1.0,2025,2.381
22,23,1.0,2026,2.381
22,23,1.0,2027,2.381
22,23,1.0,2028,2.381
22,23,1.0,2029,2.381
22,23,1.0,2030,2.381
22,23,1.0,2031,2.381
22,23,1.0,2032,2.381
22,23,1.0,2033,2.381
22,23,1.0,2034,2.381
22,23,1.0,2035,2.381
22,23,1.0,2036,2.381
22,23,1.0,2037,2.381
22,23,1.0,2038,2.381
22,23,1.0,2039,2.381
22,23,1.0,2040,2.381
22,23,1.0,2041,2.381
22,23,1.0,2042,2.381
22,23,1.0,2043,2.381
22,23,1.0,2044,2.381
22,23,1.0,2045,2.381
22,23,1.0,2046,2.381
22,23,1.0,2047,2.381
22,23,1.0,2048,2.381
22,23,1.0,2049,2.381
22,23,1.0,2050,2.381
22,23,2.0,2023,2.381
22,23,2.0,2024,2.381
22,23,2.0,2025,2.381
22,23,2.0,2026,2.381
22,23,2.0,2027,2.381
22,23,2.0,2028,2.381
22,23,2.0,2029,2.381
22,23,2.0,2030,2.381
22,23,2.0,2031,2.381
22,23,2.0,2032,2.381
22,23,2.0,2033,2.381
22,23,2.0,2034,2.381
22,23,2.0,2035,2.381
22,23,2.0,2036,2.381
22,23,2.0,2037,2.381
22,23,2.0,2038,2.381
22,23,2.0,2039,2.381
22,23,2.0,2040,2.381
22,23,2.0,2041,2.381
22,23,2.0,2042,2.381
22,23,2.0,2043,2.381
22,23,2.0,2044,2.381
22,23,2.0,2045,2.381
22,23,2.0,2046,2.381
22,23,2.0,2047,2.381
22,23,2.0,2048,2.381
22,23,2.0,2049,2.381
22,23,2.0,2050,2.381
22,23,3.0,2023,2.381
22,23,3.0,2024,2.381
22,23,3.0,2025,2.381
22,23,3.0,2026,2.381
22,23,3.0,2027,2.381
22,23,3.0,2028,2.381
22,23,3.0,2029,2.381
22,23,3.0,2030,2.381
22,23,3.0,2031,2.381
22,23,3.0,2032,2.381
22,23,3.0,2033,2.381
22,23,3.0,2034,2.381
22,23,3.0,2035,2.381
22,23,3.0,2036,2.381
22,23,3.0,2037,2.381
22,23,3.0,2038,2.381
22,23,3.0,2039,2.381
22,23,3.0,2040,2.381
22,23,3.0,2041,2.381
22,23,3.0,2042,2.381
22,23,3.0,2043,2.381
22,23,3.0,2044,2.381
22,23,3.0,2045,2.381
22,23,3.0,2046,2.381
22,23,3.0,2047,2.381
22,23,3.0,2048,2.381
22,23,3.0,2049,2.381
22,23,3.0,2050,2.381
22,25,1.0,2023,2.291
22,25,1.0,2024,2.291
22,25,1.0,2025,2.291
22,25,1.0,2026,2.291
22,25,1.0,2027,2.291
22,25,1.0,2028,2.291
22,25,1.0,2029,2.291
22,25,1.0,2030,2.291
22,25,1.0,2031,2.291
22,25,1.0,2032,2.291
22,25,1.0,2033,2.291
22,25,1.0,2034,2.291
22,25,1.0,2035,2.291
22,25,1.0,2036,2.291
22,25,1.0,2037,2.291
22,25,1.0,2038,2.291
22,25,1.0,2039,2.291
22,25,1.0,2040,2.291
22,25,1.0,2041,2.291
22,25,1.0,2042,2.291
22,25,1.0,2043,2.291
22,25,1.0,2044,2.291
22,25,1.0,2045,2.291
22,25,1.0,2046,2.291
22,25,1.0,2047,2.291
22,25,1.0,2048,2.291
22,25,1.0,2049,2.291
22,25,1.0,2050,2.291
22,25,2.0,2023,2.291
22,25,2.0,2024,2.291
22,25,2.0,2025,2.291
22,25,2.0,2026,2.291
22,25,2.0,2027,2.291
22,25,2.0,2028,2.291
22,25,2.0,2029,2.291
22,25,2.0,2030,2.291
22,25,2.0,2031,2.291
22,25,2.0,2032,2.291
22,25,2.0,2033,2.291
22,25,2.0,2034,2.291
22,25,2.0,2035,2.291
22,25,2.0,2036,2.291
22,25,2.0,2037,2.291
22,25,2.0,2038,2.291
22,25,2.0,2039,2.291
22,25,2.0,2040,2.291
22,25,2.0,2041,2.291
22,25,2.0,2042,2.291
22,25,2.0,2043,2.291
22,25,2.0,2044,2.291
22,25,2.0,2045,2.291
22,25,2.0,2046,2.291
22,25,2.0,2047,2.291
22,25,2.0,2048,2.291
22,25,2.0,2049,2.291
22,25,2.0,2050,2.291
22,25,3.0,2023,2.291
22,25,3.0,2024,2.291
22,25,3.0,2025,2.291
22,25,3.0,2026,2.291
22,25,3.0,2027,2.291
22,25,3.0,2028,2.291
22,25,3.0,2029,2.291
22,25,3.0,2030,2.291
22,25,3.0,2031,2.291
22,25,3.0,2032,2.291
22,25,3.0,2033,2.291
22,25,3.0,2034,2.291
22,25,3.0,2035,2.291
22,25,3.0,2036,2.291
22,25,3.0,2037,2.291
22,25,3.0,2038,2.291
22,25,3.0,2039,2.291
22,25,3.0,2040,2.291
22,25,3.0,2041,2.291
22,25,3.0,2042,2.291
22,25,3.0,2043,2.291
22,25,3.0,2044,2.291
22,25,3.0,2045,2.291
22,25,3.0,2046,2.291
22,25,3.0,2047,2.291
22,25,3.0,2048,2.291
22,25,3.0,2049,2.291
22,25,3.0,2050,2.291
23,19,1.0,2023,0.2
23,19,1.0,2024,0.2
23,19,1.0,2025,0.2
23,19,1.0,2026,0.2
23,19,1.0,2027,0.2
23,19,1.0,2028,0.2
23,19,1.0,2029,0.2
23,19,1.0,2030,0.2
23,19,1.0,2031,0.2
23,19,1.0,2032,0.2
23,19,1.0,2033,0.2
23,19,1.0,2034,0.2
23,19,1.0,2035,0.2
23,19,1.0,2036,0.2
23,19,1.0,2037,0.2
23,19,1.0,2038,0.2
23,19,1.0,2039,0.2
23,19,1.0,2040,0.2
23,19,1.0,2041,0.2
23,19,1.0,2042,0.2
23,19,1.0,2043,0.2
23,19,1.0,2044,0.2
23,19,1.0,2045,0.2
23,19,1.0,2046,0.2
23,19,1.0,2047,0.2
23,19,1.0,2048,0.2
23,19,1.0,2049,0.2
23,19,1.0,2050,0.2
23,19,2.0,2023,0.2
23,19,2.0,2024,0.2
23,19,2.0,2025,0.2
23,19,2.0,2026,0.2
23,19,2.0,2027,0.2
23,19,2.0,2028,0.2
23,19,2.0,2029,0.2
23,19,2.0,2030,0.2
23,19,2.0,2031,0.2
23,19,2.0,2032,0.2
23,19,2.0,2033,0.2
23,19,2.0,2034,0.2
23,19,2.0,2035,0.2
23,19,2.0,2036,0.2
23,19,2.0,2037,0.2
23,19,2.0,2038,0.2
23,19,2.0,2039,0.2
23,19,2.0,2040,0.2
23,19,2.0,2041,0.2
23,19,2.0,2042,0.2
23,19,2.0,2043,0.2
23,19,2.0,2044,0.2
23,19,2.0,2045,0.2
23,19,2.0,2046,0.2
23,19,2.0,2047,0.2
23,19,2.0,2048,0.2
23,19,2.0,2049,0.2
23,19,2.0,2050,0.2
23,19,3.0,2023,0.2
23,19,3.0,2024,0.2
23,19,3.0,2025,0.2
23,19,3.0,2026,0.2
23,19,3.0,2027,0.2
23,19,3.0,2028,0.2
23,19,3.0,2029,0.2
23,19,3.0,2030,0.2
23,19,3.0,2031,0.2
23,19,3.0,2032,0.2
23,19,3.0,2033,0.2
23,19,3.0,2034,0.2
23,19,3.0,2035,0.2
23,19,3.0,2036,0.2
23,19,3.0,2037,0.2
23,19,3.0,2038,0.2
23,19,3.0,2039,0.2
23,19,3.0,2040,0.2
23,19,3.0,2041,0.2
23,19,3.0,2042,0.2
23,19,3.0,2043,0.2
23,19,3.0,2044,0.2
23,19,3.0,2045,0.2
23,19,3.0,2046,0.2
23,19,3.0,2047,0.2
23,19,3.0,2048,0.2
23,19,3.0,2049,0.2
23,19,3.0,2050,0.2
23,21,1.0,2023,4.441
23,21,1.0,2024,4.441
23,21,1.0,2025,4.441
23,21,1.0,2026,4.441
23,21,1.0,2027,4.441
23,21,1.0,2028,4.441
23,21,1.0,2029,4.441
23,21,1.0,2030,4.441
23,21,1.0,2031,4.441
23,21,1.0,2032,4.441
23,21,1.0,2033,4.441
23,21,1.0,2034,4.441
23,21,1.0,2035,4.441
23,21,1.0,2036,4.441
23,21,1.0,2037,4.441
23,21,1.0,2038,4.441
23,21,1.0,2039,4.441
23,21,1.0,2040,4.441
23,21,1.0,2041,4.441
23,21,1.0,2042,4.441
23,21,1.0,2043,4.441
23,21,1.0,2044,4.441
23,21,1.0,2045,4.441
23,21,1.0,2046,4.441
23,21,1.0,2047,4.441
23,21,1.0,2048,4.441
23,21,1.0,2049,4.441
23,21,1.0,2050,4.441
23,21,2.0,2023,4.441
23,21,2.0,2024,4.441
23,21,2.0,2025,4.441
23,21,2.0,2026,4.441
23,21,2.0,2027,4.441
23,21,2.0,2028,4.441
23,21,2.0,2029,4.441
23,21,2.0,2030,4.441
23,21,2.0,2031,4.441
23,21,2.0,2032,4.441
23,21,2.0,2033,4.441
23,21,2.0,2034,4.441
23,21,2.0,2035,4.441
23,21,2.0,2036,4.441
23,21,2.0,2037,4.441
23,21,2.0,2038,4.441
23,21,2.0,2039,4.441
23,21,2.0,2040,4.441
23,21,2.0,2041,4.441
23,21,2.0,2042,4.441
23,21,2.0,2043,4.441
23,21,2.0,2044,4.441
23,21,2.0,2045,4.441
23,21,2.0,2046,4.441
23,21,2.0,2047,4.441
23,21,2.0,2048,4.441
23,21,2.0,2049,4.441
23,21,2.0,2050,4.441
23,21,3.0,2023,4.441
23,21,3.0,2024,4.441
23,21,3.0,2025,4.441
23,21,3.0,2026,4.441
23,21,3.0,2027,4.441
23,21,3.0,2028,4.441
23,21,3.0,2029,4.441
23,21,3.0,2030,4.441
23,21,3.0,2031,4.441
23,21,3.0,2032,4.441
23,21,3.0,2033,4.441
23,21,3.0,2034,4.441
23,21,3.0,2035,4.441
23,21,3.0,2036,4.441
23,21,3.0,2037,4.441
23,21,3.0,2038,4.441
23,21,3.0,2039,4.441
23,21,3.0,2040,4.441
23,21,3.0,2041,4.441
23,21,3.0,2042,4.441
23,21,3.0,2043,4.441
23,21,3.0,2044,4.441
23,21,3.0,2045,4.441
23,21,3.0,2046,4.441
23,21,3.0,2047,4.441
23,21,3.0,2048,4.441
23,21,3.0,2049,4.441
23,21,3.0,2050,4.441
23,22,1.0,2023,2.78
23,22,1.0,2024,2.78
23,22,1.0,2025,2.78
23,22,1.0,2026,2.78
23,22,1.0,2027,2.78
23,22,1.0,2028,2.78
23,22,1.0,2029,2.78
23,22,1.0,2030,2.78
23,22,1.0,2031,2.78
23,22,1.0,2032,2.78
23,22,1.0,2033,2.78
23,22,1.0,2034,2.78
23,22,1.0,2035,2.78
23,22,1.0,2036,2.78
23,22,1.0,2037,2.78
23,22,1.0,2038,2.78
23,22,1.0,2039,2.78
23,22,1.0,2040,2.78
23,22,1.0,2041,2.78
23,22,1.0,2042,2.78
23,22,1.0,2043,2.78
23,22,1.0,2044,2.78
23,22,1.0,2045,2.78
23,22,1.0,2046,2.78
23,22,1.0,2047,2.78
23,22,1.0,2048,2.78
23,22,1.0,2049,2.78
23,22,1.0,2050,2.78
23,22,2.0,2023,2.78
23,22,2.0,2024,2.78
23,22,2.0,2025,2.78
23,22,2.0,2026,2.78
23,22,2.0,2027,2.78
23,22,2.0,2028,2.78
23,22,2.0,2029,2.78
23,22,2.0,2030,2.78
23,22,2.0,2031,2.78
23,22,2.0,2032,2.78
23,22,2.0,2033,2.78
23,22,2.0,2034,2.78
23,22,2.0,2035,2.78
23,22,2.0,2036,2.78
23,22,2.0,2037,2.78
23,22,2.0,2038,2.78
23,22,2.0,2039,2.78
23,22,2.0,2040,2.78
23,22,2.0,2041,2.78
23,22,2.0,2042,2.78
23,22,2.0,2043,2.78
23,22,2.0,2044,2.78
23,22,2.0,2045,2.78
23,22,2.0,2046,2.78
23,22,2.0,2047,2.78
23,22,2.0,2048,2.78
23,22,2.0,2049,2.78
23,22,2.0,2050,2.78
23,22,3.0,2023,2.78
23,22,3.0,2024,2.78
23,22,3.0,2025,2.78
23,22,3.0,2026,2.78
23,22,3.0,2027,2.78
23,22,3.0,2028,2.78
23,22,3.0,2029,2.78
23,22,3.0,2030,2.78
23,22,3.0,2031,2.78
23,22,3.0,2032,2.78
23,22,3.0,2033,2.78
23,22,3.0,2034,2.78
23,22,3.0,2035,2.78
23,22,3.0,2036,2.78
23,22,3.0,2037,2.78
23,22,3.0,2038,2.78
23,22,3.0,2039,2.78
23,22,3.0,2040,2.78
23,22,3.0,2041,2.78
23,22,3.0,2042,2.78
23,22,3.0,2043,2.78
23,22,3.0,2044,2.78
23,22,3.0,2045,2.78
23,22,3.0,2046,2.78
23,22,3.0,2047,2.78
23,22,3.0,2048,2.78
23,22,3.0,2049,2.78
23,22,3.0,2050,2.78
23,24,1.0,2023,0.095
23,24,1.0,2024,0.095
23,24,1.0,2025,0.095
23,24,1.0,2026,0.095
23,24,1.0,2027,0.095
23,24,1.0,2028,0.095
23,24,1.0,2029,0.095
23,24,1.0,2030,0.095
23,24,1.0,2031,0.095
23,24,1.0,2032,0.095
23,24,1.0,2033,0.095
23,24,1.0,2034,0.095
23,24,1.0,2035,0.095
23,24,1.0,2036,0.095
23,24,1.0,2037,0.095
23,24,1.0,2038,0.095
23,24,1.0,2039,0.095
23,24,1.0,2040,0.095
23,24,1.0,2041,0.095
23,24,1.0,2042,0.095
23,24,1.0,2043,0.095
23,24,1.0,2044,0.095
23,24,1.0,2045,0.095
23,24,1.0,2046,0.095
23,24,1.0,2047,0.095
23,24,1.0,2048,0.095
23,24,1.0,2049,0.095
23,24,1.0,2050,0.095
23,24,2.0,2023,0.095
23,24,2.0,2024,0.095
23,24,2.0,2025,0.095
23,24,2.0,2026,0.095
23,24,2.0,2027,0.095
23,24,2.0,2028,0.095
23,24,2.0,2029,0.095
23,24,2.0,2030,0.095
23,24,2.0,2031,0.095
23,24,2.0,2032,0.095
23,24,2.0,2033,0.095
23,24,2.0,2034,0.095
23,24,2.0,2035,0.095
23,24,2.0,2036,0.095
23,24,2.0,2037,0.095
23,24,2.0,2038,0.095
23,24,2.0,2039,0.095
23,24,2.0,2040,0.095
23,24,2.0,2041,0.095
23,24,2.0,2042,0.095
23,24,2.0,2043,0.095
23,24,2.0,2044,0.095
23,24,2.0,2045,0.095
23,24,2.0,2046,0.095
23,24,2.0,2047,0.095
23,24,2.0,2048,0.095
23,24,2.0,2049,0.095
23,24,2.0,2050,0.095
23,24,3.0,2023,0.095
23,24,3.0,2024,0.095
23,24,3.0,2025,0.095
23,24,3.0,2026,0.095
23,24,3.0,2027,0.095
23,24,3.0,2028,0.095
23,24,3.0,2029,0.095
23,24,3.0,2030,0.095
23,24,3.0,2031,0.095
23,24,3.0,2032,0.095
23,24,3.0,2033,0.095
23,24,3.0,2034,0.095
23,24,3.0,2035,0.095
23,24,3.0,2036,0.095
23,24,3.0,2037,0.095
23,24,3.0,2038,0.095
23,24,3.0,2039,0.095
23,24,3.0,2040,0.095
23,24,3.0,2041,0.095
23,24,3.0,2042,0.095
23,24,3.0,2043,0.095
23,24,3.0,2044,0.095
23,24,3.0,2045,0.095
23,24,3.0,2046,0.095
23,24,3.0,2047,0.095
23,24,3.0,2048,0.095
23,24,3.0,2049,0.095
23,24,3.0,2050,0.095
23,25,1.0,2023,3.67
23,25,1.0,2024,3.67
23,25,1.0,2025,3.67
23,25,1.0,2026,3.67
23,25,1.0,2027,3.67
23,25,1.0,2028,3.67
23,25,1.0,2029,3.67
23,25,1.0,2030,3.67
23,25,1.0,2031,3.67
23,25,1.0,2032,3.67
23,25,1.0,2033,3.67
23,25,1.0,2034,3.67
23,25,1.0,2035,3.67
23,25,1.0,2036,3.67
23,25,1.0,2037,3.67
23,25,1.0,2038,3.67
23,25,1.0,2039,3.67
23,25,1.0,2040,3.67
23,25,1.0,2041,3.67
23,25,1.0,2042,3.67
23,25,1.0,2043,3.67
23,25,1.0,2044,3.67
23,25,1.0,2045,3.67
23,25,1.0,2046,3.67
23,25,1.0,2047,3.67
23,25,1.0,2048,3.67
23,25,1.0,2049,3.67
23,25,1.0,2050,3.67
23,25,2.0,2023,3.67
23,25,2.0,2024,3.67
23,25,2.0,2025,3.67
23,25,2.0,2026,3.67
23,25,2.0,2027,3.67
23,25,2.0,2028,3.67
23,25,2.0,2029,3.67
23,25,2.0,2030,3.67
23,25,2.0,2031,3.67
23,25,2.0,2032,3.67
23,25,2.0,2033,3.67
23,25,2.0,2034,3.67
23,25,2.0,2035,3.67
23,25,2.0,2036,3.67
23,25,2.0,2037,3.67
23,25,2.0,2038,3.67
23,25,2.0,2039,3.67
23,25,2.0,2040,3.67
23,25,2.0,2041,3.67
23,25,2.0,2042,3.67
23,25,2.0,2043,3.67
23,25,2.0,2044,3.67
23,25,2.0,2045,3.67
23,25,2.0,2046,3.67
23,25,2.0,2047,3.67
23,25,2.0,2048,3.67
23,25,2.0,2049,3.67
23,25,2.0,2050,3.67
23,25,3.0,2023,3.67
23,25,3.0,2024,3.67
23,25,3.0,2025,3.67
23,25,3.0,2026,3.67
23,25,3.0,2027,3.67
23,25,3.0,2028,3.67
23,25,3.0,2029,3.67
23,25,3.0,2030,3.67
23,25,3.0,2031,3.67
23,25,3.0,2032,3.67
23,25,3.0,2033,3.67
23,25,3.0,2034,3.67
23,25,3.0,2035,3.67
23,25,3.0,2036,3.67
23,25,3.0,2037,3.67
23,25,3.0,2038,3.67
23,25,3.0,2039,3.67
23,25,3.0,2040,3.67
23,25,3.0,2041,3.67
23,25,3.0,2042,3.67
23,25,3.0,2043,3.67
23,25,3.0,2044,3.67
23,25,3.0,2045,3.67
23,25,3.0,2046,3.67
23,25,3.0,2047,3.67
23,25,3.0,2048,3.67
23,25,3.0,2049,3.67
23,25,3.0,2050,3.67
24,18,1.0,2023,0.21
24,18,1.0,2024,0.21
24,18,1.0,2025,0.21
24,18,1.0,2026,0.21
24,18,1.0,2027,0.21
24,18,1.0,2028,0.21
24,18,1.0,2029,0.21
24,18,1.0,2030,0.21
24,18,1.0,2031,0.21
24,18,1.0,2032,0.21
24,18,1.0,2033,0.21
24,18,1.0,2034,0.21
24,18,1.0,2035,0.21
24,18,1.0,2036,0.21
24,18,1.0,2037,0.21
24,18,1.0,2038,0.21
24,18,1.0,2039,0.21
24,18,1.0,2040,0.21
24,18,1.0,2041,0.21
24,18,1.0,2042,0.21
24,18,1.0,2043,0.21
24,18,1.0,2044,0.21
24,18,1.0,2045,0.21
24,18,1.0,2046,0.21
24,18,1.0,2047,0.21
24,18,1.0,2048,0.21
24,18,1.0,2049,0.21
24,18,1.0,2050,0.21
24,18,2.0,2023,0.21
24,18,2.0,2024,0.21
24,18,2.0,2025,0.21
24,18,2.0,2026,0.21
24,18,2.0,2027,0.21
24,18,2.0,2028,0.21
24,18,2.0,2029,0.21
24,18,2.0,2030,0.21
24,18,2.0,2031,0.21
24,18,2.0,2032,0.21
24,18,2.0,2033,0.21
24,18,2.0,2034,0.21
24,18,2.0,2035,0.21
24,18,2.0,2036,0.21
24,18,2.0,2037,0.21
24,18,2.0,2038,0.21
24,18,2.0,2039,0.21
24,18,2.0,2040,0.21
24,18,2.0,2041,0.21
24,18,2.0,2042,0.21
24,18,2.0,2043,0.21
24,18,2.0,2044,0.21
24,18,2.0,2045,0.21
24,18,2.0,2046,0.21
24,18,2.0,2047,0.21
24,18,2.0,2048,0.21
24,18,2.0,2049,0.21
24,18,2.0,2050,0.21
24,18,3.0,2023,0.21
24,18,3.0,2024,0.21
24,18,3.0,2025,0.21
24,18,3.0,2026,0.21
24,18,3.0,2027,0.21
24,18,3.0,2028,0.21
24,18,3.0,2029,0.21
24,18,3.0,2030,0.21
24,18,3.0,2031,0.21
24,18,3.0,2032,0.21
24,18,3.0,2033,0.21
24,18,3.0,2034,0.21
24,18,3.0,2035,0.21
24,18,3.0,2036,0.21
24,18,3.0,2037,0.21
24,18,3.0,2038,0.21
24,18,3.0,2039,0.21
24,18,3.0,2040,0.21
24,18,3.0,2041,0.21
24,18,3.0,2042,0.21
24,18,3.0,2043,0.21
24,18,3.0,2044,0.21
24,18,3.0,2045,0.21
24,18,3.0,2046,0.21
24,18,3.0,2047,0.21
24,18,3.0,2048,0.21
24,18,3.0,2049,0.21
24,18,3.0,2050,0.21
24,19,1.0,2023,0.825
24,19,1.0,2024,0.825
24,19,1.0,2025,0.825
24,19,1.0,2026,0.825
24,19,1.0,2027,0.825
24,19,1.0,2028,0.825
24,19,1.0,2029,0.825
24,19,1.0,2030,0.825
24,19,1.0,2031,0.825
24,19,1.0,2032,0.825
24,19,1.0,2033,0.825
24,19,1.0,2034,0.825
24,19,1.0,2035,0.825
24,19,1.0,2036,0.825
24,19,1.0,2037,0.825
24,19,1.0,2038,0.825
24,19,1.0,2039,0.825
24,19,1.0,2040,0.825
24,19,1.0,2041,0.825
24,19,1.0,2042,0.825
24,19,1.0,2043,0.825
24,19,1.0,2044,0.825
24,19,1.0,2045,0.825
24,19,1.0,2046,0.825
24,19,1.0,2047,0.825
24,19,1.0,2048,0.825
24,19,1.0,2049,0.825
24,19,1.0,2050,0.825
24,19,2.0,2023,0.825
24,19,2.0,2024,0.825
24,19,2.0,2025,0.825
24,19,2.0,2026,0.825
24,19,2.0,2027,0.825
24,19,2.0,2028,0.825
24,19,2.0,2029,0.825
24,19,2.0,2030,0.825
24,19,2.0,2031,0.825
24,19,2.0,2032,0.825
24,19,2.0,2033,0.825
24,19,2.0,2034,0.825
24,19,2.0,2035,0.825
24,19,2.0,2036,0.825
24,19,2.0,2037,0.825
24,19,2.0,2038,0.825
24,19,2.0,2039,0.825
24,19,2.0,2040,0.825
24,19,2.0,2041,0.825
24,19,2.0,2042,0.825
24,19,2.0,2043,0.825
24,19,2.0,2044,0.825
24,19,2.0,2045,0.825
24,19,2.0,2046,0.825
24,19,2.0,2047,0.825
24,19,2.0,2048,0.825
24,19,2.0,2049,0.825
24,19,2.0,2050,0.825
24,19,3.0,2023,0.825
24,19,3.0,2024,0.825
24,19,3.0,2025,0.825
24,19,3.0,2026,0.825
24,19,3.0,2027,0.825
24,19,3.0,2028,0.825
24,19,3.0,2029,0.825
24,19,3.0,2030,0.825
24,19,3.0,2031,0.825
24,19,3.0,2032,0.825
24,19,3.0,2033,0.825
24,19,3.0,2034,0.825
24,19,3.0,2035,0.825
24,19,3.0,2036,0.825
24,19,3.0,2037,0.825
24,19,3.0,2038,0.825
24,19,3.0,2039,0.825
24,19,3.0,2040,0.825
24,19,3.0,2041,0.825
24,19,3.0,2042,0.825
24,19,3.0,2043,0.825
24,19,3.0,2044,0.825
24,19,3.0,2045,0.825
24,19,3.0,2046,0.825
24,19,3.0,2047,0.825
24,19,3.0,2048,0.825
24,19,3.0,2049,0.825
24,19,3.0,2050,0.825
24,20,1.0,2023,0.69
24,20,1.0,2024,0.69
24,20,1.0,2025,0.69
24,20,1.0,2026,0.69
24,20,1.0,2027,0.69
24,20,1.0,2028,0.69
24,20,1.0,2029,0.69
24,20,1.0,2030,0.69
24,20,1.0,2031,0.69
24,20,1.0,2032,0.69
24,20,1.0,2033,0.69
24,20,1.0,2034,0.69
24,20,1.0,2035,0.69
24,20,1.0,2036,0.69
24,20,1.0,2037,0.69
24,20,1.0,2038,0.69
24,20,1.0,2039,0.69
24,20,1.0,2040,0.69
24,20,1.0,2041,0.69
24,20,1.0,2042,0.69
24,20,1.0,2043,0.69
24,20,1.0,2044,0.69
24,20,1.0,2045,0.69
24,20,1.0,2046,0.69
24,20,1.0,2047,0.69
24,20,1.0,2048,0.69
24,20,1.0,2049,0.69
24,20,1.0,2050,0.69
24,20,2.0,2023,0.69
24,20,2.0,2024,0.69
24,20,2.0,2025,0.69
24,20,2.0,2026,0.69
24,20,2.0,2027,0.69
24,20,2.0,2028,0.69
24,20,2.0,2029,0.69
24,20,2.0,2030,0.69
24,20,2.0,2031,0.69
24,20,2.0,2032,0.69
24,20,2.0,2033,0.69
24,20,2.0,2034,0.69
24,20,2.0,2035,0.69
24,20,2.0,2036,0.69
24,20,2.0,2037,0.69
24,20,2.0,2038,0.69
24,20,2.0,2039,0.69
24,20,2.0,2040,0.69
24,20,2.0,2041,0.69
24,20,2.0,2042,0.69
24,20,2.0,2043,0.69
24,20,2.0,2044,0.69
24,20,2.0,2045,0.69
24,20,2.0,2046,0.69
24,20,2.0,2047,0.69
24,20,2.0,2048,0.69
24,20,2.0,2049,0.69
24,20,2.0,2050,0.69
24,20,3.0,2023,0.69
24,20,3.0,2024,0.69
24,20,3.0,2025,0.69
24,20,3.0,2026,0.69
24,20,3.0,2027,0.69
24,20,3.0,2028,0.69
24,20,3.0,2029,0.69
24,20,3.0,2030,0.69
24,20,3.0,2031,0.69
24,20,3.0,2032,0.69
24,20,3.0,2033,0.69
24,20,3.0,2034,0.69
24,20,3.0,2035,0.69
24,20,3.0,2036,0.69
24,20,3.0,2037,0.69
24,20,3.0,2038,0.69
24,20,3.0,2039,0.69
24,20,3.0,2040,0.69
24,20,3.0,2041,0.69
24,20,3.0,2042,0.69
24,20,3.0,2043,0.69
24,20,3.0,2044,0.69
24,20,3.0,2045,0.69
24,20,3.0,2046,0.69
24,20,3.0,2047,0.69
24,20,3.0,2048,0.69
24,20,3.0,2049,0.69
24,20,3.0,2050,0.69
24,23,1.0,2023,0.095
24,23,1.0,2024,0.095
24,23,1.0,2025,0.095
24,23,1.0,2026,0.095
24,23,1.0,2027,0.095
24,23,1.0,2028,0.095
24,23,1.0,2029,0.095
24,23,1.0,2030,0.095
24,23,1.0,2031,0.095
24,23,1.0,2032,0.095
24,23,1.0,2033,0.095
24,23,1.0,2034,0.095
24,23,1.0,2035,0.095
24,23,1.0,2036,0.095
24,23,1.0,2037,0.095
24,23,1.0,2038,0.095
24,23,1.0,2039,0.095
24,23,1.0,2040,0.095
24,23,1.0,2041,0.095
24,23,1.0,2042,0.095
24,23,1.0,2043,0.095
24,23,1.0,2044,0.095
24,23,1.0,2045,0.095
24,23,1.0,2046,0.095
24,23,1.0,2047,0.095
24,23,1.0,2048,0.095
24,23,1.0,2049,0.095
24,23,1.0,2050,0.095
24,23,2.0,2023,0.095
24,23,2.0,2024,0.095
24,23,2.0,2025,0.095
24,23,2.0,2026,0.095
24,23,2.0,2027,0.095
24,23,2.0,2028,0.095
24,23,2.0,2029,0.095
24,23,2.0,2030,0.095
24,23,2.0,2031,0.095
24,23,2.0,2032,0.095
24,23,2.0,2033,0.095
24,23,2.0,2034,0.095
24,23,2.0,2035,0.095
24,23,2.0,2036,0.095
24,23,2.0,2037,0.095
24,23,2.0,2038,0.095
24,23,2.0,2039,0.095
24,23,2.0,2040,0.095
24,23,2.0,2041,0.095
24,23,2.0,2042,0.095
24,23,2.0,2043,0.095
24,23,2.0,2044,0.095
24,23,2.0,2045,0.095
24,23,2.0,2046,0.095
24,23,2.0,2047,0.095
24,23,2.0,2048,0.095
24,23,2.0,2049,0.095
24,23,2.0,2050,0.095
24,23,3.0,2023,0.095
24,23,3.0,2024,0.095
24,23,3.0,2025,0.095
24,23,3.0,2026,0.095
24,23,3.0,2027,0.095
24,23,3.0,2028,0.095
24,23,3.0,2029,0.095
24,23,3.0,2030,0.095
24,23,3.0,2031,0.095
24,23,3.0,2032,0.095
24,23,3.0,2033,0.095
24,23,3.0,2034,0.095
24,23,3.0,2035,0.095
24,23,3.0,2036,0.095
24,23,3.0,2037,0.095
24,23,3.0,2038,0.095
24,23,3.0,2039,0.095
24,23,3.0,2040,0.095
24,23,3.0,2041,0.095
24,23,3.0,2042,0.095
24,23,3.0,2043,0.095
24,23,3.0,2044,0.095
24,23,3.0,2045,0.095
24,23,3.0,2046,0.095
24,23,3.0,2047,0.095
24,23,3.0,2048,0.095
24,23,3.0,2049,0.095
24,23,3.0,2050,0.095
24,25,1.0,2023,0.538
24,25,1.0,2024,0.538
24,25,1.0,2025,0.538
24,25,1.0,2026,0.538
24,25,1.0,2027,0.538
24,25,1.0,2028,0.538
24,25,1.0,2029,0.538
24,25,1.0,2030,0.538
24,25,1.0,2031,0.538
24,25,1.0,2032,0.538
24,25,1.0,2033,0.538
24,25,1.0,2034,0.538
24,25,1.0,2035,0.538
24,25,1.0,2036,0.538
24,25,1.0,2037,0.538
24,25,1.0,2038,0.538
24,25,1.0,2039,0.538
24,25,1.0,2040,0.538
24,25,1.0,2041,0.538
24,25,1.0,2042,0.538
24,25,1.0,2043,0.538
24,25,1.0,2044,0.538
24,25,1.0,2045,0.538
24,25,1.0,2046,0.538
24,25,1.0,2047,0.538
24,25,1.0,2048,0.538
24,25,1.0,2049,0.538
24,25,1.0,2050,0.538
24,25,2.0,2023,0.538
24,25,2.0,2024,0.538
24,25,2.0,2025,0.538
24,25,2.0,2026,0.538
24,25,2.0,2027,0.538
24,25,2.0,2028,0.538
24,25,2.0,2029,0.538
24,25,2.0,2030,0.538
24,25,2.0,2031,0.538
24,25,2.0,2032,0.538
24,25,2.0,2033,0.538
24,25,2.0,2034,0.538
24,25,2.0,2035,0.538
24,25,2.0,2036,0.538
24,25,2.0,2037,0.538
24,25,2.0,2038,0.538
24,25,2.0,2039,0.538
24,25,2.0,2040,0.538
24,25,2.0,2041,0.538
24,25,2.0,2042,0.538
24,25,2.0,2043,0.538
24,25,2.0,2044,0.538
24,25,2.0,2045,0.538
24,25,2.0,2046,0.538
24,25,2.0,2047,0.538
24,25,2.0,2048,0.538
24,25,2.0,2049,0.538
24,25,2.0,2050,0.538
24,25,3.0,2023,0.538
24,25,3.0,2024,0.538
24,25,3.0,2025,0.538
24,25,3.0,2026,0.538
24,25,3.0,2027,0.538
24,25,3.0,2028,0.538
24,25,3.0,2029,0.538
24,25,3.0,2030,0.538
24,25,3.0,2031,0.538
24,25,3.0,2032,0.538
24,25,3.0,2033,0.538
24,25,3.0,2034,0.538
24,25,3.0,2035,0.538
24,25,3.0,2036,0.538
24,25,3.0,2037,0.538
24,25,3.0,2038,0.538
24,25,3.0,2039,0.538
24,25,3.0,2040,0.538
24,25,3.0,2041,0.538
24,25,3.0,2042,0.538
24,25,3.0,2043,0.538
24,25,3.0,2044,0.538
24,25,3.0,2045,0.538
24,25,3.0,2046,0.538
24,25,3.0,2047,0.538
24,25,3.0,2048,0.538
24,25,3.0,2049,0.538
24,25,3.0,2050,0.538
25,20,1.0,2023,4.209
25,20,1.0,2024,4.209
25,20,1.0,2025,4.209
25,20,1.0,2026,4.209
25,20,1.0,2027,4.209
25,20,1.0,2028,4.209
25,20,1.0,2029,4.209
25,20,1.0,2030,4.209
25,20,1.0,2031,4.209
25,20,1.0,2032,4.209
25,20,1.0,2033,4.209
25,20,1.0,2034,4.209
25,20,1.0,2035,4.209
25,20,1.0,2036,4.209
25,20,1.0,2037,4.209
25,20,1.0,2038,4.209
25,20,1.0,2039,4.209
25,20,1.0,2040,4.209
25,20,1.0,2041,4.209
25,20,1.0,2042,4.209
25,20,1.0,2043,4.209
25,20,1.0,2044,4.209
25,20,1.0,2045,4.209
25,20,1.0,2046,4.209
25,20,1.0,2047,4.209
25,20,1.0,2048,4.209
25,20,1.0,2049,4.209
25,20,1.0,2050,4.209
25,20,2.0,2023,4.209
25,20,2.0,2024,4.209
25,20,2.0,2025,4.209
25,20,2.0,2026,4.209
25,20,2.0,2027,4.209
25,20,2.0,2028,4.209
25,20,2.0,2029,4.209
25,20,2.0,2030,4.209
25,20,2.0,2031,4.209
25,20,2.0,2032,4.209
25,20,2.0,2033,4.209
25,20,2.0,2034,4.209
25,20,2.0,2035,4.209
25,20,2.0,2036,4.209
25,20,2.0,2037,4.209
25,20,2.0,2038,4.209
25,20,2.0,2039,4.209
25,20,2.0,2040,4.209
25,20,2.0,2041,4.209
25,20,2.0,2042,4.209
25,20,2.0,2043,4.209
25,20,2.0,2044,4.209
25,20,2.0,2045,4.209
25,20,2.0,2046,4.209
25,20,2.0,2047,4.209
25,20,2.0,2048,4.209
25,20,2.0,2049,4.209
25,20,2.0,2050,4.209
25,20,3.0,2023,4.209
25,20,3.0,2024,4.209
25,20,3.0,2025,4.209
25,20,3.0,2026,4.209
25,20,3.0,2027,4.209
25,20,3.0,2028,4.209
25,20,3.0,2029,4.209
25,20,3.0,2030,4.209
25,20,3.0,2031,4.209
25,20,3.0,2032,4.209
25,20,3.0,2033,4.209
25,20,3.0,2034,4.209
25,20,3.0,2035,4.209
25,20,3.0,2036,4.209
25,20,3.0,2037,4.209
25,20,3.0,2038,4.209
25,20,3.0,2039,4.209
25,20,3.0,2040,4.209
25,20,3.0,2041,4.209
25,20,3.0,2042,4.209
25,20,3.0,2043,4.209
25,20,3.0,2044,4.209
25,20,3.0,2045,4.209
25,20,3.0,2046,4.209
25,20,3.0,2047,4.209
25,20,3.0,2048,4.209
25,20,3.0,2049,4.209
25,20,3.0,2050,4.209
25,21,1.0,2023,0.106
25,21,1.0,2024,0.106
25,21,1.0,2025,0.106
25,21,1.0,2026,0.106
25,21,1.0,2027,0.106
25,21,1.0,2028,0.106
25,21,1.0,2029,0.106
25,21,1.0,2030,0.106
25,21,1.0,2031,0.106
25,21,1.0,2032,0.106
25,21,1.0,2033,0.106
25,21,1.0,2034,0.106
25,21,1.0,2035,0.106
25,21,1.0,2036,0.106
25,21,1.0,2037,0.106
25,21,1.0,2038,0.106
25,21,1.0,2039,0.106
25,21,1.0,2040,0.106
25,21,1.0,2041,0.106
25,21,1.0,2042,0.106
25,21,1.0,2043,0.106
25,21,1.0,2044,0.106
25,21,1.0,2045,0.106
25,21,1.0,2046,0.106
25,21,1.0,2047,0.106
25,21,1.0,2048,0.106
25,21,1.0,2049,0.106
25,21,1.0,2050,0.106
25,21,2.0,2023,0.106
25,21,2.0,2024,0.106
25,21,2.0,2025,0.106
25,21,2.0,2026,0.106
25,21,2.0,2027,0.106
25,21,2.0,2028,0.106
25,21,2.0,2029,0.106
25,21,2.0,2030,0.106
25,21,2.0,2031,0.106
25,21,2.0,2032,0.106
25,21,2.0,2033,0.106
25,21,2.0,2034,0.106
25,21,2.0,2035,0.106
25,21,2.0,2036,0.106
25,21,2.0,2037,0.106
25,21,2.0,2038,0.106
25,21,2.0,2039,0.106
25,21,2.0,2040,0.106
25,21,2.0,2041,0.106
25,21,2.0,2042,0.106
25,21,2.0,2043,0.106
25,21,2.0,2044,0.106
25,21,2.0,2045,0.106
25,21,2.0,2046,0.106
25,21,2.0,2047,0.106
25,21,2.0,2048,0.106
25,21,2.0,2049,0.106
25,21,2.0,2050,0.106
25,21,3.0,2023,0.106
25,21,3.0,2024,0.106
25,21,3.0,2025,0.106
25,21,3.0,2026,0.106
25,21,3.0,2027,0.106
25,21,3.0,2028,0.106
25,21,3.0,2029,0.106
25,21,3.0,2030,0.106
25,21,3.0,2031,0.106
25,21,3.0,2032,0.106
25,21,3.0,2033,0.106
25,21,3.0,2034,0.106
25,21,3.0,2035,0.106
25,21,3.0,2036,0.106
25,21,3.0,2037,0.106
25,21,3.0,2038,0.106
25,21,3.0,2039,0.106
25,21,3.0,2040,0.106
25,21,3.0,2041,0.106
25,21,3.0,2042,0.106
25,21,3.0,2043,0.106
25,21,3.0,2044,0.106
25,21,3.0,2045,0.106
25,21,3.0,2046,0.106
25,21,3.0,2047,0.106
25,21,3.0,2048,0.106
25,21,3.0,2049,0.106
25,21,3.0,2050,0.106
25,22,1.0,2023,2.291
25,22,1.0,2024,2.291
25,22,1.0,2025,2.291
25,22,1.0,2026,2.291
25,22,1.0,2027,2.291
25,22,1.0,2028,2.291
25,22,1.0,2029,2.291
25,22,1.0,2030,2.291
25,22,1.0,2031,2.291
25,22,1.0,2032,2.291
25,22,1.0,2033,2.291
25,22,1.0,2034,2.291
25,22,1.0,2035,2.291
25,22,1.0,2036,2.291
25,22,1.0,2037,2.291
25,22,1.0,2038,2.291
25,22,1.0,2039,2.291
25,22,1.0,2040,2.291
25,22,1.0,2041,2.291
25,22,1.0,2042,2.291
25,22,1.0,2043,2.291
25,22,1.0,2044,2.291
25,22,1.0,2045,2.291
25,22,1.0,2046,2.291
25,22,1.0,2047,2.291
25,22,1.0,2048,2.291
25,22,1.0,2049,2.291
25,22,1.0,2050,2.291
25,22,2.0,2023,2.291
25,22,2.0,2024,2.291
25,22,2.0,2025,2.291
25,22,2.0,2026,2.291
25,22,2.0,2027,2.291
25,22,2.0,2028,2.291
25,22,2.0,2029,2.291
25,22,2.0,2030,2.291
25,22,2.0,2031,2.291
25,22,2.0,2032,2.291
25,22,2.0,2033,2.291
25,22,2.0,2034,2.291
25,22,2.0,2035,2.291
25,22,2.0,2036,2.291
25,22,2.0,2037,2.291
25,22,2.0,2038,2.291
25,22,2.0,2039,2.291
25,22,2.0,2040,2.291
25,22,2.0,2041,2.291
25,22,2.0,2042,2.291
25,22,2.0,2043,2.291
25,22,2.0,2044,2.291
25,22,2.0,2045,2.291
25,22,2.0,2046,2.291
25,22,2.0,2047,2.291
25,22,2.0,2048,2.291
25,22,2.0,2049,2.291
25,22,2.0,2050,2.291
25,22,3.0,2023,2.291
25,22,3.0,2024,2.291
25,22,3.0,2025,2.291
25,22,3.0,2026,2.291
25,22,3.0,2027,2.291
25,22,3.0,2028,2.291
25,22,3.0,2029,2.291
25,22,3.0,2030,2.291
25,22,3.0,2031,2.291
25,22,3.0,2032,2.291
25,22,3.0,2033,2.291
25,22,3.0,2034,2.291
25,22,3.0,2035,2.291
25,22,3.0,2036,2.291
25,22,3.0,2037,2.291
25,22,3.0,2038,2.291
25,22,3.0,2039,2.291
25,22,3.0,2040,2.291
25,22,3.0,2041,2.291
25,22,3.0,2042,2.291
25,22,3.0,2043,2.291
25,22,3.0,2044,2.291
25,22,3.0,2045,2.291
25,22,3.0,2046,2.291
25,22,3.0,2047,2.291
25,22,3.0,2048,2.291
25,22,3.0,2049,2.291
25,22,3.0,2050,2.291
25,23,1.0,2023,3.628
25,23,1.0,2024,3.628
25,23,1.0,2025,3.628
25,23,1.0,2026,3.628
25,23,1.0,2027,3.628
25,23,1.0,2028,3.628
25,23,1.0,2029,3.628
25,23,1.0,2030,3.628
25,23,1.0,2031,3.628
25,23,1.0,2032,3.628
25,23,1.0,2033,3.628
25,23,1.0,2034,3.628
25,23,1.0,2035,3.628
25,23,1.0,2036,3.628
25,23,1.0,2037,3.628
25,23,1.0,2038,3.628
25,23,1.0,2039,3.628
25,23,1.0,2040,3.628
25,23,1.0,2041,3.628
25,23,1.0,2042,3.628
25,23,1.0,2043,3.628
25,23,1.0,2044,3.628
25,23,1.0,2045,3.628
25,23,1.0,2046,3.628
25,23,1.0,2047,3.628
25,23,1.0,2048,3.628
25,23,1.0,2049,3.628
25,23,1.0,2050,3.628
25,23,2.0,2023,3.628
25,23,2.0,2024,3.628
25,23,2.0,2025,3.628
25,23,2.0,2026,3.628
25,23,2.0,2027,3.628
25,23,2.0,2028,3.628
25,23,2.0,2029,3.628
25,23,2.0,2030,3.628
25,23,2.0,2031,3.628
25,23,2.0,2032,3.628
25,23,2.0,2033,3.628
25,23,2.0,2034,3.628
25,23,2.0,2035,3.628
25,23,2.0,2036,3.628
25,23,2.0,2037,3.628
25,23,2.0,2038,3.628
25,23,2.0,2039,3.628
25,23,2.0,2040,3.628
25,23,2.0,2041,3.628
25,23,2.0,2042,3.628
25,23,2.0,2043,3.628
25,23,2.0,2044,3.628
25,23,2.0,2045,3.628
25,23,2.0,2046,3.628
25,23,2.0,2047,3.628
25,23,2.0,2048,3.628
25,23,2.0,2049,3.628
25,23,2.0,2050,3.628
25,23,3.0,2023,3.628
25,23,3.0,2024,3.628
25,23,3.0,2025,3.628
25,23,3.0,2026,3.628
25,23,3.0,2027,3.628
25,23,3.0,2028,3.628
25,23,3.0,2029,3.628
25,23,3.0,2030,3.628
25,23,3.0,2031,3.628
25,23,3.0,2032,3.628
25,23,3.0,2033,3.628
25,23,3.0,2034,3.628
25,23,3.0,2035,3.628
25,23,3.0,2036,3.628
25,23,3.0,2037,3.628
25,23,3.0,2038,3.628
25,23,3.0,2039,3.628
25,23,3.0,2040,3.628
25,23,3.0,2041,3.628
25,23,3.0,2042,3.628
25,23,3.0,2043,3.628
25,23,3.0,2044,3.628
25,23,3.0,2045,3.628
25,23,3.0,2046,3.628
25,23,3.0,2047,3.628
25,23,3.0,2048,3.628
25,23,3.0,2049,3.628
25,23,3.0,2050,3.628
25,24,1.0,2023,0.164
25,24,1.0,2024,0.164
25,24,1.0,2025,0.164
25,24,1.0,2026,0.164
25,24,1.0,2027,0.164
25,24,1.0,2028,0.164
25,24,1.0,2029,0.164
25,24,1.0,2030,0.164
25,24,1.0,2031,0.164
25,24,1.0,2032,0.164
25,24,1.0,2033,0.164
25,24,1.0,2034,0.164
25,24,1.0,2035,0.164
25,24,1.0,2036,0.164
25,24,1.0,2037,0.164
25,24,1.0,2038,0.164
25,24,1.0,2039,0.164
25,24,1.0,2040,0.164
25,24,1.0,2041,0.164
25,24,1.0,2042,0.164
25,24,1.0,2043,0.164
25,24,1.0,2044,0.164
25,24,1.0,2045,0.164
25,24,1.0,2046,0.164
25,24,1.0,2047,0.164
25,24,1.0,2048,0.164
25,24,1.0,2049,0.164
25,24,1.0,2050,0.164
25,24,2.0,2023,0.164
25,24,2.0,2024,0.164
25,24,2.0,2025,0.164
25,24,2.0,2026,0.164
25,24,2.0,2027,0.164
25,24,2.0,2028,0.164
25,24,2.0,2029,0.164
25,24,2.0,2030,0.164
25,24,2.0,2031,0.164
25,24,2.0,2032,0.164
25,24,2.0,2033,0.164
25,24,2.0,2034,0.164
25,24,2.0,2035,0.164
25,24,2.0,2036,0.164
25,24,2.0,2037,0.164
25,24,2.0,2038,0.164
25,24,2.0,2039,0.164
25,24,2.0,2040,0.164
25,24,2.0,2041,0.164
25,24,2.0,2042,0.164
25,24,2.0,2043,0.164
25,24,2.0,2044,0.164
25,24,2.0,2045,0.164
25,24,2.0,2046,0.164
25,24,2.0,2047,0.164
25,24,2.0,2048,0.164
25,24,2.0,2049,0.164
25,24,2.0,2050,0.164
25,24,3.0,2023,0.164
25,24,3.0,2024,0.164
25,24,3.0,2025,0.164
25,24,3.0,2026,0.164
25,24,3.0,2027,0.164
25,24,3.0,2028,0.164
25,24,3.0,2029,0.164
25,24,3.0,2030,0.164
25,24,3.0,2031,0.164
25,24,3.0,2032,0.164
25,24,3.0,2033,0.164
25,24,3.0,2034,0.164
25,24,3.0,2035,0.164
25,24,3.0,2036,0.164
25,24,3.0,2037,0.164
25,24,3.0,2038,0.164
25,24,3.0,2039,0.164
25,24,3.0,2040,0.164
25,24,3.0,2041,0.164
25,24,3.0,2042,0.164
25,24,3.0,2043,0.164
25,24,3.0,2044,0.164
25,24,3.0,2045,0.164
25,24,3.0,2046,0.164
25,24,3.0,2047,0.164
25,24,3.0,2048,0.164
25,24,3.0,2049,0.164
25,24,3.0,2050,0.164
1,17,4.0,2023,0.82
1,17,4.0,2024,0.82
1,17,4.0,2025,0.82
1,17,4.0,2026,0.82
1,17,4.0,2027,0.82
1,17,4.0,2028,0.82
1,17,4.0,2029,0.82
1,17,4.0,2030,0.82
1,17,4.0,2031,0.82
1,17,4.0,2032,0.82
1,17,4.0,2033,0.82
1,17,4.0,2034,0.82
1,17,4.0,2035,0.82
1,17,4.0,2036,0.82
1,17,4.0,2037,0.82
1,17,4.0,2038,0.82
1,17,4.0,2039,0.82
1,17,4.0,2040,0.82
1,17,4.0,2041,0.82
1,17,4.0,2042,0.82
1,17,4.0,2043,0.82
1,17,4.0,2044,0.82
1,17,4.0,2045,0.82
1,17,4.0,2046,0.82
1,17,4.0,2047,0.82
1,17,4.0,2048,0.82
1,17,4.0,2049,0.82
1,17,4.0,2050,0.82
2,15,4.0,2023,3.6
2,15,4.0,2024,3.6
2,15,4.0,2025,3.6
2,15,4.0,2026,3.6
2,15,4.0,2027,3.6
2,15,4.0,2028,3.6
2,15,4.0,2029,3.6
2,15,4.0,2030,3.6
2,15,4.0,2031,3.6
2,15,4.0,2032,3.6
2,15,4.0,2033,3.6
2,15,4.0,2034,3.6
2,15,4.0,2035,3.6
2,15,4.0,2036,3.6
2,15,4.0,2037,3.6
2,15,4.0,2038,3.6
2,15,4.0,2039,3.6
2,15,4.0,2040,3.6
2,15,4.0,2041,3.6
2,15,4.0,2042,3.6
2,15,4.0,2043,3.6
2,15,4.0,2044,3.6
2,15,4.0,2045,3.6
2,15,4.0,2046,3.6
2,15,4.0,2047,3.6
2,15,4.0,2048,3.6
2,15,4.0,2049,3.6
2,15,4.0,2050,3.6
3,4,4.0,2023,0.888
3,4,4.0,2024,0.888
3,4,4.0,2025,0.888
3,4,4.0,2026,0.888
3,4,4.0,2027,0.888
3,4,4.0,2028,0.888
3,4,4.0,2029,0.888
3,4,4.0,2030,0.888
3,4,4.0,2031,0.888
3,4,4.0,2032,0.888
3,4,4.0,2033,0.888
3,4,4.0,2034,0.888
3,4,4.0,2035,0.888
3,4,4.0,2036,0.888
3,4,4.0,2037,0.888
3,4,4.0,2038,0.888
3,4,4.0,2039,0.888
3,4,4.0,2040,0.888
3,4,4.0,2041,0.888
3,4,4.0,2042,0.888
3,4,4.0,2043,0.888
3,4,4.0,2044,0.888
3,4,4.0,2045,0.888
3,4,4.0,2046,0.888
3,4,4.0,2047,0.888
3,4,4.0,2048,0.888
3,4,4.0,2049,0.888
3,4,4.0,2050,0.888
3,12,4.0,2023,1.996
3,12,4.0,2024,1.996
3,12,4.0,2025,1.996
3,12,4.0,2026,1.996
3,12,4.0,2027,1.996
3,12,4.0,2028,1.996
3,12,4.0,2029,1.996
3,12,4.0,2030,1.996
3,12,4.0,2031,1.996
3,12,4.0,2032,1.996
3,12,4.0,2033,1.996
3,12,4.0,2034,1.996
3,12,4.0,2035,1.996
3,12,4.0,2036,1.996
3,12,4.0,2037,1.996
3,12,4.0,2038,1.996
3,12,4.0,2039,1.996
3,12,4.0,2040,1.996
3,12,4.0,2041,1.996
3,12,4.0,2042,1.996
3,12,4.0,2043,1.996
3,12,4.0,2044,1.996
3,12,4.0,2045,1.996
3,12,4.0,2046,1.996
3,12,4.0,2047,1.996
3,12,4.0,2048,1.996
3,12,4.0,2049,1.996
3,12,4.0,2050,1.996
3,18,4.0,2023,0.429
3,18,4.0,2024,0.429
3,18,4.0,2025,0.429
3,18,4.0,2026,0.429
3,18,4.0,2027,0.429
3,18,4.0,2028,0.429
3,18,4.0,2029,0.429
3,18,4.0,2030,0.429
3,18,4.0,2031,0.429
3,18,4.0,2032,0.429
3,18,4.0,2033,0.429
3,18,4.0,2034,0.429
3,18,4.0,2035,0.429
3,18,4.0,2036,0.429
3,18,4.0,2037,0.429
3,18,4.0,2038,0.429
3,18,4.0,2039,0.429
3,18,4.0,2040,0.429
3,18,4.0,2041,0.429
3,18,4.0,2042,0.429
3,18,4.0,2043,0.429
3,18,4.0,2044,0.429
3,18,4.0,2045,0.429
3,18,4.0,2046,0.429
3,18,4.0,2047,0.429
3,18,4.0,2048,0.429
3,18,4.0,2049,0.429
3,18,4.0,2050,0.429
3,19,4.0,2023,9.521
3,19,4.0,2024,9.521
3,19,4.0,2025,9.521
3,19,4.0,2026,9.521
3,19,4.0,2027,9.521
3,19,4.0,2028,9.521
3,19,4.0,2029,9.521
3,19,4.0,2030,9.521
3,19,4.0,2031,9.521
3,19,4.0,2032,9.521
3,19,4.0,2033,9.521
3,19,4.0,2034,9.521
3,19,4.0,2035,9.521
3,19,4.0,2036,9.521
3,19,4.0,2037,9.521
3,19,4.0,2038,9.521
3,19,4.0,2039,9.521
3,19,4.0,2040,9.521
3,19,4.0,2041,9.521
3,19,4.0,2042,9.521
3,19,4.0,2043,9.521
3,19,4.0,2044,9.521
3,19,4.0,2045,9.521
3,19,4.0,2046,9.521
3,19,4.0,2047,9.521
3,19,4.0,2048,9.521
3,19,4.0,2049,9.521
3,19,4.0,2050,9.521
4,3,4.0,2023,0.888
4,3,4.0,2024,0.888
4,3,4.0,2025,0.888
4,3,4.0,2026,0.888
4,3,4.0,2027,0.888
4,3,4.0,2028,0.888
4,3,4.0,2029,0.888
4,3,4.0,2030,0.888
4,3,4.0,2031,0.888
4,3,4.0,2032,0.888
4,3,4.0,2033,0.888
4,3,4.0,2034,0.888
4,3,4.0,2035,0.888
4,3,4.0,2036,0.888
4,3,4.0,2037,0.888
4,3,4.0,2038,0.888
4,3,4.0,2039,0.888
4,3,4.0,2040,0.888
4,3,4.0,2041,0.888
4,3,4.0,2042,0.888
4,3,4.0,2043,0.888
4,3,4.0,2044,0.888
4,3,4.0,2045,0.888
4,3,4.0,2046,0.888
4,3,4.0,2047,0.888
4,3,4.0,2048,0.888
4,3,4.0,2049,0.888
4,3,4.0,2050,0.888
4,5,4.0,2023,0.378
4,5,4.0,2024,0.378
4,5,4.0,2025,0.378
4,5,4.0,2026,0.378
4,5,4.0,2027,0.378
4,5,4.0,2028,0.378
4,5,4.0,2029,0.378
4,5,4.0,2030,0.378
4,5,4.0,2031,0.378
4,5,4.0,2032,0.378
4,5,4.0,2033,0.378
4,5,4.0,2034,0.378
4,5,4.0,2035,0.378
4,5,4.0,2036,0.378
4,5,4.0,2037,0.378
4,5,4.0,2038,0.378
4,5,4.0,2039,0.378
4,5,4.0,2040,0.378
4,5,4.0,2041,0.378
4,5,4.0,2042,0.378
4,5,4.0,2043,0.378
4,5,4.0,2044,0.378
4,5,4.0,2045,0.378
4,5,4.0,2046,0.378
4,5,4.0,2047,0.378
4,5,4.0,2048,0.378
4,5,4.0,2049,0.378
4,5,4.0,2050,0.378
4,11,4.0,2023,10.262
4,11,4.0,2024,10.262
4,11,4.0,2025,10.262
4,11,4.0,2026,10.262
4,11,4.0,2027,10.262
4,11,4.0,2028,10.262
4,11,4.0,2029,10.262
4,11,4.0,2030,10.262
4,11,4.0,2031,10.262
4,11,4.0,2032,10.262
4,11,4.0,2033,10.262
4,11,4.0,2034,10.262
4,11,4.0,2035,10.262
4,11,4.0,2036,10.262
4,11,4.0,2037,10.262
4,11,4.0,2038,10.262
4,11,4.0,2039,10.262
4,11,4.0,2040,10.262
4,11,4.0,2041,10.262
4,11,4.0,2042,10.262
4,11,4.0,2043,10.262
4,11,4.0,2044,10.262
4,11,4.0,2045,10.262
4,11,4.0,2046,10.262
4,11,4.0,2047,10.262
4,11,4.0,2048,10.262
4,11,4.0,2049,10.262
4,11,4.0,2050,10.262
4,12,4.0,2023,8.746
4,12,4.0,2024,8.746
4,12,4.0,2025,8.746
4,12,4.0,2026,8.746
4,12,4.0,2027,8.746
4,12,4.0,2028,8.746
4,12,4.0,2029,8.746
4,12,4.0,2030,8.746
4,12,4.0,2031,8.746
4,12,4.0,2032,8.746
4,12,4.0,2033,8.746
4,12,4.0,2034,8.746
4,12,4.0,2035,8.746
4,12,4.0,2036,8.746
4,12,4.0,2037,8.746
4,12,4.0,2038,8.746
4,12,4.0,2039,8.746
4,12,4.0,2040,8.746
4,12,4.0,2041,8.746
4,12,4.0,2042,8.746
4,12,4.0,2043,8.746
4,12,4.0,2044,8.746
4,12,4.0,2045,8.746
4,12,4.0,2046,8.746
4,12,4.0,2047,8.746
4,12,4.0,2048,8.746
4,12,4.0,2049,8.746
4,12,4.0,2050,8.746
4,16,4.0,2023,8.367
4,16,4.0,2024,8.367
4,16,4.0,2025,8.367
4,16,4.0,2026,8.367
4,16,4.0,2027,8.367
4,16,4.0,2028,8.367
4,16,4.0,2029,8.367
4,16,4.0,2030,8.367
4,16,4.0,2031,8.367
4,16,4.0,2032,8.367
4,16,4.0,2033,8.367
4,16,4.0,2034,8.367
4,16,4.0,2035,8.367
4,16,4.0,2036,8.367
4,16,4.0,2037,8.367
4,16,4.0,2038,8.367
4,16,4.0,2039,8.367
4,16,4.0,2040,8.367
4,16,4.0,2041,8.367
4,16,4.0,2042,8.367
4,16,4.0,2043,8.367
4,16,4.0,2044,8.367
4,16,4.0,2045,8.367
4,16,4.0,2046,8.367
4,16,4.0,2047,8.367
4,16,4.0,2048,8.367
4,16,4.0,2049,8.367
4,16,4.0,2050,8.367
4,17,4.0,2023,3.0
4,17,4.0,2024,3.0
4,17,4.0,2025,3.0
4,17,4.0,2026,3.0
4,17,4.0,2027,3.0
4,17,4.0,2028,3.0
4,17,4.0,2029,3.0
4,17,4.0,2030,3.0
4,17,4.0,2031,3.0
4,17,4.0,2032,3.0
4,17,4.0,2033,3.0
4,17,4.0,2034,3.0
4,17,4.0,2035,3.0
4,17,4.0,2036,3.0
4,17,4.0,2037,3.0
4,17,4.0,2038,3.0
4,17,4.0,2039,3.0
4,17,4.0,2040,3.0
4,17,4.0,2041,3.0
4,17,4.0,2042,3.0
4,17,4.0,2043,3.0
4,17,4.0,2044,3.0
4,17,4.0,2045,3.0
4,17,4.0,2046,3.0
4,17,4.0,2047,3.0
4,17,4.0,2048,3.0
4,17,4.0,2049,3.0
4,17,4.0,2050,3.0
4,18,4.0,2023,1.138
4,18,4.0,2024,1.138
4,18,4.0,2025,1.138
4,18,4.0,2026,1.138
4,18,4.0,2027,1.138
4,18,4.0,2028,1.138
4,18,4.0,2029,1.138
4,18,4.0,2030,1.138
4,18,4.0,2031,1.138
4,18,4.0,2032,1.138
4,18,4.0,2033,1.138
4,18,4.0,2034,1.138
4,18,4.0,2035,1.138
4,18,4.0,2036,1.138
4,18,4.0,2037,1.138
4,18,4.0,2038,1.138
4,18,4.0,2039,1.138
4,18,4.0,2040,1.138
4,18,4.0,2041,1.138
4,18,4.0,2042,1.138
4,18,4.0,2043,1.138
4,18,4.0,2044,1.138
4,18,4.0,2045,1.138
4,18,4.0,2046,1.138
4,18,4.0,2047,1.138
4,18,4.0,2048,1.138
4,18,4.0,2049,1.138
4,18,4.0,2050,1.138
5,4,4.0,2023,0.378
5,4,4.0,2024,0.378
5,4,4.0,2025,0.378
5,4,4.0,2026,0.378
5,4,4.0,2027,0.378
5,4,4.0,2028,0.378
5,4,4.0,2029,0.378
5,4,4.0,2030,0.378
5,4,4.0,2031,0.378
5,4,4.0,2032,0.378
5,4,4.0,2033,0.378
5,4,4.0,2034,0.378
5,4,4.0,2035,0.378
5,4,4.0,2036,0.378
5,4,4.0,2037,0.378
5,4,4.0,2038,0.378
5,4,4.0,2039,0.378
5,4,4.0,2040,0.378
5,4,4.0,2041,0.378
5,4,4.0,2042,0.378
5,4,4.0,2043,0.378
5,4,4.0,2044,0.378
5,4,4.0,2045,0.378
5,4,4.0,2046,0.378
5,4,4.0,2047,0.378
5,4,4.0,2048,0.378
5,4,4.0,2049,0.378
5,4,4.0,2050,0.378
5,11,4.0,2023,1.526
5,11,4.0,2024,1.526
5,11,4.0,2025,1.526
5,11,4.0,2026,1.526
5,11,4.0,2027,1.526
5,11,4.0,2028,1.526
5,11,4.0,2029,1.526
5,11,4.0,2030,1.526
5,11,4.0,2031,1.526
5,11,4.0,2032,1.526
5,11,4.0,2033,1.526
5,11,4.0,2034,1.526
5,11,4.0,2035,1.526
5,11,4.0,2036,1.526
5,11,4.0,2037,1.526
5,11,4.0,2038,1.526
5,11,4.0,2039,1.526
5,11,4.0,2040,1.526
5,11,4.0,2041,1.526
5,11,4.0,2042,1.526
5,11,4.0,2043,1.526
5,11,4.0,2044,1.526
5,11,4.0,2045,1.526
5,11,4.0,2046,1.526
5,11,4.0,2047,1.526
5,11,4.0,2048,1.526
5,11,4.0,2049,1.526
5,11,4.0,2050,1.526
6,15,4.0,2023,3.0
6,15,4.0,2024,3.0
6,15,4.0,2025,3.0
6,15,4.0,2026,3.0
6,15,4.0,2027,3.0
6,15,4.0,2028,3.0
6,15,4.0,2029,3.0
6,15,4.0,2030,3.0
6,15,4.0,2031,3.0
6,15,4.0,2032,3.0
6,15,4.0,2033,3.0
6,15,4.0,2034,3.0
6,15,4.0,2035,3.0
6,15,4.0,2036,3.0
6,15,4.0,2037,3.0
6,15,4.0,2038,3.0
6,15,4.0,2039,3.0
6,15,4.0,2040,3.0
6,15,4.0,2041,3.0
6,15,4.0,2042,3.0
6,15,4.0,2043,3.0
6,15,4.0,2044,3.0
6,15,4.0,2045,3.0
6,15,4.0,2046,3.0
6,15,4.0,2047,3.0
6,15,4.0,2048,3.0
6,15,4.0,2049,3.0
6,15,4.0,2050,3.0
6,16,4.0,2023,2.919
6,16,4.0,2024,2.919
6,16,4.0,2025,2.919
6,16,4.0,2026,2.919
6,16,4.0,2027,2.919
6,16,4.0,2028,2.919
6,16,4.0,2029,2.919
6,16,4.0,2030,2.919
6,16,4.0,2031,2.919
6,16,4.0,2032,2.919
6,16,4.0,2033,2.919
6,16,4.0,2034,2.919
6,16,4.0,2035,2.919
6,16,4.0,2036,2.919
6,16,4.0,2037,2.919
6,16,4.0,2038,2.919
6,16,4.0,2039,2.919
6,16,4.0,2040,2.919
6,16,4.0,2041,2.919
6,16,4.0,2042,2.919
6,16,4.0,2043,2.919
6,16,4.0,2044,2.919
6,16,4.0,2045,2.919
6,16,4.0,2046,2.919
6,16,4.0,2047,2.919
6,16,4.0,2048,2.919
6,16,4.0,2049,2.919
6,16,4.0,2050,2.919
6,17,4.0,2023,1.736
6,17,4.0,2024,1.736
6,17,4.0,2025,1.736
6,17,4.0,2026,1.736
6,17,4.0,2027,1.736
6,17,4.0,2028,1.736
6,17,4.0,2029,1.736
6,17,4.0,2030,1.736
6,17,4.0,2031,1.736
6,17,4.0,2032,1.736
6,17,4.0,2033,1.736
6,17,4.0,2034,1.736
6,17,4.0,2035,1.736
6,17,4.0,2036,1.736
6,17,4.0,2037,1.736
6,17,4.0,2038,1.736
6,17,4.0,2039,1.736
6,17,4.0,2040,1.736
6,17,4.0,2041,1.736
6,17,4.0,2042,1.736
6,17,4.0,2043,1.736
6,17,4.0,2044,1.736
6,17,4.0,2045,1.736
6,17,4.0,2046,1.736
6,17,4.0,2047,1.736
6,17,4.0,2048,1.736
6,17,4.0,2049,1.736
6,17,4.0,2050,1.736
6,18,4.0,2023,0.49
6,18,4.0,2024,0.49
6,18,4.0,2025,0.49
6,18,4.0,2026,0.49
6,18,4.0,2027,0.49
6,18,4.0,2028,0.49
6,18,4.0,2029,0.49
6,18,4.0,2030,0.49
6,18,4.0,2031,0.49
6,18,4.0,2032,0.49
6,18,4.0,2033,0.49
6,18,4.0,2034,0.49
6,18,4.0,2035,0.49
6,18,4.0,2036,0.49
6,18,4.0,2037,0.49
6,18,4.0,2038,0.49
6,18,4.0,2039,0.49
6,18,4.0,2040,0.49
6,18,4.0,2041,0.49
6,18,4.0,2042,0.49
6,18,4.0,2043,0.49
6,18,4.0,2044,0.49
6,18,4.0,2045,0.49
6,18,4.0,2046,0.49
6,18,4.0,2047,0.49
6,18,4.0,2048,0.49
6,18,4.0,2049,0.49
6,18,4.0,2050,0.49
7,8,4.0,2023,0.634
7,8,4.0,2024,0.634
7,8,4.0,2025,0.634
7,8,4.0,2026,0.634
7,8,4.0,2027,0.634
7,8,4.0,2028,0.634
7,8,4.0,2029,0.634
7,8,4.0,2030,0.634
7,8,4.0,2031,0.634
7,8,4.0,2032,0.634
7,8,4.0,2033,0.634
7,8,4.0,2034,0.634
7,8,4.0,2035,0.634
7,8,4.0,2036,0.634
7,8,4.0,2037,0.634
7,8,4.0,2038,0.634
7,8,4.0,2039,0.634
7,8,4.0,2040,0.634
7,8,4.0,2041,0.634
7,8,4.0,2042,0.634
7,8,4.0,2043,0.634
7,8,4.0,2044,0.634
7,8,4.0,2045,0.634
7,8,4.0,2046,0.634
7,8,4.0,2047,0.634
7,8,4.0,2048,0.634
7,8,4.0,2049,0.634
7,8,4.0,2050,0.634
7,9,4.0,2023,1.4
7,9,4.0,2024,1.4
7,9,4.0,2025,1.4
7,9,4.0,2026,1.4
7,9,4.0,2027,1.4
7,9,4.0,2028,1.4
7,9,4.0,2029,1.4
7,9,4.0,2030,1.4
7,9,4.0,2031,1.4
7,9,4.0,2032,1.4
7,9,4.0,2033,1.4
7,9,4.0,2034,1.4
7,9,4.0,2035,1.4
7,9,4.0,2036,1.4
7,9,4.0,2037,1.4
7,9,4.0,2038,1.4
7,9,4.0,2039,1.4
7,9,4.0,2040,1.4
7,9,4.0,2041,1.4
7,9,4.0,2042,1.4
7,9,4.0,2043,1.4
7,9,4.0,2044,1.4
7,9,4.0,2045,1.4
7,9,4.0,2046,1.4
7,9,4.0,2047,1.4
7,9,4.0,2048,1.4
7,9,4.0,2049,1.4
7,9,4.0,2050,1.4
8,7,4.0,2023,0.634
8,7,4.0,2024,0.634
8,7,4.0,2025,0.634
8,7,4.0,2026,0.634
8,7,4.0,2027,0.634
8,7,4.0,2028,0.634
8,7,4.0,2029,0.634
8,7,4.0,2030,0.634
8,7,4.0,2031,0.634
8,7,4.0,2032,0.634
8,7,4.0,2033,0.634
8,7,4.0,2034,0.634
8,7,4.0,2035,0.634
8,7,4.0,2036,0.634
8,7,4.0,2037,0.634
8,7,4.0,2038,0.634
8,7,4.0,2039,0.634
8,7,4.0,2040,0.634
8,7,4.0,2041,0.634
8,7,4.0,2042,0.634
8,7,4.0,2043,0.634
8,7,4.0,2044,0.634
8,7,4.0,2045,0.634
8,7,4.0,2046,0.634
8,7,4.0,2047,0.634
8,7,4.0,2048,0.634
8,7,4.0,2049,0.634
8,7,4.0,2050,0.634
8,9,4.0,2023,5.7
8,9,4.0,2024,5.7
8,9,4.0,2025,5.7
8,9,4.0,2026,5.7
8,9,4.0,2027,5.7
8,9,4.0,2028,5.7
8,9,4.0,2029,5.7
8,9,4.0,2030,5.7
8,9,4.0,2031,5.7
8,9,4.0,2032,5.7
8,9,4.0,2033,5.7
8,9,4.0,2034,5.7
8,9,4.0,2035,5.7
8,9,4.0,2036,5.7
8,9,4.0,2037,5.7
8,9,4.0,2038,5.7
8,9,4.0,2039,5.7
8,9,4.0,2040,5.7
8,9,4.0,2041,5.7
8,9,4.0,2042,5.7
8,9,4.0,2043,5.7
8,9,4.0,2044,5.7
8,9,4.0,2045,5.7
8,9,4.0,2046,5.7
8,9,4.0,2047,5.7
8,9,4.0,2048,5.7
8,9,4.0,2049,5.7
8,9,4.0,2050,5.7
8,10,4.0,2023,1.64
8,10,4.0,2024,1.64
8,10,4.0,2025,1.64
8,10,4.0,2026,1.64
8,10,4.0,2027,1.64
8,10,4.0,2028,1.64
8,10,4.0,2029,1.64
8,10,4.0,2030,1.64
8,10,4.0,2031,1.64
8,10,4.0,2032,1.64
8,10,4.0,2033,1.64
8,10,4.0,2034,1.64
8,10,4.0,2035,1.64
8,10,4.0,2036,1.64
8,10,4.0,2037,1.64
8,10,4.0,2038,1.64
8,10,4.0,2039,1.64
8,10,4.0,2040,1.64
8,10,4.0,2041,1.64
8,10,4.0,2042,1.64
8,10,4.0,2043,1.64
8,10,4.0,2044,1.64
8,10,4.0,2045,1.64
8,10,4.0,2046,1.64
8,10,4.0,2047,1.64
8,10,4.0,2048,1.64
8,10,4.0,2049,1.64
8,10,4.0,2050,1.64
9,7,4.0,2023,1.4
9,7,4.0,2024,1.4
9,7,4.0,2025,1.4
9,7,4.0,2026,1.4
9,7,4.0,2027,1.4
9,7,4.0,2028,1.4
9,7,4.0,2029,1.4
9,7,4.0,2030,1.4
9,7,4.0,2031,1.4
9,7,4.0,2032,1.4
9,7,4.0,2033,1.4
9,7,4.0,2034,1.4
9,7,4.0,2035,1.4
9,7,4.0,2036,1.4
9,7,4.0,2037,1.4
9,7,4.0,2038,1.4
9,7,4.0,2039,1.4
9,7,4.0,2040,1.4
9,7,4.0,2041,1.4
9,7,4.0,2042,1.4
9,7,4.0,2043,1.4
9,7,4.0,2044,1.4
9,7,4.0,2045,1.4
9,7,4.0,2046,1.4
9,7,4.0,2047,1.4
9,7,4.0,2048,1.4
9,7,4.0,2049,1.4
9,7,4.0,2050,1.4
9,8,4.0,2023,4.0
9,8,4.0,2024,4.0
9,8,4.0,2025,4.0
9,8,4.0,2026,4.0
9,8,4.0,2027,4.0
9,8,4.0,2028,4.0
9,8,4.0,2029,4.0
9,8,4.0,2030,4.0
9,8,4.0,2031,4.0
9,8,4.0,2032,4.0
9,8,4.0,2033,4.0
9,8,4.0,2034,4.0
9,8,4.0,2035,4.0
9,8,4.0,2036,4.0
9,8,4.0,2037,4.0
9,8,4.0,2038,4.0
9,8,4.0,2039,4.0
9,8,4.0,2040,4.0
9,8,4.0,2041,4.0
9,8,4.0,2042,4.0
9,8,4.0,2043,4.0
9,8,4.0,2044,4.0
9,8,4.0,2045,4.0
9,8,4.0,2046,4.0
9,8,4.0,2047,4.0
9,8,4.0,2048,4.0
9,8,4.0,2049,4.0
9,8,4.0,2050,4.0
9,10,4.0,2023,2.0
9,10,4.0,2024,2.0
9,10,4.0,2025,2.0
9,10,4.0,2026,2.0
9,10,4.0,2027,2.0
9,10,4.0,2028,2.0
9,10,4.0,2029,2.0
9,10,4.0,2030,2.0
9,10,4.0,2031,2.0
9,10,4.0,2032,2.0
9,10,4.0,2033,2.0
9,10,4.0,2034,2.0
9,10,4.0,2035,2.0
9,10,4.0,2036,2.0
9,10,4.0,2037,2.0
9,10,4.0,2038,2.0
9,10,4.0,2039,2.0
9,10,4.0,2040,2.0
9,10,4.0,2041,2.0
9,10,4.0,2042,2.0
9,10,4.0,2043,2.0
9,10,4.0,2044,2.0
9,10,4.0,2045,2.0
9,10,4.0,2046,2.0
9,10,4.0,2047,2.0
9,10,4.0,2048,2.0
9,10,4.0,2049,2.0
9,10,4.0,2050,2.0
10,8,4.0,2023,0.34
10,8,4.0,2024,0.34
10,8,4.0,2025,0.34
10,8,4.0,2026,0.34
10,8,4.0,2027,0.34
10,8,4.0,2028,0.34
10,8,4.0,2029,0.34
10,8,4.0,2030,0.34
10,8,4.0,2031,0.34
10,8,4.0,2032,0.34
10,8,4.0,2033,0.34
10,8,4.0,2034,0.34
10,8,4.0,2035,0.34
10,8,4.0,2036,0.34
10,8,4.0,2037,0.34
10,8,4.0,2038,0.34
10,8,4.0,2039,0.34
10,8,4.0,2040,0.34
10,8,4.0,2041,0.34
10,8,4.0,2042,0.34
10,8,4.0,2043,0.34
10,8,4.0,2044,0.34
10,8,4.0,2045,0.34
10,8,4.0,2046,0.34
10,8,4.0,2047,0.34
10,8,4.0,2048,0.34
10,8,4.0,2049,0.34
10,8,4.0,2050,0.34
10,9,4.0,2023,2.0
10,9,4.0,2024,2.0
10,9,4.0,2025,2.0
10,9,4.0,2026,2.0
10,9,4.0,2027,2.0
10,9,4.0,2028,2.0
10,9,4.0,2029,2.0
10,9,4.0,2030,2.0
10,9,4.0,2031,2.0
10,9,4.0,2032,2.0
10,9,4.0,2033,2.0
10,9,4.0,2034,2.0
10,9,4.0,2035,2.0
10,9,4.0,2036,2.0
10,9,4.0,2037,2.0
10,9,4.0,2038,2.0
10,9,4.0,2039,2.0
10,9,4.0,2040,2.0
10,9,4.0,2041,2.0
10,9,4.0,2042,2.0
10,9,4.0,2043,2.0
10,9,4.0,2044,2.0
10,9,4.0,2045,2.0
10,9,4.0,2046,2.0
10,9,4.0,2047,2.0
10,9,4.0,2048,2.0
10,9,4.0,2049,2.0
10,9,4.0,2050,2.0
10,11,4.0,2023,6.133
10,11,4.0,2024,6.133
10,11,4.0,2025,6.133
10,11,4.0,2026,6.133
10,11,4.0,2027,6.133
10,11,4.0,2028,6.133
10,11,4.0,2029,6.133
10,11,4.0,2030,6.133
10,11,4.0,2031,6.133
10,11,4.0,2032,6.133
10,11,4.0,2033,6.133
10,11,4.0,2034,6.133
10,11,4.0,2035,6.133
10,11,4.0,2036,6.133
10,11,4.0,2037,6.133
10,11,4.0,2038,6.133
10,11,4.0,2039,6.133
10,11,4.0,2040,6.133
10,11,4.0,2041,6.133
10,11,4.0,2042,6.133
10,11,4.0,2043,6.133
10,11,4.0,2044,6.133
10,11,4.0,2045,6.133
10,11,4.0,2046,6.133
10,11,4.0,2047,6.133
10,11,4.0,2048,6.133
10,11,4.0,2049,6.133
10,11,4.0,2050,6.133
10,13,4.0,2023,3.9
10,13,4.0,2024,3.9
10,13,4.0,2025,3.9
10,13,4.0,2026,3.9
10,13,4.0,2027,3.9
10,13,4.0,2028,3.9
10,13,4.0,2029,3.9
10,13,4.0,2030,3.9
10,13,4.0,2031,3.9
10,13,4.0,2032,3.9
10,13,4.0,2033,3.9
10,13,4.0,2034,3.9
10,13,4.0,2035,3.9
10,13,4.0,2036,3.9
10,13,4.0,2037,3.9
10,13,4.0,2038,3.9
10,13,4.0,2039,3.9
10,13,4.0,2040,3.9
10,13,4.0,2041,3.9
10,13,4.0,2042,3.9
10,13,4.0,2043,3.9
10,13,4.0,2044,3.9
10,13,4.0,2045,3.9
10,13,4.0,2046,3.9
10,13,4.0,2047,3.9
10,13,4.0,2048,3.9
10,13,4.0,2049,3.9
10,13,4.0,2050,3.9
11,4,4.0,2023,10.262
11,4,4.0,2024,10.262
11,4,4.0,2025,10.262
11,4,4.0,2026,10.262
11,4,4.0,2027,10.262
11,4,4.0,2028,10.262
11,4,4.0,2029,10.262
11,4,4.0,2030,10.262
11,4,4.0,2031,10.262
11,4,4.0,2032,10.262
11,4,4.0,2033,10.262
11,4,4.0,2034,10.262
11,4,4.0,2035,10.262
11,4,4.0,2036,10.262
11,4,4.0,2037,10.262
11,4,4.0,2038,10.262
11,4,4.0,2039,10.262
11,4,4.0,2040,10.262
11,4,4.0,2041,10.262
11,4,4.0,2042,10.262
11,4,4.0,2043,10.262
11,4,4.0,2044,10.262
11,4,4.0,2045,10.262
11,4,4.0,2046,10.262
11,4,4.0,2047,10.262
11,4,4.0,2048,10.262
11,4,4.0,2049,10.262
11,4,4.0,2050,10.262
11,5,4.0,2023,1.526
11,5,4.0,2024,1.526
11,5,4.0,2025,1.526
11,5,4.0,2026,1.526
11,5,4.0,2027,1.526
11,5,4.0,2028,1.526
11,5,4.0,2029,1.526
11,5,4.0,2030,1.526
11,5,4.0,2031,1.526
11,5,4.0,2032,1.526
11,5,4.0,2033,1.526
11,5,4.0,2034,1.526
11,5,4.0,2035,1.526
11,5,4.0,2036,1.526
11,5,4.0,2037,1.526
11,5,4.0,2038,1.526
11,5,4.0,2039,1.526
11,5,4.0,2040,1.526
11,5,4.0,2041,1.526
11,5,4.0,2042,1.526
11,5,4.0,2043,1.526
11,5,4.0,2044,1.526
11,5,4.0,2045,1.526
11,5,4.0,2046,1.526
11,5,4.0,2047,1.526
11,5,4.0,2048,1.526
11,5,4.0,2049,1.526
11,5,4.0,2050,1.526
11,10,4.0,2023,5.982999
11,10,4.0,2024,5.982999
11,10,4.0,2025,5.982999
11,10,4.0,2026,5.982999
11,10,4.0,2027,5.982999
11,10,4.0,2028,5.982999
11,10,4.0,2029,5.982999
11,10,4.0,2030,5.982999
11,10,4.0,2031,5.982999
11,10,4.0,2032,5.982999
11,10,4.0,2033,5.982999
11,10,4.0,2034,5.982999
11,10,4.0,2035,5.982999
11,10,4.0,2036,5.982999
11,10,4.0,2037,5.982999
11,10,4.0,2038,5.982999
11,10,4.0,2039,5.982999
11,10,4.0,2040,5.982999
11,10,4.0,2041,5.982999
11,10,4.0,2042,5.982999
11,10,4.0,2043,5.982999
11,10,4.0,2044,5.982999
11,10,4.0,2045,5.982999
11,10,4.0,2046,5.982999
11,10,4.0,2047,5.982999
11,10,4.0,2048,5.982999
11,10,4.0,2049,5.982999
11,10,4.0,2050,5.982999
11,13,4.0,2023,4.098
11,13,4.0,2024,4.098
11,13,4.0,2025,4.098
11,13,4.0,2026,4.098
11,13,4.0,2027,4.098
11,13,4.0,2028,4.098
11,13,4.0,2029,4.098
11,13,4.0,2030,4.098
11,13,4.0,2031,4.098
11,13,4.0,2032,4.098
11,13,4.0,2033,4.098
11,13,4.0,2034,4.098
11,13,4.0,2035,4.098
11,13,4.0,2036,4.098
11,13,4.0,2037,4.098
11,13,4.0,2038,4.098
11,13,4.0,2039,4.098
11,13,4.0,2040,4.098
11,13,4.0,2041,4.098
11,13,4.0,2042,4.098
11,13,4.0,2043,4.098
11,13,4.0,2044,4.098
11,13,4.0,2045,4.098
11,13,4.0,2046,4.098
11,13,4.0,2047,4.098
11,13,4.0,2048,4.098
11,13,4.0,2049,4.098
11,13,4.0,2050,4.098
11,14,4.0,2023,0.902
11,14,4.0,2024,0.902
11,14,4.0,2025,0.902
11,14,4.0,2026,0.902
11,14,4.0,2027,0.902
11,14,4.0,2028,0.902
11,14,4.0,2029,0.902
11,14,4.0,2030,0.902
11,14,4.0,2031,0.902
11,14,4.0,2032,0.902
11,14,4.0,2033,0.902
11,14,4.0,2034,0.902
11,14,4.0,2035,0.902
11,14,4.0,2036,0.902
11,14,4.0,2037,0.902
11,14,4.0,2038,0.902
11,14,4.0,2039,0.902
11,14,4.0,2040,0.902
11,14,4.0,2041,0.902
11,14,4.0,2042,0.902
11,14,4.0,2043,0.902
11,14,4.0,2044,0.902
11,14,4.0,2045,0.902
11,14,4.0,2046,0.902
11,14,4.0,2047,0.902
11,14,4.0,2048,0.902
11,14,4.0,2049,0.902
11,14,4.0,2050,0.902
11,16,4.0,2023,1.816
11,16,4.0,2024,1.816
11,16,4.0,2025,1.816
11,16,4.0,2026,1.816
11,16,4.0,2027,1.816
11,16,4.0,2028,1.816
11,16,4.0,2029,1.816
11,16,4.0,2030,1.816
11,16,4.0,2031,1.816
11,16,4.0,2032,1.816
11,16,4.0,2033,1.816
11,16,4.0,2034,1.816
11,16,4.0,2035,1.816
11,16,4.0,2036,1.816
11,16,4.0,2037,1.816
11,16,4.0,2038,1.816
11,16,4.0,2039,1.816
11,16,4.0,2040,1.816
11,16,4.0,2041,1.816
11,16,4.0,2042,1.816
11,16,4.0,2043,1.816
11,16,4.0,2044,1.816
11,16,4.0,2045,1.816
11,16,4.0,2046,1.816
11,16,4.0,2047,1.816
11,16,4.0,2048,1.816
11,16,4.0,2049,1.816
11,16,4.0,2050,1.816
12,3,4.0,2023,2.006
12,3,4.0,2024,2.006
12,3,4.0,2025,2.006
12,3,4.0,2026,2.006
12,3,4.0,2027,2.006
12,3,4.0,2028,2.006
12,3,4.0,2029,2.006
12,3,4.0,2030,2.006
12,3,4.0,2031,2.006
12,3,4.0,2032,2.006
12,3,4.0,2033,2.006
12,3,4.0,2034,2.006
12,3,4.0,2035,2.006
12,3,4.0,2036,2.006
12,3,4.0,2037,2.006
12,3,4.0,2038,2.006
12,3,4.0,2039,2.006
12,3,4.0,2040,2.006
12,3,4.0,2041,2.006
12,3,4.0,2042,2.006
12,3,4.0,2043,2.006
12,3,4.0,2044,2.006
12,3,4.0,2045,2.006
12,3,4.0,2046,2.006
12,3,4.0,2047,2.006
12,3,4.0,2048,2.006
12,3,4.0,2049,2.006
12,3,4.0,2050,2.006
12,4,4.0,2023,8.746
12,4,4.0,2024,8.746
12,4,4.0,2025,8.746
12,4,4.0,2026,8.746
12,4,4.0,2027,8.746
12,4,4.0,2028,8.746
12,4,4.0,2029,8.746
12,4,4.0,2030,8.746
12,4,4.0,2031,8.746
12,4,4.0,2032,8.746
12,4,4.0,2033,8.746
12,4,4.0,2034,8.746
12,4,4.0,2035,8.746
12,4,4.0,2036,8.746
12,4,4.0,2037,8.746
12,4,4.0,2038,8.746
12,4,4.0,2039,8.746
12,4,4.0,2040,8.746
12,4,4.0,2041,8.746
12,4,4.0,2042,8.746
12,4,4.0,2043,8.746
12,4,4.0,2044,8.746
12,4,4.0,2045,8.746
12,4,4.0,2046,8.746
12,4,4.0,2047,8.746
12,4,4.0,2048,8.746
12,4,4.0,2049,8.746
12,4,4.0,2050,8.746
13,10,4.0,2023,3.9
13,10,4.0,2024,3.9
13,10,4.0,2025,3.9
13,10,4.0,2026,3.9
13,10,4.0,2027,3.9
13,10,4.0,2028,3.9
13,10,4.0,2029,3.9
13,10,4.0,2030,3.9
13,10,4.0,2031,3.9
13,10,4.0,2032,3.9
13,10,4.0,2033,3.9
13,10,4.0,2034,3.9
13,10,4.0,2035,3.9
13,10,4.0,2036,3.9
13,10,4.0,2037,3.9
13,10,4.0,2038,3.9
13,10,4.0,2039,3.9
13,10,4.0,2040,3.9
13,10,4.0,2041,3.9
13,10,4.0,2042,3.9
13,10,4.0,2043,3.9
13,10,4.0,2044,3.9
13,10,4.0,2045,3.9
13,10,4.0,2046,3.9
13,10,4.0,2047,3.9
13,10,4.0,2048,3.9
13,10,4.0,2049,3.9
13,10,4.0,2050,3.9
13,11,4.0,2023,4.098
13,11,4.0,2024,4.098
13,11,4.0,2025,4.098
13,11,4.0,2026,4.098
13,11,4.0,2027,4.098
13,11,4.0,2028,4.098
13,11,4.0,2029,4.098
13,11,4.0,2030,4.098
13,11,4.0,2031,4.098
13,11,4.0,2032,4.098
13,11,4.0,2033,4.098
13,11,4.0,2034,4.098
13,11,4.0,2035,4.098
13,11,4.0,2036,4.098
13,11,4.0,2037,4.098
13,11,4.0,2038,4.098
13,11,4.0,2039,4.098
13,11,4.0,2040,4.098
13,11,4.0,2041,4.098
13,11,4.0,2042,4.098
13,11,4.0,2043,4.098
13,11,4.0,2044,4.098
13,11,4.0,2045,4.098
13,11,4.0,2046,4.098
13,11,4.0,2047,4.098
13,11,4.0,2048,4.098
13,11,4.0,2049,4.098
13,11,4.0,2050,4.098
13,14,4.0,2023,4.316
13,14,4.0,2024,4.316
13,14,4.0,2025,4.316
13,14,4.0,2026,4.316
13,14,4.0,2027,4.316
13,14,4.0,2028,4.316
13,14,4.0,2029,4.316
13,14,4.0,2030,4.316
13,14,4.0,2031,4.316
13,14,4.0,2032,4.316
13,14,4.0,2033,4.316
13,14,4.0,2034,4.316
13,14,4.0,2035,4.316
13,14,4.0,2036,4.316
13,14,4.0,2037,4.316
13,14,4.0,2038,4.316
13,14,4.0,2039,4.316
13,14,4.0,2040,4.316
13,14,4.0,2041,4.316
13,14,4.0,2042,4.316
13,14,4.0,2043,4.316
13,14,4.0,2044,4.316
13,14,4.0,2045,4.316
13,14,4.0,2046,4.316
13,14,4.0,2047,4.316
13,14,4.0,2048,4.316
13,14,4.0,2049,4.316
13,14,4.0,2050,4.316
14,11,4.0,2023,0.902
14,11,4.0,2024,0.902
14,11,4.0,2025,0.902
14,11,4.0,2026,0.902
14,11,4.0,2027,0.902
14,11,4.0,2028,0.902
14,11,4.0,2029,0.902
14,11,4.0,2030,0.902
14,11,4.0,2031,0.902
14,11,4.0,2032,0.902
14,11,4.0,2033,0.902
14,11,4.0,2034,0.902
14,11,4.0,2035,0.902
14,11,4.0,2036,0.902
14,11,4.0,2037,0.902
14,11,4.0,2038,0.902
14,11,4.0,2039,0.902
14,11,4.0,2040,0.902
14,11,4.0,2041,0.902
14,11,4.0,2042,0.902
14,11,4.0,2043,0.902
14,11,4.0,2044,0.902
14,11,4.0,2045,0.902
14,11,4.0,2046,0.902
14,11,4.0,2047,0.902
14,11,4.0,2048,0.902
14,11,4.0,2049,0.902
14,11,4.0,2050,0.902
14,13,4.0,2023,4.35
14,13,4.0,2024,4.35
14,13,4.0,2025,4.35
14,13,4.0,2026,4.35
14,13,4.0,2027,4.35
14,13,4.0,2028,4.35
14,13,4.0,2029,4.35
14,13,4.0,2030,4.35
14,13,4.0,2031,4.35
14,13,4.0,2032,4.35
14,13,4.0,2033,4.35
14,13,4.0,2034,4.35
14,13,4.0,2035,4.35
14,13,4.0,2036,4.35
14,13,4.0,2037,4.35
14,13,4.0,2038,4.35
14,13,4.0,2039,4.35
14,13,4.0,2040,4.35
14,13,4.0,2041,4.35
14,13,4.0,2042,4.35
14,13,4.0,2043,4.35
14,13,4.0,2044,4.35
14,13,4.0,2045,4.35
14,13,4.0,2046,4.35
14,13,4.0,2047,4.35
14,13,4.0,2048,4.35
14,13,4.0,2049,4.35
14,13,4.0,2050,4.35
14,15,4.0,2023,3.242
14,15,4.0,2024,3.242
14,15,4.0,2025,3.242
14,15,4.0,2026,3.242
14,15,4.0,2027,3.242
14,15,4.0,2028,3.242
14,15,4.0,2029,3.242
14,15,4.0,2030,3.242
14,15,4.0,2031,3.242
14,15,4.0,2032,3.242
14,15,4.0,2033,3.242
14,15,4.0,2034,3.242
14,15,4.0,2035,3.242
14,15,4.0,2036,3.242
14,15,4.0,2037,3.242
14,15,4.0,2038,3.242
14,15,4.0,2039,3.242
14,15,4.0,2040,3.242
14,15,4.0,2041,3.242
14,15,4.0,2042,3.242
14,15,4.0,2043,3.242
14,15,4.0,2044,3.242
14,15,4.0,2045,3.242
14,15,4.0,2046,3.242
14,15,4.0,2047,3.242
14,15,4.0,2048,3.242
14,15,4.0,2049,3.242
14,15,4.0,2050,3.242
14,16,4.0,2023,3.6
14,16,4.0,2024,3.6
14,16,4.0,2025,3.6
14,16,4.0,2026,3.6
14,16,4.0,2027,3.6
14,16,4.0,2028,3.6
14,16,4.0,2029,3.6
14,16,4.0,2030,3.6
14,16,4.0,2031,3.6
14,16,4.0,2032,3.6
14,16,4.0,2033,3.6
14,16,4.0,2034,3.6
14,16,4.0,2035,3.6
14,16,4.0,2036,3.6
14,16,4.0,2037,3.6
14,16,4.0,2038,3.6
14,16,4.0,2039,3.6
14,16,4.0,2040,3.6
14,16,4.0,2041,3.6
14,16,4.0,2042,3.6
14,16,4.0,2043,3.6
14,16,4.0,2044,3.6
14,16,4.0,2045,3.6
14,16,4.0,2046,3.6
14,16,4.0,2047,3.6
14,16,4.0,2048,3.6
14,16,4.0,2049,3.6
14,16,4.0,2050,3.6
15,2,4.0,2023,3.6
15,2,4.0,2024,3.6
15,2,4.0,2025,3.6
15,2,4.0,2026,3.6
15,2,4.0,2027,3.6
15,2,4.0,2028,3.6
15,2,4.0,2029,3.6
15,2,4.0,2030,3.6
15,2,4.0,2031,3.6
15,2,4.0,2032,3.6
15,2,4.0,2033,3.6
15,2,4.0,2034,3.6
15,2,4.0,2035,3.6
15,2,4.0,2036,3.6
15,2,4.0,2037,3.6
15,2,4.0,2038,3.6
15,2,4.0,2039,3.6
15,2,4.0,2040,3.6
15,2,4.0,2041,3.6
15,2,4.0,2042,3.6
15,2,4.0,2043,3.6
15,2,4.0,2044,3.6
15,2,4.0,2045,3.6
15,2,4.0,2046,3.6
15,2,4.0,2047,3.6
15,2,4.0,2048,3.6
15,2,4.0,2049,3.6
15,2,4.0,2050,3.6
15,6,4.0,2023,3.0
15,6,4.0,2024,3.0
15,6,4.0,2025,3.0
15,6,4.0,2026,3.0
15,6,4.0,2027,3.0
15,6,4.0,2028,3.0
15,6,4.0,2029,3.0
15,6,4.0,2030,3.0
15,6,4.0,2031,3.0
15,6,4.0,2032,3.0
15,6,4.0,2033,3.0
15,6,4.0,2034,3.0
15,6,4.0,2035,3.0
15,6,4.0,2036,3.0
15,6,4.0,2037,3.0
15,6,4.0,2038,3.0
15,6,4.0,2039,3.0
15,6,4.0,2040,3.0
15,6,4.0,2041,3.0
15,6,4.0,2042,3.0
15,6,4.0,2043,3.0
15,6,4.0,2044,3.0
15,6,4.0,2045,3.0
15,6,4.0,2046,3.0
15,6,4.0,2047,3.0
15,6,4.0,2048,3.0
15,6,4.0,2049,3.0
15,6,4.0,2050,3.0
15,14,4.0,2023,3.242
15,14,4.0,2024,3.242
15,14,4.0,2025,3.242
15,14,4.0,2026,3.242
15,14,4.0,2027,3.242
15,14,4.0,2028,3.242
15,14,4.0,2029,3.242
15,14,4.0,2030,3.242
15,14,4.0,2031,3.242
15,14,4.0,2032,3.242
15,14,4.0,2033,3.242
15,14,4.0,2034,3.242
15,14,4.0,2035,3.242
15,14,4.0,2036,3.242
15,14,4.0,2037,3.242
15,14,4.0,2038,3.242
15,14,4.0,2039,3.242
15,14,4.0,2040,3.242
15,14,4.0,2041,3.242
15,14,4.0,2042,3.242
15,14,4.0,2043,3.242
15,14,4.0,2044,3.242
15,14,4.0,2045,3.242
15,14,4.0,2046,3.242
15,14,4.0,2047,3.242
15,14,4.0,2048,3.242
15,14,4.0,2049,3.242
15,14,4.0,2050,3.242
15,16,4.0,2023,1.713
15,16,4.0,2024,1.713
15,16,4.0,2025,1.713
15,16,4.0,2026,1.713
15,16,4.0,2027,1.713
15,16,4.0,2028,1.713
15,16,4.0,2029,1.713
15,16,4.0,2030,1.713
15,16,4.0,2031,1.713
15,16,4.0,2032,1.713
15,16,4.0,2033,1.713
15,16,4.0,2034,1.713
15,16,4.0,2035,1.713
15,16,4.0,2036,1.713
15,16,4.0,2037,1.713
15,16,4.0,2038,1.713
15,16,4.0,2039,1.713
15,16,4.0,2040,1.713
15,16,4.0,2041,1.713
15,16,4.0,2042,1.713
15,16,4.0,2043,1.713
15,16,4.0,2044,1.713
15,16,4.0,2045,1.713
15,16,4.0,2046,1.713
15,16,4.0,2047,1.713
15,16,4.0,2048,1.713
15,16,4.0,2049,1.713
15,16,4.0,2050,1.713
16,4,4.0,2023,8.367
16,4,4.0,2024,8.367
16,4,4.0,2025,8.367
16,4,4.0,2026,8.367
16,4,4.0,2027,8.367
16,4,4.0,2028,8.367
16,4,4.0,2029,8.367
16,4,4.0,2030,8.367
16,4,4.0,2031,8.367
16,4,4.0,2032,8.367
16,4,4.0,2033,8.367
16,4,4.0,2034,8.367
16,4,4.0,2035,8.367
16,4,4.0,2036,8.367
16,4,4.0,2037,8.367
16,4,4.0,2038,8.367
16,4,4.0,2039,8.367
16,4,4.0,2040,8.367
16,4,4.0,2041,8.367
16,4,4.0,2042,8.367
16,4,4.0,2043,8.367
16,4,4.0,2044,8.367
16,4,4.0,2045,8.367
16,4,4.0,2046,8.367
16,4,4.0,2047,8.367
16,4,4.0,2048,8.367
16,4,4.0,2049,8.367
16,4,4.0,2050,8.367
16,6,4.0,2023,2.919
16,6,4.0,2024,2.919
16,6,4.0,2025,2.919
16,6,4.0,2026,2.919
16,6,4.0,2027,2.919
16,6,4.0,2028,2.919
16,6,4.0,2029,2.919
16,6,4.0,2030,2.919
16,6,4.0,2031,2.919
16,6,4.0,2032,2.919
16,6,4.0,2033,2.919
16,6,4.0,2034,2.919
16,6,4.0,2035,2.919
16,6,4.0,2036,2.919
16,6,4.0,2037,2.919
16,6,4.0,2038,2.919
16,6,4.0,2039,2.919
16,6,4.0,2040,2.919
16,6,4.0,2041,2.919
16,6,4.0,2042,2.919
16,6,4.0,2043,2.919
16,6,4.0,2044,2.919
16,6,4.0,2045,2.919
16,6,4.0,2046,2.919
16,6,4.0,2047,2.919
16,6,4.0,2048,2.919
16,6,4.0,2049,2.919
16,6,4.0,2050,2.919
16,11,4.0,2023,1.816
16,11,4.0,2024,1.816
16,11,4.0,2025,1.816
16,11,4.0,2026,1.816
16,11,4.0,2027,1.816
16,11,4.0,2028,1.816
16,11,4.0,2029,1.816
16,11,4.0,2030,1.816
16,11,4.0,2031,1.816
16,11,4.0,2032,1.816
16,11,4.0,2033,1.816
16,11,4.0,2034,1.816
16,11,4.0,2035,1.816
16,11,4.0,2036,1.816
16,11,4.0,2037,1.816
16,11,4.0,2038,1.816
16,11,4.0,2039,1.816
16,11,4.0,2040,1.816
16,11,4.0,2041,1.816
16,11,4.0,2042,1.816
16,11,4.0,2043,1.816
16,11,4.0,2044,1.816
16,11,4.0,2045,1.816
16,11,4.0,2046,1.816
16,11,4.0,2047,1.816
16,11,4.0,2048,1.816
16,11,4.0,2049,1.816
16,11,4.0,2050,1.816
16,14,4.0,2023,3.6
16,14,4.0,2024,3.6
16,14,4.0,2025,3.6
16,14,4.0,2026,3.6
16,14,4.0,2027,3.6
16,14,4.0,2028,3.6
16,14,4.0,2029,3.6
16,14,4.0,2030,3.6
16,14,4.0,2031,3.6
16,14,4.0,2032,3.6
16,14,4.0,2033,3.6
16,14,4.0,2034,3.6
16,14,4.0,2035,3.6
16,14,4.0,2036,3.6
16,14,4.0,2037,3.6
16,14,4.0,2038,3.6
16,14,4.0,2039,3.6
16,14,4.0,2040,3.6
16,14,4.0,2041,3.6
16,14,4.0,2042,3.6
16,14,4.0,2043,3.6
16,14,4.0,2044,3.6
16,14,4.0,2045,3.6
16,14,4.0,2046,3.6
16,14,4.0,2047,3.6
16,14,4.0,2048,3.6
16,14,4.0,2049,3.6
16,14,4.0,2050,3.6
16,15,4.0,2023,1.713
16,15,4.0,2024,1.713
16,15,4.0,2025,1.713
16,15,4.0,2026,1.713
16,15,4.0,2027,1.713
16,15,4.0,2028,1.713
16,15,4.0,2029,1.713
16,15,4.0,2030,1.713
16,15,4.0,2031,1.713
16,15,4.0,2032,1.713
16,15,4.0,2033,1.713
16,15,4.0,2034,1.713
16,15,4.0,2035,1.713
16,15,4.0,2036,1.713
16,15,4.0,2037,1.713
16,15,4.0,2038,1.713
16,15,4.0,2039,1.713
16,15,4.0,2040,1.713
16,15,4.0,2041,1.713
16,15,4.0,2042,1.713
16,15,4.0,2043,1.713
16,15,4.0,2044,1.713
16,15,4.0,2045,1.713
16,15,4.0,2046,1.713
16,15,4.0,2047,1.713
16,15,4.0,2048,1.713
16,15,4.0,2049,1.713
16,15,4.0,2050,1.713
17,1,4.0,2023,0.82
17,1,4.0,2024,0.82
17,1,4.0,2025,0.82
17,1,4.0,2026,0.82
17,1,4.0,2027,0.82
17,1,4.0,2028,0.82
17,1,4.0,2029,0.82
17,1,4.0,2030,0.82
17,1,4.0,2031,0.82
17,1,4.0,2032,0.82
17,1,4.0,2033,0.82
17,1,4.0,2034,0.82
17,1,4.0,2035,0.82
17,1,4.0,2036,0.82
17,1,4.0,2037,0.82
17,1,4.0,2038,0.82
17,1,4.0,2039,0.82
17,1,4.0,2040,0.82
17,1,4.0,2041,0.82
17,1,4.0,2042,0.82
17,1,4.0,2043,0.82
17,1,4.0,2044,0.82
17,1,4.0,2045,0.82
17,1,4.0,2046,0.82
17,1,4.0,2047,0.82
17,1,4.0,2048,0.82
17,1,4.0,2049,0.82
17,1,4.0,2050,0.82
17,4,4.0,2023,3.0
17,4,4.0,2024,3.0
17,4,4.0,2025,3.0
17,4,4.0,2026,3.0
17,4,4.0,2027,3.0
17,4,4.0,2028,3.0
17,4,4.0,2029,3.0
17,4,4.0,2030,3.0
17,4,4.0,2031,3.0
17,4,4.0,2032,3.0
17,4,4.0,2033,3.0
17,4,4.0,2034,3.0
17,4,4.0,2035,3.0
17,4,4.0,2036,3.0
17,4,4.0,2037,3.0
17,4,4.0,2038,3.0
17,4,4.0,2039,3.0
17,4,4.0,2040,3.0
17,4,4.0,2041,3.0
17,4,4.0,2042,3.0
17,4,4.0,2043,3.0
17,4,4.0,2044,3.0
17,4,4.0,2045,3.0
17,4,4.0,2046,3.0
17,4,4.0,2047,3.0
17,4,4.0,2048,3.0
17,4,4.0,2049,3.0
17,4,4.0,2050,3.0
17,6,4.0,2023,1.736
17,6,4.0,2024,1.736
17,6,4.0,2025,1.736
17,6,4.0,2026,1.736
17,6,4.0,2027,1.736
17,6,4.0,2028,1.736
17,6,4.0,2029,1.736
17,6,4.0,2030,1.736
17,6,4.0,2031,1.736
17,6,4.0,2032,1.736
17,6,4.0,2033,1.736
17,6,4.0,2034,1.736
17,6,4.0,2035,1.736
17,6,4.0,2036,1.736
17,6,4.0,2037,1.736
17,6,4.0,2038,1.736
17,6,4.0,2039,1.736
17,6,4.0,2040,1.736
17,6,4.0,2041,1.736
17,6,4.0,2042,1.736
17,6,4.0,2043,1.736
17,6,4.0,2044,1.736
17,6,4.0,2045,1.736
17,6,4.0,2046,1.736
17,6,4.0,2047,1.736
17,6,4.0,2048,1.736
17,6,4.0,2049,1.736
17,6,4.0,2050,1.736
17,18,4.0,2023,0.572
17,18,4.0,2024,0.572
17,18,4.0,2025,0.572
17,18,4.0,2026,0.572
17,18,4.0,2027,0.572
17,18,4.0,2028,0.572
17,18,4.0,2029,0.572
17,18,4.0,2030,0.572
17,18,4.0,2031,0.572
17,18,4.0,2032,0.572
17,18,4.0,2033,0.572
17,18,4.0,2034,0.572
17,18,4.0,2035,0.572
17,18,4.0,2036,0.572
17,18,4.0,2037,0.572
17,18,4.0,2038,0.572
17,18,4.0,2039,0.572
17,18,4.0,2040,0.572
17,18,4.0,2041,0.572
17,18,4.0,2042,0.572
17,18,4.0,2043,0.572
17,18,4.0,2044,0.572
17,18,4.0,2045,0.572
17,18,4.0,2046,0.572
17,18,4.0,2047,0.572
17,18,4.0,2048,0.572
17,18,4.0,2049,0.572
17,18,4.0,2050,0.572
17,20,4.0,2023,0.4
17,20,4.0,2024,0.4
17,20,4.0,2025,0.4
17,20,4.0,2026,0.4
17,20,4.0,2027,0.4
17,20,4.0,2028,0.4
17,20,4.0,2029,0.4
17,20,4.0,2030,0.4
17,20,4.0,2031,0.4
17,20,4.0,2032,0.4
17,20,4.0,2033,0.4
17,20,4.0,2034,0.4
17,20,4.0,2035,0.4
17,20,4.0,2036,0.4
17,20,4.0,2037,0.4
17,20,4.0,2038,0.4
17,20,4.0,2039,0.4
17,20,4.0,2040,0.4
17,20,4.0,2041,0.4
17,20,4.0,2042,0.4
17,20,4.0,2043,0.4
17,20,4.0,2044,0.4
17,20,4.0,2045,0.4
17,20,4.0,2046,0.4
17,20,4.0,2047,0.4
17,20,4.0,2048,0.4
17,20,4.0,2049,0.4
17,20,4.0,2050,0.4
18,3,4.0,2023,0.429
18,3,4.0,2024,0.429
18,3,4.0,2025,0.429
18,3,4.0,2026,0.429
18,3,4.0,2027,0.429
18,3,4.0,2028,0.429
18,3,4.0,2029,0.429
18,3,4.0,2030,0.429
18,3,4.0,2031,0.429
18,3,4.0,2032,0.429
18,3,4.0,2033,0.429
18,3,4.0,2034,0.429
18,3,4.0,2035,0.429
18,3,4.0,2036,0.429
18,3,4.0,2037,0.429
18,3,4.0,2038,0.429
18,3,4.0,2039,0.429
18,3,4.0,2040,0.429
18,3,4.0,2041,0.429
18,3,4.0,2042,0.429
18,3,4.0,2043,0.429
18,3,4.0,2044,0.429
18,3,4.0,2045,0.429
18,3,4.0,2046,0.429
18,3,4.0,2047,0.429
18,3,4.0,2048,0.429
18,3,4.0,2049,0.429
18,3,4.0,2050,0.429
18,4,4.0,2023,1.138
18,4,4.0,2024,1.138
18,4,4.0,2025,1.138
18,4,4.0,2026,1.138
18,4,4.0,2027,1.138
18,4,4.0,2028,1.138
18,4,4.0,2029,1.138
18,4,4.0,2030,1.138
18,4,4.0,2031,1.138
18,4,4.0,2032,1.138
18,4,4.0,2033,1.138
18,4,4.0,2034,1.138
18,4,4.0,2035,1.138
18,4,4.0,2036,1.138
18,4,4.0,2037,1.138
18,4,4.0,2038,1.138
18,4,4.0,2039,1.138
18,4,4.0,2040,1.138
18,4,4.0,2041,1.138
18,4,4.0,2042,1.138
18,4,4.0,2043,1.138
18,4,4.0,2044,1.138
18,4,4.0,2045,1.138
18,4,4.0,2046,1.138
18,4,4.0,2047,1.138
18,4,4.0,2048,1.138
18,4,4.0,2049,1.138
18,4,4.0,2050,1.138
18,6,4.0,2023,0.49
18,6,4.0,2024,0.49
18,6,4.0,2025,0.49
18,6,4.0,2026,0.49
18,6,4.0,2027,0.49
18,6,4.0,2028,0.49
18,6,4.0,2029,0.49
18,6,4.0,2030,0.49
18,6,4.0,2031,0.49
18,6,4.0,2032,0.49
18,6,4.0,2033,0.49
18,6,4.0,2034,0.49
18,6,4.0,2035,0.49
18,6,4.0,2036,0.49
18,6,4.0,2037,0.49
18,6,4.0,2038,0.49
18,6,4.0,2039,0.49
18,6,4.0,2040,0.49
18,6,4.0,2041,0.49
18,6,4.0,2042,0.49
18,6,4.0,2043,0.49
18,6,4.0,2044,0.49
18,6,4.0,2045,0.49
18,6,4.0,2046,0.49
18,6,4.0,2047,0.49
18,6,4.0,2048,0.49
18,6,4.0,2049,0.49
18,6,4.0,2050,0.49
18,17,4.0,2023,0.373
18,17,4.0,2024,0.373
18,17,4.0,2025,0.373
18,17,4.0,2026,0.373
18,17,4.0,2027,0.373
18,17,4.0,2028,0.373
18,17,4.0,2029,0.373
18,17,4.0,2030,0.373
18,17,4.0,2031,0.373
18,17,4.0,2032,0.373
18,17,4.0,2033,0.373
18,17,4.0,2034,0.373
18,17,4.0,2035,0.373
18,17,4.0,2036,0.373
18,17,4.0,2037,0.373
18,17,4.0,2038,0.373
18,17,4.0,2039,0.373
18,17,4.0,2040,0.373
18,17,4.0,2041,0.373
18,17,4.0,2042,0.373
18,17,4.0,2043,0.373
18,17,4.0,2044,0.373
18,17,4.0,2045,0.373
18,17,4.0,2046,0.373
18,17,4.0,2047,0.373
18,17,4.0,2048,0.373
18,17,4.0,2049,0.373
18,17,4.0,2050,0.373
18,19,4.0,2023,2.878
18,19,4.0,2024,2.878
18,19,4.0,2025,2.878
18,19,4.0,2026,2.878
18,19,4.0,2027,2.878
18,19,4.0,2028,2.878
18,19,4.0,2029,2.878
18,19,4.0,2030,2.878
18,19,4.0,2031,2.878
18,19,4.0,2032,2.878
18,19,4.0,2033,2.878
18,19,4.0,2034,2.878
18,19,4.0,2035,2.878
18,19,4.0,2036,2.878
18,19,4.0,2037,2.878
18,19,4.0,2038,2.878
18,19,4.0,2039,2.878
18,19,4.0,2040,2.878
18,19,4.0,2041,2.878
18,19,4.0,2042,2.878
18,19,4.0,2043,2.878
18,19,4.0,2044,2.878
18,19,4.0,2045,2.878
18,19,4.0,2046,2.878
18,19,4.0,2047,2.878
18,19,4.0,2048,2.878
18,19,4.0,2049,2.878
18,19,4.0,2050,2.878
18,24,4.0,2023,0.21
18,24,4.0,2024,0.21
18,24,4.0,2025,0.21
18,24,4.0,2026,0.21
18,24,4.0,2027,0.21
18,24,4.0,2028,0.21
18,24,4.0,2029,0.21
18,24,4.0,2030,0.21
18,24,4.0,2031,0.21
18,24,4.0,2032,0.21
18,24,4.0,2033,0.21
18,24,4.0,2034,0.21
18,24,4.0,2035,0.21
18,24,4.0,2036,0.21
18,24,4.0,2037,0.21
18,24,4.0,2038,0.21
18,24,4.0,2039,0.21
18,24,4.0,2040,0.21
18,24,4.0,2041,0.21
18,24,4.0,2042,0.21
18,24,4.0,2043,0.21
18,24,4.0,2044,0.21
18,24,4.0,2045,0.21
18,24,4.0,2046,0.21
18,24,4.0,2047,0.21
18,24,4.0,2048,0.21
18,24,4.0,2049,0.21
18,24,4.0,2050,0.21
19,3,4.0,2023,9.521
19,3,4.0,2024,9.521
19,3,4.0,2025,9.521
19,3,4.0,2026,9.521
19,3,4.0,2027,9.521
19,3,4.0,2028,9.521
19,3,4.0,2029,9.521
19,3,4.0,2030,9.521
19,3,4.0,2031,9.521
19,3,4.0,2032,9.521
19,3,4.0,2033,9.521
19,3,4.0,2034,9.521
19,3,4.0,2035,9.521
19,3,4.0,2036,9.521
19,3,4.0,2037,9.521
19,3,4.0,2038,9.521
19,3,4.0,2039,9.521
19,3,4.0,2040,9.521
19,3,4.0,2041,9.521
19,3,4.0,2042,9.521
19,3,4.0,2043,9.521
19,3,4.0,2044,9.521
19,3,4.0,2045,9.521
19,3,4.0,2046,9.521
19,3,4.0,2047,9.521
19,3,4.0,2048,9.521
19,3,4.0,2049,9.521
19,3,4.0,2050,9.521
19,18,4.0,2023,2.878
19,18,4.0,2024,2.878
19,18,4.0,2025,2.878
19,18,4.0,2026,2.878
19,18,4.0,2027,2.878
19,18,4.0,2028,2.878
19,18,4.0,2029,2.878
19,18,4.0,2030,2.878
19,18,4.0,2031,2.878
19,18,4.0,2032,2.878
19,18,4.0,2033,2.878
19,18,4.0,2034,2.878
19,18,4.0,2035,2.878
19,18,4.0,2036,2.878
19,18,4.0,2037,2.878
19,18,4.0,2038,2.878
19,18,4.0,2039,2.878
19,18,4.0,2040,2.878
19,18,4.0,2041,2.878
19,18,4.0,2042,2.878
19,18,4.0,2043,2.878
19,18,4.0,2044,2.878
19,18,4.0,2045,2.878
19,18,4.0,2046,2.878
19,18,4.0,2047,2.878
19,18,4.0,2048,2.878
19,18,4.0,2049,2.878
19,18,4.0,2050,2.878
19,23,4.0,2023,0.2
19,23,4.0,2024,0.2
19,23,4.0,2025,0.2
19,23,4.0,2026,0.2
19,23,4.0,2027,0.2
19,23,4.0,2028,0.2
19,23,4.0,2029,0.2
19,23,4.0,2030,0.2
19,23,4.0,2031,0.2
19,23,4.0,2032,0.2
19,23,4.0,2033,0.2
19,23,4.0,2034,0.2
19,23,4.0,2035,0.2
19,23,4.0,2036,0.2
19,23,4.0,2037,0.2
19,23,4.0,2038,0.2
19,23,4.0,2039,0.2
19,23,4.0,2040,0.2
19,23,4.0,2041,0.2
19,23,4.0,2042,0.2
19,23,4.0,2043,0.2
19,23,4.0,2044,0.2
19,23,4.0,2045,0.2
19,23,4.0,2046,0.2
19,23,4.0,2047,0.2
19,23,4.0,2048,0.2
19,23,4.0,2049,0.2
19,23,4.0,2050,0.2
19,24,4.0,2023,0.255
19,24,4.0,2024,0.255
19,24,4.0,2025,0.255
19,24,4.0,2026,0.255
19,24,4.0,2027,0.255
19,24,4.0,2028,0.255
19,24,4.0,2029,0.255
19,24,4.0,2030,0.255
19,24,4.0,2031,0.255
19,24,4.0,2032,0.255
19,24,4.0,2033,0.255
19,24,4.0,2034,0.255
19,24,4.0,2035,0.255
19,24,4.0,2036,0.255
19,24,4.0,2037,0.255
19,24,4.0,2038,0.255
19,24,4.0,2039,0.255
19,24,4.0,2040,0.255
19,24,4.0,2041,0.255
19,24,4.0,2042,0.255
19,24,4.0,2043,0.255
19,24,4.0,2044,0.255
19,24,4.0,2045,0.255
19,24,4.0,2046,0.255
19,24,4.0,2047,0.255
19,24,4.0,2048,0.255
19,24,4.0,2049,0.255
19,24,4.0,2050,0.255
20,17,4.0,2023,0.4
20,17,4.0,2024,0.4
20,17,4.0,2025,0.4
20,17,4.0,2026,0.4
20,17,4.0,2027,0.4
20,17,4.0,2028,0.4
20,17,4.0,2029,0.4
20,17,4.0,2030,0.4
20,17,4.0,2031,0.4
20,17,4.0,2032,0.4
20,17,4.0,2033,0.4
20,17,4.0,2034,0.4
20,17,4.0,2035,0.4
20,17,4.0,2036,0.4
20,17,4.0,2037,0.4
20,17,4.0,2038,0.4
20,17,4.0,2039,0.4
20,17,4.0,2040,0.4
20,17,4.0,2041,0.4
20,17,4.0,2042,0.4
20,17,4.0,2043,0.4
20,17,4.0,2044,0.4
20,17,4.0,2045,0.4
20,17,4.0,2046,0.4
20,17,4.0,2047,0.4
20,17,4.0,2048,0.4
20,17,4.0,2049,0.4
20,17,4.0,2050,0.4
20,22,4.0,2023,2.996
20,22,4.0,2024,2.996
20,22,4.0,2025,2.996
20,22,4.0,2026,2.996
20,22,4.0,2027,2.996
20,22,4.0,2028,2.996
20,22,4.0,2029,2.996
20,22,4.0,2030,2.996
20,22,4.0,2031,2.996
20,22,4.0,2032,2.996
20,22,4.0,2033,2.996
20,22,4.0,2034,2.996
20,22,4.0,2035,2.996
20,22,4.0,2036,2.996
20,22,4.0,2037,2.996
20,22,4.0,2038,2.996
20,22,4.0,2039,2.996
20,22,4.0,2040,2.996
20,22,4.0,2041,2.996
20,22,4.0,2042,2.996
20,22,4.0,2043,2.996
20,22,4.0,2044,2.996
20,22,4.0,2045,2.996
20,22,4.0,2046,2.996
20,22,4.0,2047,2.996
20,22,4.0,2048,2.996
20,22,4.0,2049,2.996
20,22,4.0,2050,2.996
20,24,4.0,2023,0.442
20,24,4.0,2024,0.442
20,24,4.0,2025,0.442
20,24,4.0,2026,0.442
20,24,4.0,2027,0.442
20,24,4.0,2028,0.442
20,24,4.0,2029,0.442
20,24,4.0,2030,0.442
20,24,4.0,2031,0.442
20,24,4.0,2032,0.442
20,24,4.0,2033,0.442
20,24,4.0,2034,0.442
20,24,4.0,2035,0.442
20,24,4.0,2036,0.442
20,24,4.0,2037,0.442
20,24,4.0,2038,0.442
20,24,4.0,2039,0.442
20,24,4.0,2040,0.442
20,24,4.0,2041,0.442
20,24,4.0,2042,0.442
20,24,4.0,2043,0.442
20,24,4.0,2044,0.442
20,24,4.0,2045,0.442
20,24,4.0,2046,0.442
20,24,4.0,2047,0.442
20,24,4.0,2048,0.442
20,24,4.0,2049,0.442
20,24,4.0,2050,0.442
20,25,4.0,2023,4.589
20,25,4.0,2024,4.589
20,25,4.0,2025,4.589
20,25,4.0,2026,4.589
20,25,4.0,2027,4.589
20,25,4.0,2028,4.589
20,25,4.0,2029,4.589
20,25,4.0,2030,4.589
20,25,4.0,2031,4.589
20,25,4.0,2032,4.589
20,25,4.0,2033,4.589
20,25,4.0,2034,4.589
20,25,4.0,2035,4.589
20,25,4.0,2036,4.589
20,25,4.0,2037,4.589
20,25,4.0,2038,4.589
20,25,4.0,2039,4.589
20,25,4.0,2040,4.589
20,25,4.0,2041,4.589
20,25,4.0,2042,4.589
20,25,4.0,2043,4.589
20,25,4.0,2044,4.589
20,25,4.0,2045,4.589
20,25,4.0,2046,4.589
20,25,4.0,2047,4.589
20,25,4.0,2048,4.589
20,25,4.0,2049,4.589
20,25,4.0,2050,4.589
21,22,4.0,2023,8.242
21,22,4.0,2024,8.242
21,22,4.0,2025,8.242
21,22,4.0,2026,8.242
21,22,4.0,2027,8.242
21,22,4.0,2028,8.242
21,22,4.0,2029,8.242
21,22,4.0,2030,8.242
21,22,4.0,2031,8.242
21,22,4.0,2032,8.242
21,22,4.0,2033,8.242
21,22,4.0,2034,8.242
21,22,4.0,2035,8.242
21,22,4.0,2036,8.242
21,22,4.0,2037,8.242
21,22,4.0,2038,8.242
21,22,4.0,2039,8.242
21,22,4.0,2040,8.242
21,22,4.0,2041,8.242
21,22,4.0,2042,8.242
21,22,4.0,2043,8.242
21,22,4.0,2044,8.242
21,22,4.0,2045,8.242
21,22,4.0,2046,8.242
21,22,4.0,2047,8.242
21,22,4.0,2048,8.242
21,22,4.0,2049,8.242
21,22,4.0,2050,8.242
21,23,4.0,2023,4.441
21,23,4.0,2024,4.441
21,23,4.0,2025,4.441
21,23,4.0,2026,4.441
21,23,4.0,2027,4.441
21,23,4.0,2028,4.441
21,23,4.0,2029,4.441
21,23,4.0,2030,4.441
21,23,4.0,2031,4.441
21,23,4.0,2032,4.441
21,23,4.0,2033,4.441
21,23,4.0,2034,4.441
21,23,4.0,2035,4.441
21,23,4.0,2036,4.441
21,23,4.0,2037,4.441
21,23,4.0,2038,4.441
21,23,4.0,2039,4.441
21,23,4.0,2040,4.441
21,23,4.0,2041,4.441
21,23,4.0,2042,4.441
21,23,4.0,2043,4.441
21,23,4.0,2044,4.441
21,23,4.0,2045,4.441
21,23,4.0,2046,4.441
21,23,4.0,2047,4.441
21,23,4.0,2048,4.441
21,23,4.0,2049,4.441
21,23,4.0,2050,4.441
21,25,4.0,2023,0.106
21,25,4.0,2024,0.106
21,25,4.0,2025,0.106
21,25,4.0,2026,0.106
21,25,4.0,2027,0.106
21,25,4.0,2028,0.106
21,25,4.0,2029,0.106
21,25,4.0,2030,0.106
21,25,4.0,2031,0.106
21,25,4.0,2032,0.106
21,25,4.0,2033,0.106
21,25,4.0,2034,0.106
21,25,4.0,2035,0.106
21,25,4.0,2036,0.106
21,25,4.0,2037,0.106
21,25,4.0,2038,0.106
21,25,4.0,2039,0.106
21,25,4.0,2040,0.106
21,25,4.0,2041,0.106
21,25,4.0,2042,0.106
21,25,4.0,2043,0.106
21,25,4.0,2044,0.106
21,25,4.0,2045,0.106
21,25,4.0,2046,0.106
21,25,4.0,2047,0.106
21,25,4.0,2048,0.106
21,25,4.0,2049,0.106
21,25,4.0,2050,0.106
22,20,4.0,2023,0.489
22,20,4.0,2024,0.489
22,20,4.0,2025,0.489
22,20,4.0,2026,0.489
22,20,4.0,2027,0.489
22,20,4.0,2028,0.489
22,20,4.0,2029,0.489
22,20,4.0,2030,0.489
22,20,4.0,2031,0.489
22,20,4.0,2032,0.489
22,20,4.0,2033,0.489
22,20,4.0,2034,0.489
22,20,4.0,2035,0.489
22,20,4.0,2036,0.489
22,20,4.0,2037,0.489
22,20,4.0,2038,0.489
22,20,4.0,2039,0.489
22,20,4.0,2040,0.489
22,20,4.0,2041,0.489
22,20,4.0,2042,0.489
22,20,4.0,2043,0.489
22,20,4.0,2044,0.489
22,20,4.0,2045,0.489
22,20,4.0,2046,0.489
22,20,4.0,2047,0.489
22,20,4.0,2048,0.489
22,20,4.0,2049,0.489
22,20,4.0,2050,0.489
22,21,4.0,2023,7.918
22,21,4.0,2024,7.918
22,21,4.0,2025,7.918
22,21,4.0,2026,7.918
22,21,4.0,2027,7.918
22,21,4.0,2028,7.918
22,21,4.0,2029,7.918
22,21,4.0,2030,7.918
22,21,4.0,2031,7.918
22,21,4.0,2032,7.918
22,21,4.0,2033,7.918
22,21,4.0,2034,7.918
22,21,4.0,2035,7.918
22,21,4.0,2036,7.918
22,21,4.0,2037,7.918
22,21,4.0,2038,7.918
22,21,4.0,2039,7.918
22,21,4.0,2040,7.918
22,21,4.0,2041,7.918
22,21,4.0,2042,7.918
22,21,4.0,2043,7.918
22,21,4.0,2044,7.918
22,21,4.0,2045,7.918
22,21,4.0,2046,7.918
22,21,4.0,2047,7.918
22,21,4.0,2048,7.918
22,21,4.0,2049,7.918
22,21,4.0,2050,7.918
22,23,4.0,2023,2.381
22,23,4.0,2024,2.381
22,23,4.0,2025,2.381
22,23,4.0,2026,2.381
22,23,4.0,2027,2.381
22,23,4.0,2028,2.381
22,23,4.0,2029,2.381
22,23,4.0,2030,2.381
22,23,4.0,2031,2.381
22,23,4.0,2032,2.381
22,23,4.0,2033,2.381
22,23,4.0,2034,2.381
22,23,4.0,2035,2.381
22,23,4.0,2036,2.381
22,23,4.0,2037,2.381
22,23,4.0,2038,2.381
22,23,4.0,2039,2.381
22,23,4.0,2040,2.381
22,23,4.0,2041,2.381
22,23,4.0,2042,2.381
22,23,4.0,2043,2.381
22,23,4.0,2044,2.381
22,23,4.0,2045,2.381
22,23,4.0,2046,2.381
22,23,4.0,2047,2.381
22,23,4.0,2048,2.381
22,23,4.0,2049,2.381
22,23,4.0,2050,2.381
22,25,4.0,2023,2.291
22,25,4.0,2024,2.291
22,25,4.0,2025,2.291
22,25,4.0,2026,2.291
22,25,4.0,2027,2.291
22,25,4.0,2028,2.291
22,25,4.0,2029,2.291
22,25,4.0,2030,2.291
22,25,4.0,2031,2.291
22,25,4.0,2032,2.291
22,25,4.0,2033,2.291
22,25,4.0,2034,2.291
22,25,4.0,2035,2.291
22,25,4.0,2036,2.291
22,25,4.0,2037,2.291
22,25,4.0,2038,2.291
22,25,4.0,2039,2.291
22,25,4.0,2040,2.291
22,25,4.0,2041,2.291
22,25,4.0,2042,2.291
22,25,4.0,2043,2.291
22,25,4.0,2044,2.291
22,25,4.0,2045,2.291
22,25,4.0,2046,2.291
22,25,4.0,2047,2.291
22,25,4.0,2048,2.291
22,25,4.0,2049,2.291
22,25,4.0,2050,2.291
23,19,4.0,2023,0.2
23,19,4.0,2024,0.2
23,19,4.0,2025,0.2
23,19,4.0,2026,0.2
23,19,4.0,2027,0.2
23,19,4.0,2028,0.2
23,19,4.0,2029,0.2
23,19,4.0,2030,0.2
23,19,4.0,2031,0.2
23,19,4.0,2032,0.2
23,19,4.0,2033,0.2
23,19,4.0,2034,0.2
23,19,4.0,2035,0.2
23,19,4.0,2036,0.2
23,19,4.0,2037,0.2
23,19,4.0,2038,0.2
23,19,4.0,2039,0.2
23,19,4.0,2040,0.2
23,19,4.0,2041,0.2
23,19,4.0,2042,0.2
23,19,4.0,2043,0.2
23,19,4.0,2044,0.2
23,19,4.0,2045,0.2
23,19,4.0,2046,0.2
23,19,4.0,2047,0.2
23,19,4.0,2048,0.2
23,19,4.0,2049,0.2
23,19,4.0,2050,0.2
23,21,4.0,2023,4.441
23,21,4.0,2024,4.441
23,21,4.0,2025,4.441
23,21,4.0,2026,4.441
23,21,4.0,2027,4.441
23,21,4.0,2028,4.441
23,21,4.0,2029,4.441
23,21,4.0,2030,4.441
23,21,4.0,2031,4.441
23,21,4.0,2032,4.441
23,21,4.0,2033,4.441
23,21,4.0,2034,4.441
23,21,4.0,2035,4.441
23,21,4.0,2036,4.441
23,21,4.0,2037,4.441
23,21,4.0,2038,4.441
23,21,4.0,2039,4.441
23,21,4.0,2040,4.441
23,21,4.0,2041,4.441
23,21,4.0,2042,4.441
23,21,4.0,2043,4.441
23,21,4.0,2044,4.441
23,21,4.0,2045,4.441
23,21,4.0,2046,4.441
23,21,4.0,2047,4.441
23,21,4.0,2048,4.441
23,21,4.0,2049,4.441
23,21,4.0,2050,4.441
23,22,4.0,2023,2.78
23,22,4.0,2024,2.78
23,22,4.0,2025,2.78
23,22,4.0,2026,2.78
23,22,4.0,2027,2.78
23,22,4.0,2028,2.78
23,22,4.0,2029,2.78
23,22,4.0,2030,2.78
23,22,4.0,2031,2.78
23,22,4.0,2032,2.78
23,22,4.0,2033,2.78
23,22,4.0,2034,2.78
23,22,4.0,2035,2.78
23,22,4.0,2036,2.78
23,22,4.0,2037,2.78
23,22,4.0,2038,2.78
23,22,4.0,2039,2.78
23,22,4.0,2040,2.78
23,22,4.0,2041,2.78
23,22,4.0,2042,2.78
23,22,4.0,2043,2.78
23,22,4.0,2044,2.78
23,22,4.0,2045,2.78
23,22,4.0,2046,2.78
23,22,4.0,2047,2.78
23,22,4.0,2048,2.78
23,22,4.0,2049,2.78
23,22,4.0,2050,2.78
23,24,4.0,2023,0.095
23,24,4.0,2024,0.095
23,24,4.0,2025,0.095
23,24,4.0,2026,0.095
23,24,4.0,2027,0.095
23,24,4.0,2028,0.095
23,24,4.0,2029,0.095
23,24,4.0,2030,0.095
23,24,4.0,2031,0.095
23,24,4.0,2032,0.095
23,24,4.0,2033,0.095
23,24,4.0,2034,0.095
23,24,4.0,2035,0.095
23,24,4.0,2036,0.095
23,24,4.0,2037,0.095
23,24,4.0,2038,0.095
23,24,4.0,2039,0.095
23,24,4.0,2040,0.095
23,24,4.0,2041,0.095
23,24,4.0,2042,0.095
23,24,4.0,2043,0.095
23,24,4.0,2044,0.095
23,24,4.0,2045,0.095
23,24,4.0,2046,0.095
23,24,4.0,2047,0.095
23,24,4.0,2048,0.095
23,24,4.0,2049,0.095
23,24,4.0,2050,0.095
23,25,4.0,2023,3.67
23,25,4.0,2024,3.67
23,25,4.0,2025,3.67
23,25,4.0,2026,3.67
23,25,4.0,2027,3.67
23,25,4.0,2028,3.67
23,25,4.0,2029,3.67
23,25,4.0,2030,3.67
23,25,4.0,2031,3.67
23,25,4.0,2032,3.67
23,25,4.0,2033,3.67
23,25,4.0,2034,3.67
23,25,4.0,2035,3.67
23,25,4.0,2036,3.67
23,25,4.0,2037,3.67
23,25,4.0,2038,3.67
23,25,4.0,2039,3.67
23,25,4.0,2040,3.67
23,25,4.0,2041,3.67
23,25,4.0,2042,3.67
23,25,4.0,2043,3.67
23,25,4.0,2044,3.67
23,25,4.0,2045,3.67
23,25,4.0,2046,3.67
23,25,4.0,2047,3.67
23,25,4.0,2048,3.67
23,25,4.0,2049,3.67
23,25,4.0,2050,3.67
24,18,4.0,2023,0.21
24,18,4.0,2024,0.21
24,18,4.0,2025,0.21
24,18,4.0,2026,0.21
24,18,4.0,2027,0.21
24,18,4.0,2028,0.21
24,18,4.0,2029,0.21
24,18,4.0,2030,0.21
24,18,4.0,2031,0.21
24,18,4.0,2032,0.21
24,18,4.0,2033,0.21
24,18,4.0,2034,0.21
24,18,4.0,2035,0.21
24,18,4.0,2036,0.21
24,18,4.0,2037,0.21
24,18,4.0,2038,0.21
24,18,4.0,2039,0.21
24,18,4.0,2040,0.21
24,18,4.0,2041,0.21
24,18,4.0,2042,0.21
24,18,4.0,2043,0.21
24,18,4.0,2044,0.21
24,18,4.0,2045,0.21
24,18,4.0,2046,0.21
24,18,4.0,2047,0.21
24,18,4.0,2048,0.21
24,18,4.0,2049,0.21
24,18,4.0,2050,0.21
24,19,4.0,2023,0.825
24,19,4.0,2024,0.825
24,19,4.0,2025,0.825
24,19,4.0,2026,0.825
24,19,4.0,2027,0.825
24,19,4.0,2028,0.825
24,19,4.0,2029,0.825
24,19,4.0,2030,0.825
24,19,4.0,2031,0.825
24,19,4.0,2032,0.825
24,19,4.0,2033,0.825
24,19,4.0,2034,0.825
24,19,4.0,2035,0.825
24,19,4.0,2036,0.825
24,19,4.0,2037,0.825
24,19,4.0,2038,0.825
24,19,4.0,2039,0.825
24,19,4.0,2040,0.825
24,19,4.0,2041,0.825
24,19,4.0,2042,0.825
24,19,4.0,2043,0.825
24,19,4.0,2044,0.825
24,19,4.0,2045,0.825
24,19,4.0,2046,0.825
24,19,4.0,2047,0.825
24,19,4.0,2048,0.825
24,19,4.0,2049,0.825
24,19,4.0,2050,0.825
24,20,4.0,2023,0.69
24,20,4.0,2024,0.69
24,20,4.0,2025,0.69
24,20,4.0,2026,0.69
24,20,4.0,2027,0.69
24,20,4.0,2028,0.69
24,20,4.0,2029,0.69
24,20,4.0,2030,0.69
24,20,4.0,2031,0.69
24,20,4.0,2032,0.69
24,20,4.0,2033,0.69
24,20,4.0,2034,0.69
24,20,4.0,2035,0.69
24,20,4.0,2036,0.69
24,20,4.0,2037,0.69
24,20,4.0,2038,0.69
24,20,4.0,2039,0.69
24,20,4.0,2040,0.69
24,20,4.0,2041,0.69
24,20,4.0,2042,0.69
24,20,4.0,2043,0.69
24,20,4.0,2044,0.69
24,20,4.0,2045,0.69
24,20,4.0,2046,0.69
24,20,4.0,2047,0.69
24,20,4.0,2048,0.69
24,20,4.0,2049,0.69
24,20,4.0,2050,0.69
24,23,4.0,2023,0.095
24,23,4.0,2024,0.095
24,23,4.0,2025,0.095
24,23,4.0,2026,0.095
24,23,4.0,2027,0.095
24,23,4.0,2028,0.095
24,23,4.0,2029,0.095
24,23,4.0,2030,0.095
24,23,4.0,2031,0.095
24,23,4.0,2032,0.095
24,23,4.0,2033,0.095
24,23,4.0,2034,0.095
24,23,4.0,2035,0.095
24,23,4.0,2036,0.095
24,23,4.0,2037,0.095
24,23,4.0,2038,0.095
24,23,4.0,2039,0.095
24,23,4.0,2040,0.095
24,23,4.0,2041,0.095
24,23,4.0,2042,0.095
24,23,4.0,2043,0.095
24,23,4.0,2044,0.095
24,23,4.0,2045,0.095
24,23,4.0,2046,0.095
24,23,4.0,2047,0.095
24,23,4.0,2048,0.095
24,23,4.0,2049,0.095
24,23,4.0,2050,0.095
24,25,4.0,2023,0.538
24,25,4.0,2024,0.538
24,25,4.0,2025,0.538
24,25,4.0,2026,0.538
24,25,4.0,2027,0.538
24,25,4.0,2028,0.538
24,25,4.0,2029,0.538
24,25,4.0,2030,0.538
24,25,4.0,2031,0.538
24,25,4.0,2032,0.538
24,25,4.0,2033,0.538
24,25,4.0,2034,0.538
24,25,4.0,2035,0.538
24,25,4.0,2036,0.538
24,25,4.0,2037,0.538
24,25,4.0,2038,0.538
24,25,4.0,2039,0.538
24,25,4.0,2040,0.538
24,25,4.0,2041,0.538
24,25,4.0,2042,0.538
24,25,4.0,2043,0.538
24,25,4.0,2044,0.538
24,25,4.0,2045,0.538
24,25,4.0,2046,0.538
24,25,4.0,2047,0.538
24,25,4.0,2048,0.538
24,25,4.0,2049,0.538
24,25,4.0,2050,0.538
25,20,4.0,2023,4.209
25,20,4.0,2024,4.209
25,20,4.0,2025,4.209
25,20,4.0,2026,4.209
25,20,4.0,2027,4.209
25,20,4.0,2028,4.209
25,20,4.0,2029,4.209
25,20,4.0,2030,4.209
25,20,4.0,2031,4.209
25,20,4.0,2032,4.209
25,20,4.0,2033,4.209
25,20,4.0,2034,4.209
25,20,4.0,2035,4.209
25,20,4.0,2036,4.209
25,20,4.0,2037,4.209
25,20,4.0,2038,4.209
25,20,4.0,2039,4.209
25,20,4.0,2040,4.209
25,20,4.0,2041,4.209
25,20,4.0,2042,4.209
25,20,4.0,2043,4.209
25,20,4.0,2044,4.209
25,20,4.0,2045,4.209
25,20,4.0,2046,4.209
25,20,4.0,2047,4.209
25,20,4.0,2048,4.209
25,20,4.0,2049,4.209
25,20,4.0,2050,4.209
25,21,4.0,2023,0.106
25,21,4.0,2024,0.106
25,21,4.0,2025,0.106
25,21,4.0,2026,0.106
25,21,4.0,2027,0.106
25,21,4.0,2028,0.106
25,21,4.0,2029,0.106
25,21,4.0,2030,0.106
25,21,4.0,2031,0.106
25,21,4.0,2032,0.106
25,21,4.0,2033,0.106
25,21,4.0,2034,0.106
25,21,4.0,2035,0.106
25,21,4.0,2036,0.106
25,21,4.0,2037,0.106
25,21,4.0,2038,0.106
25,21,4.0,2039,0.106
25,21,4.0,2040,0.106
25,21,4.0,2041,0.106
25,21,4.0,2042,0.106
25,21,4.0,2043,0.106
25,21,4.0,2044,0.106
25,21,4.0,2045,0.106
25,21,4.0,2046,0.106
25,21,4.0,2047,0.106
25,21,4.0,2048,0.106
25,21,4.0,2049,0.106
25,21,4.0,2050,0.106
25,22,4.0,2023,2.291
25,22,4.0,2024,2.291
25,22,4.0,2025,2.291
25,22,4.0,2026,2.291
25,22,4.0,2027,2.291
25,22,4.0,2028,2.291
25,22,4.0,2029,2.291
25,22,4.0,2030,2.291
25,22,4.0,2031,2.291
25,22,4.0,2032,2.291
25,22,4.0,2033,2.291
25,22,4.0,2034,2.291
25,22,4.0,2035,2.291
25,22,4.0,2036,2.291
25,22,4.0,2037,2.291
25,22,4.0,2038,2.291
25,22,4.0,2039,2.291
25,22,4.0,2040,2.291
25,22,4.0,2041,2.291
25,22,4.0,2042,2.291
25,22,4.0,2043,2.291
25,22,4.0,2044,2.291
25,22,4.0,2045,2.291
25,22,4.0,2046,2.291
25,22,4.0,2047,2.291
25,22,4.0,2048,2.291
25,22,4.0,2049,2.291
25,22,4.0,2050,2.291
25,23,4.0,2023,3.628
25,23,4.0,2024,3.628
25,23,4.0,2025,3.628
25,23,4.0,2026,3.628
25,23,4.0,2027,3.628
25,23,4.0,2028,3.628
25,23,4.0,2029,3.628
25,23,4.0,2030,3.628
25,23,4.0,2031,3.628
25,23,4.0,2032,3.628
25,23,4.0,2033,3.628
25,23,4.0,2034,3.628
25,23,4.0,2035,3.628
25,23,4.0,2036,3.628
25,23,4.0,2037,3.628
25,23,4.0,2038,3.628
25,23,4.0,2039,3.628
25,23,4.0,2040,3.628
25,23,4.0,2041,3.628
25,23,4.0,2042,3.628
25,23,4.0,2043,3.628
25,23,4.0,2044,3.628
25,23,4.0,2045,3.628
25,23,4.0,2046,3.628
25,23,4.0,2047,3.628
25,23,4.0,2048,3.628
25,23,4.0,2049,3.628
25,23,4.0,2050,3.628
25,24,4.0,2023,0.164
25,24,4.0,2024,0.164
25,24,4.0,2025,0.164
25,24,4.0,2026,0.164
25,24,4.0,2027,0.164
25,24,4.0,2028,0.164
25,24,4.0,2029,0.164
25,24,4.0,2030,0.164
25,24,4.0,2031,0.164
25,24,4.0,2032,0.164
25,24,4.0,2033,0.164
25,24,4.0,2034,0.164
25,24,4.0,2035,0.164
25,24,4.0,2036,0.164
25,24,4.0,2037,0.164
25,24,4.0,2038,0.164
25,24,4.0,2039,0.164
25,24,4.0,2040,0.164
25,24,4.0,2041,0.164
25,24,4.0,2042,0.164
25,24,4.0,2043,0.164
25,24,4.0,2044,0.164
25,24,4.0,2045,0.164
25,24,4.0,2046,0.164
25,24,4.0,2047,0.164
25,24,4.0,2048,0.164
25,24,4.0,2049,0.164
25,24,4.0,2050,0.164
