# Commercial consumption by fuel and end use, quadrillion Btu.
# Source: EIA, Annual Energy Outlook 2026, Table 5 (Commercial Sector Key Indicators
# and Consumption), by series code;
# reference: NEMS run cb2026.d021826b
# high_electricity_demand: NEMS run higheldmd.d021526a
# Downloaded from https://www.eia.gov/outlooks/aeo/tables_ref.php (side cases through its side-case tables).
# Electricity rows are gross end use; gross_end_use_total, ev_charging, own_generation
# and purchased_total are the table rows that turn it into purchased electricity.
# combined_heat_power_input: natural gas input to commercial distributed generation and
# combined heat and power, supplemental Table 22, Counterfactual Baseline, trillion Btu
# divided by 1000; used for both cases (assumption). AEO2026 counts it in other uses.
case,fuel,service,year,consumption_quad,series_code,source_row
reference,electricity,heating,2025,0.2008572667837143,CKI000:ga_SpaceHeating,Table 5 r736
reference,electricity,heating,2026,0.1939620971679688,CKI000:ga_SpaceHeating,Table 5 r736
reference,electricity,heating,2027,0.1922510117292404,CKI000:ga_SpaceHeating,Table 5 r736
reference,electricity,heating,2028,0.19108547270298,CKI000:ga_SpaceHeating,Table 5 r736
reference,electricity,heating,2029,0.1893623471260071,CKI000:ga_SpaceHeating,Table 5 r736
reference,electricity,heating,2030,0.1873627007007599,CKI000:ga_SpaceHeating,Table 5 r736
reference,electricity,heating,2031,0.18455770611763,CKI000:ga_SpaceHeating,Table 5 r736
reference,electricity,heating,2032,0.182095393538475,CKI000:ga_SpaceHeating,Table 5 r736
reference,electricity,heating,2033,0.1800144463777542,CKI000:ga_SpaceHeating,Table 5 r736
reference,electricity,heating,2034,0.1784331053495407,CKI000:ga_SpaceHeating,Table 5 r736
reference,electricity,heating,2035,0.1770636588335037,CKI000:ga_SpaceHeating,Table 5 r736
reference,electricity,heating,2036,0.175607830286026,CKI000:ga_SpaceHeating,Table 5 r736
reference,electricity,heating,2037,0.1737585514783859,CKI000:ga_SpaceHeating,Table 5 r736
reference,electricity,heating,2038,0.1711659878492355,CKI000:ga_SpaceHeating,Table 5 r736
reference,electricity,heating,2039,0.1688033044338226,CKI000:ga_SpaceHeating,Table 5 r736
reference,electricity,heating,2040,0.166516587138176,CKI000:ga_SpaceHeating,Table 5 r736
reference,electricity,heating,2041,0.1643439084291458,CKI000:ga_SpaceHeating,Table 5 r736
reference,electricity,heating,2042,0.1620206534862518,CKI000:ga_SpaceHeating,Table 5 r736
reference,electricity,heating,2043,0.159623384475708,CKI000:ga_SpaceHeating,Table 5 r736
reference,electricity,heating,2044,0.1571688652038574,CKI000:ga_SpaceHeating,Table 5 r736
reference,electricity,heating,2045,0.1547301858663559,CKI000:ga_SpaceHeating,Table 5 r736
reference,electricity,heating,2046,0.1522573381662369,CKI000:ga_SpaceHeating,Table 5 r736
reference,electricity,heating,2047,0.1497064083814621,CKI000:ga_SpaceHeating,Table 5 r736
reference,electricity,heating,2048,0.147137925028801,CKI000:ga_SpaceHeating,Table 5 r736
reference,electricity,heating,2049,0.1445132046937943,CKI000:ga_SpaceHeating,Table 5 r736
reference,electricity,heating,2050,0.1418937146663666,CKI000:ga_SpaceHeating,Table 5 r736
reference,electricity,cooling,2025,0.5668479800224304,CKI000:ga_SpaceCooling,Table 5 r737
reference,electricity,cooling,2026,0.5944702625274658,CKI000:ga_SpaceCooling,Table 5 r737
reference,electricity,cooling,2027,0.6008303761482239,CKI000:ga_SpaceCooling,Table 5 r737
reference,electricity,cooling,2028,0.6088120937347412,CKI000:ga_SpaceCooling,Table 5 r737
reference,electricity,cooling,2029,0.6148318648338318,CKI000:ga_SpaceCooling,Table 5 r737
reference,electricity,cooling,2030,0.6185280084609985,CKI000:ga_SpaceCooling,Table 5 r737
reference,electricity,cooling,2031,0.6204274892807007,CKI000:ga_SpaceCooling,Table 5 r737
reference,electricity,cooling,2032,0.6241323351860046,CKI000:ga_SpaceCooling,Table 5 r737
reference,electricity,cooling,2033,0.6297503709793091,CKI000:ga_SpaceCooling,Table 5 r737
reference,electricity,cooling,2034,0.6376718878746033,CKI000:ga_SpaceCooling,Table 5 r737
reference,electricity,cooling,2035,0.6468079090118408,CKI000:ga_SpaceCooling,Table 5 r737
reference,electricity,cooling,2036,0.6560438275337219,CKI000:ga_SpaceCooling,Table 5 r737
reference,electricity,cooling,2037,0.6645801663398743,CKI000:ga_SpaceCooling,Table 5 r737
reference,electricity,cooling,2038,0.6709057688713074,CKI000:ga_SpaceCooling,Table 5 r737
reference,electricity,cooling,2039,0.6777352094650269,CKI000:ga_SpaceCooling,Table 5 r737
reference,electricity,cooling,2040,0.6856390833854675,CKI000:ga_SpaceCooling,Table 5 r737
reference,electricity,cooling,2041,0.6954947113990784,CKI000:ga_SpaceCooling,Table 5 r737
reference,electricity,cooling,2042,0.7052700519561768,CKI000:ga_SpaceCooling,Table 5 r737
reference,electricity,cooling,2043,0.7150180339813232,CKI000:ga_SpaceCooling,Table 5 r737
reference,electricity,cooling,2044,0.7246060371398926,CKI000:ga_SpaceCooling,Table 5 r737
reference,electricity,cooling,2045,0.7346146702766418,CKI000:ga_SpaceCooling,Table 5 r737
reference,electricity,cooling,2046,0.7445421814918518,CKI000:ga_SpaceCooling,Table 5 r737
reference,electricity,cooling,2047,0.7544951438903809,CKI000:ga_SpaceCooling,Table 5 r737
reference,electricity,cooling,2048,0.7646663784980774,CKI000:ga_SpaceCooling,Table 5 r737
reference,electricity,cooling,2049,0.7750138640403748,CKI000:ga_SpaceCooling,Table 5 r737
reference,electricity,cooling,2050,0.7855894565582275,CKI000:ga_SpaceCooling,Table 5 r737
reference,electricity,water_heating,2025,0.07379735261201859,CKI000:ga_WaterHeating,Table 5 r738
reference,electricity,water_heating,2026,0.07272297143936157,CKI000:ga_WaterHeating,Table 5 r738
reference,electricity,water_heating,2027,0.07204318791627884,CKI000:ga_WaterHeating,Table 5 r738
reference,electricity,water_heating,2028,0.07158970832824707,CKI000:ga_WaterHeating,Table 5 r738
reference,electricity,water_heating,2029,0.07094280421733856,CKI000:ga_WaterHeating,Table 5 r738
reference,electricity,water_heating,2030,0.06997934728860855,CKI000:ga_WaterHeating,Table 5 r738
reference,electricity,water_heating,2031,0.06871704757213593,CKI000:ga_WaterHeating,Table 5 r738
reference,electricity,water_heating,2032,0.06762523204088211,CKI000:ga_WaterHeating,Table 5 r738
reference,electricity,water_heating,2033,0.06671049445867538,CKI000:ga_WaterHeating,Table 5 r738
reference,electricity,water_heating,2034,0.06601949036121368,CKI000:ga_WaterHeating,Table 5 r738
reference,electricity,water_heating,2035,0.06545990705490112,CKI000:ga_WaterHeating,Table 5 r738
reference,electricity,water_heating,2036,0.06489485502243042,CKI000:ga_WaterHeating,Table 5 r738
reference,electricity,water_heating,2037,0.06422639638185501,CKI000:ga_WaterHeating,Table 5 r738
reference,electricity,water_heating,2038,0.06330520659685135,CKI000:ga_WaterHeating,Table 5 r738
reference,electricity,water_heating,2039,0.06247259676456451,CKI000:ga_WaterHeating,Table 5 r738
reference,electricity,water_heating,2040,0.06169459968805313,CKI000:ga_WaterHeating,Table 5 r738
reference,electricity,water_heating,2041,0.06102752313017845,CKI000:ga_WaterHeating,Table 5 r738
reference,electricity,water_heating,2042,0.06031962856650352,CKI000:ga_WaterHeating,Table 5 r738
reference,electricity,water_heating,2043,0.05959953367710114,CKI000:ga_WaterHeating,Table 5 r738
reference,electricity,water_heating,2044,0.05888591334223747,CKI000:ga_WaterHeating,Table 5 r738
reference,electricity,water_heating,2045,0.05818051844835281,CKI000:ga_WaterHeating,Table 5 r738
reference,electricity,water_heating,2046,0.05747582763433456,CKI000:ga_WaterHeating,Table 5 r738
reference,electricity,water_heating,2047,0.05676297843456268,CKI000:ga_WaterHeating,Table 5 r738
reference,electricity,water_heating,2048,0.05603567883372307,CKI000:ga_WaterHeating,Table 5 r738
reference,electricity,water_heating,2049,0.05529457330703735,CKI000:ga_WaterHeating,Table 5 r738
reference,electricity,water_heating,2050,0.0545625202357769,CKI000:ga_WaterHeating,Table 5 r738
reference,electricity,ventilation,2025,0.7725794911384583,CKI000:ga_Ventilation,Table 5 r739
reference,electricity,ventilation,2026,0.7780646681785583,CKI000:ga_Ventilation,Table 5 r739
reference,electricity,ventilation,2027,0.7870962023735046,CKI000:ga_Ventilation,Table 5 r739
reference,electricity,ventilation,2028,0.7985875010490417,CKI000:ga_Ventilation,Table 5 r739
reference,electricity,ventilation,2029,0.8075729012489319,CKI000:ga_Ventilation,Table 5 r739
reference,electricity,ventilation,2030,0.8109613656997681,CKI000:ga_Ventilation,Table 5 r739
reference,electricity,ventilation,2031,0.8116822838783264,CKI000:ga_Ventilation,Table 5 r739
reference,electricity,ventilation,2032,0.8147052526473999,CKI000:ga_Ventilation,Table 5 r739
reference,electricity,ventilation,2033,0.8200379610061646,CKI000:ga_Ventilation,Table 5 r739
reference,electricity,ventilation,2034,0.828115701675415,CKI000:ga_Ventilation,Table 5 r739
reference,electricity,ventilation,2035,0.8376845717430115,CKI000:ga_Ventilation,Table 5 r739
reference,electricity,ventilation,2036,0.8474339246749878,CKI000:ga_Ventilation,Table 5 r739
reference,electricity,ventilation,2037,0.8561092019081116,CKI000:ga_Ventilation,Table 5 r739
reference,electricity,ventilation,2038,0.8618279099464417,CKI000:ga_Ventilation,Table 5 r739
reference,electricity,ventilation,2039,0.8688724040985107,CKI000:ga_Ventilation,Table 5 r739
reference,electricity,ventilation,2040,0.876697838306427,CKI000:ga_Ventilation,Table 5 r739
reference,electricity,ventilation,2041,0.8858915567398071,CKI000:ga_Ventilation,Table 5 r739
reference,electricity,ventilation,2042,0.8944792151451111,CKI000:ga_Ventilation,Table 5 r739
reference,electricity,ventilation,2043,0.9029466509819031,CKI000:ga_Ventilation,Table 5 r739
reference,electricity,ventilation,2044,0.9113969802856445,CKI000:ga_Ventilation,Table 5 r739
reference,electricity,ventilation,2045,0.9199150204658508,CKI000:ga_Ventilation,Table 5 r739
reference,electricity,ventilation,2046,0.9285116195678711,CKI000:ga_Ventilation,Table 5 r739
reference,electricity,ventilation,2047,0.9369467496871948,CKI000:ga_Ventilation,Table 5 r739
reference,electricity,ventilation,2048,0.9454537034034729,CKI000:ga_Ventilation,Table 5 r739
reference,electricity,ventilation,2049,0.9538123607635498,CKI000:ga_Ventilation,Table 5 r739
reference,electricity,ventilation,2050,0.9623863101005554,CKI000:ga_Ventilation,Table 5 r739
reference,electricity,cooking,2025,0.08399104326963425,CKI000:ga_Cooking,Table 5 r740
reference,electricity,cooking,2026,0.08324236422777176,CKI000:ga_Cooking,Table 5 r740
reference,electricity,cooking,2027,0.08286590874195099,CKI000:ga_Cooking,Table 5 r740
reference,electricity,cooking,2028,0.08270642161369324,CKI000:ga_Cooking,Table 5 r740
reference,electricity,cooking,2029,0.08227171003818512,CKI000:ga_Cooking,Table 5 r740
reference,electricity,cooking,2030,0.08150182664394379,CKI000:ga_Cooking,Table 5 r740
reference,electricity,cooking,2031,0.08042678236961365,CKI000:ga_Cooking,Table 5 r740
reference,electricity,cooking,2032,0.07956438511610031,CKI000:ga_Cooking,Table 5 r740
reference,electricity,cooking,2033,0.07891273498535156,CKI000:ga_Cooking,Table 5 r740
reference,electricity,cooking,2034,0.078505739569664,CKI000:ga_Cooking,Table 5 r740
reference,electricity,cooking,2035,0.07821119576692581,CKI000:ga_Cooking,Table 5 r740
reference,electricity,cooking,2036,0.07789209485054016,CKI000:ga_Cooking,Table 5 r740
reference,electricity,cooking,2037,0.07743514329195023,CKI000:ga_Cooking,Table 5 r740
reference,electricity,cooking,2038,0.07669108361005783,CKI000:ga_Cooking,Table 5 r740
reference,electricity,cooking,2039,0.07602860033512115,CKI000:ga_Cooking,Table 5 r740
reference,electricity,cooking,2040,0.07542286813259125,CKI000:ga_Cooking,Table 5 r740
reference,electricity,cooking,2041,0.07495575398206711,CKI000:ga_Cooking,Table 5 r740
reference,electricity,cooking,2042,0.07442811876535416,CKI000:ga_Cooking,Table 5 r740
reference,electricity,cooking,2043,0.07387300580739975,CKI000:ga_Cooking,Table 5 r740
reference,electricity,cooking,2044,0.07330123335123062,CKI000:ga_Cooking,Table 5 r740
reference,electricity,cooking,2045,0.07271905243396759,CKI000:ga_Cooking,Table 5 r740
reference,electricity,cooking,2046,0.07212329655885696,CKI000:ga_Cooking,Table 5 r740
reference,electricity,cooking,2047,0.07150239497423172,CKI000:ga_Cooking,Table 5 r740
reference,electricity,cooking,2048,0.07087241113185883,CKI000:ga_Cooking,Table 5 r740
reference,electricity,cooking,2049,0.07021734118461609,CKI000:ga_Cooking,Table 5 r740
reference,electricity,cooking,2050,0.06956163793802261,CKI000:ga_Cooking,Table 5 r740
reference,electricity,lighting,2025,0.5646493434906006,CKI000:ga_Lighting,Table 5 r741
reference,electricity,lighting,2026,0.5533192753791809,CKI000:ga_Lighting,Table 5 r741
reference,electricity,lighting,2027,0.5471704006195068,CKI000:ga_Lighting,Table 5 r741
reference,electricity,lighting,2028,0.5451200604438782,CKI000:ga_Lighting,Table 5 r741
reference,electricity,lighting,2029,0.5427239537239075,CKI000:ga_Lighting,Table 5 r741
reference,electricity,lighting,2030,0.5309145450592041,CKI000:ga_Lighting,Table 5 r741
reference,electricity,lighting,2031,0.5185157060623169,CKI000:ga_Lighting,Table 5 r741
reference,electricity,lighting,2032,0.5086320042610168,CKI000:ga_Lighting,Table 5 r741
reference,electricity,lighting,2033,0.500454306602478,CKI000:ga_Lighting,Table 5 r741
reference,electricity,lighting,2034,0.4943024218082428,CKI000:ga_Lighting,Table 5 r741
reference,electricity,lighting,2035,0.4893093705177307,CKI000:ga_Lighting,Table 5 r741
reference,electricity,lighting,2036,0.4851497113704681,CKI000:ga_Lighting,Table 5 r741
reference,electricity,lighting,2037,0.4811616837978363,CKI000:ga_Lighting,Table 5 r741
reference,electricity,lighting,2038,0.4761722981929779,CKI000:ga_Lighting,Table 5 r741
reference,electricity,lighting,2039,0.4726008474826813,CKI000:ga_Lighting,Table 5 r741
reference,electricity,lighting,2040,0.4676536321640015,CKI000:ga_Lighting,Table 5 r741
reference,electricity,lighting,2041,0.464448869228363,CKI000:ga_Lighting,Table 5 r741
reference,electricity,lighting,2042,0.4615131914615631,CKI000:ga_Lighting,Table 5 r741
reference,electricity,lighting,2043,0.4591385126113892,CKI000:ga_Lighting,Table 5 r741
reference,electricity,lighting,2044,0.457194060087204,CKI000:ga_Lighting,Table 5 r741
reference,electricity,lighting,2045,0.4556207656860352,CKI000:ga_Lighting,Table 5 r741
reference,electricity,lighting,2046,0.454386979341507,CKI000:ga_Lighting,Table 5 r741
reference,electricity,lighting,2047,0.4533399641513824,CKI000:ga_Lighting,Table 5 r741
reference,electricity,lighting,2048,0.4524266719818115,CKI000:ga_Lighting,Table 5 r741
reference,electricity,lighting,2049,0.4515644609928131,CKI000:ga_Lighting,Table 5 r741
reference,electricity,lighting,2050,0.450908362865448,CKI000:ga_Lighting,Table 5 r741
reference,electricity,refrigeration,2025,0.3667337596416473,CKI000:ga_Refrigeration,Table 5 r742
reference,electricity,refrigeration,2026,0.3659494519233704,CKI000:ga_Refrigeration,Table 5 r742
reference,electricity,refrigeration,2027,0.3661428689956665,CKI000:ga_Refrigeration,Table 5 r742
reference,electricity,refrigeration,2028,0.3669217824935913,CKI000:ga_Refrigeration,Table 5 r742
reference,electricity,refrigeration,2029,0.3673514127731323,CKI000:ga_Refrigeration,Table 5 r742
reference,electricity,refrigeration,2030,0.3662858605384827,CKI000:ga_Refrigeration,Table 5 r742
reference,electricity,refrigeration,2031,0.3652063012123108,CKI000:ga_Refrigeration,Table 5 r742
reference,electricity,refrigeration,2032,0.3648000359535217,CKI000:ga_Refrigeration,Table 5 r742
reference,electricity,refrigeration,2033,0.3650224804878235,CKI000:ga_Refrigeration,Table 5 r742
reference,electricity,refrigeration,2034,0.3659045994281769,CKI000:ga_Refrigeration,Table 5 r742
reference,electricity,refrigeration,2035,0.3672163486480713,CKI000:ga_Refrigeration,Table 5 r742
reference,electricity,refrigeration,2036,0.3687054514884949,CKI000:ga_Refrigeration,Table 5 r742
reference,electricity,refrigeration,2037,0.370119035243988,CKI000:ga_Refrigeration,Table 5 r742
reference,electricity,refrigeration,2038,0.3710215389728546,CKI000:ga_Refrigeration,Table 5 r742
reference,electricity,refrigeration,2039,0.372116357088089,CKI000:ga_Refrigeration,Table 5 r742
reference,electricity,refrigeration,2040,0.3732833564281464,CKI000:ga_Refrigeration,Table 5 r742
reference,electricity,refrigeration,2041,0.3748399317264557,CKI000:ga_Refrigeration,Table 5 r742
reference,electricity,refrigeration,2042,0.3761992454528809,CKI000:ga_Refrigeration,Table 5 r742
reference,electricity,refrigeration,2043,0.3774564862251282,CKI000:ga_Refrigeration,Table 5 r742
reference,electricity,refrigeration,2044,0.3786323368549347,CKI000:ga_Refrigeration,Table 5 r742
reference,electricity,refrigeration,2045,0.3797447383403778,CKI000:ga_Refrigeration,Table 5 r742
reference,electricity,refrigeration,2046,0.3807975947856903,CKI000:ga_Refrigeration,Table 5 r742
reference,electricity,refrigeration,2047,0.3817659914493561,CKI000:ga_Refrigeration,Table 5 r742
reference,electricity,refrigeration,2048,0.3826877176761627,CKI000:ga_Refrigeration,Table 5 r742
reference,electricity,refrigeration,2049,0.3835281431674957,CKI000:ga_Refrigeration,Table 5 r742
reference,electricity,refrigeration,2050,0.3843447864055634,CKI000:ga_Refrigeration,Table 5 r742
reference,electricity,data_center_servers,2025,0.3576915264129639,CKI000:ga_DataCtrServ,Table 5 r743
reference,electricity,data_center_servers,2026,0.4036961495876312,CKI000:ga_DataCtrServ,Table 5 r743
reference,electricity,data_center_servers,2027,0.4529649317264557,CKI000:ga_DataCtrServ,Table 5 r743
reference,electricity,data_center_servers,2028,0.5038370490074158,CKI000:ga_DataCtrServ,Table 5 r743
reference,electricity,data_center_servers,2029,0.5556825995445251,CKI000:ga_DataCtrServ,Table 5 r743
reference,electricity,data_center_servers,2030,0.6078678369522095,CKI000:ga_DataCtrServ,Table 5 r743
reference,electricity,data_center_servers,2031,0.6600806713104248,CKI000:ga_DataCtrServ,Table 5 r743
reference,electricity,data_center_servers,2032,0.7135237455368042,CKI000:ga_DataCtrServ,Table 5 r743
reference,electricity,data_center_servers,2033,0.7682074308395386,CKI000:ga_DataCtrServ,Table 5 r743
reference,electricity,data_center_servers,2034,0.8241578936576843,CKI000:ga_DataCtrServ,Table 5 r743
reference,electricity,data_center_servers,2035,0.8810976147651672,CKI000:ga_DataCtrServ,Table 5 r743
reference,electricity,data_center_servers,2036,0.9383040070533752,CKI000:ga_DataCtrServ,Table 5 r743
reference,electricity,data_center_servers,2037,0.9954250454902649,CKI000:ga_DataCtrServ,Table 5 r743
reference,electricity,data_center_servers,2038,1.051186442375183,CKI000:ga_DataCtrServ,Table 5 r743
reference,electricity,data_center_servers,2039,1.106163859367371,CKI000:ga_DataCtrServ,Table 5 r743
reference,electricity,data_center_servers,2040,1.159751534461975,CKI000:ga_DataCtrServ,Table 5 r743
reference,electricity,data_center_servers,2041,1.211841583251953,CKI000:ga_DataCtrServ,Table 5 r743
reference,electricity,data_center_servers,2042,1.26110577583313,CKI000:ga_DataCtrServ,Table 5 r743
reference,electricity,data_center_servers,2043,1.307567358016968,CKI000:ga_DataCtrServ,Table 5 r743
reference,electricity,data_center_servers,2044,1.350487947463989,CKI000:ga_DataCtrServ,Table 5 r743
reference,electricity,data_center_servers,2045,1.389947175979614,CKI000:ga_DataCtrServ,Table 5 r743
reference,electricity,data_center_servers,2046,1.425127744674683,CKI000:ga_DataCtrServ,Table 5 r743
reference,electricity,data_center_servers,2047,1.455812573432922,CKI000:ga_DataCtrServ,Table 5 r743
reference,electricity,data_center_servers,2048,1.481615304946899,CKI000:ga_DataCtrServ,Table 5 r743
reference,electricity,data_center_servers,2049,1.502121806144714,CKI000:ga_DataCtrServ,Table 5 r743
reference,electricity,data_center_servers,2050,1.520461201667786,CKI000:ga_DataCtrServ,Table 5 r743
reference,electricity,computers_office_equipment,2025,0.2169525623321533,CKI000:ha_CompOfficeEquipme,Table 5 r744
reference,electricity,computers_office_equipment,2026,0.2117440104484558,CKI000:ha_CompOfficeEquipme,Table 5 r744
reference,electricity,computers_office_equipment,2027,0.2071160078048706,CKI000:ha_CompOfficeEquipme,Table 5 r744
reference,electricity,computers_office_equipment,2028,0.202667161822319,CKI000:ha_CompOfficeEquipme,Table 5 r744
reference,electricity,computers_office_equipment,2029,0.1982163935899734,CKI000:ha_CompOfficeEquipme,Table 5 r744
reference,electricity,computers_office_equipment,2030,0.1938313096761703,CKI000:ha_CompOfficeEquipme,Table 5 r744
reference,electricity,computers_office_equipment,2031,0.1895835399627686,CKI000:ha_CompOfficeEquipme,Table 5 r744
reference,electricity,computers_office_equipment,2032,0.1853969097137451,CKI000:ha_CompOfficeEquipme,Table 5 r744
reference,electricity,computers_office_equipment,2033,0.1821279376745224,CKI000:ha_CompOfficeEquipme,Table 5 r744
reference,electricity,computers_office_equipment,2034,0.1794541329145432,CKI000:ha_CompOfficeEquipme,Table 5 r744
reference,electricity,computers_office_equipment,2035,0.1769449412822723,CKI000:ha_CompOfficeEquipme,Table 5 r744
reference,electricity,computers_office_equipment,2036,0.175024077296257,CKI000:ha_CompOfficeEquipme,Table 5 r744
reference,electricity,computers_office_equipment,2037,0.1732259094715118,CKI000:ha_CompOfficeEquipme,Table 5 r744
reference,electricity,computers_office_equipment,2038,0.1714451313018799,CKI000:ha_CompOfficeEquipme,Table 5 r744
reference,electricity,computers_office_equipment,2039,0.1703834980726242,CKI000:ha_CompOfficeEquipme,Table 5 r744
reference,electricity,computers_office_equipment,2040,0.1690667569637299,CKI000:ha_CompOfficeEquipme,Table 5 r744
reference,electricity,computers_office_equipment,2041,0.1674602478742599,CKI000:ha_CompOfficeEquipme,Table 5 r744
reference,electricity,computers_office_equipment,2042,0.1666030138731003,CKI000:ha_CompOfficeEquipme,Table 5 r744
reference,electricity,computers_office_equipment,2043,0.1649336218833923,CKI000:ha_CompOfficeEquipme,Table 5 r744
reference,electricity,computers_office_equipment,2044,0.16356061398983,CKI000:ha_CompOfficeEquipme,Table 5 r744
reference,electricity,computers_office_equipment,2045,0.161945641040802,CKI000:ha_CompOfficeEquipme,Table 5 r744
reference,electricity,computers_office_equipment,2046,0.1606939136981964,CKI000:ha_CompOfficeEquipme,Table 5 r744
reference,electricity,computers_office_equipment,2047,0.1586046069860458,CKI000:ha_CompOfficeEquipme,Table 5 r744
reference,electricity,computers_office_equipment,2048,0.1562744677066803,CKI000:ha_CompOfficeEquipme,Table 5 r744
reference,electricity,computers_office_equipment,2049,0.1536922454833984,CKI000:ha_CompOfficeEquipme,Table 5 r744
reference,electricity,computers_office_equipment,2050,0.1508654356002808,CKI000:ha_CompOfficeEquipme,Table 5 r744
reference,electricity,other_uses,2025,1.949144959449768,CKI000:ha_OtherUses,Table 5 r745
reference,electricity,other_uses,2026,2.133787393569946,CKI000:ha_OtherUses,Table 5 r745
reference,electricity,other_uses,2027,2.139745235443115,CKI000:ha_OtherUses,Table 5 r745
reference,electricity,other_uses,2028,2.139042377471924,CKI000:ha_OtherUses,Table 5 r745
reference,electricity,other_uses,2029,2.137603282928467,CKI000:ha_OtherUses,Table 5 r745
reference,electricity,other_uses,2030,2.134884834289551,CKI000:ha_OtherUses,Table 5 r745
reference,electricity,other_uses,2031,2.130791664123535,CKI000:ha_OtherUses,Table 5 r745
reference,electricity,other_uses,2032,2.128430604934692,CKI000:ha_OtherUses,Table 5 r745
reference,electricity,other_uses,2033,2.129371881484985,CKI000:ha_OtherUses,Table 5 r745
reference,electricity,other_uses,2034,2.130579471588135,CKI000:ha_OtherUses,Table 5 r745
reference,electricity,other_uses,2035,2.133115768432617,CKI000:ha_OtherUses,Table 5 r745
reference,electricity,other_uses,2036,2.138372659683228,CKI000:ha_OtherUses,Table 5 r745
reference,electricity,other_uses,2037,2.143994092941284,CKI000:ha_OtherUses,Table 5 r745
reference,electricity,other_uses,2038,2.149150609970093,CKI000:ha_OtherUses,Table 5 r745
reference,electricity,other_uses,2039,2.155061721801758,CKI000:ha_OtherUses,Table 5 r745
reference,electricity,other_uses,2040,2.161598205566406,CKI000:ha_OtherUses,Table 5 r745
reference,electricity,other_uses,2041,2.168667316436768,CKI000:ha_OtherUses,Table 5 r745
reference,electricity,other_uses,2042,2.175845861434937,CKI000:ha_OtherUses,Table 5 r745
reference,electricity,other_uses,2043,2.183388948440552,CKI000:ha_OtherUses,Table 5 r745
reference,electricity,other_uses,2044,2.191021203994751,CKI000:ha_OtherUses,Table 5 r745
reference,electricity,other_uses,2045,2.199123382568359,CKI000:ha_OtherUses,Table 5 r745
reference,electricity,other_uses,2046,2.207422733306885,CKI000:ha_OtherUses,Table 5 r745
reference,electricity,other_uses,2047,2.216099739074707,CKI000:ha_OtherUses,Table 5 r745
reference,electricity,other_uses,2048,2.225399017333984,CKI000:ha_OtherUses,Table 5 r745
reference,electricity,other_uses,2049,2.235003471374512,CKI000:ha_OtherUses,Table 5 r745
reference,electricity,other_uses,2050,2.245546579360962,CKI000:ha_OtherUses,Table 5 r745
reference,electricity,gross_end_use_total,2025,5.153245449066162,CKI000:ha_ElecSubtotal,Table 5 r746
reference,electricity,gross_end_use_total,2026,5.390958309173584,CKI000:ha_ElecSubtotal,Table 5 r746
reference,electricity,gross_end_use_total,2027,5.448225975036621,CKI000:ha_ElecSubtotal,Table 5 r746
reference,electricity,gross_end_use_total,2028,5.510369777679443,CKI000:ha_ElecSubtotal,Table 5 r746
reference,electricity,gross_end_use_total,2029,5.566559314727783,CKI000:ha_ElecSubtotal,Table 5 r746
reference,electricity,gross_end_use_total,2030,5.60211706161499,CKI000:ha_ElecSubtotal,Table 5 r746
reference,electricity,gross_end_use_total,2031,5.629989147186279,CKI000:ha_ElecSubtotal,Table 5 r746
reference,electricity,gross_end_use_total,2032,5.668905735015869,CKI000:ha_ElecSubtotal,Table 5 r746
reference,electricity,gross_end_use_total,2033,5.720609664916992,CKI000:ha_ElecSubtotal,Table 5 r746
reference,electricity,gross_end_use_total,2034,5.783144474029541,CKI000:ha_ElecSubtotal,Table 5 r746
reference,electricity,gross_end_use_total,2035,5.852911472320557,CKI000:ha_ElecSubtotal,Table 5 r746
reference,electricity,gross_end_use_total,2036,5.927428245544434,CKI000:ha_ElecSubtotal,Table 5 r746
reference,electricity,gross_end_use_total,2037,6.000035285949707,CKI000:ha_ElecSubtotal,Table 5 r746
reference,electricity,gross_end_use_total,2038,6.062871932983398,CKI000:ha_ElecSubtotal,Table 5 r746
reference,electricity,gross_end_use_total,2039,6.13023853302002,CKI000:ha_ElecSubtotal,Table 5 r746
reference,electricity,gross_end_use_total,2040,6.197324752807617,CKI000:ha_ElecSubtotal,Table 5 r746
reference,electricity,gross_end_use_total,2041,6.26897144317627,CKI000:ha_ElecSubtotal,Table 5 r746
reference,electricity,gross_end_use_total,2042,6.337784767150879,CKI000:ha_ElecSubtotal,Table 5 r746
reference,electricity,gross_end_use_total,2043,6.40354585647583,CKI000:ha_ElecSubtotal,Table 5 r746
reference,electricity,gross_end_use_total,2044,6.466254711151123,CKI000:ha_ElecSubtotal,Table 5 r746
reference,electricity,gross_end_use_total,2045,6.526541233062744,CKI000:ha_ElecSubtotal,Table 5 r746
reference,electricity,gross_end_use_total,2046,6.583339214324951,CKI000:ha_ElecSubtotal,Table 5 r746
reference,electricity,gross_end_use_total,2047,6.635036945343018,CKI000:ha_ElecSubtotal,Table 5 r746
reference,electricity,gross_end_use_total,2048,6.682569026947021,CKI000:ha_ElecSubtotal,Table 5 r746
reference,electricity,gross_end_use_total,2049,6.724761486053467,CKI000:ha_ElecSubtotal,Table 5 r746
reference,electricity,gross_end_use_total,2050,6.766119956970215,CKI000:ha_ElecSubtotal,Table 5 r746
reference,electricity,ev_charging,2025,0.03188248723745346,CKI000:ha_PurchElecEVCha,Table 5 r747
reference,electricity,ev_charging,2026,0.04233109205961227,CKI000:ha_PurchElecEVCha,Table 5 r747
reference,electricity,ev_charging,2027,0.05607222765684128,CKI000:ha_PurchElecEVCha,Table 5 r747
reference,electricity,ev_charging,2028,0.07656825333833694,CKI000:ha_PurchElecEVCha,Table 5 r747
reference,electricity,ev_charging,2029,0.10438172519207,CKI000:ha_PurchElecEVCha,Table 5 r747
reference,electricity,ev_charging,2030,0.1531960070133209,CKI000:ha_PurchElecEVCha,Table 5 r747
reference,electricity,ev_charging,2031,0.217016413807869,CKI000:ha_PurchElecEVCha,Table 5 r747
reference,electricity,ev_charging,2032,0.2997380197048187,CKI000:ha_PurchElecEVCha,Table 5 r747
reference,electricity,ev_charging,2033,0.3871346116065979,CKI000:ha_PurchElecEVCha,Table 5 r747
reference,electricity,ev_charging,2034,0.4768418967723846,CKI000:ha_PurchElecEVCha,Table 5 r747
reference,electricity,ev_charging,2035,0.5642964839935303,CKI000:ha_PurchElecEVCha,Table 5 r747
reference,electricity,ev_charging,2036,0.6480965614318848,CKI000:ha_PurchElecEVCha,Table 5 r747
reference,electricity,ev_charging,2037,0.7287134528160095,CKI000:ha_PurchElecEVCha,Table 5 r747
reference,electricity,ev_charging,2038,0.8054366111755371,CKI000:ha_PurchElecEVCha,Table 5 r747
reference,electricity,ev_charging,2039,0.8786669373512268,CKI000:ha_PurchElecEVCha,Table 5 r747
reference,electricity,ev_charging,2040,0.9480117559432983,CKI000:ha_PurchElecEVCha,Table 5 r747
reference,electricity,ev_charging,2041,1.01188063621521,CKI000:ha_PurchElecEVCha,Table 5 r747
reference,electricity,ev_charging,2042,1.071155667304993,CKI000:ha_PurchElecEVCha,Table 5 r747
reference,electricity,ev_charging,2043,1.124456286430359,CKI000:ha_PurchElecEVCha,Table 5 r747
reference,electricity,ev_charging,2044,1.173342943191528,CKI000:ha_PurchElecEVCha,Table 5 r747
reference,electricity,ev_charging,2045,1.218541026115417,CKI000:ha_PurchElecEVCha,Table 5 r747
reference,electricity,ev_charging,2046,1.259822726249695,CKI000:ha_PurchElecEVCha,Table 5 r747
reference,electricity,ev_charging,2047,1.296464443206787,CKI000:ha_PurchElecEVCha,Table 5 r747
reference,electricity,ev_charging,2048,1.328895092010498,CKI000:ha_PurchElecEVCha,Table 5 r747
reference,electricity,ev_charging,2049,1.358068943023682,CKI000:ha_PurchElecEVCha,Table 5 r747
reference,electricity,ev_charging,2050,1.383964657783508,CKI000:ha_PurchElecEVCha,Table 5 r747
reference,electricity,own_generation,2025,0.1595085859298706,CKI000:ha_OwnGeneration,Table 5 r748
reference,electricity,own_generation,2026,0.1786724925041199,CKI000:ha_OwnGeneration,Table 5 r748
reference,electricity,own_generation,2027,0.1948023289442062,CKI000:ha_OwnGeneration,Table 5 r748
reference,electricity,own_generation,2028,0.202564150094986,CKI000:ha_OwnGeneration,Table 5 r748
reference,electricity,own_generation,2029,0.2071133404970169,CKI000:ha_OwnGeneration,Table 5 r748
reference,electricity,own_generation,2030,0.2135711908340454,CKI000:ha_OwnGeneration,Table 5 r748
reference,electricity,own_generation,2031,0.2245582491159439,CKI000:ha_OwnGeneration,Table 5 r748
reference,electricity,own_generation,2032,0.2288928776979446,CKI000:ha_OwnGeneration,Table 5 r748
reference,electricity,own_generation,2033,0.2330686300992966,CKI000:ha_OwnGeneration,Table 5 r748
reference,electricity,own_generation,2034,0.2354893982410431,CKI000:ha_OwnGeneration,Table 5 r748
reference,electricity,own_generation,2035,0.2374932914972305,CKI000:ha_OwnGeneration,Table 5 r748
reference,electricity,own_generation,2036,0.2401219457387924,CKI000:ha_OwnGeneration,Table 5 r748
reference,electricity,own_generation,2037,0.2453322857618332,CKI000:ha_OwnGeneration,Table 5 r748
reference,electricity,own_generation,2038,0.2577781975269318,CKI000:ha_OwnGeneration,Table 5 r748
reference,electricity,own_generation,2039,0.2620338201522827,CKI000:ha_OwnGeneration,Table 5 r748
reference,electricity,own_generation,2040,0.2687481939792633,CKI000:ha_OwnGeneration,Table 5 r748
reference,electricity,own_generation,2041,0.2720365822315216,CKI000:ha_OwnGeneration,Table 5 r748
reference,electricity,own_generation,2042,0.2775891721248627,CKI000:ha_OwnGeneration,Table 5 r748
reference,electricity,own_generation,2043,0.281202107667923,CKI000:ha_OwnGeneration,Table 5 r748
reference,electricity,own_generation,2044,0.2854015231132507,CKI000:ha_OwnGeneration,Table 5 r748
reference,electricity,own_generation,2045,0.2892394959926605,CKI000:ha_OwnGeneration,Table 5 r748
reference,electricity,own_generation,2046,0.291998416185379,CKI000:ha_OwnGeneration,Table 5 r748
reference,electricity,own_generation,2047,0.296777755022049,CKI000:ha_OwnGeneration,Table 5 r748
reference,electricity,own_generation,2048,0.3007078468799591,CKI000:ha_OwnGeneration,Table 5 r748
reference,electricity,own_generation,2049,0.305662602186203,CKI000:ha_OwnGeneration,Table 5 r748
reference,electricity,own_generation,2050,0.3088104724884033,CKI000:ha_OwnGeneration,Table 5 r748
reference,electricity,purchased_total,2025,5.025619029998779,CKI000:ha_PurchasedElec,Table 5 r749
reference,electricity,purchased_total,2026,5.254616737365723,CKI000:ha_PurchasedElec,Table 5 r749
reference,electricity,purchased_total,2027,5.30949592590332,CKI000:ha_PurchasedElec,Table 5 r749
reference,electricity,purchased_total,2028,5.384373664855957,CKI000:ha_PurchasedElec,Table 5 r749
reference,electricity,purchased_total,2029,5.463828086853027,CKI000:ha_PurchasedElec,Table 5 r749
reference,electricity,purchased_total,2030,5.541741847991943,CKI000:ha_PurchasedElec,Table 5 r749
reference,electricity,purchased_total,2031,5.622447490692139,CKI000:ha_PurchasedElec,Table 5 r749
reference,electricity,purchased_total,2032,5.739750862121582,CKI000:ha_PurchasedElec,Table 5 r749
reference,electricity,purchased_total,2033,5.87467622756958,CKI000:ha_PurchasedElec,Table 5 r749
reference,electricity,purchased_total,2034,6.024497509002686,CKI000:ha_PurchasedElec,Table 5 r749
reference,electricity,purchased_total,2035,6.179714202880859,CKI000:ha_PurchasedElec,Table 5 r749
reference,electricity,purchased_total,2036,6.335402488708496,CKI000:ha_PurchasedElec,Table 5 r749
reference,electricity,purchased_total,2037,6.483416557312012,CKI000:ha_PurchasedElec,Table 5 r749
reference,electricity,purchased_total,2038,6.610530376434326,CKI000:ha_PurchasedElec,Table 5 r749
reference,electricity,purchased_total,2039,6.746871471405029,CKI000:ha_PurchasedElec,Table 5 r749
reference,electricity,purchased_total,2040,6.876588344573975,CKI000:ha_PurchasedElec,Table 5 r749
reference,electricity,purchased_total,2041,7.008815765380859,CKI000:ha_PurchasedElec,Table 5 r749
reference,electricity,purchased_total,2042,7.131351470947266,CKI000:ha_PurchasedElec,Table 5 r749
reference,electricity,purchased_total,2043,7.246799468994141,CKI000:ha_PurchasedElec,Table 5 r749
reference,electricity,purchased_total,2044,7.354195594787598,CKI000:ha_PurchasedElec,Table 5 r749
reference,electricity,purchased_total,2045,7.455842971801758,CKI000:ha_PurchasedElec,Table 5 r749
reference,electricity,purchased_total,2046,7.551163673400879,CKI000:ha_PurchasedElec,Table 5 r749
reference,electricity,purchased_total,2047,7.634724140167236,CKI000:ha_PurchasedElec,Table 5 r749
reference,electricity,purchased_total,2048,7.710756778717041,CKI000:ha_PurchasedElec,Table 5 r749
reference,electricity,purchased_total,2049,7.777167320251465,CKI000:ha_PurchasedElec,Table 5 r749
reference,electricity,purchased_total,2050,7.841274261474609,CKI000:ha_PurchasedElec,Table 5 r749
reference,natural_gas,heating,2025,1.677395462989807,CKI000:ia_SpaceHeating,Table 5 r752
reference,natural_gas,heating,2026,1.658408880233765,CKI000:ia_SpaceHeating,Table 5 r752
reference,natural_gas,heating,2027,1.654045939445496,CKI000:ia_SpaceHeating,Table 5 r752
reference,natural_gas,heating,2028,1.638995289802551,CKI000:ia_SpaceHeating,Table 5 r752
reference,natural_gas,heating,2029,1.613218665122986,CKI000:ia_SpaceHeating,Table 5 r752
reference,natural_gas,heating,2030,1.583434462547302,CKI000:ia_SpaceHeating,Table 5 r752
reference,natural_gas,heating,2031,1.555640697479248,CKI000:ia_SpaceHeating,Table 5 r752
reference,natural_gas,heating,2032,1.533283948898315,CKI000:ia_SpaceHeating,Table 5 r752
reference,natural_gas,heating,2033,1.518744468688965,CKI000:ia_SpaceHeating,Table 5 r752
reference,natural_gas,heating,2034,1.508970499038696,CKI000:ia_SpaceHeating,Table 5 r752
reference,natural_gas,heating,2035,1.501293182373047,CKI000:ia_SpaceHeating,Table 5 r752
reference,natural_gas,heating,2036,1.494052290916443,CKI000:ia_SpaceHeating,Table 5 r752
reference,natural_gas,heating,2037,1.484744071960449,CKI000:ia_SpaceHeating,Table 5 r752
reference,natural_gas,heating,2038,1.476219534873962,CKI000:ia_SpaceHeating,Table 5 r752
reference,natural_gas,heating,2039,1.46784234046936,CKI000:ia_SpaceHeating,Table 5 r752
reference,natural_gas,heating,2040,1.459057331085205,CKI000:ia_SpaceHeating,Table 5 r752
reference,natural_gas,heating,2041,1.449079751968384,CKI000:ia_SpaceHeating,Table 5 r752
reference,natural_gas,heating,2042,1.438792586326599,CKI000:ia_SpaceHeating,Table 5 r752
reference,natural_gas,heating,2043,1.428909301757812,CKI000:ia_SpaceHeating,Table 5 r752
reference,natural_gas,heating,2044,1.419473528862,CKI000:ia_SpaceHeating,Table 5 r752
reference,natural_gas,heating,2045,1.410770177841187,CKI000:ia_SpaceHeating,Table 5 r752
reference,natural_gas,heating,2046,1.400522351264954,CKI000:ia_SpaceHeating,Table 5 r752
reference,natural_gas,heating,2047,1.389765381813049,CKI000:ia_SpaceHeating,Table 5 r752
reference,natural_gas,heating,2048,1.379266381263733,CKI000:ia_SpaceHeating,Table 5 r752
reference,natural_gas,heating,2049,1.368529319763184,CKI000:ia_SpaceHeating,Table 5 r752
reference,natural_gas,heating,2050,1.357643485069275,CKI000:ia_SpaceHeating,Table 5 r752
reference,natural_gas,cooling,2025,0.01569231040775776,CKI000:ia_SpaceCooling,Table 5 r753
reference,natural_gas,cooling,2026,0.01760496571660042,CKI000:ia_SpaceCooling,Table 5 r753
reference,natural_gas,cooling,2027,0.01793028227984905,CKI000:ia_SpaceCooling,Table 5 r753
reference,natural_gas,cooling,2028,0.0181542169302702,CKI000:ia_SpaceCooling,Table 5 r753
reference,natural_gas,cooling,2029,0.01827003993093967,CKI000:ia_SpaceCooling,Table 5 r753
reference,natural_gas,cooling,2030,0.01836864091455936,CKI000:ia_SpaceCooling,Table 5 r753
reference,natural_gas,cooling,2031,0.0185224711894989,CKI000:ia_SpaceCooling,Table 5 r753
reference,natural_gas,cooling,2032,0.01878753118216991,CKI000:ia_SpaceCooling,Table 5 r753
reference,natural_gas,cooling,2033,0.01917966455221176,CKI000:ia_SpaceCooling,Table 5 r753
reference,natural_gas,cooling,2034,0.01969332434237003,CKI000:ia_SpaceCooling,Table 5 r753
reference,natural_gas,cooling,2035,0.02028198726475239,CKI000:ia_SpaceCooling,Table 5 r753
reference,natural_gas,cooling,2036,0.02091898024082184,CKI000:ia_SpaceCooling,Table 5 r753
reference,natural_gas,cooling,2037,0.02157994732260704,CKI000:ia_SpaceCooling,Table 5 r753
reference,natural_gas,cooling,2038,0.0222818236798048,CKI000:ia_SpaceCooling,Table 5 r753
reference,natural_gas,cooling,2039,0.02302467077970505,CKI000:ia_SpaceCooling,Table 5 r753
reference,natural_gas,cooling,2040,0.02382019907236099,CKI000:ia_SpaceCooling,Table 5 r753
reference,natural_gas,cooling,2041,0.02462411485612392,CKI000:ia_SpaceCooling,Table 5 r753
reference,natural_gas,cooling,2042,0.02545457892119884,CKI000:ia_SpaceCooling,Table 5 r753
reference,natural_gas,cooling,2043,0.02633302286267281,CKI000:ia_SpaceCooling,Table 5 r753
reference,natural_gas,cooling,2044,0.02725974470376968,CKI000:ia_SpaceCooling,Table 5 r753
reference,natural_gas,cooling,2045,0.02826548740267754,CKI000:ia_SpaceCooling,Table 5 r753
reference,natural_gas,cooling,2046,0.02927812188863754,CKI000:ia_SpaceCooling,Table 5 r753
reference,natural_gas,cooling,2047,0.03033551014959812,CKI000:ia_SpaceCooling,Table 5 r753
reference,natural_gas,cooling,2048,0.03143695741891861,CKI000:ia_SpaceCooling,Table 5 r753
reference,natural_gas,cooling,2049,0.0325906053185463,CKI000:ia_SpaceCooling,Table 5 r753
reference,natural_gas,cooling,2050,0.03379740566015244,CKI000:ia_SpaceCooling,Table 5 r753
reference,natural_gas,water_heating,2025,0.2739697098731995,CKI000:ia_WaterHeating,Table 5 r754
reference,natural_gas,water_heating,2026,0.2802368104457855,CKI000:ia_WaterHeating,Table 5 r754
reference,natural_gas,water_heating,2027,0.2827894687652588,CKI000:ia_WaterHeating,Table 5 r754
reference,natural_gas,water_heating,2028,0.2834909558296204,CKI000:ia_WaterHeating,Table 5 r754
reference,natural_gas,water_heating,2029,0.2825702428817749,CKI000:ia_WaterHeating,Table 5 r754
reference,natural_gas,water_heating,2030,0.2809764742851257,CKI000:ia_WaterHeating,Table 5 r754
reference,natural_gas,water_heating,2031,0.2796873450279236,CKI000:ia_WaterHeating,Table 5 r754
reference,natural_gas,water_heating,2032,0.2795384228229523,CKI000:ia_WaterHeating,Table 5 r754
reference,natural_gas,water_heating,2033,0.2809614241123199,CKI000:ia_WaterHeating,Table 5 r754
reference,natural_gas,water_heating,2034,0.2831119298934937,CKI000:ia_WaterHeating,Table 5 r754
reference,natural_gas,water_heating,2035,0.2858280837535858,CKI000:ia_WaterHeating,Table 5 r754
reference,natural_gas,water_heating,2036,0.2887990772724152,CKI000:ia_WaterHeating,Table 5 r754
reference,natural_gas,water_heating,2037,0.2916230261325836,CKI000:ia_WaterHeating,Table 5 r754
reference,natural_gas,water_heating,2038,0.2949440777301788,CKI000:ia_WaterHeating,Table 5 r754
reference,natural_gas,water_heating,2039,0.2982752025127411,CKI000:ia_WaterHeating,Table 5 r754
reference,natural_gas,water_heating,2040,0.3013893067836761,CKI000:ia_WaterHeating,Table 5 r754
reference,natural_gas,water_heating,2041,0.3042645156383514,CKI000:ia_WaterHeating,Table 5 r754
reference,natural_gas,water_heating,2042,0.3070252239704132,CKI000:ia_WaterHeating,Table 5 r754
reference,natural_gas,water_heating,2043,0.3099051117897034,CKI000:ia_WaterHeating,Table 5 r754
reference,natural_gas,water_heating,2044,0.3128986954689026,CKI000:ia_WaterHeating,Table 5 r754
reference,natural_gas,water_heating,2045,0.3159862756729126,CKI000:ia_WaterHeating,Table 5 r754
reference,natural_gas,water_heating,2046,0.3187946081161499,CKI000:ia_WaterHeating,Table 5 r754
reference,natural_gas,water_heating,2047,0.3215200304985046,CKI000:ia_WaterHeating,Table 5 r754
reference,natural_gas,water_heating,2048,0.3242745995521545,CKI000:ia_WaterHeating,Table 5 r754
reference,natural_gas,water_heating,2049,0.3269712924957275,CKI000:ia_WaterHeating,Table 5 r754
reference,natural_gas,water_heating,2050,0.3296214044094086,CKI000:ia_WaterHeating,Table 5 r754
reference,natural_gas,cooking,2025,0.4053901433944702,CKI000:ia_Cooking,Table 5 r755
reference,natural_gas,cooking,2026,0.4125633835792542,CKI000:ia_Cooking,Table 5 r755
reference,natural_gas,cooking,2027,0.4158816337585449,CKI000:ia_Cooking,Table 5 r755
reference,natural_gas,cooking,2028,0.4164701104164124,CKI000:ia_Cooking,Table 5 r755
reference,natural_gas,cooking,2029,0.4148164987564087,CKI000:ia_Cooking,Table 5 r755
reference,natural_gas,cooking,2030,0.412102997303009,CKI000:ia_Cooking,Table 5 r755
reference,natural_gas,cooking,2031,0.4098334908485413,CKI000:ia_Cooking,Table 5 r755
reference,natural_gas,cooking,2032,0.409126490354538,CKI000:ia_Cooking,Table 5 r755
reference,natural_gas,cooking,2033,0.4106402993202209,CKI000:ia_Cooking,Table 5 r755
reference,natural_gas,cooking,2034,0.4132798314094543,CKI000:ia_Cooking,Table 5 r755
reference,natural_gas,cooking,2035,0.41672083735466,CKI000:ia_Cooking,Table 5 r755
reference,natural_gas,cooking,2036,0.4204377830028534,CKI000:ia_Cooking,Table 5 r755
reference,natural_gas,cooking,2037,0.4238972365856171,CKI000:ia_Cooking,Table 5 r755
reference,natural_gas,cooking,2038,0.4279216825962067,CKI000:ia_Cooking,Table 5 r755
reference,natural_gas,cooking,2039,0.4319406151771545,CKI000:ia_Cooking,Table 5 r755
reference,natural_gas,cooking,2040,0.4356028437614441,CKI000:ia_Cooking,Table 5 r755
reference,natural_gas,cooking,2041,0.4390153288841248,CKI000:ia_Cooking,Table 5 r755
reference,natural_gas,cooking,2042,0.4422331154346466,CKI000:ia_Cooking,Table 5 r755
reference,natural_gas,cooking,2043,0.4455969929695129,CKI000:ia_Cooking,Table 5 r755
reference,natural_gas,cooking,2044,0.4490859806537628,CKI000:ia_Cooking,Table 5 r755
reference,natural_gas,cooking,2045,0.4526354968547821,CKI000:ia_Cooking,Table 5 r755
reference,natural_gas,cooking,2046,0.4557598233222961,CKI000:ia_Cooking,Table 5 r755
reference,natural_gas,cooking,2047,0.458746612071991,CKI000:ia_Cooking,Table 5 r755
reference,natural_gas,cooking,2048,0.4617630243301392,CKI000:ia_Cooking,Table 5 r755
reference,natural_gas,cooking,2049,0.4646844267845154,CKI000:ia_Cooking,Table 5 r755
reference,natural_gas,cooking,2050,0.4675227403640747,CKI000:ia_Cooking,Table 5 r755
reference,natural_gas,other_uses,2025,1.267356395721436,CKI000:ia_OtherUses,Table 5 r756
reference,natural_gas,other_uses,2026,1.19486927986145,CKI000:ia_OtherUses,Table 5 r756
reference,natural_gas,other_uses,2027,1.199971437454224,CKI000:ia_OtherUses,Table 5 r756
reference,natural_gas,other_uses,2028,1.197225332260132,CKI000:ia_OtherUses,Table 5 r756
reference,natural_gas,other_uses,2029,1.188323736190796,CKI000:ia_OtherUses,Table 5 r756
reference,natural_gas,other_uses,2030,1.176791191101074,CKI000:ia_OtherUses,Table 5 r756
reference,natural_gas,other_uses,2031,1.1658616065979,CKI000:ia_OtherUses,Table 5 r756
reference,natural_gas,other_uses,2032,1.157979965209961,CKI000:ia_OtherUses,Table 5 r756
reference,natural_gas,other_uses,2033,1.154822587966919,CKI000:ia_OtherUses,Table 5 r756
reference,natural_gas,other_uses,2034,1.153937339782715,CKI000:ia_OtherUses,Table 5 r756
reference,natural_gas,other_uses,2035,1.154471874237061,CKI000:ia_OtherUses,Table 5 r756
reference,natural_gas,other_uses,2036,1.155531167984009,CKI000:ia_OtherUses,Table 5 r756
reference,natural_gas,other_uses,2037,1.155604600906372,CKI000:ia_OtherUses,Table 5 r756
reference,natural_gas,other_uses,2038,1.157507419586182,CKI000:ia_OtherUses,Table 5 r756
reference,natural_gas,other_uses,2039,1.159120798110962,CKI000:ia_OtherUses,Table 5 r756
reference,natural_gas,other_uses,2040,1.16055965423584,CKI000:ia_OtherUses,Table 5 r756
reference,natural_gas,other_uses,2041,1.160792827606201,CKI000:ia_OtherUses,Table 5 r756
reference,natural_gas,other_uses,2042,1.161099672317505,CKI000:ia_OtherUses,Table 5 r756
reference,natural_gas,other_uses,2043,1.161884307861328,CKI000:ia_OtherUses,Table 5 r756
reference,natural_gas,other_uses,2044,1.163433790206909,CKI000:ia_OtherUses,Table 5 r756
reference,natural_gas,other_uses,2045,1.165736436843872,CKI000:ia_OtherUses,Table 5 r756
reference,natural_gas,other_uses,2046,1.167103052139282,CKI000:ia_OtherUses,Table 5 r756
reference,natural_gas,other_uses,2047,1.168319702148438,CKI000:ia_OtherUses,Table 5 r756
reference,natural_gas,other_uses,2048,1.16963791847229,CKI000:ia_OtherUses,Table 5 r756
reference,natural_gas,other_uses,2049,1.170930624008179,CKI000:ia_OtherUses,Table 5 r756
reference,natural_gas,other_uses,2050,1.171957015991211,CKI000:ia_OtherUses,Table 5 r756
reference,natural_gas,delivered_total,2025,3.639803886413574,CKI000:ia_DeliveredEner,Table 5 r757
reference,natural_gas,delivered_total,2026,3.563683271408081,CKI000:ia_DeliveredEner,Table 5 r757
reference,natural_gas,delivered_total,2027,3.570618867874146,CKI000:ia_DeliveredEner,Table 5 r757
reference,natural_gas,delivered_total,2028,3.554335832595825,CKI000:ia_DeliveredEner,Table 5 r757
reference,natural_gas,delivered_total,2029,3.517199277877808,CKI000:ia_DeliveredEner,Table 5 r757
reference,natural_gas,delivered_total,2030,3.471673727035522,CKI000:ia_DeliveredEner,Table 5 r757
reference,natural_gas,delivered_total,2031,3.429545640945435,CKI000:ia_DeliveredEner,Table 5 r757
reference,natural_gas,delivered_total,2032,3.39871621131897,CKI000:ia_DeliveredEner,Table 5 r757
reference,natural_gas,delivered_total,2033,3.384348392486572,CKI000:ia_DeliveredEner,Table 5 r757
reference,natural_gas,delivered_total,2034,3.378993034362793,CKI000:ia_DeliveredEner,Table 5 r757
reference,natural_gas,delivered_total,2035,3.378596067428589,CKI000:ia_DeliveredEner,Table 5 r757
reference,natural_gas,delivered_total,2036,3.379739284515381,CKI000:ia_DeliveredEner,Table 5 r757
reference,natural_gas,delivered_total,2037,3.377448797225952,CKI000:ia_DeliveredEner,Table 5 r757
reference,natural_gas,delivered_total,2038,3.378874540328979,CKI000:ia_DeliveredEner,Table 5 r757
reference,natural_gas,delivered_total,2039,3.380203723907471,CKI000:ia_DeliveredEner,Table 5 r757
reference,natural_gas,delivered_total,2040,3.380429267883301,CKI000:ia_DeliveredEner,Table 5 r757
reference,natural_gas,delivered_total,2041,3.377776622772217,CKI000:ia_DeliveredEner,Table 5 r757
reference,natural_gas,delivered_total,2042,3.374605178833008,CKI000:ia_DeliveredEner,Table 5 r757
reference,natural_gas,delivered_total,2043,3.372628688812256,CKI000:ia_DeliveredEner,Table 5 r757
reference,natural_gas,delivered_total,2044,3.372151613235474,CKI000:ia_DeliveredEner,Table 5 r757
reference,natural_gas,delivered_total,2045,3.373393774032593,CKI000:ia_DeliveredEner,Table 5 r757
reference,natural_gas,delivered_total,2046,3.371458053588867,CKI000:ia_DeliveredEner,Table 5 r757
reference,natural_gas,delivered_total,2047,3.368687391281128,CKI000:ia_DeliveredEner,Table 5 r757
reference,natural_gas,delivered_total,2048,3.366379022598267,CKI000:ia_DeliveredEner,Table 5 r757
reference,natural_gas,delivered_total,2049,3.363706350326538,CKI000:ia_DeliveredEner,Table 5 r757
reference,natural_gas,delivered_total,2050,3.360542058944702,CKI000:ia_DeliveredEner,Table 5 r757
high_electricity_demand,electricity,heating,2025,0.2008621841669083,CKI000:ga_SpaceHeating,Table 5 r736
high_electricity_demand,electricity,heating,2026,0.1939890086650848,CKI000:ga_SpaceHeating,Table 5 r736
high_electricity_demand,electricity,heating,2027,0.1922071725130081,CKI000:ga_SpaceHeating,Table 5 r736
high_electricity_demand,electricity,heating,2028,0.1910896748304367,CKI000:ga_SpaceHeating,Table 5 r736
high_electricity_demand,electricity,heating,2029,0.1893759965896606,CKI000:ga_SpaceHeating,Table 5 r736
high_electricity_demand,electricity,heating,2030,0.1864098012447357,CKI000:ga_SpaceHeating,Table 5 r736
high_electricity_demand,electricity,heating,2031,0.1836963891983032,CKI000:ga_SpaceHeating,Table 5 r736
high_electricity_demand,electricity,heating,2032,0.1812635958194733,CKI000:ga_SpaceHeating,Table 5 r736
high_electricity_demand,electricity,heating,2033,0.179102748632431,CKI000:ga_SpaceHeating,Table 5 r736
high_electricity_demand,electricity,heating,2034,0.1775294095277786,CKI000:ga_SpaceHeating,Table 5 r736
high_electricity_demand,electricity,heating,2035,0.1762616634368896,CKI000:ga_SpaceHeating,Table 5 r736
high_electricity_demand,electricity,heating,2036,0.1749358624219894,CKI000:ga_SpaceHeating,Table 5 r736
high_electricity_demand,electricity,heating,2037,0.1729722619056702,CKI000:ga_SpaceHeating,Table 5 r736
high_electricity_demand,electricity,heating,2038,0.1704481095075607,CKI000:ga_SpaceHeating,Table 5 r736
high_electricity_demand,electricity,heating,2039,0.1681845337152481,CKI000:ga_SpaceHeating,Table 5 r736
high_electricity_demand,electricity,heating,2040,0.1659049838781357,CKI000:ga_SpaceHeating,Table 5 r736
high_electricity_demand,electricity,heating,2041,0.1636770814657211,CKI000:ga_SpaceHeating,Table 5 r736
high_electricity_demand,electricity,heating,2042,0.1613730192184448,CKI000:ga_SpaceHeating,Table 5 r736
high_electricity_demand,electricity,heating,2043,0.1589667648077011,CKI000:ga_SpaceHeating,Table 5 r736
high_electricity_demand,electricity,heating,2044,0.1564469039440155,CKI000:ga_SpaceHeating,Table 5 r736
high_electricity_demand,electricity,heating,2045,0.1539305746555328,CKI000:ga_SpaceHeating,Table 5 r736
high_electricity_demand,electricity,heating,2046,0.1514045298099518,CKI000:ga_SpaceHeating,Table 5 r736
high_electricity_demand,electricity,heating,2047,0.1488260328769684,CKI000:ga_SpaceHeating,Table 5 r736
high_electricity_demand,electricity,heating,2048,0.1462462991476059,CKI000:ga_SpaceHeating,Table 5 r736
high_electricity_demand,electricity,heating,2049,0.1436743885278702,CKI000:ga_SpaceHeating,Table 5 r736
high_electricity_demand,electricity,heating,2050,0.1411150395870209,CKI000:ga_SpaceHeating,Table 5 r736
high_electricity_demand,electricity,cooling,2025,0.567561686038971,CKI000:ga_SpaceCooling,Table 5 r737
high_electricity_demand,electricity,cooling,2026,0.5954527258872986,CKI000:ga_SpaceCooling,Table 5 r737
high_electricity_demand,electricity,cooling,2027,0.6018365621566772,CKI000:ga_SpaceCooling,Table 5 r737
high_electricity_demand,electricity,cooling,2028,0.6101105809211731,CKI000:ga_SpaceCooling,Table 5 r737
high_electricity_demand,electricity,cooling,2029,0.6163594722747803,CKI000:ga_SpaceCooling,Table 5 r737
high_electricity_demand,electricity,cooling,2030,0.6284721493721008,CKI000:ga_SpaceCooling,Table 5 r737
high_electricity_demand,electricity,cooling,2031,0.6449110507965088,CKI000:ga_SpaceCooling,Table 5 r737
high_electricity_demand,electricity,cooling,2032,0.6653140187263489,CKI000:ga_SpaceCooling,Table 5 r737
high_electricity_demand,electricity,cooling,2033,0.6894965767860413,CKI000:ga_SpaceCooling,Table 5 r737
high_electricity_demand,electricity,cooling,2034,0.7193694710731506,CKI000:ga_SpaceCooling,Table 5 r737
high_electricity_demand,electricity,cooling,2035,0.7535879015922546,CKI000:ga_SpaceCooling,Table 5 r737
high_electricity_demand,electricity,cooling,2036,0.7908201813697815,CKI000:ga_SpaceCooling,Table 5 r737
high_electricity_demand,electricity,cooling,2037,0.8084055781364441,CKI000:ga_SpaceCooling,Table 5 r737
high_electricity_demand,electricity,cooling,2038,0.8242762088775635,CKI000:ga_SpaceCooling,Table 5 r737
high_electricity_demand,electricity,cooling,2039,0.8421615958213806,CKI000:ga_SpaceCooling,Table 5 r737
high_electricity_demand,electricity,cooling,2040,0.8608216643333435,CKI000:ga_SpaceCooling,Table 5 r737
high_electricity_demand,electricity,cooling,2041,0.8803943395614624,CKI000:ga_SpaceCooling,Table 5 r737
high_electricity_demand,electricity,cooling,2042,0.9002709984779358,CKI000:ga_SpaceCooling,Table 5 r737
high_electricity_demand,electricity,cooling,2043,0.9204971790313721,CKI000:ga_SpaceCooling,Table 5 r737
high_electricity_demand,electricity,cooling,2044,0.9406302571296692,CKI000:ga_SpaceCooling,Table 5 r737
high_electricity_demand,electricity,cooling,2045,0.9615005254745483,CKI000:ga_SpaceCooling,Table 5 r737
high_electricity_demand,electricity,cooling,2046,0.98268723487854,CKI000:ga_SpaceCooling,Table 5 r737
high_electricity_demand,electricity,cooling,2047,1.004219532012939,CKI000:ga_SpaceCooling,Table 5 r737
high_electricity_demand,electricity,cooling,2048,1.026272773742676,CKI000:ga_SpaceCooling,Table 5 r737
high_electricity_demand,electricity,cooling,2049,1.049095034599304,CKI000:ga_SpaceCooling,Table 5 r737
high_electricity_demand,electricity,cooling,2050,1.072688817977905,CKI000:ga_SpaceCooling,Table 5 r737
high_electricity_demand,electricity,water_heating,2025,0.07379718124866486,CKI000:ga_WaterHeating,Table 5 r738
high_electricity_demand,electricity,water_heating,2026,0.0727253183722496,CKI000:ga_WaterHeating,Table 5 r738
high_electricity_demand,electricity,water_heating,2027,0.07202021777629852,CKI000:ga_WaterHeating,Table 5 r738
high_electricity_demand,electricity,water_heating,2028,0.07159657776355743,CKI000:ga_WaterHeating,Table 5 r738
high_electricity_demand,electricity,water_heating,2029,0.07095622271299362,CKI000:ga_WaterHeating,Table 5 r738
high_electricity_demand,electricity,water_heating,2030,0.06965009868144989,CKI000:ga_WaterHeating,Table 5 r738
high_electricity_demand,electricity,water_heating,2031,0.06840433180332184,CKI000:ga_WaterHeating,Table 5 r738
high_electricity_demand,electricity,water_heating,2032,0.06729816645383835,CKI000:ga_WaterHeating,Table 5 r738
high_electricity_demand,electricity,water_heating,2033,0.06634603440761566,CKI000:ga_WaterHeating,Table 5 r738
high_electricity_demand,electricity,water_heating,2034,0.06566078215837479,CKI000:ga_WaterHeating,Table 5 r738
high_electricity_demand,electricity,water_heating,2035,0.06512059271335602,CKI000:ga_WaterHeating,Table 5 r738
high_electricity_demand,electricity,water_heating,2036,0.06459317356348038,CKI000:ga_WaterHeating,Table 5 r738
high_electricity_demand,electricity,water_heating,2037,0.0638713464140892,CKI000:ga_WaterHeating,Table 5 r738
high_electricity_demand,electricity,water_heating,2038,0.06297770887613297,CKI000:ga_WaterHeating,Table 5 r738
high_electricity_demand,electricity,water_heating,2039,0.06220364943146706,CKI000:ga_WaterHeating,Table 5 r738
high_electricity_demand,electricity,water_heating,2040,0.06143428012728691,CKI000:ga_WaterHeating,Table 5 r738
high_electricity_demand,electricity,water_heating,2041,0.06073364242911339,CKI000:ga_WaterHeating,Table 5 r738
high_electricity_demand,electricity,water_heating,2042,0.06001219525933266,CKI000:ga_WaterHeating,Table 5 r738
high_electricity_demand,electricity,water_heating,2043,0.05927584320306778,CKI000:ga_WaterHeating,Table 5 r738
high_electricity_demand,electricity,water_heating,2044,0.05851556360721588,CKI000:ga_WaterHeating,Table 5 r738
high_electricity_demand,electricity,water_heating,2045,0.0577671229839325,CKI000:ga_WaterHeating,Table 5 r738
high_electricity_demand,electricity,water_heating,2046,0.05703309550881386,CKI000:ga_WaterHeating,Table 5 r738
high_electricity_demand,electricity,water_heating,2047,0.05628010258078575,CKI000:ga_WaterHeating,Table 5 r738
high_electricity_demand,electricity,water_heating,2048,0.05553367733955383,CKI000:ga_WaterHeating,Table 5 r738
high_electricity_demand,electricity,water_heating,2049,0.05479380115866661,CKI000:ga_WaterHeating,Table 5 r738
high_electricity_demand,electricity,water_heating,2050,0.05407264456152916,CKI000:ga_WaterHeating,Table 5 r738
high_electricity_demand,electricity,ventilation,2025,0.7726292610168457,CKI000:ga_Ventilation,Table 5 r739
high_electricity_demand,electricity,ventilation,2026,0.7781498432159424,CKI000:ga_Ventilation,Table 5 r739
high_electricity_demand,electricity,ventilation,2027,0.7869234681129456,CKI000:ga_Ventilation,Table 5 r739
high_electricity_demand,electricity,ventilation,2028,0.7985875010490417,CKI000:ga_Ventilation,Table 5 r739
high_electricity_demand,electricity,ventilation,2029,0.8076302409172058,CKI000:ga_Ventilation,Table 5 r739
high_electricity_demand,electricity,ventilation,2030,0.8031937479972839,CKI000:ga_Ventilation,Table 5 r739
high_electricity_demand,electricity,ventilation,2031,0.8054988384246826,CKI000:ga_Ventilation,Table 5 r739
high_electricity_demand,electricity,ventilation,2032,0.8101416230201721,CKI000:ga_Ventilation,Table 5 r739
high_electricity_demand,electricity,ventilation,2033,0.8170062303543091,CKI000:ga_Ventilation,Table 5 r739
high_electricity_demand,electricity,ventilation,2034,0.8275073766708374,CKI000:ga_Ventilation,Table 5 r739
high_electricity_demand,electricity,ventilation,2035,0.8401826620101929,CKI000:ga_Ventilation,Table 5 r739
high_electricity_demand,electricity,ventilation,2036,0.8536381721496582,CKI000:ga_Ventilation,Table 5 r739
high_electricity_demand,electricity,ventilation,2037,0.8625273108482361,CKI000:ga_Ventilation,Table 5 r739
high_electricity_demand,electricity,ventilation,2038,0.8692415356636047,CKI000:ga_Ventilation,Table 5 r739
high_electricity_demand,electricity,ventilation,2039,0.8777363300323486,CKI000:ga_Ventilation,Table 5 r739
high_electricity_demand,electricity,ventilation,2040,0.8864786624908447,CKI000:ga_Ventilation,Table 5 r739
high_electricity_demand,electricity,ventilation,2041,0.895976722240448,CKI000:ga_Ventilation,Table 5 r739
high_electricity_demand,electricity,ventilation,2042,0.9052116274833679,CKI000:ga_Ventilation,Table 5 r739
high_electricity_demand,electricity,ventilation,2043,0.9142911434173584,CKI000:ga_Ventilation,Table 5 r739
high_electricity_demand,electricity,ventilation,2044,0.9231311678886414,CKI000:ga_Ventilation,Table 5 r739
high_electricity_demand,electricity,ventilation,2045,0.9320464730262756,CKI000:ga_Ventilation,Table 5 r739
high_electricity_demand,electricity,ventilation,2046,0.9412519335746765,CKI000:ga_Ventilation,Table 5 r739
high_electricity_demand,electricity,ventilation,2047,0.950445294380188,CKI000:ga_Ventilation,Table 5 r739
high_electricity_demand,electricity,ventilation,2048,0.9597578048706055,CKI000:ga_Ventilation,Table 5 r739
high_electricity_demand,electricity,ventilation,2049,0.9692806005477905,CKI000:ga_Ventilation,Table 5 r739
high_electricity_demand,electricity,ventilation,2050,0.9791502952575684,CKI000:ga_Ventilation,Table 5 r739
high_electricity_demand,electricity,cooking,2025,0.08399047702550888,CKI000:ga_Cooking,Table 5 r740
high_electricity_demand,electricity,cooking,2026,0.08324434608221054,CKI000:ga_Cooking,Table 5 r740
high_electricity_demand,electricity,cooking,2027,0.0828428640961647,CKI000:ga_Cooking,Table 5 r740
high_electricity_demand,electricity,cooking,2028,0.08270010352134705,CKI000:ga_Cooking,Table 5 r740
high_electricity_demand,electricity,cooking,2029,0.08227530866861343,CKI000:ga_Cooking,Table 5 r740
high_electricity_demand,electricity,cooking,2030,0.08122231811285019,CKI000:ga_Cooking,Table 5 r740
high_electricity_demand,electricity,cooking,2031,0.08016492426395416,CKI000:ga_Cooking,Table 5 r740
high_electricity_demand,electricity,cooking,2032,0.07929469645023346,CKI000:ga_Cooking,Table 5 r740
high_electricity_demand,electricity,cooking,2033,0.07858799397945404,CKI000:ga_Cooking,Table 5 r740
high_electricity_demand,electricity,cooking,2034,0.07817874848842621,CKI000:ga_Cooking,Table 5 r740
high_electricity_demand,electricity,cooking,2035,0.077910877764225,CKI000:ga_Cooking,Table 5 r740
high_electricity_demand,electricity,cooking,2036,0.0776359811425209,CKI000:ga_Cooking,Table 5 r740
high_electricity_demand,electricity,cooking,2037,0.07713590562343597,CKI000:ga_Cooking,Table 5 r740
high_electricity_demand,electricity,cooking,2038,0.07641645520925522,CKI000:ga_Cooking,Table 5 r740
high_electricity_demand,electricity,cooking,2039,0.07582631707191467,CKI000:ga_Cooking,Table 5 r740
high_electricity_demand,electricity,cooking,2040,0.07524304836988449,CKI000:ga_Cooking,Table 5 r740
high_electricity_demand,electricity,cooking,2041,0.07473201304674149,CKI000:ga_Cooking,Table 5 r740
high_electricity_demand,electricity,cooking,2042,0.0741913840174675,CKI000:ga_Cooking,Table 5 r740
high_electricity_demand,electricity,cooking,2043,0.0736246109008789,CKI000:ga_Cooking,Table 5 r740
high_electricity_demand,electricity,cooking,2044,0.07302270829677582,CKI000:ga_Cooking,Table 5 r740
high_electricity_demand,electricity,cooking,2045,0.07240942120552063,CKI000:ga_Cooking,Table 5 r740
high_electricity_demand,electricity,cooking,2046,0.07180114090442657,CKI000:ga_Cooking,Table 5 r740
high_electricity_demand,electricity,cooking,2047,0.0711744874715805,CKI000:ga_Cooking,Table 5 r740
high_electricity_demand,electricity,cooking,2048,0.07054093480110168,CKI000:ga_Cooking,Table 5 r740
high_electricity_demand,electricity,cooking,2049,0.0699063390493393,CKI000:ga_Cooking,Table 5 r740
high_electricity_demand,electricity,cooking,2050,0.06927958875894547,CKI000:ga_Cooking,Table 5 r740
high_electricity_demand,electricity,lighting,2025,0.5646457672119141,CKI000:ga_Lighting,Table 5 r741
high_electricity_demand,electricity,lighting,2026,0.5533317923545837,CKI000:ga_Lighting,Table 5 r741
high_electricity_demand,electricity,lighting,2027,0.5470036268234253,CKI000:ga_Lighting,Table 5 r741
high_electricity_demand,electricity,lighting,2028,0.5450599789619446,CKI000:ga_Lighting,Table 5 r741
high_electricity_demand,electricity,lighting,2029,0.5426934361457825,CKI000:ga_Lighting,Table 5 r741
high_electricity_demand,electricity,lighting,2030,0.526425838470459,CKI000:ga_Lighting,Table 5 r741
high_electricity_demand,electricity,lighting,2031,0.5144210457801819,CKI000:ga_Lighting,Table 5 r741
high_electricity_demand,electricity,lighting,2032,0.5047574639320374,CKI000:ga_Lighting,Table 5 r741
high_electricity_demand,electricity,lighting,2033,0.4965027868747711,CKI000:ga_Lighting,Table 5 r741
high_electricity_demand,electricity,lighting,2034,0.4906574785709381,CKI000:ga_Lighting,Table 5 r741
high_electricity_demand,electricity,lighting,2035,0.4863255620002747,CKI000:ga_Lighting,Table 5 r741
high_electricity_demand,electricity,lighting,2036,0.4830102324485779,CKI000:ga_Lighting,Table 5 r741
high_electricity_demand,electricity,lighting,2037,0.478815495967865,CKI000:ga_Lighting,Table 5 r741
high_electricity_demand,electricity,lighting,2038,0.4740777313709259,CKI000:ga_Lighting,Table 5 r741
high_electricity_demand,electricity,lighting,2039,0.4708916544914246,CKI000:ga_Lighting,Table 5 r741
high_electricity_demand,electricity,lighting,2040,0.4659604430198669,CKI000:ga_Lighting,Table 5 r741
high_electricity_demand,electricity,lighting,2041,0.4624475240707397,CKI000:ga_Lighting,Table 5 r741
high_electricity_demand,electricity,lighting,2042,0.4593784511089325,CKI000:ga_Lighting,Table 5 r741
high_electricity_demand,electricity,lighting,2043,0.4567272365093231,CKI000:ga_Lighting,Table 5 r741
high_electricity_demand,electricity,lighting,2044,0.4543963968753815,CKI000:ga_Lighting,Table 5 r741
high_electricity_demand,electricity,lighting,2045,0.4524504840373993,CKI000:ga_Lighting,Table 5 r741
high_electricity_demand,electricity,lighting,2046,0.4509346783161163,CKI000:ga_Lighting,Table 5 r741
high_electricity_demand,electricity,lighting,2047,0.449611485004425,CKI000:ga_Lighting,Table 5 r741
high_electricity_demand,electricity,lighting,2048,0.4485867917537689,CKI000:ga_Lighting,Table 5 r741
high_electricity_demand,electricity,lighting,2049,0.4477969706058502,CKI000:ga_Lighting,Table 5 r741
high_electricity_demand,electricity,lighting,2050,0.4472610354423523,CKI000:ga_Lighting,Table 5 r741
high_electricity_demand,electricity,refrigeration,2025,0.3667325973510742,CKI000:ga_Refrigeration,Table 5 r742
high_electricity_demand,electricity,refrigeration,2026,0.3659507036209106,CKI000:ga_Refrigeration,Table 5 r742
high_electricity_demand,electricity,refrigeration,2027,0.3660995662212372,CKI000:ga_Refrigeration,Table 5 r742
high_electricity_demand,electricity,refrigeration,2028,0.3669063448905945,CKI000:ga_Refrigeration,Table 5 r742
high_electricity_demand,electricity,refrigeration,2029,0.3673507571220398,CKI000:ga_Refrigeration,Table 5 r742
high_electricity_demand,electricity,refrigeration,2030,0.3654152154922485,CKI000:ga_Refrigeration,Table 5 r742
high_electricity_demand,electricity,refrigeration,2031,0.3643909990787506,CKI000:ga_Refrigeration,Table 5 r742
high_electricity_demand,electricity,refrigeration,2032,0.3640018403530121,CKI000:ga_Refrigeration,Table 5 r742
high_electricity_demand,electricity,refrigeration,2033,0.3641793727874756,CKI000:ga_Refrigeration,Table 5 r742
high_electricity_demand,electricity,refrigeration,2034,0.3651261031627655,CKI000:ga_Refrigeration,Table 5 r742
high_electricity_demand,electricity,refrigeration,2035,0.3665635287761688,CKI000:ga_Refrigeration,Table 5 r742
high_electricity_demand,electricity,refrigeration,2036,0.3682172000408173,CKI000:ga_Refrigeration,Table 5 r742
high_electricity_demand,electricity,refrigeration,2037,0.3695500195026398,CKI000:ga_Refrigeration,Table 5 r742
high_electricity_demand,electricity,refrigeration,2038,0.370502382516861,CKI000:ga_Refrigeration,Table 5 r742
high_electricity_demand,electricity,refrigeration,2039,0.3717077076435089,CKI000:ga_Refrigeration,Table 5 r742
high_electricity_demand,electricity,refrigeration,2040,0.3728953897953033,CKI000:ga_Refrigeration,Table 5 r742
high_electricity_demand,electricity,refrigeration,2041,0.3743665218353271,CKI000:ga_Refrigeration,Table 5 r742
high_electricity_demand,electricity,refrigeration,2042,0.3757056891918182,CKI000:ga_Refrigeration,Table 5 r742
high_electricity_demand,electricity,refrigeration,2043,0.3769392371177673,CKI000:ga_Refrigeration,Table 5 r742
high_electricity_demand,electricity,refrigeration,2044,0.3780530989170074,CKI000:ga_Refrigeration,Table 5 r742
high_electricity_demand,electricity,refrigeration,2045,0.3790960609912872,CKI000:ga_Refrigeration,Table 5 r742
high_electricity_demand,electricity,refrigeration,2046,0.3801077604293823,CKI000:ga_Refrigeration,Table 5 r742
high_electricity_demand,electricity,refrigeration,2047,0.3810475766658783,CKI000:ga_Refrigeration,Table 5 r742
high_electricity_demand,electricity,refrigeration,2048,0.381941944360733,CKI000:ga_Refrigeration,Table 5 r742
high_electricity_demand,electricity,refrigeration,2049,0.3828126490116119,CKI000:ga_Refrigeration,Table 5 r742
high_electricity_demand,electricity,refrigeration,2050,0.3836787939071655,CKI000:ga_Refrigeration,Table 5 r742
high_electricity_demand,electricity,data_center_servers,2025,0.3576909005641937,CKI000:ga_DataCtrServ,Table 5 r743
high_electricity_demand,electricity,data_center_servers,2026,0.4082472920417786,CKI000:ga_DataCtrServ,Table 5 r743
high_electricity_demand,electricity,data_center_servers,2027,0.4638420343399048,CKI000:ga_DataCtrServ,Table 5 r743
high_electricity_demand,electricity,data_center_servers,2028,0.52313232421875,CKI000:ga_DataCtrServ,Table 5 r743
high_electricity_demand,electricity,data_center_servers,2029,0.585605263710022,CKI000:ga_DataCtrServ,Table 5 r743
high_electricity_demand,electricity,data_center_servers,2030,0.6508296728134155,CKI000:ga_DataCtrServ,Table 5 r743
high_electricity_demand,electricity,data_center_servers,2031,0.7188791632652283,CKI000:ga_DataCtrServ,Table 5 r743
high_electricity_demand,electricity,data_center_servers,2032,0.7910595536231995,CKI000:ga_DataCtrServ,Table 5 r743
high_electricity_demand,electricity,data_center_servers,2033,0.8675901889801025,CKI000:ga_DataCtrServ,Table 5 r743
high_electricity_demand,electricity,data_center_servers,2034,0.9491907954216003,CKI000:ga_DataCtrServ,Table 5 r743
high_electricity_demand,electricity,data_center_servers,2035,1.035712003707886,CKI000:ga_DataCtrServ,Table 5 r743
high_electricity_demand,electricity,data_center_servers,2036,1.127007603645325,CKI000:ga_DataCtrServ,Table 5 r743
high_electricity_demand,electricity,data_center_servers,2037,1.222596168518066,CKI000:ga_DataCtrServ,Table 5 r743
high_electricity_demand,electricity,data_center_servers,2038,1.321808457374573,CKI000:ga_DataCtrServ,Table 5 r743
high_electricity_demand,electricity,data_center_servers,2039,1.425564408302307,CKI000:ga_DataCtrServ,Table 5 r743
high_electricity_demand,electricity,data_center_servers,2040,1.533633828163147,CKI000:ga_DataCtrServ,Table 5 r743
high_electricity_demand,electricity,data_center_servers,2041,1.645476579666138,CKI000:ga_DataCtrServ,Table 5 r743
high_electricity_demand,electricity,data_center_servers,2042,1.760790944099426,CKI000:ga_DataCtrServ,Table 5 r743
high_electricity_demand,electricity,data_center_servers,2043,1.879243612289429,CKI000:ga_DataCtrServ,Table 5 r743
high_electricity_demand,electricity,data_center_servers,2044,2.000996112823486,CKI000:ga_DataCtrServ,Table 5 r743
high_electricity_demand,electricity,data_center_servers,2045,2.125791788101196,CKI000:ga_DataCtrServ,Table 5 r743
high_electricity_demand,electricity,data_center_servers,2046,2.253566741943359,CKI000:ga_DataCtrServ,Table 5 r743
high_electricity_demand,electricity,data_center_servers,2047,2.384234666824341,CKI000:ga_DataCtrServ,Table 5 r743
high_electricity_demand,electricity,data_center_servers,2048,2.517630577087402,CKI000:ga_DataCtrServ,Table 5 r743
high_electricity_demand,electricity,data_center_servers,2049,2.65410590171814,CKI000:ga_DataCtrServ,Table 5 r743
high_electricity_demand,electricity,data_center_servers,2050,2.793407201766968,CKI000:ga_DataCtrServ,Table 5 r743
high_electricity_demand,electricity,computers_office_equipment,2025,0.2169522941112518,CKI000:ha_CompOfficeEquipme,Table 5 r744
high_electricity_demand,electricity,computers_office_equipment,2026,0.2117443978786469,CKI000:ha_CompOfficeEquipme,Table 5 r744
high_electricity_demand,electricity,computers_office_equipment,2027,0.2071026861667633,CKI000:ha_CompOfficeEquipme,Table 5 r744
high_electricity_demand,electricity,computers_office_equipment,2028,0.202662318944931,CKI000:ha_CompOfficeEquipme,Table 5 r744
high_electricity_demand,electricity,computers_office_equipment,2029,0.198212131857872,CKI000:ha_CompOfficeEquipme,Table 5 r744
high_electricity_demand,electricity,computers_office_equipment,2030,0.196755439043045,CKI000:ha_CompOfficeEquipme,Table 5 r744
high_electricity_demand,electricity,computers_office_equipment,2031,0.1957443058490753,CKI000:ha_CompOfficeEquipme,Table 5 r744
high_electricity_demand,electricity,computers_office_equipment,2032,0.1950403451919556,CKI000:ha_CompOfficeEquipme,Table 5 r744
high_electricity_demand,electricity,computers_office_equipment,2033,0.1955201774835587,CKI000:ha_CompOfficeEquipme,Table 5 r744
high_electricity_demand,electricity,computers_office_equipment,2034,0.1969016194343567,CKI000:ha_CompOfficeEquipme,Table 5 r744
high_electricity_demand,electricity,computers_office_equipment,2035,0.1987062990665436,CKI000:ha_CompOfficeEquipme,Table 5 r744
high_electricity_demand,electricity,computers_office_equipment,2036,0.2014051228761673,CKI000:ha_CompOfficeEquipme,Table 5 r744
high_electricity_demand,electricity,computers_office_equipment,2037,0.2005437016487122,CKI000:ha_CompOfficeEquipme,Table 5 r744
high_electricity_demand,electricity,computers_office_equipment,2038,0.1996937692165375,CKI000:ha_CompOfficeEquipme,Table 5 r744
high_electricity_demand,electricity,computers_office_equipment,2039,0.1996633857488632,CKI000:ha_CompOfficeEquipme,Table 5 r744
high_electricity_demand,electricity,computers_office_equipment,2040,0.1992787718772888,CKI000:ha_CompOfficeEquipme,Table 5 r744
high_electricity_demand,electricity,computers_office_equipment,2041,0.1984942853450775,CKI000:ha_CompOfficeEquipme,Table 5 r744
high_electricity_demand,electricity,computers_office_equipment,2042,0.1985826343297958,CKI000:ha_CompOfficeEquipme,Table 5 r744
high_electricity_demand,electricity,computers_office_equipment,2043,0.1976694464683533,CKI000:ha_CompOfficeEquipme,Table 5 r744
high_electricity_demand,electricity,computers_office_equipment,2044,0.1970682591199875,CKI000:ha_CompOfficeEquipme,Table 5 r744
high_electricity_demand,electricity,computers_office_equipment,2045,0.1961423307657242,CKI000:ha_CompOfficeEquipme,Table 5 r744
high_electricity_demand,electricity,computers_office_equipment,2046,0.1956321597099304,CKI000:ha_CompOfficeEquipme,Table 5 r744
high_electricity_demand,electricity,computers_office_equipment,2047,0.1940756589174271,CKI000:ha_CompOfficeEquipme,Table 5 r744
high_electricity_demand,electricity,computers_office_equipment,2048,0.1921887397766113,CKI000:ha_CompOfficeEquipme,Table 5 r744
high_electricity_demand,electricity,computers_office_equipment,2049,0.1899697780609131,CKI000:ha_CompOfficeEquipme,Table 5 r744
high_electricity_demand,electricity,computers_office_equipment,2050,0.1874129474163055,CKI000:ha_CompOfficeEquipme,Table 5 r744
high_electricity_demand,electricity,other_uses,2025,1.948383212089539,CKI000:ha_OtherUses,Table 5 r745
high_electricity_demand,electricity,other_uses,2026,2.128129005432129,CKI000:ha_OtherUses,Table 5 r745
high_electricity_demand,electricity,other_uses,2027,2.134840488433838,CKI000:ha_OtherUses,Table 5 r745
high_electricity_demand,electricity,other_uses,2028,2.134677886962891,CKI000:ha_OtherUses,Table 5 r745
high_electricity_demand,electricity,other_uses,2029,2.133793592453003,CKI000:ha_OtherUses,Table 5 r745
high_electricity_demand,electricity,other_uses,2030,2.13162088394165,CKI000:ha_OtherUses,Table 5 r745
high_electricity_demand,electricity,other_uses,2031,2.128038883209229,CKI000:ha_OtherUses,Table 5 r745
high_electricity_demand,electricity,other_uses,2032,2.126476764678955,CKI000:ha_OtherUses,Table 5 r745
high_electricity_demand,electricity,other_uses,2033,2.126601934432983,CKI000:ha_OtherUses,Table 5 r745
high_electricity_demand,electricity,other_uses,2034,2.12903904914856,CKI000:ha_OtherUses,Table 5 r745
high_electricity_demand,electricity,other_uses,2035,2.13367772102356,CKI000:ha_OtherUses,Table 5 r745
high_electricity_demand,electricity,other_uses,2036,2.140136480331421,CKI000:ha_OtherUses,Table 5 r745
high_electricity_demand,electricity,other_uses,2037,2.146971225738525,CKI000:ha_OtherUses,Table 5 r745
high_electricity_demand,electricity,other_uses,2038,2.153447151184082,CKI000:ha_OtherUses,Table 5 r745
high_electricity_demand,electricity,other_uses,2039,2.160988569259644,CKI000:ha_OtherUses,Table 5 r745
high_electricity_demand,electricity,other_uses,2040,2.16881251335144,CKI000:ha_OtherUses,Table 5 r745
high_electricity_demand,electricity,other_uses,2041,2.177018642425537,CKI000:ha_OtherUses,Table 5 r745
high_electricity_demand,electricity,other_uses,2042,2.185571432113647,CKI000:ha_OtherUses,Table 5 r745
high_electricity_demand,electricity,other_uses,2043,2.19466495513916,CKI000:ha_OtherUses,Table 5 r745
high_electricity_demand,electricity,other_uses,2044,2.203681945800781,CKI000:ha_OtherUses,Table 5 r745
high_electricity_demand,electricity,other_uses,2045,2.213404893875122,CKI000:ha_OtherUses,Table 5 r745
high_electricity_demand,electricity,other_uses,2046,2.223409414291382,CKI000:ha_OtherUses,Table 5 r745
high_electricity_demand,electricity,other_uses,2047,2.233942270278931,CKI000:ha_OtherUses,Table 5 r745
high_electricity_demand,electricity,other_uses,2048,2.245147228240967,CKI000:ha_OtherUses,Table 5 r745
high_electricity_demand,electricity,other_uses,2049,2.257018327713013,CKI000:ha_OtherUses,Table 5 r745
high_electricity_demand,electricity,other_uses,2050,2.270129680633545,CKI000:ha_OtherUses,Table 5 r745
high_electricity_demand,electricity,gross_end_use_total,2025,5.153245449066162,CKI000:ha_ElecSubtotal,Table 5 r746
high_electricity_demand,electricity,gross_end_use_total,2026,5.390964031219482,CKI000:ha_ElecSubtotal,Table 5 r746
high_electricity_demand,electricity,gross_end_use_total,2027,5.454719066619873,CKI000:ha_ElecSubtotal,Table 5 r746
high_electricity_demand,electricity,gross_end_use_total,2028,5.526523590087891,CKI000:ha_ElecSubtotal,Table 5 r746
high_electricity_demand,electricity,gross_end_use_total,2029,5.594252586364746,CKI000:ha_ElecSubtotal,Table 5 r746
high_electricity_demand,electricity,gross_end_use_total,2030,5.639995098114014,CKI000:ha_ElecSubtotal,Table 5 r746
high_electricity_demand,electricity,gross_end_use_total,2031,5.704149723052979,CKI000:ha_ElecSubtotal,Table 5 r746
high_electricity_demand,electricity,gross_end_use_total,2032,5.784647941589355,CKI000:ha_ElecSubtotal,Table 5 r746
high_electricity_demand,electricity,gross_end_use_total,2033,5.88093376159668,CKI000:ha_ElecSubtotal,Table 5 r746
high_electricity_demand,electricity,gross_end_use_total,2034,5.999160766601562,CKI000:ha_ElecSubtotal,Table 5 r746
high_electricity_demand,electricity,gross_end_use_total,2035,6.134048938751221,CKI000:ha_ElecSubtotal,Table 5 r746
high_electricity_demand,electricity,gross_end_use_total,2036,6.281399726867676,CKI000:ha_ElecSubtotal,Table 5 r746
high_electricity_demand,electricity,gross_end_use_total,2037,6.403388977050781,CKI000:ha_ElecSubtotal,Table 5 r746
high_electricity_demand,electricity,gross_end_use_total,2038,6.522889614105225,CKI000:ha_ElecSubtotal,Table 5 r746
high_electricity_demand,electricity,gross_end_use_total,2039,6.654928207397461,CKI000:ha_ElecSubtotal,Table 5 r746
high_electricity_demand,electricity,gross_end_use_total,2040,6.790463447570801,CKI000:ha_ElecSubtotal,Table 5 r746
high_electricity_demand,electricity,gross_end_use_total,2041,6.9333176612854,CKI000:ha_ElecSubtotal,Table 5 r746
high_electricity_demand,electricity,gross_end_use_total,2042,7.081088066101074,CKI000:ha_ElecSubtotal,Table 5 r746
high_electricity_demand,electricity,gross_end_use_total,2043,7.231900215148926,CKI000:ha_ElecSubtotal,Table 5 r746
high_electricity_demand,electricity,gross_end_use_total,2044,7.385942459106445,CKI000:ha_ElecSubtotal,Table 5 r746
high_electricity_demand,electricity,gross_end_use_total,2045,7.544539451599121,CKI000:ha_ElecSubtotal,Table 5 r746
high_electricity_demand,electricity,gross_end_use_total,2046,7.707828044891357,CKI000:ha_ElecSubtotal,Table 5 r746
high_electricity_demand,electricity,gross_end_use_total,2047,7.873856544494629,CKI000:ha_ElecSubtotal,Table 5 r746
high_electricity_demand,electricity,gross_end_use_total,2048,8.04384708404541,CKI000:ha_ElecSubtotal,Table 5 r746
high_electricity_demand,electricity,gross_end_use_total,2049,8.218453407287598,CKI000:ha_ElecSubtotal,Table 5 r746
high_electricity_demand,electricity,gross_end_use_total,2050,8.39819622039795,CKI000:ha_ElecSubtotal,Table 5 r746
high_electricity_demand,electricity,ev_charging,2025,0.03188189491629601,CKI000:ha_PurchElecEVCha,Table 5 r747
high_electricity_demand,electricity,ev_charging,2026,0.04232515022158623,CKI000:ha_PurchElecEVCha,Table 5 r747
high_electricity_demand,electricity,ev_charging,2027,0.05606752634048462,CKI000:ha_PurchElecEVCha,Table 5 r747
high_electricity_demand,electricity,ev_charging,2028,0.07655425369739532,CKI000:ha_PurchElecEVCha,Table 5 r747
high_electricity_demand,electricity,ev_charging,2029,0.1043732687830925,CKI000:ha_PurchElecEVCha,Table 5 r747
high_electricity_demand,electricity,ev_charging,2030,0.1531891077756882,CKI000:ha_PurchElecEVCha,Table 5 r747
high_electricity_demand,electricity,ev_charging,2031,0.2170365750789642,CKI000:ha_PurchElecEVCha,Table 5 r747
high_electricity_demand,electricity,ev_charging,2032,0.2997844815254211,CKI000:ha_PurchElecEVCha,Table 5 r747
high_electricity_demand,electricity,ev_charging,2033,0.387127697467804,CKI000:ha_PurchElecEVCha,Table 5 r747
high_electricity_demand,electricity,ev_charging,2034,0.4768041670322418,CKI000:ha_PurchElecEVCha,Table 5 r747
high_electricity_demand,electricity,ev_charging,2035,0.564292848110199,CKI000:ha_PurchElecEVCha,Table 5 r747
high_electricity_demand,electricity,ev_charging,2036,0.6481217741966248,CKI000:ha_PurchElecEVCha,Table 5 r747
high_electricity_demand,electricity,ev_charging,2037,0.7289507985115051,CKI000:ha_PurchElecEVCha,Table 5 r747
high_electricity_demand,electricity,ev_charging,2038,0.8057700991630554,CKI000:ha_PurchElecEVCha,Table 5 r747
high_electricity_demand,electricity,ev_charging,2039,0.8788288831710815,CKI000:ha_PurchElecEVCha,Table 5 r747
high_electricity_demand,electricity,ev_charging,2040,0.948240339756012,CKI000:ha_PurchElecEVCha,Table 5 r747
high_electricity_demand,electricity,ev_charging,2041,1.012024760246277,CKI000:ha_PurchElecEVCha,Table 5 r747
high_electricity_demand,electricity,ev_charging,2042,1.071053385734558,CKI000:ha_PurchElecEVCha,Table 5 r747
high_electricity_demand,electricity,ev_charging,2043,1.124230146408081,CKI000:ha_PurchElecEVCha,Table 5 r747
high_electricity_demand,electricity,ev_charging,2044,1.172802805900574,CKI000:ha_PurchElecEVCha,Table 5 r747
high_electricity_demand,electricity,ev_charging,2045,1.217977523803711,CKI000:ha_PurchElecEVCha,Table 5 r747
high_electricity_demand,electricity,ev_charging,2046,1.2585768699646,CKI000:ha_PurchElecEVCha,Table 5 r747
high_electricity_demand,electricity,ev_charging,2047,1.295184254646301,CKI000:ha_PurchElecEVCha,Table 5 r747
high_electricity_demand,electricity,ev_charging,2048,1.327658653259277,CKI000:ha_PurchElecEVCha,Table 5 r747
high_electricity_demand,electricity,ev_charging,2049,1.356889009475708,CKI000:ha_PurchElecEVCha,Table 5 r747
high_electricity_demand,electricity,ev_charging,2050,1.382670640945435,CKI000:ha_PurchElecEVCha,Table 5 r747
high_electricity_demand,electricity,own_generation,2025,0.1595085859298706,CKI000:ha_OwnGeneration,Table 5 r748
high_electricity_demand,electricity,own_generation,2026,0.1786738634109497,CKI000:ha_OwnGeneration,Table 5 r748
high_electricity_demand,electricity,own_generation,2027,0.1948094069957733,CKI000:ha_OwnGeneration,Table 5 r748
high_electricity_demand,electricity,own_generation,2028,0.2025707364082336,CKI000:ha_OwnGeneration,Table 5 r748
high_electricity_demand,electricity,own_generation,2029,0.2076829373836517,CKI000:ha_OwnGeneration,Table 5 r748
high_electricity_demand,electricity,own_generation,2030,0.2142577469348907,CKI000:ha_OwnGeneration,Table 5 r748
high_electricity_demand,electricity,own_generation,2031,0.2251565158367157,CKI000:ha_OwnGeneration,Table 5 r748
high_electricity_demand,electricity,own_generation,2032,0.2308248281478882,CKI000:ha_OwnGeneration,Table 5 r748
high_electricity_demand,electricity,own_generation,2033,0.2364179491996765,CKI000:ha_OwnGeneration,Table 5 r748
high_electricity_demand,electricity,own_generation,2034,0.2392645180225372,CKI000:ha_OwnGeneration,Table 5 r748
high_electricity_demand,electricity,own_generation,2035,0.2422603070735931,CKI000:ha_OwnGeneration,Table 5 r748
high_electricity_demand,electricity,own_generation,2036,0.2462384402751923,CKI000:ha_OwnGeneration,Table 5 r748
high_electricity_demand,electricity,own_generation,2037,0.2518796622753143,CKI000:ha_OwnGeneration,Table 5 r748
high_electricity_demand,electricity,own_generation,2038,0.2619619965553284,CKI000:ha_OwnGeneration,Table 5 r748
high_electricity_demand,electricity,own_generation,2039,0.2676718533039093,CKI000:ha_OwnGeneration,Table 5 r748
high_electricity_demand,electricity,own_generation,2040,0.2751595675945282,CKI000:ha_OwnGeneration,Table 5 r748
high_electricity_demand,electricity,own_generation,2041,0.2787556350231171,CKI000:ha_OwnGeneration,Table 5 r748
high_electricity_demand,electricity,own_generation,2042,0.2825066745281219,CKI000:ha_OwnGeneration,Table 5 r748
high_electricity_demand,electricity,own_generation,2043,0.2871651649475098,CKI000:ha_OwnGeneration,Table 5 r748
high_electricity_demand,electricity,own_generation,2044,0.2923063337802887,CKI000:ha_OwnGeneration,Table 5 r748
high_electricity_demand,electricity,own_generation,2045,0.2969858050346375,CKI000:ha_OwnGeneration,Table 5 r748
high_electricity_demand,electricity,own_generation,2046,0.3007160723209381,CKI000:ha_OwnGeneration,Table 5 r748
high_electricity_demand,electricity,own_generation,2047,0.3051440119743347,CKI000:ha_OwnGeneration,Table 5 r748
high_electricity_demand,electricity,own_generation,2048,0.3093977868556976,CKI000:ha_OwnGeneration,Table 5 r748
high_electricity_demand,electricity,own_generation,2049,0.3131702244281769,CKI000:ha_OwnGeneration,Table 5 r748
high_electricity_demand,electricity,own_generation,2050,0.3159609436988831,CKI000:ha_OwnGeneration,Table 5 r748
high_electricity_demand,electricity,purchased_total,2025,5.025619029998779,CKI000:ha_PurchasedElec,Table 5 r749
high_electricity_demand,electricity,purchased_total,2026,5.254615306854248,CKI000:ha_PurchasedElec,Table 5 r749
high_electricity_demand,electricity,purchased_total,2027,5.315976619720459,CKI000:ha_PurchasedElec,Table 5 r749
high_electricity_demand,electricity,purchased_total,2028,5.400506973266602,CKI000:ha_PurchasedElec,Table 5 r749
high_electricity_demand,electricity,purchased_total,2029,5.490942478179932,CKI000:ha_PurchasedElec,Table 5 r749
high_electricity_demand,electricity,purchased_total,2030,5.578926563262939,CKI000:ha_PurchasedElec,Table 5 r749
high_electricity_demand,electricity,purchased_total,2031,5.696030616760254,CKI000:ha_PurchasedElec,Table 5 r749
high_electricity_demand,electricity,purchased_total,2032,5.853607654571533,CKI000:ha_PurchasedElec,Table 5 r749
high_electricity_demand,electricity,purchased_total,2033,6.031643390655518,CKI000:ha_PurchasedElec,Table 5 r749
high_electricity_demand,electricity,purchased_total,2034,6.236700534820557,CKI000:ha_PurchasedElec,Table 5 r749
high_electricity_demand,electricity,purchased_total,2035,6.456081390380859,CKI000:ha_PurchasedElec,Table 5 r749
high_electricity_demand,electricity,purchased_total,2036,6.683282852172852,CKI000:ha_PurchasedElec,Table 5 r749
high_electricity_demand,electricity,purchased_total,2037,6.880459785461426,CKI000:ha_PurchasedElec,Table 5 r749
high_electricity_demand,electricity,purchased_total,2038,7.066697597503662,CKI000:ha_PurchasedElec,Table 5 r749
high_electricity_demand,electricity,purchased_total,2039,7.266085147857666,CKI000:ha_PurchasedElec,Table 5 r749
high_electricity_demand,electricity,purchased_total,2040,7.463544368743896,CKI000:ha_PurchasedElec,Table 5 r749
high_electricity_demand,electricity,purchased_total,2041,7.666586875915527,CKI000:ha_PurchasedElec,Table 5 r749
high_electricity_demand,electricity,purchased_total,2042,7.869634628295898,CKI000:ha_PurchasedElec,Table 5 r749
high_electricity_demand,electricity,purchased_total,2043,8.068964004516602,CKI000:ha_PurchasedElec,Table 5 r749
high_electricity_demand,electricity,purchased_total,2044,8.266438484191895,CKI000:ha_PurchasedElec,Table 5 r749
high_electricity_demand,electricity,purchased_total,2045,8.465531349182129,CKI000:ha_PurchasedElec,Table 5 r749
high_electricity_demand,electricity,purchased_total,2046,8.665687561035156,CKI000:ha_PurchasedElec,Table 5 r749
high_electricity_demand,electricity,purchased_total,2047,8.863897323608398,CKI000:ha_PurchasedElec,Table 5 r749
high_electricity_demand,electricity,purchased_total,2048,9.06210708618164,CKI000:ha_PurchasedElec,Table 5 r749
high_electricity_demand,electricity,purchased_total,2049,9.26217269897461,CKI000:ha_PurchasedElec,Table 5 r749
high_electricity_demand,electricity,purchased_total,2050,9.464905738830566,CKI000:ha_PurchasedElec,Table 5 r749
high_electricity_demand,natural_gas,heating,2025,1.677395462989807,CKI000:ia_SpaceHeating,Table 5 r752
high_electricity_demand,natural_gas,heating,2026,1.658209204673767,CKI000:ia_SpaceHeating,Table 5 r752
high_electricity_demand,natural_gas,heating,2027,1.654666781425476,CKI000:ia_SpaceHeating,Table 5 r752
high_electricity_demand,natural_gas,heating,2028,1.63970947265625,CKI000:ia_SpaceHeating,Table 5 r752
high_electricity_demand,natural_gas,heating,2029,1.613536238670349,CKI000:ia_SpaceHeating,Table 5 r752
high_electricity_demand,natural_gas,heating,2030,1.575226068496704,CKI000:ia_SpaceHeating,Table 5 r752
high_electricity_demand,natural_gas,heating,2031,1.549400925636292,CKI000:ia_SpaceHeating,Table 5 r752
high_electricity_demand,natural_gas,heating,2032,1.527111053466797,CKI000:ia_SpaceHeating,Table 5 r752
high_electricity_demand,natural_gas,heating,2033,1.512660503387451,CKI000:ia_SpaceHeating,Table 5 r752
high_electricity_demand,natural_gas,heating,2034,1.503451585769653,CKI000:ia_SpaceHeating,Table 5 r752
high_electricity_demand,natural_gas,heating,2035,1.497669100761414,CKI000:ia_SpaceHeating,Table 5 r752
high_electricity_demand,natural_gas,heating,2036,1.493294715881348,CKI000:ia_SpaceHeating,Table 5 r752
high_electricity_demand,natural_gas,heating,2037,1.48617959022522,CKI000:ia_SpaceHeating,Table 5 r752
high_electricity_demand,natural_gas,heating,2038,1.478264331817627,CKI000:ia_SpaceHeating,Table 5 r752
high_electricity_demand,natural_gas,heating,2039,1.46979558467865,CKI000:ia_SpaceHeating,Table 5 r752
high_electricity_demand,natural_gas,heating,2040,1.460813879966736,CKI000:ia_SpaceHeating,Table 5 r752
high_electricity_demand,natural_gas,heating,2041,1.450803279876709,CKI000:ia_SpaceHeating,Table 5 r752
high_electricity_demand,natural_gas,heating,2042,1.440476059913635,CKI000:ia_SpaceHeating,Table 5 r752
high_electricity_demand,natural_gas,heating,2043,1.430370926856995,CKI000:ia_SpaceHeating,Table 5 r752
high_electricity_demand,natural_gas,heating,2044,1.420291900634766,CKI000:ia_SpaceHeating,Table 5 r752
high_electricity_demand,natural_gas,heating,2045,1.410142183303833,CKI000:ia_SpaceHeating,Table 5 r752
high_electricity_demand,natural_gas,heating,2046,1.399482250213623,CKI000:ia_SpaceHeating,Table 5 r752
high_electricity_demand,natural_gas,heating,2047,1.388010263442993,CKI000:ia_SpaceHeating,Table 5 r752
high_electricity_demand,natural_gas,heating,2048,1.377058267593384,CKI000:ia_SpaceHeating,Table 5 r752
high_electricity_demand,natural_gas,heating,2049,1.366324305534363,CKI000:ia_SpaceHeating,Table 5 r752
high_electricity_demand,natural_gas,heating,2050,1.35540771484375,CKI000:ia_SpaceHeating,Table 5 r752
high_electricity_demand,natural_gas,cooling,2025,0.01569231040775776,CKI000:ia_SpaceCooling,Table 5 r753
high_electricity_demand,natural_gas,cooling,2026,0.0176044087857008,CKI000:ia_SpaceCooling,Table 5 r753
high_electricity_demand,natural_gas,cooling,2027,0.01793799176812172,CKI000:ia_SpaceCooling,Table 5 r753
high_electricity_demand,natural_gas,cooling,2028,0.01816404610872269,CKI000:ia_SpaceCooling,Table 5 r753
high_electricity_demand,natural_gas,cooling,2029,0.01827617920935154,CKI000:ia_SpaceCooling,Table 5 r753
high_electricity_demand,natural_gas,cooling,2030,0.01836791262030602,CKI000:ia_SpaceCooling,Table 5 r753
high_electricity_demand,natural_gas,cooling,2031,0.01853288523852825,CKI000:ia_SpaceCooling,Table 5 r753
high_electricity_demand,natural_gas,cooling,2032,0.01878823526203632,CKI000:ia_SpaceCooling,Table 5 r753
high_electricity_demand,natural_gas,cooling,2033,0.01916727609932423,CKI000:ia_SpaceCooling,Table 5 r753
high_electricity_demand,natural_gas,cooling,2034,0.01967169344425201,CKI000:ia_SpaceCooling,Table 5 r753
high_electricity_demand,natural_gas,cooling,2035,0.02026273496448994,CKI000:ia_SpaceCooling,Table 5 r753
high_electricity_demand,natural_gas,cooling,2036,0.02091008052229881,CKI000:ia_SpaceCooling,Table 5 r753
high_electricity_demand,natural_gas,cooling,2037,0.02159314230084419,CKI000:ia_SpaceCooling,Table 5 r753
high_electricity_demand,natural_gas,cooling,2038,0.02230132929980755,CKI000:ia_SpaceCooling,Table 5 r753
high_electricity_demand,natural_gas,cooling,2039,0.02304515428841114,CKI000:ia_SpaceCooling,Table 5 r753
high_electricity_demand,natural_gas,cooling,2040,0.02384023554623127,CKI000:ia_SpaceCooling,Table 5 r753
high_electricity_demand,natural_gas,cooling,2041,0.02464414946734905,CKI000:ia_SpaceCooling,Table 5 r753
high_electricity_demand,natural_gas,cooling,2042,0.02547558397054672,CKI000:ia_SpaceCooling,Table 5 r753
high_electricity_demand,natural_gas,cooling,2043,0.026352159678936,CKI000:ia_SpaceCooling,Table 5 r753
high_electricity_demand,natural_gas,cooling,2044,0.02726904302835464,CKI000:ia_SpaceCooling,Table 5 r753
high_electricity_demand,natural_gas,cooling,2045,0.02824250049889088,CKI000:ia_SpaceCooling,Table 5 r753
high_electricity_demand,natural_gas,cooling,2046,0.02924949489533901,CKI000:ia_SpaceCooling,Table 5 r753
high_electricity_demand,natural_gas,cooling,2047,0.03029571659862995,CKI000:ia_SpaceCooling,Table 5 r753
high_electricity_demand,natural_gas,cooling,2048,0.03138842061161995,CKI000:ia_SpaceCooling,Table 5 r753
high_electricity_demand,natural_gas,cooling,2049,0.03253857046365738,CKI000:ia_SpaceCooling,Table 5 r753
high_electricity_demand,natural_gas,cooling,2050,0.03374159336090088,CKI000:ia_SpaceCooling,Table 5 r753
high_electricity_demand,natural_gas,water_heating,2025,0.2739697098731995,CKI000:ia_WaterHeating,Table 5 r754
high_electricity_demand,natural_gas,water_heating,2026,0.2802106738090515,CKI000:ia_WaterHeating,Table 5 r754
high_electricity_demand,natural_gas,water_heating,2027,0.2828994989395142,CKI000:ia_WaterHeating,Table 5 r754
high_electricity_demand,natural_gas,water_heating,2028,0.2836097776889801,CKI000:ia_WaterHeating,Table 5 r754
high_electricity_demand,natural_gas,water_heating,2029,0.2826151251792908,CKI000:ia_WaterHeating,Table 5 r754
high_electricity_demand,natural_gas,water_heating,2030,0.2796003818511963,CKI000:ia_WaterHeating,Table 5 r754
high_electricity_demand,natural_gas,water_heating,2031,0.27864670753479,CKI000:ia_WaterHeating,Table 5 r754
high_electricity_demand,natural_gas,water_heating,2032,0.2784681618213654,CKI000:ia_WaterHeating,Table 5 r754
high_electricity_demand,natural_gas,water_heating,2033,0.2798640131950378,CKI000:ia_WaterHeating,Table 5 r754
high_electricity_demand,natural_gas,water_heating,2034,0.2820828258991241,CKI000:ia_WaterHeating,Table 5 r754
high_electricity_demand,natural_gas,water_heating,2035,0.2851437628269196,CKI000:ia_WaterHeating,Table 5 r754
high_electricity_demand,natural_gas,water_heating,2036,0.2886658012866974,CKI000:ia_WaterHeating,Table 5 r754
high_electricity_demand,natural_gas,water_heating,2037,0.2920818030834198,CKI000:ia_WaterHeating,Table 5 r754
high_electricity_demand,natural_gas,water_heating,2038,0.2955105602741241,CKI000:ia_WaterHeating,Table 5 r754
high_electricity_demand,natural_gas,water_heating,2039,0.2987640202045441,CKI000:ia_WaterHeating,Table 5 r754
high_electricity_demand,natural_gas,water_heating,2040,0.3017908334732056,CKI000:ia_WaterHeating,Table 5 r754
high_electricity_demand,natural_gas,water_heating,2041,0.3046662211418152,CKI000:ia_WaterHeating,Table 5 r754
high_electricity_demand,natural_gas,water_heating,2042,0.3074414730072021,CKI000:ia_WaterHeating,Table 5 r754
high_electricity_demand,natural_gas,water_heating,2043,0.310286283493042,CKI000:ia_WaterHeating,Table 5 r754
high_electricity_demand,natural_gas,water_heating,2044,0.3131607174873352,CKI000:ia_WaterHeating,Table 5 r754
high_electricity_demand,natural_gas,water_heating,2045,0.3159694969654083,CKI000:ia_WaterHeating,Table 5 r754
high_electricity_demand,natural_gas,water_heating,2046,0.3186798095703125,CKI000:ia_WaterHeating,Table 5 r754
high_electricity_demand,natural_gas,water_heating,2047,0.3212130069732666,CKI000:ia_WaterHeating,Table 5 r754
high_electricity_demand,natural_gas,water_heating,2048,0.3238377571105957,CKI000:ia_WaterHeating,Table 5 r754
high_electricity_demand,natural_gas,water_heating,2049,0.3265255093574524,CKI000:ia_WaterHeating,Table 5 r754
high_electricity_demand,natural_gas,water_heating,2050,0.3291648924350739,CKI000:ia_WaterHeating,Table 5 r754
high_electricity_demand,natural_gas,cooking,2025,0.4053901433944702,CKI000:ia_Cooking,Table 5 r755
high_electricity_demand,natural_gas,cooking,2026,0.4125174283981323,CKI000:ia_Cooking,Table 5 r755
high_electricity_demand,natural_gas,cooking,2027,0.4160383939743042,CKI000:ia_Cooking,Table 5 r755
high_electricity_demand,natural_gas,cooking,2028,0.4166445434093475,CKI000:ia_Cooking,Table 5 r755
high_electricity_demand,natural_gas,cooking,2029,0.414882093667984,CKI000:ia_Cooking,Table 5 r755
high_electricity_demand,natural_gas,cooking,2030,0.4111828207969666,CKI000:ia_Cooking,Table 5 r755
high_electricity_demand,natural_gas,cooking,2031,0.4093101322650909,CKI000:ia_Cooking,Table 5 r755
high_electricity_demand,natural_gas,cooking,2032,0.4084303677082062,CKI000:ia_Cooking,Table 5 r755
high_electricity_demand,natural_gas,cooking,2033,0.4097425043582916,CKI000:ia_Cooking,Table 5 r755
high_electricity_demand,natural_gas,cooking,2034,0.4122793078422546,CKI000:ia_Cooking,Table 5 r755
high_electricity_demand,natural_gas,cooking,2035,0.4159785807132721,CKI000:ia_Cooking,Table 5 r755
high_electricity_demand,natural_gas,cooking,2036,0.4202284514904022,CKI000:ia_Cooking,Table 5 r755
high_electricity_demand,natural_gas,cooking,2037,0.4244849681854248,CKI000:ia_Cooking,Table 5 r755
high_electricity_demand,natural_gas,cooking,2038,0.4286775887012482,CKI000:ia_Cooking,Table 5 r755
high_electricity_demand,natural_gas,cooking,2039,0.4325942993164062,CKI000:ia_Cooking,Table 5 r755
high_electricity_demand,natural_gas,cooking,2040,0.4361370503902435,CKI000:ia_Cooking,Table 5 r755
high_electricity_demand,natural_gas,cooking,2041,0.4395449757575989,CKI000:ia_Cooking,Table 5 r755
high_electricity_demand,natural_gas,cooking,2042,0.4427782297134399,CKI000:ia_Cooking,Table 5 r755
high_electricity_demand,natural_gas,cooking,2043,0.4460843801498413,CKI000:ia_Cooking,Table 5 r755
high_electricity_demand,natural_gas,cooking,2044,0.4493989646434784,CKI000:ia_Cooking,Table 5 r755
high_electricity_demand,natural_gas,cooking,2045,0.4525707066059113,CKI000:ia_Cooking,Table 5 r755
high_electricity_demand,natural_gas,cooking,2046,0.4555295705795288,CKI000:ia_Cooking,Table 5 r755
high_electricity_demand,natural_gas,cooking,2047,0.4582043886184692,CKI000:ia_Cooking,Table 5 r755
high_electricity_demand,natural_gas,cooking,2048,0.4610119462013245,CKI000:ia_Cooking,Table 5 r755
high_electricity_demand,natural_gas,cooking,2049,0.463912159204483,CKI000:ia_Cooking,Table 5 r755
high_electricity_demand,natural_gas,cooking,2050,0.4667256474494934,CKI000:ia_Cooking,Table 5 r755
high_electricity_demand,natural_gas,other_uses,2025,1.267356395721436,CKI000:ia_OtherUses,Table 5 r756
high_electricity_demand,natural_gas,other_uses,2026,1.194826602935791,CKI000:ia_OtherUses,Table 5 r756
high_electricity_demand,natural_gas,other_uses,2027,1.199452638626099,CKI000:ia_OtherUses,Table 5 r756
high_electricity_demand,natural_gas,other_uses,2028,1.197184324264526,CKI000:ia_OtherUses,Table 5 r756
high_electricity_demand,natural_gas,other_uses,2029,1.188101530075073,CKI000:ia_OtherUses,Table 5 r756
high_electricity_demand,natural_gas,other_uses,2030,1.176270723342896,CKI000:ia_OtherUses,Table 5 r756
high_electricity_demand,natural_gas,other_uses,2031,1.166096687316895,CKI000:ia_OtherUses,Table 5 r756
high_electricity_demand,natural_gas,other_uses,2032,1.157655477523804,CKI000:ia_OtherUses,Table 5 r756
high_electricity_demand,natural_gas,other_uses,2033,1.153958320617676,CKI000:ia_OtherUses,Table 5 r756
high_electricity_demand,natural_gas,other_uses,2034,1.15256404876709,CKI000:ia_OtherUses,Table 5 r756
high_electricity_demand,natural_gas,other_uses,2035,1.153314113616943,CKI000:ia_OtherUses,Table 5 r756
high_electricity_demand,natural_gas,other_uses,2036,1.155089616775513,CKI000:ia_OtherUses,Table 5 r756
high_electricity_demand,natural_gas,other_uses,2037,1.157017230987549,CKI000:ia_OtherUses,Table 5 r756
high_electricity_demand,natural_gas,other_uses,2038,1.15910005569458,CKI000:ia_OtherUses,Table 5 r756
high_electricity_demand,natural_gas,other_uses,2039,1.160590648651123,CKI000:ia_OtherUses,Table 5 r756
high_electricity_demand,natural_gas,other_uses,2040,1.161806106567383,CKI000:ia_OtherUses,Table 5 r756
high_electricity_demand,natural_gas,other_uses,2041,1.162050724029541,CKI000:ia_OtherUses,Table 5 r756
high_electricity_demand,natural_gas,other_uses,2042,1.162254095077515,CKI000:ia_OtherUses,Table 5 r756
high_electricity_demand,natural_gas,other_uses,2043,1.162948369979858,CKI000:ia_OtherUses,Table 5 r756
high_electricity_demand,natural_gas,other_uses,2044,1.164060831069946,CKI000:ia_OtherUses,Table 5 r756
high_electricity_demand,natural_gas,other_uses,2045,1.165260076522827,CKI000:ia_OtherUses,Table 5 r756
high_electricity_demand,natural_gas,other_uses,2046,1.166489601135254,CKI000:ia_OtherUses,Table 5 r756
high_electricity_demand,natural_gas,other_uses,2047,1.167378664016724,CKI000:ia_OtherUses,Table 5 r756
high_electricity_demand,natural_gas,other_uses,2048,1.168495416641235,CKI000:ia_OtherUses,Table 5 r756
high_electricity_demand,natural_gas,other_uses,2049,1.169759035110474,CKI000:ia_OtherUses,Table 5 r756
high_electricity_demand,natural_gas,other_uses,2050,1.17078685760498,CKI000:ia_OtherUses,Table 5 r756
high_electricity_demand,natural_gas,delivered_total,2025,3.639803886413574,CKI000:ia_DeliveredEner,Table 5 r757
high_electricity_demand,natural_gas,delivered_total,2026,3.563368320465088,CKI000:ia_DeliveredEner,Table 5 r757
high_electricity_demand,natural_gas,delivered_total,2027,3.570995330810547,CKI000:ia_DeliveredEner,Table 5 r757
high_electricity_demand,natural_gas,delivered_total,2028,3.555312156677246,CKI000:ia_DeliveredEner,Table 5 r757
high_electricity_demand,natural_gas,delivered_total,2029,3.517411231994629,CKI000:ia_DeliveredEner,Table 5 r757
high_electricity_demand,natural_gas,delivered_total,2030,3.460647821426392,CKI000:ia_DeliveredEner,Table 5 r757
high_electricity_demand,natural_gas,delivered_total,2031,3.421987295150757,CKI000:ia_DeliveredEner,Table 5 r757
high_electricity_demand,natural_gas,delivered_total,2032,3.390453338623047,CKI000:ia_DeliveredEner,Table 5 r757
high_electricity_demand,natural_gas,delivered_total,2033,3.37539267539978,CKI000:ia_DeliveredEner,Table 5 r757
high_electricity_demand,natural_gas,delivered_total,2034,3.370049476623535,CKI000:ia_DeliveredEner,Table 5 r757
high_electricity_demand,natural_gas,delivered_total,2035,3.372368335723877,CKI000:ia_DeliveredEner,Table 5 r757
high_electricity_demand,natural_gas,delivered_total,2036,3.378188610076904,CKI000:ia_DeliveredEner,Table 5 r757
high_electricity_demand,natural_gas,delivered_total,2037,3.381356716156006,CKI000:ia_DeliveredEner,Table 5 r757
high_electricity_demand,natural_gas,delivered_total,2038,3.383853912353516,CKI000:ia_DeliveredEner,Table 5 r757
high_electricity_demand,natural_gas,delivered_total,2039,3.384789705276489,CKI000:ia_DeliveredEner,Table 5 r757
high_electricity_demand,natural_gas,delivered_total,2040,3.384387969970703,CKI000:ia_DeliveredEner,Table 5 r757
high_electricity_demand,natural_gas,delivered_total,2041,3.381709337234497,CKI000:ia_DeliveredEner,Table 5 r757
high_electricity_demand,natural_gas,delivered_total,2042,3.378425359725952,CKI000:ia_DeliveredEner,Table 5 r757
high_electricity_demand,natural_gas,delivered_total,2043,3.376042127609253,CKI000:ia_DeliveredEner,Table 5 r757
high_electricity_demand,natural_gas,delivered_total,2044,3.374181509017944,CKI000:ia_DeliveredEner,Table 5 r757
high_electricity_demand,natural_gas,delivered_total,2045,3.372184991836548,CKI000:ia_DeliveredEner,Table 5 r757
high_electricity_demand,natural_gas,delivered_total,2046,3.369430780410767,CKI000:ia_DeliveredEner,Table 5 r757
high_electricity_demand,natural_gas,delivered_total,2047,3.365102052688599,CKI000:ia_DeliveredEner,Table 5 r757
high_electricity_demand,natural_gas,delivered_total,2048,3.361791849136353,CKI000:ia_DeliveredEner,Table 5 r757
high_electricity_demand,natural_gas,delivered_total,2049,3.359059572219849,CKI000:ia_DeliveredEner,Table 5 r757
high_electricity_demand,natural_gas,delivered_total,2050,3.355826616287231,CKI000:ia_DeliveredEner,Table 5 r757
reference,natural_gas,combined_heat_power_input,2025,0.1167474365234375,CST000:dge_NaturalGas,Table 22 r273 (trillion Btu / 1000)
reference,natural_gas,combined_heat_power_input,2026,0.11901504516601559,CST000:dge_NaturalGas,Table 22 r273 (trillion Btu / 1000)
reference,natural_gas,combined_heat_power_input,2027,0.120467041015625,CST000:dge_NaturalGas,Table 22 r273 (trillion Btu / 1000)
reference,natural_gas,combined_heat_power_input,2028,0.1218857421875,CST000:dge_NaturalGas,Table 22 r273 (trillion Btu / 1000)
reference,natural_gas,combined_heat_power_input,2029,0.123385124206543,CST000:dge_NaturalGas,Table 22 r273 (trillion Btu / 1000)
reference,natural_gas,combined_heat_power_input,2030,0.124996208190918,CST000:dge_NaturalGas,Table 22 r273 (trillion Btu / 1000)
reference,natural_gas,combined_heat_power_input,2031,0.1270336608886719,CST000:dge_NaturalGas,Table 22 r273 (trillion Btu / 1000)
reference,natural_gas,combined_heat_power_input,2032,0.12876704406738282,CST000:dge_NaturalGas,Table 22 r273 (trillion Btu / 1000)
reference,natural_gas,combined_heat_power_input,2033,0.13050090026855468,CST000:dge_NaturalGas,Table 22 r273 (trillion Btu / 1000)
reference,natural_gas,combined_heat_power_input,2034,0.1320921020507812,CST000:dge_NaturalGas,Table 22 r273 (trillion Btu / 1000)
reference,natural_gas,combined_heat_power_input,2035,0.133743896484375,CST000:dge_NaturalGas,Table 22 r273 (trillion Btu / 1000)
reference,natural_gas,combined_heat_power_input,2036,0.13548704528808592,CST000:dge_NaturalGas,Table 22 r273 (trillion Btu / 1000)
reference,natural_gas,combined_heat_power_input,2037,0.13737538146972658,CST000:dge_NaturalGas,Table 22 r273 (trillion Btu / 1000)
reference,natural_gas,combined_heat_power_input,2038,0.1397843627929688,CST000:dge_NaturalGas,Table 22 r273 (trillion Btu / 1000)
reference,natural_gas,combined_heat_power_input,2039,0.1415982818603516,CST000:dge_NaturalGas,Table 22 r273 (trillion Btu / 1000)
reference,natural_gas,combined_heat_power_input,2040,0.1433718414306641,CST000:dge_NaturalGas,Table 22 r273 (trillion Btu / 1000)
reference,natural_gas,combined_heat_power_input,2041,0.1449926300048828,CST000:dge_NaturalGas,Table 22 r273 (trillion Btu / 1000)
reference,natural_gas,combined_heat_power_input,2042,0.14669580078125,CST000:dge_NaturalGas,Table 22 r273 (trillion Btu / 1000)
reference,natural_gas,combined_heat_power_input,2043,0.1482632751464844,CST000:dge_NaturalGas,Table 22 r273 (trillion Btu / 1000)
reference,natural_gas,combined_heat_power_input,2044,0.1498614807128906,CST000:dge_NaturalGas,Table 22 r273 (trillion Btu / 1000)
reference,natural_gas,combined_heat_power_input,2045,0.15141374206542968,CST000:dge_NaturalGas,Table 22 r273 (trillion Btu / 1000)
reference,natural_gas,combined_heat_power_input,2046,0.1528723449707031,CST000:dge_NaturalGas,Table 22 r273 (trillion Btu / 1000)
reference,natural_gas,combined_heat_power_input,2047,0.1544005126953125,CST000:dge_NaturalGas,Table 22 r273 (trillion Btu / 1000)
reference,natural_gas,combined_heat_power_input,2048,0.1558990936279297,CST000:dge_NaturalGas,Table 22 r273 (trillion Btu / 1000)
reference,natural_gas,combined_heat_power_input,2049,0.15744270324707033,CST000:dge_NaturalGas,Table 22 r273 (trillion Btu / 1000)
reference,natural_gas,combined_heat_power_input,2050,0.1588972778320312,CST000:dge_NaturalGas,Table 22 r273 (trillion Btu / 1000)
high_electricity_demand,natural_gas,combined_heat_power_input,2025,0.1167474365234375,CST000:dge_NaturalGas,Table 22 r273 (trillion Btu / 1000)
high_electricity_demand,natural_gas,combined_heat_power_input,2026,0.11901504516601559,CST000:dge_NaturalGas,Table 22 r273 (trillion Btu / 1000)
high_electricity_demand,natural_gas,combined_heat_power_input,2027,0.120467041015625,CST000:dge_NaturalGas,Table 22 r273 (trillion Btu / 1000)
high_electricity_demand,natural_gas,combined_heat_power_input,2028,0.1218857421875,CST000:dge_NaturalGas,Table 22 r273 (trillion Btu / 1000)
high_electricity_demand,natural_gas,combined_heat_power_input,2029,0.123385124206543,CST000:dge_NaturalGas,Table 22 r273 (trillion Btu / 1000)
high_electricity_demand,natural_gas,combined_heat_power_input,2030,0.124996208190918,CST000:dge_NaturalGas,Table 22 r273 (trillion Btu / 1000)
high_electricity_demand,natural_gas,combined_heat_power_input,2031,0.1270336608886719,CST000:dge_NaturalGas,Table 22 r273 (trillion Btu / 1000)
high_electricity_demand,natural_gas,combined_heat_power_input,2032,0.12876704406738282,CST000:dge_NaturalGas,Table 22 r273 (trillion Btu / 1000)
high_electricity_demand,natural_gas,combined_heat_power_input,2033,0.13050090026855468,CST000:dge_NaturalGas,Table 22 r273 (trillion Btu / 1000)
high_electricity_demand,natural_gas,combined_heat_power_input,2034,0.1320921020507812,CST000:dge_NaturalGas,Table 22 r273 (trillion Btu / 1000)
high_electricity_demand,natural_gas,combined_heat_power_input,2035,0.133743896484375,CST000:dge_NaturalGas,Table 22 r273 (trillion Btu / 1000)
high_electricity_demand,natural_gas,combined_heat_power_input,2036,0.13548704528808592,CST000:dge_NaturalGas,Table 22 r273 (trillion Btu / 1000)
high_electricity_demand,natural_gas,combined_heat_power_input,2037,0.13737538146972658,CST000:dge_NaturalGas,Table 22 r273 (trillion Btu / 1000)
high_electricity_demand,natural_gas,combined_heat_power_input,2038,0.1397843627929688,CST000:dge_NaturalGas,Table 22 r273 (trillion Btu / 1000)
high_electricity_demand,natural_gas,combined_heat_power_input,2039,0.1415982818603516,CST000:dge_NaturalGas,Table 22 r273 (trillion Btu / 1000)
high_electricity_demand,natural_gas,combined_heat_power_input,2040,0.1433718414306641,CST000:dge_NaturalGas,Table 22 r273 (trillion Btu / 1000)
high_electricity_demand,natural_gas,combined_heat_power_input,2041,0.1449926300048828,CST000:dge_NaturalGas,Table 22 r273 (trillion Btu / 1000)
high_electricity_demand,natural_gas,combined_heat_power_input,2042,0.14669580078125,CST000:dge_NaturalGas,Table 22 r273 (trillion Btu / 1000)
high_electricity_demand,natural_gas,combined_heat_power_input,2043,0.1482632751464844,CST000:dge_NaturalGas,Table 22 r273 (trillion Btu / 1000)
high_electricity_demand,natural_gas,combined_heat_power_input,2044,0.1498614807128906,CST000:dge_NaturalGas,Table 22 r273 (trillion Btu / 1000)
high_electricity_demand,natural_gas,combined_heat_power_input,2045,0.15141374206542968,CST000:dge_NaturalGas,Table 22 r273 (trillion Btu / 1000)
high_electricity_demand,natural_gas,combined_heat_power_input,2046,0.1528723449707031,CST000:dge_NaturalGas,Table 22 r273 (trillion Btu / 1000)
high_electricity_demand,natural_gas,combined_heat_power_input,2047,0.1544005126953125,CST000:dge_NaturalGas,Table 22 r273 (trillion Btu / 1000)
high_electricity_demand,natural_gas,combined_heat_power_input,2048,0.1558990936279297,CST000:dge_NaturalGas,Table 22 r273 (trillion Btu / 1000)
high_electricity_demand,natural_gas,combined_heat_power_input,2049,0.15744270324707033,CST000:dge_NaturalGas,Table 22 r273 (trillion Btu / 1000)
high_electricity_demand,natural_gas,combined_heat_power_input,2050,0.1588972778320312,CST000:dge_NaturalGas,Table 22 r273 (trillion Btu / 1000)
