# Energy use intensity in 2018 (CBECS 2018), thousand Btu per sqft.
# Source: NEMS input/cdm/kintens.txt, release tag AEO2026-Public-Release.
# Read: data lines 101+, blocks by census division, then building type, then one line
# each for electricity (EL), natural gas (NG) and distillate (DS); columns are the 10
# services. Distillate is kept only because NEMS uses it in the other-uses fuel split.
region,building_type,service,fuel,eui_kbtu_per_sqft
new_england,assembly,heating,electricity,2.646
new_england,assembly,cooling,electricity,4.923
new_england,assembly,water_heating,electricity,0.254
new_england,assembly,ventilation,electricity,4.373
new_england,assembly,cooking,electricity,0.42
new_england,assembly,lighting,electricity,4.295
new_england,assembly,refrigeration,electricity,2.62
new_england,assembly,data_center_servers,electricity,0.0
new_england,assembly,computers_office_equipment,electricity,1.274
new_england,assembly,other_uses,electricity,0.0
new_england,assembly,heating,natural_gas,22.989
new_england,assembly,cooling,natural_gas,0.0
new_england,assembly,water_heating,natural_gas,0.144
new_england,assembly,ventilation,natural_gas,0.0
new_england,assembly,cooking,natural_gas,1.987
new_england,assembly,lighting,natural_gas,0.0
new_england,assembly,refrigeration,natural_gas,0.0
new_england,assembly,data_center_servers,natural_gas,0.0
new_england,assembly,computers_office_equipment,natural_gas,0.0
new_england,assembly,other_uses,natural_gas,0.024
new_england,assembly,heating,distillate,7.864
new_england,assembly,cooling,distillate,0.0
new_england,assembly,water_heating,distillate,0.315
new_england,assembly,ventilation,distillate,0.0
new_england,assembly,cooking,distillate,0.0
new_england,assembly,lighting,distillate,0.0
new_england,assembly,refrigeration,distillate,0.0
new_england,assembly,data_center_servers,distillate,0.0
new_england,assembly,computers_office_equipment,distillate,0.0
new_england,assembly,other_uses,distillate,0.062
new_england,education,heating,electricity,0.159
new_england,education,cooling,electricity,1.993
new_england,education,water_heating,electricity,0.294
new_england,education,ventilation,electricity,3.978
new_england,education,cooking,electricity,0.497
new_england,education,lighting,electricity,4.73
new_england,education,refrigeration,electricity,1.192
new_england,education,data_center_servers,electricity,0.423
new_england,education,computers_office_equipment,electricity,2.271
new_england,education,other_uses,electricity,0.294
new_england,education,heating,natural_gas,16.694
new_england,education,cooling,natural_gas,0.0
new_england,education,water_heating,natural_gas,1.407
new_england,education,ventilation,natural_gas,0.0
new_england,education,cooking,natural_gas,1.083
new_england,education,lighting,natural_gas,0.0
new_england,education,refrigeration,natural_gas,0.0
new_england,education,data_center_servers,natural_gas,0.0
new_england,education,computers_office_equipment,natural_gas,0.0
new_england,education,other_uses,natural_gas,0.861
new_england,education,heating,distillate,11.597
new_england,education,cooling,distillate,0.0
new_england,education,water_heating,distillate,0.346
new_england,education,ventilation,distillate,0.0
new_england,education,cooking,distillate,0.0
new_england,education,lighting,distillate,0.0
new_england,education,refrigeration,distillate,0.0
new_england,education,data_center_servers,distillate,0.0
new_england,education,computers_office_equipment,distillate,0.0
new_england,education,other_uses,distillate,0.665
new_england,food_sales,heating,electricity,3.975
new_england,food_sales,cooling,electricity,2.997
new_england,food_sales,water_heating,electricity,0.059
new_england,food_sales,ventilation,electricity,10.75
new_england,food_sales,cooking,electricity,7.794
new_england,food_sales,lighting,electricity,7.845
new_england,food_sales,refrigeration,electricity,74.071
new_england,food_sales,data_center_servers,electricity,0.383
new_england,food_sales,computers_office_equipment,electricity,1.609
new_england,food_sales,other_uses,electricity,0.059
new_england,food_sales,heating,natural_gas,0.0
new_england,food_sales,cooling,natural_gas,0.0
new_england,food_sales,water_heating,natural_gas,0.0
new_england,food_sales,ventilation,natural_gas,0.0
new_england,food_sales,cooking,natural_gas,0.0
new_england,food_sales,lighting,natural_gas,0.0
new_england,food_sales,refrigeration,natural_gas,0.0
new_england,food_sales,data_center_servers,natural_gas,0.0
new_england,food_sales,computers_office_equipment,natural_gas,0.0
new_england,food_sales,other_uses,natural_gas,0.0
new_england,food_sales,heating,distillate,13.596
new_england,food_sales,cooling,distillate,0.0
new_england,food_sales,water_heating,distillate,0.201
new_england,food_sales,ventilation,distillate,0.0
new_england,food_sales,cooking,distillate,0.0
new_england,food_sales,lighting,distillate,0.0
new_england,food_sales,refrigeration,distillate,0.0
new_england,food_sales,data_center_servers,distillate,0.0
new_england,food_sales,computers_office_equipment,distillate,0.0
new_england,food_sales,other_uses,distillate,4.906
new_england,food_service,heating,electricity,6.02
new_england,food_service,cooling,electricity,3.235
new_england,food_service,water_heating,electricity,4.616
new_england,food_service,ventilation,electricity,6.788
new_england,food_service,cooking,electricity,8.202
new_england,food_service,lighting,electricity,7.356
new_england,food_service,refrigeration,electricity,24.744
new_england,food_service,data_center_servers,electricity,0.0
new_england,food_service,computers_office_equipment,electricity,1.438
new_england,food_service,other_uses,electricity,4.616
new_england,food_service,heating,natural_gas,3.969
new_england,food_service,cooling,natural_gas,0.0
new_england,food_service,water_heating,natural_gas,1.378
new_england,food_service,ventilation,natural_gas,0.0
new_england,food_service,cooking,natural_gas,80.39
new_england,food_service,lighting,natural_gas,0.0
new_england,food_service,refrigeration,natural_gas,0.0
new_england,food_service,data_center_servers,natural_gas,0.0
new_england,food_service,computers_office_equipment,natural_gas,0.0
new_england,food_service,other_uses,natural_gas,0.0
new_england,food_service,heating,distillate,12.328
new_england,food_service,cooling,distillate,0.0
new_england,food_service,water_heating,distillate,3.709
new_england,food_service,ventilation,distillate,0.0
new_england,food_service,cooking,distillate,0.0
new_england,food_service,lighting,distillate,0.0
new_england,food_service,refrigeration,distillate,0.0
new_england,food_service,data_center_servers,distillate,0.0
new_england,food_service,computers_office_equipment,distillate,0.0
new_england,food_service,other_uses,distillate,0.0
new_england,health_care,heating,electricity,1.109
new_england,health_care,cooling,electricity,4.135
new_england,health_care,water_heating,electricity,1.094
new_england,health_care,ventilation,electricity,26.558
new_england,health_care,cooking,electricity,2.493
new_england,health_care,lighting,electricity,13.294
new_england,health_care,refrigeration,electricity,3.372
new_england,health_care,data_center_servers,electricity,1.776
new_england,health_care,computers_office_equipment,electricity,4.324
new_england,health_care,other_uses,electricity,1.094
new_england,health_care,heating,natural_gas,30.673
new_england,health_care,cooling,natural_gas,2.369
new_england,health_care,water_heating,natural_gas,10.849
new_england,health_care,ventilation,natural_gas,0.0
new_england,health_care,cooking,natural_gas,12.355
new_england,health_care,lighting,natural_gas,0.0
new_england,health_care,refrigeration,natural_gas,0.0
new_england,health_care,data_center_servers,natural_gas,0.0
new_england,health_care,computers_office_equipment,natural_gas,0.0
new_england,health_care,other_uses,natural_gas,1.654
new_england,health_care,heating,distillate,10.516
new_england,health_care,cooling,distillate,0.0
new_england,health_care,water_heating,distillate,1.96
new_england,health_care,ventilation,distillate,0.0
new_england,health_care,cooking,distillate,0.0
new_england,health_care,lighting,distillate,0.0
new_england,health_care,refrigeration,distillate,0.0
new_england,health_care,data_center_servers,distillate,0.0
new_england,health_care,computers_office_equipment,distillate,0.0
new_england,health_care,other_uses,distillate,2.321
new_england,lodging,heating,electricity,3.465
new_england,lodging,cooling,electricity,2.516
new_england,lodging,water_heating,electricity,3.578
new_england,lodging,ventilation,electricity,10.573
new_england,lodging,cooking,electricity,2.25
new_england,lodging,lighting,electricity,7.972
new_england,lodging,refrigeration,electricity,3.052
new_england,lodging,data_center_servers,electricity,0.035
new_england,lodging,computers_office_equipment,electricity,1.114
new_england,lodging,other_uses,electricity,3.578
new_england,lodging,heating,natural_gas,17.2
new_england,lodging,cooling,natural_gas,0.0
new_england,lodging,water_heating,natural_gas,9.122
new_england,lodging,ventilation,natural_gas,0.0
new_england,lodging,cooking,natural_gas,3.465
new_england,lodging,lighting,natural_gas,0.0
new_england,lodging,refrigeration,natural_gas,0.0
new_england,lodging,data_center_servers,natural_gas,0.0
new_england,lodging,computers_office_equipment,natural_gas,0.0
new_england,lodging,other_uses,natural_gas,1.929
new_england,lodging,heating,distillate,6.981
new_england,lodging,cooling,distillate,0.0
new_england,lodging,water_heating,distillate,1.156
new_england,lodging,ventilation,distillate,0.0
new_england,lodging,cooking,distillate,0.001
new_england,lodging,lighting,distillate,0.0
new_england,lodging,refrigeration,distillate,0.0
new_england,lodging,data_center_servers,distillate,0.0
new_england,lodging,computers_office_equipment,distillate,0.0
new_england,lodging,other_uses,distillate,0.69
new_england,large_office,heating,electricity,2.959
new_england,large_office,cooling,electricity,1.798
new_england,large_office,water_heating,electricity,0.521
new_england,large_office,ventilation,electricity,15.94
new_england,large_office,cooking,electricity,0.415
new_england,large_office,lighting,electricity,7.454
new_england,large_office,refrigeration,electricity,1.071
new_england,large_office,data_center_servers,electricity,2.233
new_england,large_office,computers_office_equipment,electricity,5.72
new_england,large_office,other_uses,electricity,0.521
new_england,large_office,heating,natural_gas,12.789
new_england,large_office,cooling,natural_gas,0.115
new_england,large_office,water_heating,natural_gas,0.498
new_england,large_office,ventilation,natural_gas,0.0
new_england,large_office,cooking,natural_gas,0.753
new_england,large_office,lighting,natural_gas,0.0
new_england,large_office,refrigeration,natural_gas,0.0
new_england,large_office,data_center_servers,natural_gas,0.0
new_england,large_office,computers_office_equipment,natural_gas,0.0
new_england,large_office,other_uses,natural_gas,0.448
new_england,large_office,heating,distillate,0.0
new_england,large_office,cooling,distillate,0.0
new_england,large_office,water_heating,distillate,0.0
new_england,large_office,ventilation,distillate,0.0
new_england,large_office,cooking,distillate,0.0
new_england,large_office,lighting,distillate,0.0
new_england,large_office,refrigeration,distillate,0.0
new_england,large_office,data_center_servers,distillate,0.0
new_england,large_office,computers_office_equipment,distillate,0.0
new_england,large_office,other_uses,distillate,0.161
new_england,small_office,heating,electricity,0.885
new_england,small_office,cooling,electricity,1.814
new_england,small_office,water_heating,electricity,0.234
new_england,small_office,ventilation,electricity,15.423
new_england,small_office,cooking,electricity,0.063
new_england,small_office,lighting,electricity,8.459
new_england,small_office,refrigeration,electricity,1.206
new_england,small_office,data_center_servers,electricity,0.327
new_england,small_office,computers_office_equipment,electricity,3.507
new_england,small_office,other_uses,electricity,0.234
new_england,small_office,heating,natural_gas,13.436
new_england,small_office,cooling,natural_gas,0.0
new_england,small_office,water_heating,natural_gas,1.067
new_england,small_office,ventilation,natural_gas,0.0
new_england,small_office,cooking,natural_gas,0.0
new_england,small_office,lighting,natural_gas,0.0
new_england,small_office,refrigeration,natural_gas,0.0
new_england,small_office,data_center_servers,natural_gas,0.0
new_england,small_office,computers_office_equipment,natural_gas,0.0
new_england,small_office,other_uses,natural_gas,0.0
new_england,small_office,heating,distillate,12.96
new_england,small_office,cooling,distillate,0.0
new_england,small_office,water_heating,distillate,0.301
new_england,small_office,ventilation,distillate,0.0
new_england,small_office,cooking,distillate,0.0
new_england,small_office,lighting,distillate,0.0
new_england,small_office,refrigeration,distillate,0.0
new_england,small_office,data_center_servers,distillate,0.0
new_england,small_office,computers_office_equipment,distillate,0.0
new_england,small_office,other_uses,distillate,0.269
new_england,mercantile_service,heating,electricity,3.158
new_england,mercantile_service,cooling,electricity,2.428
new_england,mercantile_service,water_heating,electricity,0.922
new_england,mercantile_service,ventilation,electricity,7.208
new_england,mercantile_service,cooking,electricity,0.554
new_england,mercantile_service,lighting,electricity,10.979
new_england,mercantile_service,refrigeration,electricity,3.091
new_england,mercantile_service,data_center_servers,electricity,0.003
new_england,mercantile_service,computers_office_equipment,electricity,1.426
new_england,mercantile_service,other_uses,electricity,0.922
new_england,mercantile_service,heating,natural_gas,15.926
new_england,mercantile_service,cooling,natural_gas,0.0
new_england,mercantile_service,water_heating,natural_gas,1.636
new_england,mercantile_service,ventilation,natural_gas,0.0
new_england,mercantile_service,cooking,natural_gas,4.979
new_england,mercantile_service,lighting,natural_gas,0.0
new_england,mercantile_service,refrigeration,natural_gas,0.0
new_england,mercantile_service,data_center_servers,natural_gas,0.0
new_england,mercantile_service,computers_office_equipment,natural_gas,0.0
new_england,mercantile_service,other_uses,natural_gas,0.608
new_england,mercantile_service,heating,distillate,11.196
new_england,mercantile_service,cooling,distillate,0.0
new_england,mercantile_service,water_heating,distillate,0.04
new_england,mercantile_service,ventilation,distillate,0.0
new_england,mercantile_service,cooking,distillate,0.0
new_england,mercantile_service,lighting,distillate,0.0
new_england,mercantile_service,refrigeration,distillate,0.0
new_england,mercantile_service,data_center_servers,distillate,0.0
new_england,mercantile_service,computers_office_equipment,distillate,0.0
new_england,mercantile_service,other_uses,distillate,0.019
new_england,warehouse,heating,electricity,2.046
new_england,warehouse,cooling,electricity,0.926
new_england,warehouse,water_heating,electricity,0.15
new_england,warehouse,ventilation,electricity,1.351
new_england,warehouse,cooking,electricity,0.003
new_england,warehouse,lighting,electricity,4.282
new_england,warehouse,refrigeration,electricity,2.403
new_england,warehouse,data_center_servers,electricity,0.0
new_england,warehouse,computers_office_equipment,electricity,0.451
new_england,warehouse,other_uses,electricity,0.15
new_england,warehouse,heating,natural_gas,5.304
new_england,warehouse,cooling,natural_gas,0.0
new_england,warehouse,water_heating,natural_gas,0.017
new_england,warehouse,ventilation,natural_gas,0.0
new_england,warehouse,cooking,natural_gas,0.494
new_england,warehouse,lighting,natural_gas,0.0
new_england,warehouse,refrigeration,natural_gas,0.0
new_england,warehouse,data_center_servers,natural_gas,0.0
new_england,warehouse,computers_office_equipment,natural_gas,0.0
new_england,warehouse,other_uses,natural_gas,0.694
new_england,warehouse,heating,distillate,1.281
new_england,warehouse,cooling,distillate,0.0
new_england,warehouse,water_heating,distillate,0.001
new_england,warehouse,ventilation,distillate,0.0
new_england,warehouse,cooking,distillate,0.0
new_england,warehouse,lighting,distillate,0.0
new_england,warehouse,refrigeration,distillate,0.0
new_england,warehouse,data_center_servers,distillate,0.0
new_england,warehouse,computers_office_equipment,distillate,0.0
new_england,warehouse,other_uses,distillate,0.034
new_england,other,heating,electricity,1.691
new_england,other,cooling,electricity,13.797
new_england,other,water_heating,electricity,0.175
new_england,other,ventilation,electricity,3.108
new_england,other,cooking,electricity,0.703
new_england,other,lighting,electricity,9.213
new_england,other,refrigeration,electricity,1.744
new_england,other,data_center_servers,electricity,2.4
new_england,other,computers_office_equipment,electricity,4.682
new_england,other,other_uses,electricity,0.175
new_england,other,heating,natural_gas,13.797
new_england,other,cooling,natural_gas,0.163
new_england,other,water_heating,natural_gas,0.573
new_england,other,ventilation,natural_gas,0.0
new_england,other,cooking,natural_gas,0.565
new_england,other,lighting,natural_gas,0.0
new_england,other,refrigeration,natural_gas,0.0
new_england,other,data_center_servers,natural_gas,0.0
new_england,other,computers_office_equipment,natural_gas,0.0
new_england,other,other_uses,natural_gas,0.052
new_england,other,heating,distillate,1.836
new_england,other,cooling,distillate,0.0
new_england,other,water_heating,distillate,0.623
new_england,other,ventilation,distillate,0.0
new_england,other,cooking,distillate,0.0
new_england,other,lighting,distillate,0.0
new_england,other,refrigeration,distillate,0.0
new_england,other,data_center_servers,distillate,0.0
new_england,other,computers_office_equipment,distillate,0.0
new_england,other,other_uses,distillate,0.32
middle_atlantic,assembly,heating,electricity,1.22
middle_atlantic,assembly,cooling,electricity,6.674
middle_atlantic,assembly,water_heating,electricity,0.251
middle_atlantic,assembly,ventilation,electricity,4.008
middle_atlantic,assembly,cooking,electricity,0.6
middle_atlantic,assembly,lighting,electricity,4.059
middle_atlantic,assembly,refrigeration,electricity,2.556
middle_atlantic,assembly,data_center_servers,electricity,0.039
middle_atlantic,assembly,computers_office_equipment,electricity,0.821
middle_atlantic,assembly,other_uses,electricity,0.251
middle_atlantic,assembly,heating,natural_gas,35.8
middle_atlantic,assembly,cooling,natural_gas,0.163
middle_atlantic,assembly,water_heating,natural_gas,0.298
middle_atlantic,assembly,ventilation,natural_gas,0.0
middle_atlantic,assembly,cooking,natural_gas,2.892
middle_atlantic,assembly,lighting,natural_gas,0.0
middle_atlantic,assembly,refrigeration,natural_gas,0.0
middle_atlantic,assembly,data_center_servers,natural_gas,0.0
middle_atlantic,assembly,computers_office_equipment,natural_gas,0.0
middle_atlantic,assembly,other_uses,natural_gas,1.667
middle_atlantic,assembly,heating,distillate,5.02
middle_atlantic,assembly,cooling,distillate,0.0
middle_atlantic,assembly,water_heating,distillate,0.057
middle_atlantic,assembly,ventilation,distillate,0.0
middle_atlantic,assembly,cooking,distillate,0.0
middle_atlantic,assembly,lighting,distillate,0.0
middle_atlantic,assembly,refrigeration,distillate,0.0
middle_atlantic,assembly,data_center_servers,distillate,0.0
middle_atlantic,assembly,computers_office_equipment,distillate,0.0
middle_atlantic,assembly,other_uses,distillate,0.308
middle_atlantic,education,heating,electricity,1.212
middle_atlantic,education,cooling,electricity,4.21
middle_atlantic,education,water_heating,electricity,0.342
middle_atlantic,education,ventilation,electricity,4.803
middle_atlantic,education,cooking,electricity,0.63
middle_atlantic,education,lighting,electricity,5.954
middle_atlantic,education,refrigeration,electricity,1.545
middle_atlantic,education,data_center_servers,electricity,0.515
middle_atlantic,education,computers_office_equipment,electricity,2.84
middle_atlantic,education,other_uses,electricity,0.342
middle_atlantic,education,heating,natural_gas,28.883
middle_atlantic,education,cooling,natural_gas,0.431
middle_atlantic,education,water_heating,natural_gas,2.523
middle_atlantic,education,ventilation,natural_gas,0.0
middle_atlantic,education,cooking,natural_gas,2.488
middle_atlantic,education,lighting,natural_gas,0.0
middle_atlantic,education,refrigeration,natural_gas,0.0
middle_atlantic,education,data_center_servers,natural_gas,0.0
middle_atlantic,education,computers_office_equipment,natural_gas,0.0
middle_atlantic,education,other_uses,natural_gas,1.487
middle_atlantic,education,heating,distillate,6.159
middle_atlantic,education,cooling,distillate,0.009
middle_atlantic,education,water_heating,distillate,0.297
middle_atlantic,education,ventilation,distillate,0.0
middle_atlantic,education,cooking,distillate,0.0
middle_atlantic,education,lighting,distillate,0.0
middle_atlantic,education,refrigeration,distillate,0.0
middle_atlantic,education,data_center_servers,distillate,0.0
middle_atlantic,education,computers_office_equipment,distillate,0.0
middle_atlantic,education,other_uses,distillate,0.557
middle_atlantic,food_sales,heating,electricity,2.092
middle_atlantic,food_sales,cooling,electricity,4.415
middle_atlantic,food_sales,water_heating,electricity,0.236
middle_atlantic,food_sales,ventilation,electricity,12.98
middle_atlantic,food_sales,cooking,electricity,7.846
middle_atlantic,food_sales,lighting,electricity,12.607
middle_atlantic,food_sales,refrigeration,electricity,95.149
middle_atlantic,food_sales,data_center_servers,electricity,0.0
middle_atlantic,food_sales,computers_office_equipment,electricity,1.934
middle_atlantic,food_sales,other_uses,electricity,0.236
middle_atlantic,food_sales,heating,natural_gas,65.018
middle_atlantic,food_sales,cooling,natural_gas,0.0
middle_atlantic,food_sales,water_heating,natural_gas,0.454
middle_atlantic,food_sales,ventilation,natural_gas,0.0
middle_atlantic,food_sales,cooking,natural_gas,44.939
middle_atlantic,food_sales,lighting,natural_gas,0.0
middle_atlantic,food_sales,refrigeration,natural_gas,0.0
middle_atlantic,food_sales,data_center_servers,natural_gas,0.0
middle_atlantic,food_sales,computers_office_equipment,natural_gas,0.0
middle_atlantic,food_sales,other_uses,natural_gas,3.47
middle_atlantic,food_sales,heating,distillate,6.541
middle_atlantic,food_sales,cooling,distillate,0.0
middle_atlantic,food_sales,water_heating,distillate,0.0
middle_atlantic,food_sales,ventilation,distillate,0.0
middle_atlantic,food_sales,cooking,distillate,0.0
middle_atlantic,food_sales,lighting,distillate,0.0
middle_atlantic,food_sales,refrigeration,distillate,0.0
middle_atlantic,food_sales,data_center_servers,distillate,0.0
middle_atlantic,food_sales,computers_office_equipment,distillate,0.0
middle_atlantic,food_sales,other_uses,distillate,1.069
middle_atlantic,food_service,heating,electricity,12.375
middle_atlantic,food_service,cooling,electricity,12.375
middle_atlantic,food_service,water_heating,electricity,0.546
middle_atlantic,food_service,ventilation,electricity,19.37
middle_atlantic,food_service,cooking,electricity,15.81
middle_atlantic,food_service,lighting,electricity,11.41
middle_atlantic,food_service,refrigeration,electricity,34.361
middle_atlantic,food_service,data_center_servers,electricity,0.0
middle_atlantic,food_service,computers_office_equipment,electricity,2.087
middle_atlantic,food_service,other_uses,electricity,0.546
middle_atlantic,food_service,heating,natural_gas,17.048
middle_atlantic,food_service,cooling,natural_gas,0.0
middle_atlantic,food_service,water_heating,natural_gas,10.498
middle_atlantic,food_service,ventilation,natural_gas,0.0
middle_atlantic,food_service,cooking,natural_gas,64.046
middle_atlantic,food_service,lighting,natural_gas,0.0
middle_atlantic,food_service,refrigeration,natural_gas,0.0
middle_atlantic,food_service,data_center_servers,natural_gas,0.0
middle_atlantic,food_service,computers_office_equipment,natural_gas,0.0
middle_atlantic,food_service,other_uses,natural_gas,2.891
middle_atlantic,food_service,heating,distillate,0.0
middle_atlantic,food_service,cooling,distillate,0.0
middle_atlantic,food_service,water_heating,distillate,1.075
middle_atlantic,food_service,ventilation,distillate,0.0
middle_atlantic,food_service,cooking,distillate,0.0
middle_atlantic,food_service,lighting,distillate,0.0
middle_atlantic,food_service,refrigeration,distillate,0.0
middle_atlantic,food_service,data_center_servers,distillate,0.0
middle_atlantic,food_service,computers_office_equipment,distillate,0.0
middle_atlantic,food_service,other_uses,distillate,0.0
middle_atlantic,health_care,heating,electricity,1.325
middle_atlantic,health_care,cooling,electricity,7.474
middle_atlantic,health_care,water_heating,electricity,1.033
middle_atlantic,health_care,ventilation,electricity,24.86
middle_atlantic,health_care,cooking,electricity,2.096
middle_atlantic,health_care,lighting,electricity,10.709
middle_atlantic,health_care,refrigeration,electricity,3.298
middle_atlantic,health_care,data_center_servers,electricity,5.708
middle_atlantic,health_care,computers_office_equipment,electricity,10.554
middle_atlantic,health_care,other_uses,electricity,1.033
middle_atlantic,health_care,heating,natural_gas,55.328
middle_atlantic,health_care,cooling,natural_gas,1.574
middle_atlantic,health_care,water_heating,natural_gas,6.505
middle_atlantic,health_care,ventilation,natural_gas,0.0
middle_atlantic,health_care,cooking,natural_gas,20.521
middle_atlantic,health_care,lighting,natural_gas,0.0
middle_atlantic,health_care,refrigeration,natural_gas,0.0
middle_atlantic,health_care,data_center_servers,natural_gas,0.0
middle_atlantic,health_care,computers_office_equipment,natural_gas,0.0
middle_atlantic,health_care,other_uses,natural_gas,5.803
middle_atlantic,health_care,heating,distillate,1.821
middle_atlantic,health_care,cooling,distillate,0.0
middle_atlantic,health_care,water_heating,distillate,0.29
middle_atlantic,health_care,ventilation,distillate,0.0
middle_atlantic,health_care,cooking,distillate,0.007
middle_atlantic,health_care,lighting,distillate,0.0
middle_atlantic,health_care,refrigeration,distillate,0.0
middle_atlantic,health_care,data_center_servers,distillate,0.0
middle_atlantic,health_care,computers_office_equipment,distillate,0.0
middle_atlantic,health_care,other_uses,distillate,2.978
middle_atlantic,lodging,heating,electricity,4.04
middle_atlantic,lodging,cooling,electricity,3.93
middle_atlantic,lodging,water_heating,electricity,1.316
middle_atlantic,lodging,ventilation,electricity,13.033
middle_atlantic,lodging,cooking,electricity,2.098
middle_atlantic,lodging,lighting,electricity,8.095
middle_atlantic,lodging,refrigeration,electricity,2.612
middle_atlantic,lodging,data_center_servers,electricity,0.161
middle_atlantic,lodging,computers_office_equipment,electricity,1.267
middle_atlantic,lodging,other_uses,electricity,1.316
middle_atlantic,lodging,heating,natural_gas,7.269
middle_atlantic,lodging,cooling,natural_gas,0.287
middle_atlantic,lodging,water_heating,natural_gas,9.825
middle_atlantic,lodging,ventilation,natural_gas,0.0
middle_atlantic,lodging,cooking,natural_gas,6.128
middle_atlantic,lodging,lighting,natural_gas,0.0
middle_atlantic,lodging,refrigeration,natural_gas,0.0
middle_atlantic,lodging,data_center_servers,natural_gas,0.0
middle_atlantic,lodging,computers_office_equipment,natural_gas,0.0
middle_atlantic,lodging,other_uses,natural_gas,6.185
middle_atlantic,lodging,heating,distillate,0.894
middle_atlantic,lodging,cooling,distillate,0.0
middle_atlantic,lodging,water_heating,distillate,0.652
middle_atlantic,lodging,ventilation,distillate,0.0
middle_atlantic,lodging,cooking,distillate,0.0
middle_atlantic,lodging,lighting,distillate,0.0
middle_atlantic,lodging,refrigeration,distillate,0.0
middle_atlantic,lodging,data_center_servers,distillate,0.0
middle_atlantic,lodging,computers_office_equipment,distillate,0.0
middle_atlantic,lodging,other_uses,distillate,0.126
middle_atlantic,large_office,heating,electricity,1.929
middle_atlantic,large_office,cooling,electricity,3.214
middle_atlantic,large_office,water_heating,electricity,0.415
middle_atlantic,large_office,ventilation,electricity,18.026
middle_atlantic,large_office,cooking,electricity,0.246
middle_atlantic,large_office,lighting,electricity,9.17
middle_atlantic,large_office,refrigeration,electricity,0.835
middle_atlantic,large_office,data_center_servers,electricity,1.699
middle_atlantic,large_office,computers_office_equipment,electricity,5.926
middle_atlantic,large_office,other_uses,electricity,0.415
middle_atlantic,large_office,heating,natural_gas,13.218
middle_atlantic,large_office,cooling,natural_gas,0.016
middle_atlantic,large_office,water_heating,natural_gas,0.348
middle_atlantic,large_office,ventilation,natural_gas,0.0
middle_atlantic,large_office,cooking,natural_gas,1.187
middle_atlantic,large_office,lighting,natural_gas,0.0
middle_atlantic,large_office,refrigeration,natural_gas,0.0
middle_atlantic,large_office,data_center_servers,natural_gas,0.0
middle_atlantic,large_office,computers_office_equipment,natural_gas,0.0
middle_atlantic,large_office,other_uses,natural_gas,0.291
middle_atlantic,large_office,heating,distillate,1.275
middle_atlantic,large_office,cooling,distillate,0.0
middle_atlantic,large_office,water_heating,distillate,0.015
middle_atlantic,large_office,ventilation,distillate,0.0
middle_atlantic,large_office,cooking,distillate,0.0
middle_atlantic,large_office,lighting,distillate,0.0
middle_atlantic,large_office,refrigeration,distillate,0.0
middle_atlantic,large_office,data_center_servers,distillate,0.0
middle_atlantic,large_office,computers_office_equipment,distillate,0.0
middle_atlantic,large_office,other_uses,distillate,0.267
middle_atlantic,small_office,heating,electricity,3.31
middle_atlantic,small_office,cooling,electricity,2.791
middle_atlantic,small_office,water_heating,electricity,0.374
middle_atlantic,small_office,ventilation,electricity,10.718
middle_atlantic,small_office,cooking,electricity,0.153
middle_atlantic,small_office,lighting,electricity,11.453
middle_atlantic,small_office,refrigeration,electricity,1.003
middle_atlantic,small_office,data_center_servers,electricity,0.263
middle_atlantic,small_office,computers_office_equipment,electricity,3.734
middle_atlantic,small_office,other_uses,electricity,0.374
middle_atlantic,small_office,heating,natural_gas,20.6
middle_atlantic,small_office,cooling,natural_gas,0.001
middle_atlantic,small_office,water_heating,natural_gas,0.319
middle_atlantic,small_office,ventilation,natural_gas,0.0
middle_atlantic,small_office,cooking,natural_gas,1.103
middle_atlantic,small_office,lighting,natural_gas,0.0
middle_atlantic,small_office,refrigeration,natural_gas,0.0
middle_atlantic,small_office,data_center_servers,natural_gas,0.0
middle_atlantic,small_office,computers_office_equipment,natural_gas,0.0
middle_atlantic,small_office,other_uses,natural_gas,0.322
middle_atlantic,small_office,heating,distillate,2.758
middle_atlantic,small_office,cooling,distillate,0.0
middle_atlantic,small_office,water_heating,distillate,0.008
middle_atlantic,small_office,ventilation,distillate,0.0
middle_atlantic,small_office,cooking,distillate,0.0
middle_atlantic,small_office,lighting,distillate,0.0
middle_atlantic,small_office,refrigeration,distillate,0.0
middle_atlantic,small_office,data_center_servers,distillate,0.0
middle_atlantic,small_office,computers_office_equipment,distillate,0.0
middle_atlantic,small_office,other_uses,distillate,0.038
middle_atlantic,mercantile_service,heating,electricity,4.31
middle_atlantic,mercantile_service,cooling,electricity,3.103
middle_atlantic,mercantile_service,water_heating,electricity,1.395
middle_atlantic,mercantile_service,ventilation,electricity,5.843
middle_atlantic,mercantile_service,cooking,electricity,0.316
middle_atlantic,mercantile_service,lighting,electricity,10.688
middle_atlantic,mercantile_service,refrigeration,electricity,3.14
middle_atlantic,mercantile_service,data_center_servers,electricity,0.017
middle_atlantic,mercantile_service,computers_office_equipment,electricity,1.296
middle_atlantic,mercantile_service,other_uses,electricity,1.395
middle_atlantic,mercantile_service,heating,natural_gas,22.378
middle_atlantic,mercantile_service,cooling,natural_gas,0.0
middle_atlantic,mercantile_service,water_heating,natural_gas,1.655
middle_atlantic,mercantile_service,ventilation,natural_gas,0.0
middle_atlantic,mercantile_service,cooking,natural_gas,3.589
middle_atlantic,mercantile_service,lighting,natural_gas,0.0
middle_atlantic,mercantile_service,refrigeration,natural_gas,0.0
middle_atlantic,mercantile_service,data_center_servers,natural_gas,0.0
middle_atlantic,mercantile_service,computers_office_equipment,natural_gas,0.0
middle_atlantic,mercantile_service,other_uses,natural_gas,0.588
middle_atlantic,mercantile_service,heating,distillate,2.622
middle_atlantic,mercantile_service,cooling,distillate,0.0
middle_atlantic,mercantile_service,water_heating,distillate,0.0
middle_atlantic,mercantile_service,ventilation,distillate,0.0
middle_atlantic,mercantile_service,cooking,distillate,0.0
middle_atlantic,mercantile_service,lighting,distillate,0.0
middle_atlantic,mercantile_service,refrigeration,distillate,0.0
middle_atlantic,mercantile_service,data_center_servers,distillate,0.0
middle_atlantic,mercantile_service,computers_office_equipment,distillate,0.0
middle_atlantic,mercantile_service,other_uses,distillate,0.127
middle_atlantic,warehouse,heating,electricity,1.716
middle_atlantic,warehouse,cooling,electricity,2.095
middle_atlantic,warehouse,water_heating,electricity,0.206
middle_atlantic,warehouse,ventilation,electricity,1.611
middle_atlantic,warehouse,cooking,electricity,0.005
middle_atlantic,warehouse,lighting,electricity,5.017
middle_atlantic,warehouse,refrigeration,electricity,3.007
middle_atlantic,warehouse,data_center_servers,electricity,0.145
middle_atlantic,warehouse,computers_office_equipment,electricity,0.639
middle_atlantic,warehouse,other_uses,electricity,0.206
middle_atlantic,warehouse,heating,natural_gas,15.678
middle_atlantic,warehouse,cooling,natural_gas,0.08
middle_atlantic,warehouse,water_heating,natural_gas,0.074
middle_atlantic,warehouse,ventilation,natural_gas,0.0
middle_atlantic,warehouse,cooking,natural_gas,0.025
middle_atlantic,warehouse,lighting,natural_gas,0.0
middle_atlantic,warehouse,refrigeration,natural_gas,0.0
middle_atlantic,warehouse,data_center_servers,natural_gas,0.0
middle_atlantic,warehouse,computers_office_equipment,natural_gas,0.0
middle_atlantic,warehouse,other_uses,natural_gas,0.302
middle_atlantic,warehouse,heating,distillate,1.002
middle_atlantic,warehouse,cooling,distillate,0.0
middle_atlantic,warehouse,water_heating,distillate,0.035
middle_atlantic,warehouse,ventilation,distillate,0.0
middle_atlantic,warehouse,cooking,distillate,0.0
middle_atlantic,warehouse,lighting,distillate,0.0
middle_atlantic,warehouse,refrigeration,distillate,0.0
middle_atlantic,warehouse,data_center_servers,distillate,0.0
middle_atlantic,warehouse,computers_office_equipment,distillate,0.0
middle_atlantic,warehouse,other_uses,distillate,0.025
middle_atlantic,other,heating,electricity,2.732
middle_atlantic,other,cooling,electricity,25.052
middle_atlantic,other,water_heating,electricity,1.176
middle_atlantic,other,ventilation,electricity,4.644
middle_atlantic,other,cooking,electricity,0.823
middle_atlantic,other,lighting,electricity,13.542
middle_atlantic,other,refrigeration,electricity,1.372
middle_atlantic,other,data_center_servers,electricity,14.61
middle_atlantic,other,computers_office_equipment,electricity,8.59
middle_atlantic,other,other_uses,electricity,1.176
middle_atlantic,other,heating,natural_gas,25.052
middle_atlantic,other,cooling,natural_gas,0.0
middle_atlantic,other,water_heating,natural_gas,1.015
middle_atlantic,other,ventilation,natural_gas,0.0
middle_atlantic,other,cooking,natural_gas,1.53
middle_atlantic,other,lighting,natural_gas,0.0
middle_atlantic,other,refrigeration,natural_gas,0.0
middle_atlantic,other,data_center_servers,natural_gas,0.0
middle_atlantic,other,computers_office_equipment,natural_gas,0.0
middle_atlantic,other,other_uses,natural_gas,0.86
middle_atlantic,other,heating,distillate,0.594
middle_atlantic,other,cooling,distillate,0.0
middle_atlantic,other,water_heating,distillate,0.0
middle_atlantic,other,ventilation,distillate,0.0
middle_atlantic,other,cooking,distillate,0.0
middle_atlantic,other,lighting,distillate,0.0
middle_atlantic,other,refrigeration,distillate,0.0
middle_atlantic,other,data_center_servers,distillate,0.0
middle_atlantic,other,computers_office_equipment,distillate,0.0
middle_atlantic,other,other_uses,distillate,0.306
east_north_central,assembly,heating,electricity,2.318
east_north_central,assembly,cooling,electricity,6.709
east_north_central,assembly,water_heating,electricity,0.151
east_north_central,assembly,ventilation,electricity,3.883
east_north_central,assembly,cooking,electricity,0.542
east_north_central,assembly,lighting,electricity,4.738
east_north_central,assembly,refrigeration,electricity,1.814
east_north_central,assembly,data_center_servers,electricity,0.028
east_north_central,assembly,computers_office_equipment,electricity,1.087
east_north_central,assembly,other_uses,electricity,0.151
east_north_central,assembly,heating,natural_gas,34.168
east_north_central,assembly,cooling,natural_gas,0.0
east_north_central,assembly,water_heating,natural_gas,0.752
east_north_central,assembly,ventilation,natural_gas,0.0
east_north_central,assembly,cooking,natural_gas,2.33
east_north_central,assembly,lighting,natural_gas,0.0
east_north_central,assembly,refrigeration,natural_gas,0.0
east_north_central,assembly,data_center_servers,natural_gas,0.0
east_north_central,assembly,computers_office_equipment,natural_gas,0.0
east_north_central,assembly,other_uses,natural_gas,1.261
east_north_central,assembly,heating,distillate,0.149
east_north_central,assembly,cooling,distillate,0.0
east_north_central,assembly,water_heating,distillate,0.0
east_north_central,assembly,ventilation,distillate,0.0
east_north_central,assembly,cooking,distillate,0.0
east_north_central,assembly,lighting,distillate,0.0
east_north_central,assembly,refrigeration,distillate,0.0
east_north_central,assembly,data_center_servers,distillate,0.0
east_north_central,assembly,computers_office_equipment,distillate,0.0
east_north_central,assembly,other_uses,distillate,0.042
east_north_central,education,heating,electricity,0.879
east_north_central,education,cooling,electricity,4.034
east_north_central,education,water_heating,electricity,0.513
east_north_central,education,ventilation,electricity,5.162
east_north_central,education,cooking,electricity,0.752
east_north_central,education,lighting,electricity,5.078
east_north_central,education,refrigeration,electricity,1.622
east_north_central,education,data_center_servers,electricity,0.377
east_north_central,education,computers_office_equipment,electricity,2.756
east_north_central,education,other_uses,electricity,0.513
east_north_central,education,heating,natural_gas,32.418
east_north_central,education,cooling,natural_gas,0.361
east_north_central,education,water_heating,natural_gas,2.503
east_north_central,education,ventilation,natural_gas,0.0
east_north_central,education,cooking,natural_gas,2.19
east_north_central,education,lighting,natural_gas,0.0
east_north_central,education,refrigeration,natural_gas,0.0
east_north_central,education,data_center_servers,natural_gas,0.0
east_north_central,education,computers_office_equipment,natural_gas,0.0
east_north_central,education,other_uses,natural_gas,1.728
east_north_central,education,heating,distillate,0.236
east_north_central,education,cooling,distillate,0.0
east_north_central,education,water_heating,distillate,0.019
east_north_central,education,ventilation,distillate,0.0
east_north_central,education,cooking,distillate,0.001
east_north_central,education,lighting,distillate,0.0
east_north_central,education,refrigeration,distillate,0.0
east_north_central,education,data_center_servers,distillate,0.0
east_north_central,education,computers_office_equipment,distillate,0.0
east_north_central,education,other_uses,distillate,0.013
east_north_central,food_sales,heating,electricity,7.088
east_north_central,food_sales,cooling,electricity,5.395
east_north_central,food_sales,water_heating,electricity,0.305
east_north_central,food_sales,ventilation,electricity,17.289
east_north_central,food_sales,cooking,electricity,6.917
east_north_central,food_sales,lighting,electricity,15.112
east_north_central,food_sales,refrigeration,electricity,111.343
east_north_central,food_sales,data_center_servers,electricity,0.0
east_north_central,food_sales,computers_office_equipment,electricity,1.723
east_north_central,food_sales,other_uses,electricity,0.305
east_north_central,food_sales,heating,natural_gas,40.113
east_north_central,food_sales,cooling,natural_gas,0.0
east_north_central,food_sales,water_heating,natural_gas,0.685
east_north_central,food_sales,ventilation,natural_gas,0.0
east_north_central,food_sales,cooking,natural_gas,24.711
east_north_central,food_sales,lighting,natural_gas,0.0
east_north_central,food_sales,refrigeration,natural_gas,0.0
east_north_central,food_sales,data_center_servers,natural_gas,0.0
east_north_central,food_sales,computers_office_equipment,natural_gas,0.0
east_north_central,food_sales,other_uses,natural_gas,5.029
east_north_central,food_sales,heating,distillate,0.351
east_north_central,food_sales,cooling,distillate,0.0
east_north_central,food_sales,water_heating,distillate,0.0
east_north_central,food_sales,ventilation,distillate,0.0
east_north_central,food_sales,cooking,distillate,0.0
east_north_central,food_sales,lighting,distillate,0.0
east_north_central,food_sales,refrigeration,distillate,0.0
east_north_central,food_sales,data_center_servers,distillate,0.0
east_north_central,food_sales,computers_office_equipment,distillate,0.0
east_north_central,food_sales,other_uses,distillate,0.406
east_north_central,food_service,heating,electricity,12.67
east_north_central,food_service,cooling,electricity,10.556
east_north_central,food_service,water_heating,electricity,10.716
east_north_central,food_service,ventilation,electricity,18.426
east_north_central,food_service,cooking,electricity,29.56
east_north_central,food_service,lighting,electricity,11.783
east_north_central,food_service,refrigeration,electricity,39.935
east_north_central,food_service,data_center_servers,electricity,0.0
east_north_central,food_service,computers_office_equipment,electricity,1.665
east_north_central,food_service,other_uses,electricity,10.716
east_north_central,food_service,heating,natural_gas,39.781
east_north_central,food_service,cooling,natural_gas,0.0
east_north_central,food_service,water_heating,natural_gas,16.029
east_north_central,food_service,ventilation,natural_gas,0.0
east_north_central,food_service,cooking,natural_gas,127.641
east_north_central,food_service,lighting,natural_gas,0.0
east_north_central,food_service,refrigeration,natural_gas,0.0
east_north_central,food_service,data_center_servers,natural_gas,0.0
east_north_central,food_service,computers_office_equipment,natural_gas,0.0
east_north_central,food_service,other_uses,natural_gas,1.606
east_north_central,food_service,heating,distillate,0.0
east_north_central,food_service,cooling,distillate,0.0
east_north_central,food_service,water_heating,distillate,0.0
east_north_central,food_service,ventilation,distillate,0.0
east_north_central,food_service,cooking,distillate,0.0
east_north_central,food_service,lighting,distillate,0.0
east_north_central,food_service,refrigeration,distillate,0.0
east_north_central,food_service,data_center_servers,distillate,0.0
east_north_central,food_service,computers_office_equipment,distillate,0.0
east_north_central,food_service,other_uses,distillate,0.0
east_north_central,health_care,heating,electricity,1.71
east_north_central,health_care,cooling,electricity,6.615
east_north_central,health_care,water_heating,electricity,0.367
east_north_central,health_care,ventilation,electricity,31.239
east_north_central,health_care,cooking,electricity,2.739
east_north_central,health_care,lighting,electricity,11.591
east_north_central,health_care,refrigeration,electricity,3.874
east_north_central,health_care,data_center_servers,electricity,4.471
east_north_central,health_care,computers_office_equipment,electricity,8.175
east_north_central,health_care,other_uses,electricity,0.367
east_north_central,health_care,heating,natural_gas,47.299
east_north_central,health_care,cooling,natural_gas,0.575
east_north_central,health_care,water_heating,natural_gas,9.344
east_north_central,health_care,ventilation,natural_gas,0.0
east_north_central,health_care,cooking,natural_gas,11.304
east_north_central,health_care,lighting,natural_gas,0.0
east_north_central,health_care,refrigeration,natural_gas,0.0
east_north_central,health_care,data_center_servers,natural_gas,0.0
east_north_central,health_care,computers_office_equipment,natural_gas,0.0
east_north_central,health_care,other_uses,natural_gas,2.49
east_north_central,health_care,heating,distillate,1.361
east_north_central,health_care,cooling,distillate,0.0
east_north_central,health_care,water_heating,distillate,0.109
east_north_central,health_care,ventilation,distillate,0.0
east_north_central,health_care,cooking,distillate,0.0
east_north_central,health_care,lighting,distillate,0.0
east_north_central,health_care,refrigeration,distillate,0.0
east_north_central,health_care,data_center_servers,distillate,0.0
east_north_central,health_care,computers_office_equipment,distillate,0.0
east_north_central,health_care,other_uses,distillate,1.178
east_north_central,lodging,heating,electricity,6.527
east_north_central,lodging,cooling,electricity,4.936
east_north_central,lodging,water_heating,electricity,3.644
east_north_central,lodging,ventilation,electricity,13.683
east_north_central,lodging,cooking,electricity,1.92
east_north_central,lodging,lighting,electricity,11.51
east_north_central,lodging,refrigeration,electricity,3.197
east_north_central,lodging,data_center_servers,electricity,0.181
east_north_central,lodging,computers_office_equipment,electricity,1.172
east_north_central,lodging,other_uses,electricity,3.644
east_north_central,lodging,heating,natural_gas,20.272
east_north_central,lodging,cooling,natural_gas,0.0
east_north_central,lodging,water_heating,natural_gas,14.15
east_north_central,lodging,ventilation,natural_gas,0.0
east_north_central,lodging,cooking,natural_gas,6.333
east_north_central,lodging,lighting,natural_gas,0.0
east_north_central,lodging,refrigeration,natural_gas,0.0
east_north_central,lodging,data_center_servers,natural_gas,0.0
east_north_central,lodging,computers_office_equipment,natural_gas,0.0
east_north_central,lodging,other_uses,natural_gas,2.004
east_north_central,lodging,heating,distillate,0.005
east_north_central,lodging,cooling,distillate,0.0
east_north_central,lodging,water_heating,distillate,0.001
east_north_central,lodging,ventilation,distillate,0.0
east_north_central,lodging,cooking,distillate,0.0
east_north_central,lodging,lighting,distillate,0.0
east_north_central,lodging,refrigeration,distillate,0.0
east_north_central,lodging,data_center_servers,distillate,0.0
east_north_central,lodging,computers_office_equipment,distillate,0.0
east_north_central,lodging,other_uses,distillate,0.095
east_north_central,large_office,heating,electricity,4.457
east_north_central,large_office,cooling,electricity,2.474
east_north_central,large_office,water_heating,electricity,0.284
east_north_central,large_office,ventilation,electricity,15.162
east_north_central,large_office,cooking,electricity,0.387
east_north_central,large_office,lighting,electricity,8.509
east_north_central,large_office,refrigeration,electricity,1.84
east_north_central,large_office,data_center_servers,electricity,2.391
east_north_central,large_office,computers_office_equipment,electricity,6.307
east_north_central,large_office,other_uses,electricity,0.284
east_north_central,large_office,heating,natural_gas,16.072
east_north_central,large_office,cooling,natural_gas,0.0
east_north_central,large_office,water_heating,natural_gas,0.476
east_north_central,large_office,ventilation,natural_gas,0.0
east_north_central,large_office,cooking,natural_gas,0.841
east_north_central,large_office,lighting,natural_gas,0.0
east_north_central,large_office,refrigeration,natural_gas,0.0
east_north_central,large_office,data_center_servers,natural_gas,0.0
east_north_central,large_office,computers_office_equipment,natural_gas,0.0
east_north_central,large_office,other_uses,natural_gas,0.486
east_north_central,large_office,heating,distillate,0.128
east_north_central,large_office,cooling,distillate,0.0
east_north_central,large_office,water_heating,distillate,0.0
east_north_central,large_office,ventilation,distillate,0.0
east_north_central,large_office,cooking,distillate,0.0
east_north_central,large_office,lighting,distillate,0.0
east_north_central,large_office,refrigeration,distillate,0.0
east_north_central,large_office,data_center_servers,distillate,0.0
east_north_central,large_office,computers_office_equipment,distillate,0.0
east_north_central,large_office,other_uses,distillate,0.094
east_north_central,small_office,heating,electricity,2.343
east_north_central,small_office,cooling,electricity,2.384
east_north_central,small_office,water_heating,electricity,0.201
east_north_central,small_office,ventilation,electricity,9.54
east_north_central,small_office,cooking,electricity,0.083
east_north_central,small_office,lighting,electricity,6.712
east_north_central,small_office,refrigeration,electricity,1.026
east_north_central,small_office,data_center_servers,electricity,0.68
east_north_central,small_office,computers_office_equipment,electricity,4.569
east_north_central,small_office,other_uses,electricity,0.201
east_north_central,small_office,heating,natural_gas,25.355
east_north_central,small_office,cooling,natural_gas,0.084
east_north_central,small_office,water_heating,natural_gas,0.916
east_north_central,small_office,ventilation,natural_gas,0.0
east_north_central,small_office,cooking,natural_gas,0.102
east_north_central,small_office,lighting,natural_gas,0.0
east_north_central,small_office,refrigeration,natural_gas,0.0
east_north_central,small_office,data_center_servers,natural_gas,0.0
east_north_central,small_office,computers_office_equipment,natural_gas,0.0
east_north_central,small_office,other_uses,natural_gas,0.371
east_north_central,small_office,heating,distillate,0.073
east_north_central,small_office,cooling,distillate,0.0
east_north_central,small_office,water_heating,distillate,0.0
east_north_central,small_office,ventilation,distillate,0.0
east_north_central,small_office,cooking,distillate,0.0
east_north_central,small_office,lighting,distillate,0.0
east_north_central,small_office,refrigeration,distillate,0.0
east_north_central,small_office,data_center_servers,distillate,0.0
east_north_central,small_office,computers_office_equipment,distillate,0.0
east_north_central,small_office,other_uses,distillate,0.052
east_north_central,mercantile_service,heating,electricity,3.577
east_north_central,mercantile_service,cooling,electricity,2.664
east_north_central,mercantile_service,water_heating,electricity,1.358
east_north_central,mercantile_service,ventilation,electricity,7.742
east_north_central,mercantile_service,cooking,electricity,0.491
east_north_central,mercantile_service,lighting,electricity,10.213
east_north_central,mercantile_service,refrigeration,electricity,4.019
east_north_central,mercantile_service,data_center_servers,electricity,0.007
east_north_central,mercantile_service,computers_office_equipment,electricity,2.418
east_north_central,mercantile_service,other_uses,electricity,1.358
east_north_central,mercantile_service,heating,natural_gas,30.6
east_north_central,mercantile_service,cooling,natural_gas,0.0
east_north_central,mercantile_service,water_heating,natural_gas,1.977
east_north_central,mercantile_service,ventilation,natural_gas,0.0
east_north_central,mercantile_service,cooking,natural_gas,4.691
east_north_central,mercantile_service,lighting,natural_gas,0.0
east_north_central,mercantile_service,refrigeration,natural_gas,0.0
east_north_central,mercantile_service,data_center_servers,natural_gas,0.0
east_north_central,mercantile_service,computers_office_equipment,natural_gas,0.0
east_north_central,mercantile_service,other_uses,natural_gas,0.476
east_north_central,mercantile_service,heating,distillate,0.11
east_north_central,mercantile_service,cooling,distillate,0.0
east_north_central,mercantile_service,water_heating,distillate,0.0
east_north_central,mercantile_service,ventilation,distillate,0.0
east_north_central,mercantile_service,cooking,distillate,0.0
east_north_central,mercantile_service,lighting,distillate,0.0
east_north_central,mercantile_service,refrigeration,distillate,0.0
east_north_central,mercantile_service,data_center_servers,distillate,0.0
east_north_central,mercantile_service,computers_office_equipment,distillate,0.0
east_north_central,mercantile_service,other_uses,distillate,0.02
east_north_central,warehouse,heating,electricity,0.644
east_north_central,warehouse,cooling,electricity,1.066
east_north_central,warehouse,water_heating,electricity,0.084
east_north_central,warehouse,ventilation,electricity,0.795
east_north_central,warehouse,cooking,electricity,0.006
east_north_central,warehouse,lighting,electricity,3.693
east_north_central,warehouse,refrigeration,electricity,1.798
east_north_central,warehouse,data_center_servers,electricity,0.078
east_north_central,warehouse,computers_office_equipment,electricity,0.372
east_north_central,warehouse,other_uses,electricity,0.084
east_north_central,warehouse,heating,natural_gas,20.136
east_north_central,warehouse,cooling,natural_gas,0.0
east_north_central,warehouse,water_heating,natural_gas,0.49
east_north_central,warehouse,ventilation,natural_gas,0.0
east_north_central,warehouse,cooking,natural_gas,0.027
east_north_central,warehouse,lighting,natural_gas,0.0
east_north_central,warehouse,refrigeration,natural_gas,0.0
east_north_central,warehouse,data_center_servers,natural_gas,0.0
east_north_central,warehouse,computers_office_equipment,natural_gas,0.0
east_north_central,warehouse,other_uses,natural_gas,0.262
east_north_central,warehouse,heating,distillate,0.0
east_north_central,warehouse,cooling,distillate,0.0
east_north_central,warehouse,water_heating,distillate,0.0
east_north_central,warehouse,ventilation,distillate,0.0
east_north_central,warehouse,cooking,distillate,0.0
east_north_central,warehouse,lighting,distillate,0.0
east_north_central,warehouse,refrigeration,distillate,0.0
east_north_central,warehouse,data_center_servers,distillate,0.0
east_north_central,warehouse,computers_office_equipment,distillate,0.0
east_north_central,warehouse,other_uses,distillate,0.02
east_north_central,other,heating,electricity,0.974
east_north_central,other,cooling,electricity,12.359
east_north_central,other,water_heating,electricity,0.038
east_north_central,other,ventilation,electricity,13.985
east_north_central,other,cooking,electricity,0.532
east_north_central,other,lighting,electricity,6.604
east_north_central,other,refrigeration,electricity,1.274
east_north_central,other,data_center_servers,electricity,5.078
east_north_central,other,computers_office_equipment,electricity,3.474
east_north_central,other,other_uses,electricity,0.038
east_north_central,other,heating,natural_gas,12.359
east_north_central,other,cooling,natural_gas,0.0
east_north_central,other,water_heating,natural_gas,1.047
east_north_central,other,ventilation,natural_gas,0.0
east_north_central,other,cooking,natural_gas,0.629
east_north_central,other,lighting,natural_gas,0.0
east_north_central,other,refrigeration,natural_gas,0.0
east_north_central,other,data_center_servers,natural_gas,0.0
east_north_central,other,computers_office_equipment,natural_gas,0.0
east_north_central,other,other_uses,natural_gas,1.275
east_north_central,other,heating,distillate,0.237
east_north_central,other,cooling,distillate,0.0
east_north_central,other,water_heating,distillate,0.0
east_north_central,other,ventilation,distillate,0.0
east_north_central,other,cooking,distillate,0.0
east_north_central,other,lighting,distillate,0.0
east_north_central,other,refrigeration,distillate,0.0
east_north_central,other,data_center_servers,distillate,0.0
east_north_central,other,computers_office_equipment,distillate,0.0
east_north_central,other,other_uses,distillate,2.671
west_north_central,assembly,heating,electricity,6.185
west_north_central,assembly,cooling,electricity,6.09
west_north_central,assembly,water_heating,electricity,0.297
west_north_central,assembly,ventilation,electricity,3.883
west_north_central,assembly,cooking,electricity,0.384
west_north_central,assembly,lighting,electricity,3.829
west_north_central,assembly,refrigeration,electricity,1.88
west_north_central,assembly,data_center_servers,electricity,0.068
west_north_central,assembly,computers_office_equipment,electricity,1.035
west_north_central,assembly,other_uses,electricity,0.297
west_north_central,assembly,heating,natural_gas,19.508
west_north_central,assembly,cooling,natural_gas,0.0
west_north_central,assembly,water_heating,natural_gas,0.25
west_north_central,assembly,ventilation,natural_gas,0.0
west_north_central,assembly,cooking,natural_gas,2.764
west_north_central,assembly,lighting,natural_gas,0.0
west_north_central,assembly,refrigeration,natural_gas,0.0
west_north_central,assembly,data_center_servers,natural_gas,0.0
west_north_central,assembly,computers_office_equipment,natural_gas,0.0
west_north_central,assembly,other_uses,natural_gas,4.449
west_north_central,assembly,heating,distillate,0.06
west_north_central,assembly,cooling,distillate,0.0
west_north_central,assembly,water_heating,distillate,0.001
west_north_central,assembly,ventilation,distillate,0.0
west_north_central,assembly,cooking,distillate,0.0
west_north_central,assembly,lighting,distillate,0.0
west_north_central,assembly,refrigeration,distillate,0.0
west_north_central,assembly,data_center_servers,distillate,0.0
west_north_central,assembly,computers_office_equipment,distillate,0.0
west_north_central,assembly,other_uses,distillate,0.014
west_north_central,education,heating,electricity,3.869
west_north_central,education,cooling,electricity,4.486
west_north_central,education,water_heating,electricity,0.669
west_north_central,education,ventilation,electricity,4.813
west_north_central,education,cooking,electricity,0.759
west_north_central,education,lighting,electricity,5.469
west_north_central,education,refrigeration,electricity,2.01
west_north_central,education,data_center_servers,electricity,0.31
west_north_central,education,computers_office_equipment,electricity,1.864
west_north_central,education,other_uses,electricity,0.669
west_north_central,education,heating,natural_gas,23.586
west_north_central,education,cooling,natural_gas,0.0
west_north_central,education,water_heating,natural_gas,1.504
west_north_central,education,ventilation,natural_gas,0.0
west_north_central,education,cooking,natural_gas,1.42
west_north_central,education,lighting,natural_gas,0.0
west_north_central,education,refrigeration,natural_gas,0.0
west_north_central,education,data_center_servers,natural_gas,0.0
west_north_central,education,computers_office_equipment,natural_gas,0.0
west_north_central,education,other_uses,natural_gas,1.528
west_north_central,education,heating,distillate,0.984
west_north_central,education,cooling,distillate,0.0
west_north_central,education,water_heating,distillate,0.015
west_north_central,education,ventilation,distillate,0.0
west_north_central,education,cooking,distillate,0.0
west_north_central,education,lighting,distillate,0.0
west_north_central,education,refrigeration,distillate,0.0
west_north_central,education,data_center_servers,distillate,0.0
west_north_central,education,computers_office_equipment,distillate,0.0
west_north_central,education,other_uses,distillate,0.189
west_north_central,food_sales,heating,electricity,2.209
west_north_central,food_sales,cooling,electricity,2.351
west_north_central,food_sales,water_heating,electricity,0.016
west_north_central,food_sales,ventilation,electricity,2.658
west_north_central,food_sales,cooking,electricity,1.064
west_north_central,food_sales,lighting,electricity,4.141
west_north_central,food_sales,refrigeration,electricity,25.977
west_north_central,food_sales,data_center_servers,electricity,0.0
west_north_central,food_sales,computers_office_equipment,electricity,0.46
west_north_central,food_sales,other_uses,electricity,0.093
west_north_central,food_sales,heating,natural_gas,9.686
west_north_central,food_sales,cooling,natural_gas,0.0
west_north_central,food_sales,water_heating,natural_gas,0.13
west_north_central,food_sales,ventilation,natural_gas,0.0
west_north_central,food_sales,cooking,natural_gas,4.227
west_north_central,food_sales,lighting,natural_gas,0.0
west_north_central,food_sales,refrigeration,natural_gas,0.0
west_north_central,food_sales,data_center_servers,natural_gas,0.0
west_north_central,food_sales,computers_office_equipment,natural_gas,0.0
west_north_central,food_sales,other_uses,natural_gas,0.0
west_north_central,food_sales,heating,distillate,0.0
west_north_central,food_sales,cooling,distillate,0.0
west_north_central,food_sales,water_heating,distillate,0.0
west_north_central,food_sales,ventilation,distillate,0.0
west_north_central,food_sales,cooking,distillate,0.0
west_north_central,food_sales,lighting,distillate,0.0
west_north_central,food_sales,refrigeration,distillate,0.0
west_north_central,food_sales,data_center_servers,distillate,0.0
west_north_central,food_sales,computers_office_equipment,distillate,0.0
west_north_central,food_sales,other_uses,distillate,0.0
west_north_central,food_service,heating,electricity,10.897
west_north_central,food_service,cooling,electricity,8.449
west_north_central,food_service,water_heating,electricity,6.864
west_north_central,food_service,ventilation,electricity,15.274
west_north_central,food_service,cooking,electricity,12.471
west_north_central,food_service,lighting,electricity,12.53
west_north_central,food_service,refrigeration,electricity,31.287
west_north_central,food_service,data_center_servers,electricity,0.0
west_north_central,food_service,computers_office_equipment,electricity,2.059
west_north_central,food_service,other_uses,electricity,6.864
west_north_central,food_service,heating,natural_gas,37.375
west_north_central,food_service,cooling,natural_gas,0.0
west_north_central,food_service,water_heating,natural_gas,14.334
west_north_central,food_service,ventilation,natural_gas,0.0
west_north_central,food_service,cooking,natural_gas,75.8
west_north_central,food_service,lighting,natural_gas,0.0
west_north_central,food_service,refrigeration,natural_gas,0.0
west_north_central,food_service,data_center_servers,natural_gas,0.0
west_north_central,food_service,computers_office_equipment,natural_gas,0.0
west_north_central,food_service,other_uses,natural_gas,0.0
west_north_central,food_service,heating,distillate,0.0
west_north_central,food_service,cooling,distillate,0.0
west_north_central,food_service,water_heating,distillate,0.0
west_north_central,food_service,ventilation,distillate,0.0
west_north_central,food_service,cooking,distillate,0.0
west_north_central,food_service,lighting,distillate,0.0
west_north_central,food_service,refrigeration,distillate,0.0
west_north_central,food_service,data_center_servers,distillate,0.0
west_north_central,food_service,computers_office_equipment,distillate,0.0
west_north_central,food_service,other_uses,distillate,0.0
west_north_central,health_care,heating,electricity,0.986
west_north_central,health_care,cooling,electricity,6.653
west_north_central,health_care,water_heating,electricity,0.252
west_north_central,health_care,ventilation,electricity,21.127
west_north_central,health_care,cooking,electricity,2.269
west_north_central,health_care,lighting,electricity,9.564
west_north_central,health_care,refrigeration,electricity,4.267
west_north_central,health_care,data_center_servers,electricity,1.718
west_north_central,health_care,computers_office_equipment,electricity,7.874
west_north_central,health_care,other_uses,electricity,0.252
west_north_central,health_care,heating,natural_gas,62.319
west_north_central,health_care,cooling,natural_gas,0.52
west_north_central,health_care,water_heating,natural_gas,5.027
west_north_central,health_care,ventilation,natural_gas,0.0
west_north_central,health_care,cooking,natural_gas,6.655
west_north_central,health_care,lighting,natural_gas,0.0
west_north_central,health_care,refrigeration,natural_gas,0.0
west_north_central,health_care,data_center_servers,natural_gas,0.0
west_north_central,health_care,computers_office_equipment,natural_gas,0.0
west_north_central,health_care,other_uses,natural_gas,0.469
west_north_central,health_care,heating,distillate,2.899
west_north_central,health_care,cooling,distillate,0.0
west_north_central,health_care,water_heating,distillate,0.258
west_north_central,health_care,ventilation,distillate,0.0
west_north_central,health_care,cooking,distillate,0.0
west_north_central,health_care,lighting,distillate,0.0
west_north_central,health_care,refrigeration,distillate,0.0
west_north_central,health_care,data_center_servers,distillate,0.0
west_north_central,health_care,computers_office_equipment,distillate,0.0
west_north_central,health_care,other_uses,distillate,1.767
west_north_central,lodging,heating,electricity,3.361
west_north_central,lodging,cooling,electricity,3.374
west_north_central,lodging,water_heating,electricity,2.478
west_north_central,lodging,ventilation,electricity,9.791
west_north_central,lodging,cooking,electricity,1.366
west_north_central,lodging,lighting,electricity,6.916
west_north_central,lodging,refrigeration,electricity,3.285
west_north_central,lodging,data_center_servers,electricity,0.061
west_north_central,lodging,computers_office_equipment,electricity,0.882
west_north_central,lodging,other_uses,electricity,2.478
west_north_central,lodging,heating,natural_gas,21.95
west_north_central,lodging,cooling,natural_gas,0.0
west_north_central,lodging,water_heating,natural_gas,5.746
west_north_central,lodging,ventilation,natural_gas,0.0
west_north_central,lodging,cooking,natural_gas,5.853
west_north_central,lodging,lighting,natural_gas,0.0
west_north_central,lodging,refrigeration,natural_gas,0.0
west_north_central,lodging,data_center_servers,natural_gas,0.0
west_north_central,lodging,computers_office_equipment,natural_gas,0.0
west_north_central,lodging,other_uses,natural_gas,0.329
west_north_central,lodging,heating,distillate,0.196
west_north_central,lodging,cooling,distillate,0.0
west_north_central,lodging,water_heating,distillate,0.001
west_north_central,lodging,ventilation,distillate,0.0
west_north_central,lodging,cooking,distillate,0.0
west_north_central,lodging,lighting,distillate,0.0
west_north_central,lodging,refrigeration,distillate,0.0
west_north_central,lodging,data_center_servers,distillate,0.0
west_north_central,lodging,computers_office_equipment,distillate,0.0
west_north_central,lodging,other_uses,distillate,0.118
west_north_central,large_office,heating,electricity,4.037
west_north_central,large_office,cooling,electricity,2.778
west_north_central,large_office,water_heating,electricity,0.417
west_north_central,large_office,ventilation,electricity,15.134
west_north_central,large_office,cooking,electricity,0.35
west_north_central,large_office,lighting,electricity,7.531
west_north_central,large_office,refrigeration,electricity,1.96
west_north_central,large_office,data_center_servers,electricity,1.809
west_north_central,large_office,computers_office_equipment,electricity,6.227
west_north_central,large_office,other_uses,electricity,0.417
west_north_central,large_office,heating,natural_gas,15.797
west_north_central,large_office,cooling,natural_gas,0.0
west_north_central,large_office,water_heating,natural_gas,0.393
west_north_central,large_office,ventilation,natural_gas,0.0
west_north_central,large_office,cooking,natural_gas,1.277
west_north_central,large_office,lighting,natural_gas,0.0
west_north_central,large_office,refrigeration,natural_gas,0.0
west_north_central,large_office,data_center_servers,natural_gas,0.0
west_north_central,large_office,computers_office_equipment,natural_gas,0.0
west_north_central,large_office,other_uses,natural_gas,0.249
west_north_central,large_office,heating,distillate,0.004
west_north_central,large_office,cooling,distillate,0.0
west_north_central,large_office,water_heating,distillate,0.0
west_north_central,large_office,ventilation,distillate,0.0
west_north_central,large_office,cooking,distillate,0.0
west_north_central,large_office,lighting,distillate,0.0
west_north_central,large_office,refrigeration,distillate,0.0
west_north_central,large_office,data_center_servers,distillate,0.0
west_north_central,large_office,computers_office_equipment,distillate,0.0
west_north_central,large_office,other_uses,distillate,0.155
west_north_central,small_office,heating,electricity,3.143
west_north_central,small_office,cooling,electricity,2.891
west_north_central,small_office,water_heating,electricity,0.31
west_north_central,small_office,ventilation,electricity,9.819
west_north_central,small_office,cooking,electricity,0.108
west_north_central,small_office,lighting,electricity,7.648
west_north_central,small_office,refrigeration,electricity,0.985
west_north_central,small_office,data_center_servers,electricity,0.142
west_north_central,small_office,computers_office_equipment,electricity,3.851
west_north_central,small_office,other_uses,electricity,0.31
west_north_central,small_office,heating,natural_gas,28.213
west_north_central,small_office,cooling,natural_gas,0.0
west_north_central,small_office,water_heating,natural_gas,0.22
west_north_central,small_office,ventilation,natural_gas,0.0
west_north_central,small_office,cooking,natural_gas,0.0
west_north_central,small_office,lighting,natural_gas,0.0
west_north_central,small_office,refrigeration,natural_gas,0.0
west_north_central,small_office,data_center_servers,natural_gas,0.0
west_north_central,small_office,computers_office_equipment,natural_gas,0.0
west_north_central,small_office,other_uses,natural_gas,0.105
west_north_central,small_office,heating,distillate,0.0
west_north_central,small_office,cooling,distillate,0.0
west_north_central,small_office,water_heating,distillate,0.0
west_north_central,small_office,ventilation,distillate,0.0
west_north_central,small_office,cooking,distillate,0.0
west_north_central,small_office,lighting,distillate,0.0
west_north_central,small_office,refrigeration,distillate,0.0
west_north_central,small_office,data_center_servers,distillate,0.0
west_north_central,small_office,computers_office_equipment,distillate,0.0
west_north_central,small_office,other_uses,distillate,0.06
west_north_central,mercantile_service,heating,electricity,2.959
west_north_central,mercantile_service,cooling,electricity,2.401
west_north_central,mercantile_service,water_heating,electricity,0.674
west_north_central,mercantile_service,ventilation,electricity,5.693
west_north_central,mercantile_service,cooking,electricity,0.284
west_north_central,mercantile_service,lighting,electricity,8.711
west_north_central,mercantile_service,refrigeration,electricity,1.557
west_north_central,mercantile_service,data_center_servers,electricity,0.003
west_north_central,mercantile_service,computers_office_equipment,electricity,1.487
west_north_central,mercantile_service,other_uses,electricity,0.674
west_north_central,mercantile_service,heating,natural_gas,18.552
west_north_central,mercantile_service,cooling,natural_gas,0.0
west_north_central,mercantile_service,water_heating,natural_gas,1.478
west_north_central,mercantile_service,ventilation,natural_gas,0.0
west_north_central,mercantile_service,cooking,natural_gas,2.174
west_north_central,mercantile_service,lighting,natural_gas,0.0
west_north_central,mercantile_service,refrigeration,natural_gas,0.0
west_north_central,mercantile_service,data_center_servers,natural_gas,0.0
west_north_central,mercantile_service,computers_office_equipment,natural_gas,0.0
west_north_central,mercantile_service,other_uses,natural_gas,0.0
west_north_central,mercantile_service,heating,distillate,0.033
west_north_central,mercantile_service,cooling,distillate,0.0
west_north_central,mercantile_service,water_heating,distillate,0.0
west_north_central,mercantile_service,ventilation,distillate,0.0
west_north_central,mercantile_service,cooking,distillate,0.0
west_north_central,mercantile_service,lighting,distillate,0.0
west_north_central,mercantile_service,refrigeration,distillate,0.0
west_north_central,mercantile_service,data_center_servers,distillate,0.0
west_north_central,mercantile_service,computers_office_equipment,distillate,0.0
west_north_central,mercantile_service,other_uses,distillate,0.039
west_north_central,warehouse,heating,electricity,1.822
west_north_central,warehouse,cooling,electricity,3.04
west_north_central,warehouse,water_heating,electricity,0.128
west_north_central,warehouse,ventilation,electricity,2.391
west_north_central,warehouse,cooking,electricity,0.01
west_north_central,warehouse,lighting,electricity,4.693
west_north_central,warehouse,refrigeration,electricity,1.492
west_north_central,warehouse,data_center_servers,electricity,0.07
west_north_central,warehouse,computers_office_equipment,electricity,0.483
west_north_central,warehouse,other_uses,electricity,0.128
west_north_central,warehouse,heating,natural_gas,16.991
west_north_central,warehouse,cooling,natural_gas,0.0
west_north_central,warehouse,water_heating,natural_gas,0.699
west_north_central,warehouse,ventilation,natural_gas,0.0
west_north_central,warehouse,cooking,natural_gas,0.087
west_north_central,warehouse,lighting,natural_gas,0.0
west_north_central,warehouse,refrigeration,natural_gas,0.0
west_north_central,warehouse,data_center_servers,natural_gas,0.0
west_north_central,warehouse,computers_office_equipment,natural_gas,0.0
west_north_central,warehouse,other_uses,natural_gas,0.976
west_north_central,warehouse,heating,distillate,0.028
west_north_central,warehouse,cooling,distillate,0.0
west_north_central,warehouse,water_heating,distillate,0.0
west_north_central,warehouse,ventilation,distillate,0.0
west_north_central,warehouse,cooking,distillate,0.0
west_north_central,warehouse,lighting,distillate,0.0
west_north_central,warehouse,refrigeration,distillate,0.0
west_north_central,warehouse,data_center_servers,distillate,0.0
west_north_central,warehouse,computers_office_equipment,distillate,0.0
west_north_central,warehouse,other_uses,distillate,0.029
west_north_central,other,heating,electricity,3.954
west_north_central,other,cooling,electricity,12.18
west_north_central,other,water_heating,electricity,0.292
west_north_central,other,ventilation,electricity,1.572
west_north_central,other,cooking,electricity,0.267
west_north_central,other,lighting,electricity,5.57
west_north_central,other,refrigeration,electricity,0.193
west_north_central,other,data_center_servers,electricity,8.776
west_north_central,other,computers_office_equipment,electricity,9.86
west_north_central,other,other_uses,electricity,0.292
west_north_central,other,heating,natural_gas,12.18
west_north_central,other,cooling,natural_gas,0.0
west_north_central,other,water_heating,natural_gas,0.205
west_north_central,other,ventilation,natural_gas,0.0
west_north_central,other,cooking,natural_gas,0.045
west_north_central,other,lighting,natural_gas,0.0
west_north_central,other,refrigeration,natural_gas,0.0
west_north_central,other,data_center_servers,natural_gas,0.0
west_north_central,other,computers_office_equipment,natural_gas,0.0
west_north_central,other,other_uses,natural_gas,0.482
west_north_central,other,heating,distillate,0.0
west_north_central,other,cooling,distillate,0.0
west_north_central,other,water_heating,distillate,0.002
west_north_central,other,ventilation,distillate,0.0
west_north_central,other,cooking,distillate,0.0
west_north_central,other,lighting,distillate,0.0
west_north_central,other,refrigeration,distillate,0.0
west_north_central,other,data_center_servers,distillate,0.0
west_north_central,other,computers_office_equipment,distillate,0.0
west_north_central,other,other_uses,distillate,0.919
south_atlantic,assembly,heating,electricity,2.763
south_atlantic,assembly,cooling,electricity,13.387
south_atlantic,assembly,water_heating,electricity,0.199
south_atlantic,assembly,ventilation,electricity,3.461
south_atlantic,assembly,cooking,electricity,0.547
south_atlantic,assembly,lighting,electricity,4.818
south_atlantic,assembly,refrigeration,electricity,2.31
south_atlantic,assembly,data_center_servers,electricity,0.045
south_atlantic,assembly,computers_office_equipment,electricity,0.742
south_atlantic,assembly,other_uses,electricity,0.199
south_atlantic,assembly,heating,natural_gas,11.528
south_atlantic,assembly,cooling,natural_gas,0.0
south_atlantic,assembly,water_heating,natural_gas,0.337
south_atlantic,assembly,ventilation,natural_gas,0.0
south_atlantic,assembly,cooking,natural_gas,2.301
south_atlantic,assembly,lighting,natural_gas,0.0
south_atlantic,assembly,refrigeration,natural_gas,0.0
south_atlantic,assembly,data_center_servers,natural_gas,0.0
south_atlantic,assembly,computers_office_equipment,natural_gas,0.0
south_atlantic,assembly,other_uses,natural_gas,0.514
south_atlantic,assembly,heating,distillate,0.386
south_atlantic,assembly,cooling,distillate,0.0
south_atlantic,assembly,water_heating,distillate,0.0
south_atlantic,assembly,ventilation,distillate,0.0
south_atlantic,assembly,cooking,distillate,0.0
south_atlantic,assembly,lighting,distillate,0.0
south_atlantic,assembly,refrigeration,distillate,0.0
south_atlantic,assembly,data_center_servers,distillate,0.0
south_atlantic,assembly,computers_office_equipment,distillate,0.0
south_atlantic,assembly,other_uses,distillate,0.101
south_atlantic,education,heating,electricity,2.28
south_atlantic,education,cooling,electricity,11.545
south_atlantic,education,water_heating,electricity,0.928
south_atlantic,education,ventilation,electricity,5.765
south_atlantic,education,cooking,electricity,0.398
south_atlantic,education,lighting,electricity,6.141
south_atlantic,education,refrigeration,electricity,1.732
south_atlantic,education,data_center_servers,electricity,0.307
south_atlantic,education,computers_office_equipment,electricity,3.159
south_atlantic,education,other_uses,electricity,0.928
south_atlantic,education,heating,natural_gas,12.387
south_atlantic,education,cooling,natural_gas,0.0
south_atlantic,education,water_heating,natural_gas,1.754
south_atlantic,education,ventilation,natural_gas,0.0
south_atlantic,education,cooking,natural_gas,1.165
south_atlantic,education,lighting,natural_gas,0.0
south_atlantic,education,refrigeration,natural_gas,0.0
south_atlantic,education,data_center_servers,natural_gas,0.0
south_atlantic,education,computers_office_equipment,natural_gas,0.0
south_atlantic,education,other_uses,natural_gas,0.877
south_atlantic,education,heating,distillate,1.557
south_atlantic,education,cooling,distillate,0.0
south_atlantic,education,water_heating,distillate,0.08
south_atlantic,education,ventilation,distillate,0.0
south_atlantic,education,cooking,distillate,0.0
south_atlantic,education,lighting,distillate,0.0
south_atlantic,education,refrigeration,distillate,0.0
south_atlantic,education,data_center_servers,distillate,0.0
south_atlantic,education,computers_office_equipment,distillate,0.0
south_atlantic,education,other_uses,distillate,0.054
south_atlantic,food_sales,heating,electricity,7.827
south_atlantic,food_sales,cooling,electricity,13.517
south_atlantic,food_sales,water_heating,electricity,0.725
south_atlantic,food_sales,ventilation,electricity,14.401
south_atlantic,food_sales,cooking,electricity,8.397
south_atlantic,food_sales,lighting,electricity,19.789
south_atlantic,food_sales,refrigeration,electricity,108.579
south_atlantic,food_sales,data_center_servers,electricity,0.128
south_atlantic,food_sales,computers_office_equipment,electricity,1.36
south_atlantic,food_sales,other_uses,electricity,0.725
south_atlantic,food_sales,heating,natural_gas,9.861
south_atlantic,food_sales,cooling,natural_gas,0.0
south_atlantic,food_sales,water_heating,natural_gas,0.326
south_atlantic,food_sales,ventilation,natural_gas,0.0
south_atlantic,food_sales,cooking,natural_gas,15.765
south_atlantic,food_sales,lighting,natural_gas,0.0
south_atlantic,food_sales,refrigeration,natural_gas,0.0
south_atlantic,food_sales,data_center_servers,natural_gas,0.0
south_atlantic,food_sales,computers_office_equipment,natural_gas,0.0
south_atlantic,food_sales,other_uses,natural_gas,4.042
south_atlantic,food_sales,heating,distillate,0.0
south_atlantic,food_sales,cooling,distillate,0.0
south_atlantic,food_sales,water_heating,distillate,0.0
south_atlantic,food_sales,ventilation,distillate,0.0
south_atlantic,food_sales,cooking,distillate,0.0
south_atlantic,food_sales,lighting,distillate,0.0
south_atlantic,food_sales,refrigeration,distillate,0.0
south_atlantic,food_sales,data_center_servers,distillate,0.0
south_atlantic,food_sales,computers_office_equipment,distillate,0.0
south_atlantic,food_sales,other_uses,distillate,0.356
south_atlantic,food_service,heating,electricity,10.705
south_atlantic,food_service,cooling,electricity,33.265
south_atlantic,food_service,water_heating,electricity,14.487
south_atlantic,food_service,ventilation,electricity,17.671
south_atlantic,food_service,cooking,electricity,37.781
south_atlantic,food_service,lighting,electricity,12.527
south_atlantic,food_service,refrigeration,electricity,45.418
south_atlantic,food_service,data_center_servers,electricity,0.0
south_atlantic,food_service,computers_office_equipment,electricity,2.872
south_atlantic,food_service,other_uses,electricity,14.487
south_atlantic,food_service,heating,natural_gas,12.154
south_atlantic,food_service,cooling,natural_gas,0.0
south_atlantic,food_service,water_heating,natural_gas,9.075
south_atlantic,food_service,ventilation,natural_gas,0.0
south_atlantic,food_service,cooking,natural_gas,67.141
south_atlantic,food_service,lighting,natural_gas,0.0
south_atlantic,food_service,refrigeration,natural_gas,0.0
south_atlantic,food_service,data_center_servers,natural_gas,0.0
south_atlantic,food_service,computers_office_equipment,natural_gas,0.0
south_atlantic,food_service,other_uses,natural_gas,0.102
south_atlantic,food_service,heating,distillate,1.33
south_atlantic,food_service,cooling,distillate,0.0
south_atlantic,food_service,water_heating,distillate,0.0
south_atlantic,food_service,ventilation,distillate,0.0
south_atlantic,food_service,cooking,distillate,0.005
south_atlantic,food_service,lighting,distillate,0.0
south_atlantic,food_service,refrigeration,distillate,0.0
south_atlantic,food_service,data_center_servers,distillate,0.0
south_atlantic,food_service,computers_office_equipment,distillate,0.0
south_atlantic,food_service,other_uses,distillate,0.188
south_atlantic,health_care,heating,electricity,1.851
south_atlantic,health_care,cooling,electricity,24.981
south_atlantic,health_care,water_heating,electricity,2.198
south_atlantic,health_care,ventilation,electricity,26.543
south_atlantic,health_care,cooking,electricity,2.785
south_atlantic,health_care,lighting,electricity,13.017
south_atlantic,health_care,refrigeration,electricity,4.528
south_atlantic,health_care,data_center_servers,electricity,2.704
south_atlantic,health_care,computers_office_equipment,electricity,6.96
south_atlantic,health_care,other_uses,electricity,2.198
south_atlantic,health_care,heating,natural_gas,41.696
south_atlantic,health_care,cooling,natural_gas,1.499
south_atlantic,health_care,water_heating,natural_gas,18.857
south_atlantic,health_care,ventilation,natural_gas,0.0
south_atlantic,health_care,cooking,natural_gas,20.331
south_atlantic,health_care,lighting,natural_gas,0.0
south_atlantic,health_care,refrigeration,natural_gas,0.0
south_atlantic,health_care,data_center_servers,natural_gas,0.0
south_atlantic,health_care,computers_office_equipment,natural_gas,0.0
south_atlantic,health_care,other_uses,natural_gas,4.562
south_atlantic,health_care,heating,distillate,0.482
south_atlantic,health_care,cooling,distillate,0.0
south_atlantic,health_care,water_heating,distillate,0.125
south_atlantic,health_care,ventilation,distillate,0.0
south_atlantic,health_care,cooking,distillate,0.012
south_atlantic,health_care,lighting,distillate,0.0
south_atlantic,health_care,refrigeration,distillate,0.0
south_atlantic,health_care,data_center_servers,distillate,0.0
south_atlantic,health_care,computers_office_equipment,distillate,0.0
south_atlantic,health_care,other_uses,distillate,1.073
south_atlantic,lodging,heating,electricity,3.101
south_atlantic,lodging,cooling,electricity,10.861
south_atlantic,lodging,water_heating,electricity,3.998
south_atlantic,lodging,ventilation,electricity,14.121
south_atlantic,lodging,cooking,electricity,2.375
south_atlantic,lodging,lighting,electricity,5.439
south_atlantic,lodging,refrigeration,electricity,5.278
south_atlantic,lodging,data_center_servers,electricity,0.081
south_atlantic,lodging,computers_office_equipment,electricity,1.547
south_atlantic,lodging,other_uses,electricity,3.998
south_atlantic,lodging,heating,natural_gas,3.132
south_atlantic,lodging,cooling,natural_gas,0.0
south_atlantic,lodging,water_heating,natural_gas,8.764
south_atlantic,lodging,ventilation,natural_gas,0.0
south_atlantic,lodging,cooking,natural_gas,8.375
south_atlantic,lodging,lighting,natural_gas,0.0
south_atlantic,lodging,refrigeration,natural_gas,0.0
south_atlantic,lodging,data_center_servers,natural_gas,0.0
south_atlantic,lodging,computers_office_equipment,natural_gas,0.0
south_atlantic,lodging,other_uses,natural_gas,1.453
south_atlantic,lodging,heating,distillate,0.001
south_atlantic,lodging,cooling,distillate,0.0
south_atlantic,lodging,water_heating,distillate,0.001
south_atlantic,lodging,ventilation,distillate,0.0
south_atlantic,lodging,cooking,distillate,0.0
south_atlantic,lodging,lighting,distillate,0.0
south_atlantic,lodging,refrigeration,distillate,0.0
south_atlantic,lodging,data_center_servers,distillate,0.0
south_atlantic,lodging,computers_office_equipment,distillate,0.0
south_atlantic,lodging,other_uses,distillate,0.169
south_atlantic,large_office,heating,electricity,3.278
south_atlantic,large_office,cooling,electricity,6.705
south_atlantic,large_office,water_heating,electricity,0.477
south_atlantic,large_office,ventilation,electricity,16.332
south_atlantic,large_office,cooking,electricity,0.245
south_atlantic,large_office,lighting,electricity,8.672
south_atlantic,large_office,refrigeration,electricity,1.373
south_atlantic,large_office,data_center_servers,electricity,1.73
south_atlantic,large_office,computers_office_equipment,electricity,7.37
south_atlantic,large_office,other_uses,electricity,0.477
south_atlantic,large_office,heating,natural_gas,6.326
south_atlantic,large_office,cooling,natural_gas,0.0
south_atlantic,large_office,water_heating,natural_gas,0.367
south_atlantic,large_office,ventilation,natural_gas,0.0
south_atlantic,large_office,cooking,natural_gas,0.888
south_atlantic,large_office,lighting,natural_gas,0.0
south_atlantic,large_office,refrigeration,natural_gas,0.0
south_atlantic,large_office,data_center_servers,natural_gas,0.0
south_atlantic,large_office,computers_office_equipment,natural_gas,0.0
south_atlantic,large_office,other_uses,natural_gas,0.754
south_atlantic,large_office,heating,distillate,0.043
south_atlantic,large_office,cooling,distillate,0.0
south_atlantic,large_office,water_heating,distillate,0.016
south_atlantic,large_office,ventilation,distillate,0.0
south_atlantic,large_office,cooking,distillate,0.0
south_atlantic,large_office,lighting,distillate,0.0
south_atlantic,large_office,refrigeration,distillate,0.0
south_atlantic,large_office,data_center_servers,distillate,0.0
south_atlantic,large_office,computers_office_equipment,distillate,0.0
south_atlantic,large_office,other_uses,distillate,0.288
south_atlantic,small_office,heating,electricity,4.307
south_atlantic,small_office,cooling,electricity,9.381
south_atlantic,small_office,water_heating,electricity,0.31
south_atlantic,small_office,ventilation,electricity,10.598
south_atlantic,small_office,cooking,electricity,0.143
south_atlantic,small_office,lighting,electricity,9.25
south_atlantic,small_office,refrigeration,electricity,1.534
south_atlantic,small_office,data_center_servers,electricity,0.016
south_atlantic,small_office,computers_office_equipment,electricity,4.699
south_atlantic,small_office,other_uses,electricity,0.31
south_atlantic,small_office,heating,natural_gas,6.14
south_atlantic,small_office,cooling,natural_gas,0.0
south_atlantic,small_office,water_heating,natural_gas,0.553
south_atlantic,small_office,ventilation,natural_gas,0.0
south_atlantic,small_office,cooking,natural_gas,0.79
south_atlantic,small_office,lighting,natural_gas,0.0
south_atlantic,small_office,refrigeration,natural_gas,0.0
south_atlantic,small_office,data_center_servers,natural_gas,0.0
south_atlantic,small_office,computers_office_equipment,natural_gas,0.0
south_atlantic,small_office,other_uses,natural_gas,0.939
south_atlantic,small_office,heating,distillate,0.304
south_atlantic,small_office,cooling,distillate,0.084
south_atlantic,small_office,water_heating,distillate,0.0
south_atlantic,small_office,ventilation,distillate,0.0
south_atlantic,small_office,cooking,distillate,0.0
south_atlantic,small_office,lighting,distillate,0.0
south_atlantic,small_office,refrigeration,distillate,0.0
south_atlantic,small_office,data_center_servers,distillate,0.0
south_atlantic,small_office,computers_office_equipment,distillate,0.0
south_atlantic,small_office,other_uses,distillate,0.078
south_atlantic,mercantile_service,heating,electricity,3.324
south_atlantic,mercantile_service,cooling,electricity,9.087
south_atlantic,mercantile_service,water_heating,electricity,1.746
south_atlantic,mercantile_service,ventilation,electricity,8.448
south_atlantic,mercantile_service,cooking,electricity,0.524
south_atlantic,mercantile_service,lighting,electricity,11.933
south_atlantic,mercantile_service,refrigeration,electricity,6.903
south_atlantic,mercantile_service,data_center_servers,electricity,0.078
south_atlantic,mercantile_service,computers_office_equipment,electricity,2.01
south_atlantic,mercantile_service,other_uses,electricity,1.746
south_atlantic,mercantile_service,heating,natural_gas,9.17
south_atlantic,mercantile_service,cooling,natural_gas,0.003
south_atlantic,mercantile_service,water_heating,natural_gas,4.386
south_atlantic,mercantile_service,ventilation,natural_gas,0.0
south_atlantic,mercantile_service,cooking,natural_gas,6.681
south_atlantic,mercantile_service,lighting,natural_gas,0.0
south_atlantic,mercantile_service,refrigeration,natural_gas,0.0
south_atlantic,mercantile_service,data_center_servers,natural_gas,0.0
south_atlantic,mercantile_service,computers_office_equipment,natural_gas,0.0
south_atlantic,mercantile_service,other_uses,natural_gas,1.248
south_atlantic,mercantile_service,heating,distillate,0.167
south_atlantic,mercantile_service,cooling,distillate,0.0
south_atlantic,mercantile_service,water_heating,distillate,0.0
south_atlantic,mercantile_service,ventilation,distillate,0.0
south_atlantic,mercantile_service,cooking,distillate,0.0
south_atlantic,mercantile_service,lighting,distillate,0.0
south_atlantic,mercantile_service,refrigeration,distillate,0.0
south_atlantic,mercantile_service,data_center_servers,distillate,0.0
south_atlantic,mercantile_service,computers_office_equipment,distillate,0.0
south_atlantic,mercantile_service,other_uses,distillate,0.024
south_atlantic,warehouse,heating,electricity,1.33
south_atlantic,warehouse,cooling,electricity,3.921
south_atlantic,warehouse,water_heating,electricity,0.147
south_atlantic,warehouse,ventilation,electricity,1.705
south_atlantic,warehouse,cooking,electricity,0.002
south_atlantic,warehouse,lighting,electricity,5.715
south_atlantic,warehouse,refrigeration,electricity,0.64
south_atlantic,warehouse,data_center_servers,electricity,0.021
south_atlantic,warehouse,computers_office_equipment,electricity,0.56
south_atlantic,warehouse,other_uses,electricity,0.147
south_atlantic,warehouse,heating,natural_gas,6.212
south_atlantic,warehouse,cooling,natural_gas,0.0
south_atlantic,warehouse,water_heating,natural_gas,0.073
south_atlantic,warehouse,ventilation,natural_gas,0.0
south_atlantic,warehouse,cooking,natural_gas,0.001
south_atlantic,warehouse,lighting,natural_gas,0.0
south_atlantic,warehouse,refrigeration,natural_gas,0.0
south_atlantic,warehouse,data_center_servers,natural_gas,0.0
south_atlantic,warehouse,computers_office_equipment,natural_gas,0.0
south_atlantic,warehouse,other_uses,natural_gas,1.084
south_atlantic,warehouse,heating,distillate,0.158
south_atlantic,warehouse,cooling,distillate,0.0
south_atlantic,warehouse,water_heating,distillate,0.0
south_atlantic,warehouse,ventilation,distillate,0.0
south_atlantic,warehouse,cooking,distillate,0.0
south_atlantic,warehouse,lighting,distillate,0.0
south_atlantic,warehouse,refrigeration,distillate,0.0
south_atlantic,warehouse,data_center_servers,distillate,0.0
south_atlantic,warehouse,computers_office_equipment,distillate,0.0
south_atlantic,warehouse,other_uses,distillate,0.018
south_atlantic,other,heating,electricity,2.781
south_atlantic,other,cooling,electricity,6.922
south_atlantic,other,water_heating,electricity,1.091
south_atlantic,other,ventilation,electricity,12.285
south_atlantic,other,cooking,electricity,0.302
south_atlantic,other,lighting,electricity,9.82
south_atlantic,other,refrigeration,electricity,1.479
south_atlantic,other,data_center_servers,electricity,22.98
south_atlantic,other,computers_office_equipment,electricity,2.839
south_atlantic,other,other_uses,electricity,1.091
south_atlantic,other,heating,natural_gas,6.922
south_atlantic,other,cooling,natural_gas,0.0
south_atlantic,other,water_heating,natural_gas,1.019
south_atlantic,other,ventilation,natural_gas,0.0
south_atlantic,other,cooking,natural_gas,1.329
south_atlantic,other,lighting,natural_gas,0.0
south_atlantic,other,refrigeration,natural_gas,0.0
south_atlantic,other,data_center_servers,natural_gas,0.0
south_atlantic,other,computers_office_equipment,natural_gas,0.0
south_atlantic,other,other_uses,natural_gas,2.026
south_atlantic,other,heating,distillate,0.036
south_atlantic,other,cooling,distillate,0.0
south_atlantic,other,water_heating,distillate,0.0
south_atlantic,other,ventilation,distillate,0.0
south_atlantic,other,cooking,distillate,0.0
south_atlantic,other,lighting,distillate,0.0
south_atlantic,other,refrigeration,distillate,0.0
south_atlantic,other,data_center_servers,distillate,0.0
south_atlantic,other,computers_office_equipment,distillate,0.0
south_atlantic,other,other_uses,distillate,0.392
east_south_central,assembly,heating,electricity,2.955
east_south_central,assembly,cooling,electricity,9.626
east_south_central,assembly,water_heating,electricity,0.107
east_south_central,assembly,ventilation,electricity,2.402
east_south_central,assembly,cooking,electricity,0.292
east_south_central,assembly,lighting,electricity,3.695
east_south_central,assembly,refrigeration,electricity,0.638
east_south_central,assembly,data_center_servers,electricity,0.048
east_south_central,assembly,computers_office_equipment,electricity,0.439
east_south_central,assembly,other_uses,electricity,0.107
east_south_central,assembly,heating,natural_gas,10.657
east_south_central,assembly,cooling,natural_gas,0.0
east_south_central,assembly,water_heating,natural_gas,1.237
east_south_central,assembly,ventilation,natural_gas,0.0
east_south_central,assembly,cooking,natural_gas,2.318
east_south_central,assembly,lighting,natural_gas,0.0
east_south_central,assembly,refrigeration,natural_gas,0.0
east_south_central,assembly,data_center_servers,natural_gas,0.0
east_south_central,assembly,computers_office_equipment,natural_gas,0.0
east_south_central,assembly,other_uses,natural_gas,0.215
east_south_central,assembly,heating,distillate,0.005
east_south_central,assembly,cooling,distillate,0.0
east_south_central,assembly,water_heating,distillate,0.0
east_south_central,assembly,ventilation,distillate,0.0
east_south_central,assembly,cooking,distillate,0.001
east_south_central,assembly,lighting,distillate,0.0
east_south_central,assembly,refrigeration,distillate,0.0
east_south_central,assembly,data_center_servers,distillate,0.0
east_south_central,assembly,computers_office_equipment,distillate,0.0
east_south_central,assembly,other_uses,distillate,0.021
east_south_central,education,heating,electricity,2.463
east_south_central,education,cooling,electricity,11.121
east_south_central,education,water_heating,electricity,0.92
east_south_central,education,ventilation,electricity,4.618
east_south_central,education,cooking,electricity,0.327
east_south_central,education,lighting,electricity,5.937
east_south_central,education,refrigeration,electricity,1.695
east_south_central,education,data_center_servers,electricity,0.26
east_south_central,education,computers_office_equipment,electricity,4.054
east_south_central,education,other_uses,electricity,0.92
east_south_central,education,heating,natural_gas,13.597
east_south_central,education,cooling,natural_gas,0.06
east_south_central,education,water_heating,natural_gas,2.967
east_south_central,education,ventilation,natural_gas,0.0
east_south_central,education,cooking,natural_gas,2.08
east_south_central,education,lighting,natural_gas,0.0
east_south_central,education,refrigeration,natural_gas,0.0
east_south_central,education,data_center_servers,natural_gas,0.0
east_south_central,education,computers_office_equipment,natural_gas,0.0
east_south_central,education,other_uses,natural_gas,0.013
east_south_central,education,heating,distillate,0.0
east_south_central,education,cooling,distillate,0.0
east_south_central,education,water_heating,distillate,0.0
east_south_central,education,ventilation,distillate,0.0
east_south_central,education,cooking,distillate,0.0
east_south_central,education,lighting,distillate,0.0
east_south_central,education,refrigeration,distillate,0.0
east_south_central,education,data_center_servers,distillate,0.0
east_south_central,education,computers_office_equipment,distillate,0.0
east_south_central,education,other_uses,distillate,0.028
east_south_central,food_sales,heating,electricity,2.36
east_south_central,food_sales,cooling,electricity,11.234
east_south_central,food_sales,water_heating,electricity,0.388
east_south_central,food_sales,ventilation,electricity,12.482
east_south_central,food_sales,cooking,electricity,1.522
east_south_central,food_sales,lighting,electricity,15.964
east_south_central,food_sales,refrigeration,electricity,111.473
east_south_central,food_sales,data_center_servers,electricity,0.0
east_south_central,food_sales,computers_office_equipment,electricity,1.987
east_south_central,food_sales,other_uses,electricity,0.388
east_south_central,food_sales,heating,natural_gas,31.743
east_south_central,food_sales,cooling,natural_gas,0.0
east_south_central,food_sales,water_heating,natural_gas,0.544
east_south_central,food_sales,ventilation,natural_gas,0.0
east_south_central,food_sales,cooking,natural_gas,8.205
east_south_central,food_sales,lighting,natural_gas,0.0
east_south_central,food_sales,refrigeration,natural_gas,0.0
east_south_central,food_sales,data_center_servers,natural_gas,0.0
east_south_central,food_sales,computers_office_equipment,natural_gas,0.0
east_south_central,food_sales,other_uses,natural_gas,0.0
east_south_central,food_sales,heating,distillate,0.0
east_south_central,food_sales,cooling,distillate,0.0
east_south_central,food_sales,water_heating,distillate,0.0
east_south_central,food_sales,ventilation,distillate,0.0
east_south_central,food_sales,cooking,distillate,0.0
east_south_central,food_sales,lighting,distillate,0.0
east_south_central,food_sales,refrigeration,distillate,0.0
east_south_central,food_sales,data_center_servers,distillate,0.0
east_south_central,food_sales,computers_office_equipment,distillate,0.0
east_south_central,food_sales,other_uses,distillate,0.0
east_south_central,food_service,heating,electricity,9.279
east_south_central,food_service,cooling,electricity,23.155
east_south_central,food_service,water_heating,electricity,10.965
east_south_central,food_service,ventilation,electricity,15.224
east_south_central,food_service,cooking,electricity,17.529
east_south_central,food_service,lighting,electricity,10.389
east_south_central,food_service,refrigeration,electricity,35.012
east_south_central,food_service,data_center_servers,electricity,0.0
east_south_central,food_service,computers_office_equipment,electricity,1.415
east_south_central,food_service,other_uses,electricity,11.539
east_south_central,food_service,heating,natural_gas,7.557
east_south_central,food_service,cooling,natural_gas,0.0
east_south_central,food_service,water_heating,natural_gas,5.776
east_south_central,food_service,ventilation,natural_gas,0.0
east_south_central,food_service,cooking,natural_gas,92.898
east_south_central,food_service,lighting,natural_gas,0.0
east_south_central,food_service,refrigeration,natural_gas,0.0
east_south_central,food_service,data_center_servers,natural_gas,0.0
east_south_central,food_service,computers_office_equipment,natural_gas,0.0
east_south_central,food_service,other_uses,natural_gas,1.016
east_south_central,food_service,heating,distillate,0.0
east_south_central,food_service,cooling,distillate,0.0
east_south_central,food_service,water_heating,distillate,0.0
east_south_central,food_service,ventilation,distillate,0.0
east_south_central,food_service,cooking,distillate,0.0
east_south_central,food_service,lighting,distillate,0.0
east_south_central,food_service,refrigeration,distillate,0.0
east_south_central,food_service,data_center_servers,distillate,0.0
east_south_central,food_service,computers_office_equipment,distillate,0.0
east_south_central,food_service,other_uses,distillate,0.0
east_south_central,health_care,heating,electricity,1.632
east_south_central,health_care,cooling,electricity,21.888
east_south_central,health_care,water_heating,electricity,0.912
east_south_central,health_care,ventilation,electricity,29.654
east_south_central,health_care,cooking,electricity,2.704
east_south_central,health_care,lighting,electricity,12.748
east_south_central,health_care,refrigeration,electricity,4.07
east_south_central,health_care,data_center_servers,electricity,1.837
east_south_central,health_care,computers_office_equipment,electricity,4.322
east_south_central,health_care,other_uses,electricity,0.912
east_south_central,health_care,heating,natural_gas,33.369
east_south_central,health_care,cooling,natural_gas,0.0
east_south_central,health_care,water_heating,natural_gas,9.117
east_south_central,health_care,ventilation,natural_gas,0.0
east_south_central,health_care,cooking,natural_gas,11.303
east_south_central,health_care,lighting,natural_gas,0.0
east_south_central,health_care,refrigeration,natural_gas,0.0
east_south_central,health_care,data_center_servers,natural_gas,0.0
east_south_central,health_care,computers_office_equipment,natural_gas,0.0
east_south_central,health_care,other_uses,natural_gas,0.618
east_south_central,health_care,heating,distillate,0.271
east_south_central,health_care,cooling,distillate,0.0
east_south_central,health_care,water_heating,distillate,0.122
east_south_central,health_care,ventilation,distillate,0.0
east_south_central,health_care,cooking,distillate,0.0
east_south_central,health_care,lighting,distillate,0.0
east_south_central,health_care,refrigeration,distillate,0.0
east_south_central,health_care,data_center_servers,distillate,0.0
east_south_central,health_care,computers_office_equipment,distillate,0.0
east_south_central,health_care,other_uses,distillate,0.889
east_south_central,lodging,heating,electricity,2.578
east_south_central,lodging,cooling,electricity,5.031
east_south_central,lodging,water_heating,electricity,2.959
east_south_central,lodging,ventilation,electricity,7.01
east_south_central,lodging,cooking,electricity,1.365
east_south_central,lodging,lighting,electricity,8.166
east_south_central,lodging,refrigeration,electricity,2.284
east_south_central,lodging,data_center_servers,electricity,0.003
east_south_central,lodging,computers_office_equipment,electricity,0.509
east_south_central,lodging,other_uses,electricity,2.959
east_south_central,lodging,heating,natural_gas,3.63
east_south_central,lodging,cooling,natural_gas,0.0
east_south_central,lodging,water_heating,natural_gas,9.183
east_south_central,lodging,ventilation,natural_gas,0.0
east_south_central,lodging,cooking,natural_gas,3.182
east_south_central,lodging,lighting,natural_gas,0.0
east_south_central,lodging,refrigeration,natural_gas,0.0
east_south_central,lodging,data_center_servers,natural_gas,0.0
east_south_central,lodging,computers_office_equipment,natural_gas,0.0
east_south_central,lodging,other_uses,natural_gas,2.144
east_south_central,lodging,heating,distillate,0.0
east_south_central,lodging,cooling,distillate,0.0
east_south_central,lodging,water_heating,distillate,0.0
east_south_central,lodging,ventilation,distillate,0.0
east_south_central,lodging,cooking,distillate,0.0
east_south_central,lodging,lighting,distillate,0.0
east_south_central,lodging,refrigeration,distillate,0.0
east_south_central,lodging,data_center_servers,distillate,0.0
east_south_central,lodging,computers_office_equipment,distillate,0.0
east_south_central,lodging,other_uses,distillate,0.034
east_south_central,large_office,heating,electricity,2.193
east_south_central,large_office,cooling,electricity,7.062
east_south_central,large_office,water_heating,electricity,0.323
east_south_central,large_office,ventilation,electricity,17.756
east_south_central,large_office,cooking,electricity,0.324
east_south_central,large_office,lighting,electricity,11.607
east_south_central,large_office,refrigeration,electricity,1.485
east_south_central,large_office,data_center_servers,electricity,3.158
east_south_central,large_office,computers_office_equipment,electricity,12.212
east_south_central,large_office,other_uses,electricity,0.327
east_south_central,large_office,heating,natural_gas,13.819
east_south_central,large_office,cooling,natural_gas,0.0
east_south_central,large_office,water_heating,natural_gas,0.776
east_south_central,large_office,ventilation,natural_gas,0.0
east_south_central,large_office,cooking,natural_gas,1.356
east_south_central,large_office,lighting,natural_gas,0.0
east_south_central,large_office,refrigeration,natural_gas,0.0
east_south_central,large_office,data_center_servers,natural_gas,0.0
east_south_central,large_office,computers_office_equipment,natural_gas,0.0
east_south_central,large_office,other_uses,natural_gas,5.264
east_south_central,large_office,heating,distillate,0.0
east_south_central,large_office,cooling,distillate,0.0
east_south_central,large_office,water_heating,distillate,0.0
east_south_central,large_office,ventilation,distillate,0.0
east_south_central,large_office,cooking,distillate,0.0
east_south_central,large_office,lighting,distillate,0.0
east_south_central,large_office,refrigeration,distillate,0.0
east_south_central,large_office,data_center_servers,distillate,0.0
east_south_central,large_office,computers_office_equipment,distillate,0.0
east_south_central,large_office,other_uses,distillate,0.54
east_south_central,small_office,heating,electricity,4.491
east_south_central,small_office,cooling,electricity,7.618
east_south_central,small_office,water_heating,electricity,0.282
east_south_central,small_office,ventilation,electricity,14.653
east_south_central,small_office,cooking,electricity,0.182
east_south_central,small_office,lighting,electricity,8.411
east_south_central,small_office,refrigeration,electricity,3.482
east_south_central,small_office,data_center_servers,electricity,0.135
east_south_central,small_office,computers_office_equipment,electricity,4.829
east_south_central,small_office,other_uses,electricity,0.282
east_south_central,small_office,heating,natural_gas,15.861
east_south_central,small_office,cooling,natural_gas,0.0
east_south_central,small_office,water_heating,natural_gas,0.345
east_south_central,small_office,ventilation,natural_gas,0.0
east_south_central,small_office,cooking,natural_gas,0.548
east_south_central,small_office,lighting,natural_gas,0.0
east_south_central,small_office,refrigeration,natural_gas,0.0
east_south_central,small_office,data_center_servers,natural_gas,0.0
east_south_central,small_office,computers_office_equipment,natural_gas,0.0
east_south_central,small_office,other_uses,natural_gas,1.776
east_south_central,small_office,heating,distillate,0.0
east_south_central,small_office,cooling,distillate,0.0
east_south_central,small_office,water_heating,distillate,0.0
east_south_central,small_office,ventilation,distillate,0.0
east_south_central,small_office,cooking,distillate,0.0
east_south_central,small_office,lighting,distillate,0.0
east_south_central,small_office,refrigeration,distillate,0.0
east_south_central,small_office,data_center_servers,distillate,0.0
east_south_central,small_office,computers_office_equipment,distillate,0.0
east_south_central,small_office,other_uses,distillate,0.07
east_south_central,mercantile_service,heating,electricity,2.343
east_south_central,mercantile_service,cooling,electricity,6.561
east_south_central,mercantile_service,water_heating,electricity,0.811
east_south_central,mercantile_service,ventilation,electricity,8.253
east_south_central,mercantile_service,cooking,electricity,0.443
east_south_central,mercantile_service,lighting,electricity,9.109
east_south_central,mercantile_service,refrigeration,electricity,2.146
east_south_central,mercantile_service,data_center_servers,electricity,0.102
east_south_central,mercantile_service,computers_office_equipment,electricity,2.037
east_south_central,mercantile_service,other_uses,electricity,0.968
east_south_central,mercantile_service,heating,natural_gas,14.256
east_south_central,mercantile_service,cooling,natural_gas,0.0
east_south_central,mercantile_service,water_heating,natural_gas,1.126
east_south_central,mercantile_service,ventilation,natural_gas,0.0
east_south_central,mercantile_service,cooking,natural_gas,3.399
east_south_central,mercantile_service,lighting,natural_gas,0.0
east_south_central,mercantile_service,refrigeration,natural_gas,0.0
east_south_central,mercantile_service,data_center_servers,natural_gas,0.0
east_south_central,mercantile_service,computers_office_equipment,natural_gas,0.0
east_south_central,mercantile_service,other_uses,natural_gas,1.505
east_south_central,mercantile_service,heating,distillate,0.258
east_south_central,mercantile_service,cooling,distillate,0.0
east_south_central,mercantile_service,water_heating,distillate,0.0
east_south_central,mercantile_service,ventilation,distillate,0.0
east_south_central,mercantile_service,cooking,distillate,0.0
east_south_central,mercantile_service,lighting,distillate,0.0
east_south_central,mercantile_service,refrigeration,distillate,0.0
east_south_central,mercantile_service,data_center_servers,distillate,0.0
east_south_central,mercantile_service,computers_office_equipment,distillate,0.0
east_south_central,mercantile_service,other_uses,distillate,0.006
east_south_central,warehouse,heating,electricity,1.564
east_south_central,warehouse,cooling,electricity,4.164
east_south_central,warehouse,water_heating,electricity,0.091
east_south_central,warehouse,ventilation,electricity,1.614
east_south_central,warehouse,cooking,electricity,0.002
east_south_central,warehouse,lighting,electricity,3.692
east_south_central,warehouse,refrigeration,electricity,2.043
east_south_central,warehouse,data_center_servers,electricity,0.079
east_south_central,warehouse,computers_office_equipment,electricity,0.451
east_south_central,warehouse,other_uses,electricity,0.091
east_south_central,warehouse,heating,natural_gas,8.971
east_south_central,warehouse,cooling,natural_gas,0.0
east_south_central,warehouse,water_heating,natural_gas,0.105
east_south_central,warehouse,ventilation,natural_gas,0.0
east_south_central,warehouse,cooking,natural_gas,0.005
east_south_central,warehouse,lighting,natural_gas,0.0
east_south_central,warehouse,refrigeration,natural_gas,0.0
east_south_central,warehouse,data_center_servers,natural_gas,0.0
east_south_central,warehouse,computers_office_equipment,natural_gas,0.0
east_south_central,warehouse,other_uses,natural_gas,2.298
east_south_central,warehouse,heating,distillate,0.213
east_south_central,warehouse,cooling,distillate,0.0
east_south_central,warehouse,water_heating,distillate,0.0
east_south_central,warehouse,ventilation,distillate,0.0
east_south_central,warehouse,cooking,distillate,0.0
east_south_central,warehouse,lighting,distillate,0.0
east_south_central,warehouse,refrigeration,distillate,0.0
east_south_central,warehouse,data_center_servers,distillate,0.0
east_south_central,warehouse,computers_office_equipment,distillate,0.0
east_south_central,warehouse,other_uses,distillate,0.012
east_south_central,other,heating,electricity,2.445
east_south_central,other,cooling,electricity,10.111
east_south_central,other,water_heating,electricity,0.838
east_south_central,other,ventilation,electricity,4.552
east_south_central,other,cooking,electricity,0.08
east_south_central,other,lighting,electricity,6.87
east_south_central,other,refrigeration,electricity,0.249
east_south_central,other,data_center_servers,electricity,2.594
east_south_central,other,computers_office_equipment,electricity,3.502
east_south_central,other,other_uses,electricity,0.838
east_south_central,other,heating,natural_gas,10.111
east_south_central,other,cooling,natural_gas,0.0
east_south_central,other,water_heating,natural_gas,0.192
east_south_central,other,ventilation,natural_gas,0.0
east_south_central,other,cooking,natural_gas,1.005
east_south_central,other,lighting,natural_gas,0.0
east_south_central,other,refrigeration,natural_gas,0.0
east_south_central,other,data_center_servers,natural_gas,0.0
east_south_central,other,computers_office_equipment,natural_gas,0.0
east_south_central,other,other_uses,natural_gas,0.001
east_south_central,other,heating,distillate,0.0
east_south_central,other,cooling,distillate,0.0
east_south_central,other,water_heating,distillate,0.0
east_south_central,other,ventilation,distillate,0.0
east_south_central,other,cooking,distillate,0.0
east_south_central,other,lighting,distillate,0.0
east_south_central,other,refrigeration,distillate,0.0
east_south_central,other,data_center_servers,distillate,0.0
east_south_central,other,computers_office_equipment,distillate,0.0
east_south_central,other,other_uses,distillate,0.118
west_south_central,assembly,heating,electricity,4.153
west_south_central,assembly,cooling,electricity,16.312
west_south_central,assembly,water_heating,electricity,0.172
west_south_central,assembly,ventilation,electricity,3.122
west_south_central,assembly,cooking,electricity,0.386
west_south_central,assembly,lighting,electricity,4.493
west_south_central,assembly,refrigeration,electricity,1.573
west_south_central,assembly,data_center_servers,electricity,0.073
west_south_central,assembly,computers_office_equipment,electricity,1.149
west_south_central,assembly,other_uses,electricity,0.172
west_south_central,assembly,heating,natural_gas,11.326
west_south_central,assembly,cooling,natural_gas,0.0
west_south_central,assembly,water_heating,natural_gas,0.727
west_south_central,assembly,ventilation,natural_gas,0.0
west_south_central,assembly,cooking,natural_gas,2.543
west_south_central,assembly,lighting,natural_gas,0.0
west_south_central,assembly,refrigeration,natural_gas,0.0
west_south_central,assembly,data_center_servers,natural_gas,0.0
west_south_central,assembly,computers_office_equipment,natural_gas,0.0
west_south_central,assembly,other_uses,natural_gas,0.328
west_south_central,assembly,heating,distillate,0.0
west_south_central,assembly,cooling,distillate,0.0
west_south_central,assembly,water_heating,distillate,0.0
west_south_central,assembly,ventilation,distillate,0.0
west_south_central,assembly,cooking,distillate,0.0
west_south_central,assembly,lighting,distillate,0.0
west_south_central,assembly,refrigeration,distillate,0.0
west_south_central,assembly,data_center_servers,distillate,0.0
west_south_central,assembly,computers_office_equipment,distillate,0.0
west_south_central,assembly,other_uses,distillate,0.043
west_south_central,education,heating,electricity,1.469
west_south_central,education,cooling,electricity,10.054
west_south_central,education,water_heating,electricity,1.058
west_south_central,education,ventilation,electricity,3.86
west_south_central,education,cooking,electricity,0.324
west_south_central,education,lighting,electricity,5.278
west_south_central,education,refrigeration,electricity,1.493
west_south_central,education,data_center_servers,electricity,0.189
west_south_central,education,computers_office_equipment,electricity,2.513
west_south_central,education,other_uses,electricity,1.058
west_south_central,education,heating,natural_gas,8.044
west_south_central,education,cooling,natural_gas,0.0
west_south_central,education,water_heating,natural_gas,1.94
west_south_central,education,ventilation,natural_gas,0.0
west_south_central,education,cooking,natural_gas,1.826
west_south_central,education,lighting,natural_gas,0.0
west_south_central,education,refrigeration,natural_gas,0.0
west_south_central,education,data_center_servers,natural_gas,0.0
west_south_central,education,computers_office_equipment,natural_gas,0.0
west_south_central,education,other_uses,natural_gas,1.309
west_south_central,education,heating,distillate,0.154
west_south_central,education,cooling,distillate,0.0
west_south_central,education,water_heating,distillate,0.0
west_south_central,education,ventilation,distillate,0.0
west_south_central,education,cooking,distillate,0.0
west_south_central,education,lighting,distillate,0.0
west_south_central,education,refrigeration,distillate,0.0
west_south_central,education,data_center_servers,distillate,0.0
west_south_central,education,computers_office_equipment,distillate,0.0
west_south_central,education,other_uses,distillate,0.022
west_south_central,food_sales,heating,electricity,3.709
west_south_central,food_sales,cooling,electricity,14.007
west_south_central,food_sales,water_heating,electricity,0.227
west_south_central,food_sales,ventilation,electricity,12.882
west_south_central,food_sales,cooking,electricity,6.662
west_south_central,food_sales,lighting,electricity,13.464
west_south_central,food_sales,refrigeration,electricity,93.314
west_south_central,food_sales,data_center_servers,electricity,0.243
west_south_central,food_sales,computers_office_equipment,electricity,9.781
west_south_central,food_sales,other_uses,electricity,0.227
west_south_central,food_sales,heating,natural_gas,8.714
west_south_central,food_sales,cooling,natural_gas,0.0
west_south_central,food_sales,water_heating,natural_gas,7.7
west_south_central,food_sales,ventilation,natural_gas,0.0
west_south_central,food_sales,cooking,natural_gas,7.081
west_south_central,food_sales,lighting,natural_gas,0.0
west_south_central,food_sales,refrigeration,natural_gas,0.0
west_south_central,food_sales,data_center_servers,natural_gas,0.0
west_south_central,food_sales,computers_office_equipment,natural_gas,0.0
west_south_central,food_sales,other_uses,natural_gas,0.399
west_south_central,food_sales,heating,distillate,0.0
west_south_central,food_sales,cooling,distillate,0.0
west_south_central,food_sales,water_heating,distillate,0.0
west_south_central,food_sales,ventilation,distillate,0.0
west_south_central,food_sales,cooking,distillate,0.0
west_south_central,food_sales,lighting,distillate,0.0
west_south_central,food_sales,refrigeration,distillate,0.0
west_south_central,food_sales,data_center_servers,distillate,0.0
west_south_central,food_sales,computers_office_equipment,distillate,0.0
west_south_central,food_sales,other_uses,distillate,0.0
west_south_central,food_service,heating,electricity,9.415
west_south_central,food_service,cooling,electricity,29.777
west_south_central,food_service,water_heating,electricity,6.573
west_south_central,food_service,ventilation,electricity,15.178
west_south_central,food_service,cooking,electricity,32.402
west_south_central,food_service,lighting,electricity,9.38
west_south_central,food_service,refrigeration,electricity,44.64
west_south_central,food_service,data_center_servers,electricity,0.0
west_south_central,food_service,computers_office_equipment,electricity,2.047
west_south_central,food_service,other_uses,electricity,6.573
west_south_central,food_service,heating,natural_gas,6.542
west_south_central,food_service,cooling,natural_gas,0.0
west_south_central,food_service,water_heating,natural_gas,6.348
west_south_central,food_service,ventilation,natural_gas,0.0
west_south_central,food_service,cooking,natural_gas,62.397
west_south_central,food_service,lighting,natural_gas,0.0
west_south_central,food_service,refrigeration,natural_gas,0.0
west_south_central,food_service,data_center_servers,natural_gas,0.0
west_south_central,food_service,computers_office_equipment,natural_gas,0.0
west_south_central,food_service,other_uses,natural_gas,1.473
west_south_central,food_service,heating,distillate,0.0
west_south_central,food_service,cooling,distillate,0.0
west_south_central,food_service,water_heating,distillate,0.0
west_south_central,food_service,ventilation,distillate,0.0
west_south_central,food_service,cooking,distillate,0.0
west_south_central,food_service,lighting,distillate,0.0
west_south_central,food_service,refrigeration,distillate,0.0
west_south_central,food_service,data_center_servers,distillate,0.0
west_south_central,food_service,computers_office_equipment,distillate,0.0
west_south_central,food_service,other_uses,distillate,0.455
west_south_central,health_care,heating,electricity,0.76
west_south_central,health_care,cooling,electricity,19.53
west_south_central,health_care,water_heating,electricity,0.22
west_south_central,health_care,ventilation,electricity,29.571
west_south_central,health_care,cooking,electricity,2.489
west_south_central,health_care,lighting,electricity,12.331
west_south_central,health_care,refrigeration,electricity,3.609
west_south_central,health_care,data_center_servers,electricity,2.256
west_south_central,health_care,computers_office_equipment,electricity,6.356
west_south_central,health_care,other_uses,electricity,0.22
west_south_central,health_care,heating,natural_gas,35.169
west_south_central,health_care,cooling,natural_gas,0.0
west_south_central,health_care,water_heating,natural_gas,12.987
west_south_central,health_care,ventilation,natural_gas,0.0
west_south_central,health_care,cooking,natural_gas,15.521
west_south_central,health_care,lighting,natural_gas,0.0
west_south_central,health_care,refrigeration,natural_gas,0.0
west_south_central,health_care,data_center_servers,natural_gas,0.0
west_south_central,health_care,computers_office_equipment,natural_gas,0.0
west_south_central,health_care,other_uses,natural_gas,5.376
west_south_central,health_care,heating,distillate,0.001
west_south_central,health_care,cooling,distillate,0.0
west_south_central,health_care,water_heating,distillate,0.0
west_south_central,health_care,ventilation,distillate,0.0
west_south_central,health_care,cooking,distillate,0.0
west_south_central,health_care,lighting,distillate,0.0
west_south_central,health_care,refrigeration,distillate,0.0
west_south_central,health_care,data_center_servers,distillate,0.0
west_south_central,health_care,computers_office_equipment,distillate,0.0
west_south_central,health_care,other_uses,distillate,0.708
west_south_central,lodging,heating,electricity,2.451
west_south_central,lodging,cooling,electricity,8.303
west_south_central,lodging,water_heating,electricity,0.603
west_south_central,lodging,ventilation,electricity,11.075
west_south_central,lodging,cooking,electricity,2.072
west_south_central,lodging,lighting,electricity,5.44
west_south_central,lodging,refrigeration,electricity,4.177
west_south_central,lodging,data_center_servers,electricity,0.007
west_south_central,lodging,computers_office_equipment,electricity,0.937
west_south_central,lodging,other_uses,electricity,0.603
west_south_central,lodging,heating,natural_gas,7.266
west_south_central,lodging,cooling,natural_gas,0.0
west_south_central,lodging,water_heating,natural_gas,15.482
west_south_central,lodging,ventilation,natural_gas,0.0
west_south_central,lodging,cooking,natural_gas,4.403
west_south_central,lodging,lighting,natural_gas,0.0
west_south_central,lodging,refrigeration,natural_gas,0.0
west_south_central,lodging,data_center_servers,natural_gas,0.0
west_south_central,lodging,computers_office_equipment,natural_gas,0.0
west_south_central,lodging,other_uses,natural_gas,0.66
west_south_central,lodging,heating,distillate,0.0
west_south_central,lodging,cooling,distillate,0.0
west_south_central,lodging,water_heating,distillate,0.0
west_south_central,lodging,ventilation,distillate,0.0
west_south_central,lodging,cooking,distillate,0.0
west_south_central,lodging,lighting,distillate,0.0
west_south_central,lodging,refrigeration,distillate,0.0
west_south_central,lodging,data_center_servers,distillate,0.0
west_south_central,lodging,computers_office_equipment,distillate,0.0
west_south_central,lodging,other_uses,distillate,0.038
west_south_central,large_office,heating,electricity,1.9
west_south_central,large_office,cooling,electricity,7.648
west_south_central,large_office,water_heating,electricity,0.445
west_south_central,large_office,ventilation,electricity,15.503
west_south_central,large_office,cooking,electricity,0.155
west_south_central,large_office,lighting,electricity,8.276
west_south_central,large_office,refrigeration,electricity,1.136
west_south_central,large_office,data_center_servers,electricity,1.829
west_south_central,large_office,computers_office_equipment,electricity,5.571
west_south_central,large_office,other_uses,electricity,0.445
west_south_central,large_office,heating,natural_gas,7.147
west_south_central,large_office,cooling,natural_gas,0.0
west_south_central,large_office,water_heating,natural_gas,0.185
west_south_central,large_office,ventilation,natural_gas,0.0
west_south_central,large_office,cooking,natural_gas,0.777
west_south_central,large_office,lighting,natural_gas,0.0
west_south_central,large_office,refrigeration,natural_gas,0.0
west_south_central,large_office,data_center_servers,natural_gas,0.0
west_south_central,large_office,computers_office_equipment,natural_gas,0.0
west_south_central,large_office,other_uses,natural_gas,1.159
west_south_central,large_office,heating,distillate,0.0
west_south_central,large_office,cooling,distillate,0.0
west_south_central,large_office,water_heating,distillate,0.0
west_south_central,large_office,ventilation,distillate,0.0
west_south_central,large_office,cooking,distillate,0.0
west_south_central,large_office,lighting,distillate,0.0
west_south_central,large_office,refrigeration,distillate,0.0
west_south_central,large_office,data_center_servers,distillate,0.0
west_south_central,large_office,computers_office_equipment,distillate,0.0
west_south_central,large_office,other_uses,distillate,0.083
west_south_central,small_office,heating,electricity,2.097
west_south_central,small_office,cooling,electricity,9.546
west_south_central,small_office,water_heating,electricity,0.311
west_south_central,small_office,ventilation,electricity,9.243
west_south_central,small_office,cooking,electricity,0.134
west_south_central,small_office,lighting,electricity,7.461
west_south_central,small_office,refrigeration,electricity,1.606
west_south_central,small_office,data_center_servers,electricity,0.3
west_south_central,small_office,computers_office_equipment,electricity,4.184
west_south_central,small_office,other_uses,electricity,0.311
west_south_central,small_office,heating,natural_gas,8.909
west_south_central,small_office,cooling,natural_gas,0.0
west_south_central,small_office,water_heating,natural_gas,0.486
west_south_central,small_office,ventilation,natural_gas,0.0
west_south_central,small_office,cooking,natural_gas,0.432
west_south_central,small_office,lighting,natural_gas,0.0
west_south_central,small_office,refrigeration,natural_gas,0.0
west_south_central,small_office,data_center_servers,natural_gas,0.0
west_south_central,small_office,computers_office_equipment,natural_gas,0.0
west_south_central,small_office,other_uses,natural_gas,0.502
west_south_central,small_office,heating,distillate,0.0
west_south_central,small_office,cooling,distillate,0.0
west_south_central,small_office,water_heating,distillate,0.0
west_south_central,small_office,ventilation,distillate,0.0
west_south_central,small_office,cooking,distillate,0.0
west_south_central,small_office,lighting,distillate,0.0
west_south_central,small_office,refrigeration,distillate,0.0
west_south_central,small_office,data_center_servers,distillate,0.0
west_south_central,small_office,computers_office_equipment,distillate,0.0
west_south_central,small_office,other_uses,distillate,0.034
west_south_central,mercantile_service,heating,electricity,2.559
west_south_central,mercantile_service,cooling,electricity,9.984
west_south_central,mercantile_service,water_heating,electricity,1.838
west_south_central,mercantile_service,ventilation,electricity,8.937
west_south_central,mercantile_service,cooking,electricity,0.556
west_south_central,mercantile_service,lighting,electricity,11.542
west_south_central,mercantile_service,refrigeration,electricity,3.113
west_south_central,mercantile_service,data_center_servers,electricity,0.016
west_south_central,mercantile_service,computers_office_equipment,electricity,2.47
west_south_central,mercantile_service,other_uses,electricity,1.838
west_south_central,mercantile_service,heating,natural_gas,11.917
west_south_central,mercantile_service,cooling,natural_gas,0.0
west_south_central,mercantile_service,water_heating,natural_gas,2.201
west_south_central,mercantile_service,ventilation,natural_gas,0.0
west_south_central,mercantile_service,cooking,natural_gas,5.072
west_south_central,mercantile_service,lighting,natural_gas,0.0
west_south_central,mercantile_service,refrigeration,natural_gas,0.0
west_south_central,mercantile_service,data_center_servers,natural_gas,0.0
west_south_central,mercantile_service,computers_office_equipment,natural_gas,0.0
west_south_central,mercantile_service,other_uses,natural_gas,1.556
west_south_central,mercantile_service,heating,distillate,0.635
west_south_central,mercantile_service,cooling,distillate,0.0
west_south_central,mercantile_service,water_heating,distillate,0.0
west_south_central,mercantile_service,ventilation,distillate,0.0
west_south_central,mercantile_service,cooking,distillate,0.0
west_south_central,mercantile_service,lighting,distillate,0.0
west_south_central,mercantile_service,refrigeration,distillate,0.0
west_south_central,mercantile_service,data_center_servers,distillate,0.0
west_south_central,mercantile_service,computers_office_equipment,distillate,0.0
west_south_central,mercantile_service,other_uses,distillate,0.075
west_south_central,warehouse,heating,electricity,0.831
west_south_central,warehouse,cooling,electricity,6.316
west_south_central,warehouse,water_heating,electricity,0.15
west_south_central,warehouse,ventilation,electricity,1.471
west_south_central,warehouse,cooking,electricity,0.022
west_south_central,warehouse,lighting,electricity,4.346
west_south_central,warehouse,refrigeration,electricity,2.578
west_south_central,warehouse,data_center_servers,electricity,0.01
west_south_central,warehouse,computers_office_equipment,electricity,0.471
west_south_central,warehouse,other_uses,electricity,0.15
west_south_central,warehouse,heating,natural_gas,3.648
west_south_central,warehouse,cooling,natural_gas,0.0
west_south_central,warehouse,water_heating,natural_gas,0.145
west_south_central,warehouse,ventilation,natural_gas,0.0
west_south_central,warehouse,cooking,natural_gas,0.012
west_south_central,warehouse,lighting,natural_gas,0.0
west_south_central,warehouse,refrigeration,natural_gas,0.0
west_south_central,warehouse,data_center_servers,natural_gas,0.0
west_south_central,warehouse,computers_office_equipment,natural_gas,0.0
west_south_central,warehouse,other_uses,natural_gas,0.211
west_south_central,warehouse,heating,distillate,0.0
west_south_central,warehouse,cooling,distillate,0.0
west_south_central,warehouse,water_heating,distillate,0.0
west_south_central,warehouse,ventilation,distillate,0.0
west_south_central,warehouse,cooking,distillate,0.0
west_south_central,warehouse,lighting,distillate,0.0
west_south_central,warehouse,refrigeration,distillate,0.0
west_south_central,warehouse,data_center_servers,distillate,0.0
west_south_central,warehouse,computers_office_equipment,distillate,0.0
west_south_central,warehouse,other_uses,distillate,0.016
west_south_central,other,heating,electricity,1.156
west_south_central,other,cooling,electricity,21.477
west_south_central,other,water_heating,electricity,0.338
west_south_central,other,ventilation,electricity,11.438
west_south_central,other,cooking,electricity,0.393
west_south_central,other,lighting,electricity,10.465
west_south_central,other,refrigeration,electricity,1.795
west_south_central,other,data_center_servers,electricity,20.558
west_south_central,other,computers_office_equipment,electricity,5.85
west_south_central,other,other_uses,electricity,0.338
west_south_central,other,heating,natural_gas,21.477
west_south_central,other,cooling,natural_gas,0.0
west_south_central,other,water_heating,natural_gas,5.464
west_south_central,other,ventilation,natural_gas,0.0
west_south_central,other,cooking,natural_gas,2.724
west_south_central,other,lighting,natural_gas,0.0
west_south_central,other,refrigeration,natural_gas,0.0
west_south_central,other,data_center_servers,natural_gas,0.0
west_south_central,other,computers_office_equipment,natural_gas,0.0
west_south_central,other,other_uses,natural_gas,0.459
west_south_central,other,heating,distillate,0.0
west_south_central,other,cooling,distillate,0.0
west_south_central,other,water_heating,distillate,0.0
west_south_central,other,ventilation,distillate,0.0
west_south_central,other,cooking,distillate,0.0
west_south_central,other,lighting,distillate,0.0
west_south_central,other,refrigeration,distillate,0.0
west_south_central,other,data_center_servers,distillate,0.0
west_south_central,other,computers_office_equipment,distillate,0.0
west_south_central,other,other_uses,distillate,0.714
mountain,assembly,heating,electricity,1.826
mountain,assembly,cooling,electricity,6.656
mountain,assembly,water_heating,electricity,0.074
mountain,assembly,ventilation,electricity,3.888
mountain,assembly,cooking,electricity,0.701
mountain,assembly,lighting,electricity,4.597
mountain,assembly,refrigeration,electricity,1.679
mountain,assembly,data_center_servers,electricity,0.184
mountain,assembly,computers_office_equipment,electricity,1.017
mountain,assembly,other_uses,electricity,0.074
mountain,assembly,heating,natural_gas,26.148
mountain,assembly,cooling,natural_gas,0.0
mountain,assembly,water_heating,natural_gas,0.325
mountain,assembly,ventilation,natural_gas,0.0
mountain,assembly,cooking,natural_gas,4.74
mountain,assembly,lighting,natural_gas,0.0
mountain,assembly,refrigeration,natural_gas,0.0
mountain,assembly,data_center_servers,natural_gas,0.0
mountain,assembly,computers_office_equipment,natural_gas,0.0
mountain,assembly,other_uses,natural_gas,0.715
mountain,assembly,heating,distillate,0.0
mountain,assembly,cooling,distillate,0.0
mountain,assembly,water_heating,distillate,0.0
mountain,assembly,ventilation,distillate,0.0
mountain,assembly,cooking,distillate,0.0
mountain,assembly,lighting,distillate,0.0
mountain,assembly,refrigeration,distillate,0.0
mountain,assembly,data_center_servers,distillate,0.0
mountain,assembly,computers_office_equipment,distillate,0.0
mountain,assembly,other_uses,distillate,0.009
mountain,education,heating,electricity,1.513
mountain,education,cooling,electricity,4.93
mountain,education,water_heating,electricity,1.11
mountain,education,ventilation,electricity,4.727
mountain,education,cooking,electricity,0.749
mountain,education,lighting,electricity,5.329
mountain,education,refrigeration,electricity,1.769
mountain,education,data_center_servers,electricity,0.152
mountain,education,computers_office_equipment,electricity,2.756
mountain,education,other_uses,electricity,1.11
mountain,education,heating,natural_gas,18.002
mountain,education,cooling,natural_gas,0.015
mountain,education,water_heating,natural_gas,3.021
mountain,education,ventilation,natural_gas,0.0
mountain,education,cooking,natural_gas,1.914
mountain,education,lighting,natural_gas,0.0
mountain,education,refrigeration,natural_gas,0.0
mountain,education,data_center_servers,natural_gas,0.0
mountain,education,computers_office_equipment,natural_gas,0.0
mountain,education,other_uses,natural_gas,0.303
mountain,education,heating,distillate,0.0
mountain,education,cooling,distillate,0.0
mountain,education,water_heating,distillate,0.0
mountain,education,ventilation,distillate,0.0
mountain,education,cooking,distillate,0.0
mountain,education,lighting,distillate,0.0
mountain,education,refrigeration,distillate,0.0
mountain,education,data_center_servers,distillate,0.0
mountain,education,computers_office_equipment,distillate,0.0
mountain,education,other_uses,distillate,0.032
mountain,food_sales,heating,electricity,4.214
mountain,food_sales,cooling,electricity,3.249
mountain,food_sales,water_heating,electricity,0.321
mountain,food_sales,ventilation,electricity,9.882
mountain,food_sales,cooking,electricity,3.09
mountain,food_sales,lighting,electricity,13.93
mountain,food_sales,refrigeration,electricity,78.885
mountain,food_sales,data_center_servers,electricity,0.0
mountain,food_sales,computers_office_equipment,electricity,1.732
mountain,food_sales,other_uses,electricity,0.321
mountain,food_sales,heating,natural_gas,38.987
mountain,food_sales,cooling,natural_gas,0.0
mountain,food_sales,water_heating,natural_gas,1.609
mountain,food_sales,ventilation,natural_gas,0.0
mountain,food_sales,cooking,natural_gas,22.899
mountain,food_sales,lighting,natural_gas,0.0
mountain,food_sales,refrigeration,natural_gas,0.0
mountain,food_sales,data_center_servers,natural_gas,0.0
mountain,food_sales,computers_office_equipment,natural_gas,0.0
mountain,food_sales,other_uses,natural_gas,1.219
mountain,food_sales,heating,distillate,0.0
mountain,food_sales,cooling,distillate,0.0
mountain,food_sales,water_heating,distillate,0.0
mountain,food_sales,ventilation,distillate,0.0
mountain,food_sales,cooking,distillate,0.0
mountain,food_sales,lighting,distillate,0.0
mountain,food_sales,refrigeration,distillate,0.0
mountain,food_sales,data_center_servers,distillate,0.0
mountain,food_sales,computers_office_equipment,distillate,0.0
mountain,food_sales,other_uses,distillate,1.12
mountain,food_service,heating,electricity,6.667
mountain,food_service,cooling,electricity,9.737
mountain,food_service,water_heating,electricity,4.107
mountain,food_service,ventilation,electricity,17.877
mountain,food_service,cooking,electricity,24.171
mountain,food_service,lighting,electricity,11.971
mountain,food_service,refrigeration,electricity,39.816
mountain,food_service,data_center_servers,electricity,0.0
mountain,food_service,computers_office_equipment,electricity,1.52
mountain,food_service,other_uses,electricity,4.107
mountain,food_service,heating,natural_gas,26.363
mountain,food_service,cooling,natural_gas,0.0
mountain,food_service,water_heating,natural_gas,13.671
mountain,food_service,ventilation,natural_gas,0.0
mountain,food_service,cooking,natural_gas,74.112
mountain,food_service,lighting,natural_gas,0.0
mountain,food_service,refrigeration,natural_gas,0.0
mountain,food_service,data_center_servers,natural_gas,0.0
mountain,food_service,computers_office_equipment,natural_gas,0.0
mountain,food_service,other_uses,natural_gas,0.002
mountain,food_service,heating,distillate,0.0
mountain,food_service,cooling,distillate,0.0
mountain,food_service,water_heating,distillate,0.0
mountain,food_service,ventilation,distillate,0.0
mountain,food_service,cooking,distillate,0.019
mountain,food_service,lighting,distillate,0.0
mountain,food_service,refrigeration,distillate,0.0
mountain,food_service,data_center_servers,distillate,0.0
mountain,food_service,computers_office_equipment,distillate,0.0
mountain,food_service,other_uses,distillate,0.954
mountain,health_care,heating,electricity,3.803
mountain,health_care,cooling,electricity,6.741
mountain,health_care,water_heating,electricity,2.285
mountain,health_care,ventilation,electricity,28.246
mountain,health_care,cooking,electricity,2.594
mountain,health_care,lighting,electricity,10.04
mountain,health_care,refrigeration,electricity,4.854
mountain,health_care,data_center_servers,electricity,1.383
mountain,health_care,computers_office_equipment,electricity,8.198
mountain,health_care,other_uses,electricity,2.285
mountain,health_care,heating,natural_gas,54.054
mountain,health_care,cooling,natural_gas,0.0
mountain,health_care,water_heating,natural_gas,7.491
mountain,health_care,ventilation,natural_gas,0.0
mountain,health_care,cooking,natural_gas,11.133
mountain,health_care,lighting,natural_gas,0.0
mountain,health_care,refrigeration,natural_gas,0.0
mountain,health_care,data_center_servers,natural_gas,0.0
mountain,health_care,computers_office_equipment,natural_gas,0.0
mountain,health_care,other_uses,natural_gas,4.17
mountain,health_care,heating,distillate,7.515
mountain,health_care,cooling,distillate,0.0
mountain,health_care,water_heating,distillate,1.346
mountain,health_care,ventilation,distillate,0.0
mountain,health_care,cooking,distillate,0.014
mountain,health_care,lighting,distillate,0.0
mountain,health_care,refrigeration,distillate,0.0
mountain,health_care,data_center_servers,distillate,0.0
mountain,health_care,computers_office_equipment,distillate,0.0
mountain,health_care,other_uses,distillate,1.5
mountain,lodging,heating,electricity,1.071
mountain,lodging,cooling,electricity,3.745
mountain,lodging,water_heating,electricity,1.984
mountain,lodging,ventilation,electricity,16.844
mountain,lodging,cooking,electricity,3.431
mountain,lodging,lighting,electricity,4.929
mountain,lodging,refrigeration,electricity,5.505
mountain,lodging,data_center_servers,electricity,2.958
mountain,lodging,computers_office_equipment,electricity,4.804
mountain,lodging,other_uses,electricity,1.984
mountain,lodging,heating,natural_gas,8.81
mountain,lodging,cooling,natural_gas,0.0
mountain,lodging,water_heating,natural_gas,17.996
mountain,lodging,ventilation,natural_gas,0.0
mountain,lodging,cooking,natural_gas,29.832
mountain,lodging,lighting,natural_gas,0.0
mountain,lodging,refrigeration,natural_gas,0.0
mountain,lodging,data_center_servers,natural_gas,0.0
mountain,lodging,computers_office_equipment,natural_gas,0.0
mountain,lodging,other_uses,natural_gas,0.757
mountain,lodging,heating,distillate,0.0
mountain,lodging,cooling,distillate,0.0
mountain,lodging,water_heating,distillate,0.0
mountain,lodging,ventilation,distillate,0.0
mountain,lodging,cooking,distillate,0.01
mountain,lodging,lighting,distillate,0.0
mountain,lodging,refrigeration,distillate,0.0
mountain,lodging,data_center_servers,distillate,0.0
mountain,lodging,computers_office_equipment,distillate,0.0
mountain,lodging,other_uses,distillate,0.11
mountain,large_office,heating,electricity,1.788
mountain,large_office,cooling,electricity,2.658
mountain,large_office,water_heating,electricity,0.302
mountain,large_office,ventilation,electricity,10.846
mountain,large_office,cooking,electricity,0.188
mountain,large_office,lighting,electricity,7.5
mountain,large_office,refrigeration,electricity,1.194
mountain,large_office,data_center_servers,electricity,1.791
mountain,large_office,computers_office_equipment,electricity,6.635
mountain,large_office,other_uses,electricity,0.302
mountain,large_office,heating,natural_gas,13.385
mountain,large_office,cooling,natural_gas,0.0
mountain,large_office,water_heating,natural_gas,0.682
mountain,large_office,ventilation,natural_gas,0.0
mountain,large_office,cooking,natural_gas,0.619
mountain,large_office,lighting,natural_gas,0.0
mountain,large_office,refrigeration,natural_gas,0.0
mountain,large_office,data_center_servers,natural_gas,0.0
mountain,large_office,computers_office_equipment,natural_gas,0.0
mountain,large_office,other_uses,natural_gas,0.455
mountain,large_office,heating,distillate,0.003
mountain,large_office,cooling,distillate,0.0
mountain,large_office,water_heating,distillate,0.0
mountain,large_office,ventilation,distillate,0.0
mountain,large_office,cooking,distillate,0.0
mountain,large_office,lighting,distillate,0.0
mountain,large_office,refrigeration,distillate,0.0
mountain,large_office,data_center_servers,distillate,0.0
mountain,large_office,computers_office_equipment,distillate,0.0
mountain,large_office,other_uses,distillate,0.103
mountain,small_office,heating,electricity,3.061
mountain,small_office,cooling,electricity,5.04
mountain,small_office,water_heating,electricity,0.215
mountain,small_office,ventilation,electricity,10.694
mountain,small_office,cooking,electricity,0.131
mountain,small_office,lighting,electricity,7.177
mountain,small_office,refrigeration,electricity,2.102
mountain,small_office,data_center_servers,electricity,0.742
mountain,small_office,computers_office_equipment,electricity,4.563
mountain,small_office,other_uses,electricity,0.215
mountain,small_office,heating,natural_gas,12.37
mountain,small_office,cooling,natural_gas,0.0
mountain,small_office,water_heating,natural_gas,0.477
mountain,small_office,ventilation,natural_gas,0.0
mountain,small_office,cooking,natural_gas,0.029
mountain,small_office,lighting,natural_gas,0.0
mountain,small_office,refrigeration,natural_gas,0.0
mountain,small_office,data_center_servers,natural_gas,0.0
mountain,small_office,computers_office_equipment,natural_gas,0.0
mountain,small_office,other_uses,natural_gas,0.551
mountain,small_office,heating,distillate,0.0
mountain,small_office,cooling,distillate,0.0
mountain,small_office,water_heating,distillate,0.0
mountain,small_office,ventilation,distillate,0.0
mountain,small_office,cooking,distillate,0.0
mountain,small_office,lighting,distillate,0.0
mountain,small_office,refrigeration,distillate,0.0
mountain,small_office,data_center_servers,distillate,0.0
mountain,small_office,computers_office_equipment,distillate,0.0
mountain,small_office,other_uses,distillate,0.078
mountain,mercantile_service,heating,electricity,3.148
mountain,mercantile_service,cooling,electricity,5.228
mountain,mercantile_service,water_heating,electricity,1.662
mountain,mercantile_service,ventilation,electricity,8.415
mountain,mercantile_service,cooking,electricity,0.487
mountain,mercantile_service,lighting,electricity,12.18
mountain,mercantile_service,refrigeration,electricity,5.372
mountain,mercantile_service,data_center_servers,electricity,0.0
mountain,mercantile_service,computers_office_equipment,electricity,1.612
mountain,mercantile_service,other_uses,electricity,1.662
mountain,mercantile_service,heating,natural_gas,24.774
mountain,mercantile_service,cooling,natural_gas,0.0
mountain,mercantile_service,water_heating,natural_gas,2.639
mountain,mercantile_service,ventilation,natural_gas,0.0
mountain,mercantile_service,cooking,natural_gas,5.345
mountain,mercantile_service,lighting,natural_gas,0.0
mountain,mercantile_service,refrigeration,natural_gas,0.0
mountain,mercantile_service,data_center_servers,natural_gas,0.0
mountain,mercantile_service,computers_office_equipment,natural_gas,0.0
mountain,mercantile_service,other_uses,natural_gas,0.751
mountain,mercantile_service,heating,distillate,0.451
mountain,mercantile_service,cooling,distillate,0.0
mountain,mercantile_service,water_heating,distillate,0.0
mountain,mercantile_service,ventilation,distillate,0.0
mountain,mercantile_service,cooking,distillate,0.0
mountain,mercantile_service,lighting,distillate,0.0
mountain,mercantile_service,refrigeration,distillate,0.0
mountain,mercantile_service,data_center_servers,distillate,0.0
mountain,mercantile_service,computers_office_equipment,distillate,0.0
mountain,mercantile_service,other_uses,distillate,0.016
mountain,warehouse,heating,electricity,1.039
mountain,warehouse,cooling,electricity,2.056
mountain,warehouse,water_heating,electricity,0.147
mountain,warehouse,ventilation,electricity,1.126
mountain,warehouse,cooking,electricity,0.005
mountain,warehouse,lighting,electricity,4.08
mountain,warehouse,refrigeration,electricity,2.005
mountain,warehouse,data_center_servers,electricity,0.401
mountain,warehouse,computers_office_equipment,electricity,1.154
mountain,warehouse,other_uses,electricity,0.147
mountain,warehouse,heating,natural_gas,12.488
mountain,warehouse,cooling,natural_gas,0.0
mountain,warehouse,water_heating,natural_gas,0.084
mountain,warehouse,ventilation,natural_gas,0.0
mountain,warehouse,cooking,natural_gas,0.016
mountain,warehouse,lighting,natural_gas,0.0
mountain,warehouse,refrigeration,natural_gas,0.0
mountain,warehouse,data_center_servers,natural_gas,0.0
mountain,warehouse,computers_office_equipment,natural_gas,0.0
mountain,warehouse,other_uses,natural_gas,0.009
mountain,warehouse,heating,distillate,0.0
mountain,warehouse,cooling,distillate,0.0
mountain,warehouse,water_heating,distillate,0.0
mountain,warehouse,ventilation,distillate,0.0
mountain,warehouse,cooking,distillate,0.0
mountain,warehouse,lighting,distillate,0.0
mountain,warehouse,refrigeration,distillate,0.0
mountain,warehouse,data_center_servers,distillate,0.0
mountain,warehouse,computers_office_equipment,distillate,0.0
mountain,warehouse,other_uses,distillate,0.024
mountain,other,heating,electricity,1.291
mountain,other,cooling,electricity,17.403
mountain,other,water_heating,electricity,0.021
mountain,other,ventilation,electricity,3.148
mountain,other,cooking,electricity,0.495
mountain,other,lighting,electricity,5.821
mountain,other,refrigeration,electricity,1.051
mountain,other,data_center_servers,electricity,22.98
mountain,other,computers_office_equipment,electricity,12.519
mountain,other,other_uses,electricity,0.021
mountain,other,heating,natural_gas,17.403
mountain,other,cooling,natural_gas,0.0
mountain,other,water_heating,natural_gas,4.329
mountain,other,ventilation,natural_gas,0.0
mountain,other,cooking,natural_gas,1.104
mountain,other,lighting,natural_gas,0.0
mountain,other,refrigeration,natural_gas,0.0
mountain,other,data_center_servers,natural_gas,0.0
mountain,other,computers_office_equipment,natural_gas,0.0
mountain,other,other_uses,natural_gas,0.156
mountain,other,heating,distillate,0.0
mountain,other,cooling,distillate,0.0
mountain,other,water_heating,distillate,0.0
mountain,other,ventilation,distillate,0.0
mountain,other,cooking,distillate,0.0
mountain,other,lighting,distillate,0.0
mountain,other,refrigeration,distillate,0.0
mountain,other,data_center_servers,distillate,0.0
mountain,other,computers_office_equipment,distillate,0.0
mountain,other,other_uses,distillate,0.229
pacific,assembly,heating,electricity,0.921
pacific,assembly,cooling,electricity,5.497
pacific,assembly,water_heating,electricity,0.167
pacific,assembly,ventilation,electricity,2.901
pacific,assembly,cooking,electricity,0.342
pacific,assembly,lighting,electricity,3.954
pacific,assembly,refrigeration,electricity,2.027
pacific,assembly,data_center_servers,electricity,0.109
pacific,assembly,computers_office_equipment,electricity,1.183
pacific,assembly,other_uses,electricity,0.167
pacific,assembly,heating,natural_gas,13.623
pacific,assembly,cooling,natural_gas,0.066
pacific,assembly,water_heating,natural_gas,0.561
pacific,assembly,ventilation,natural_gas,0.0
pacific,assembly,cooking,natural_gas,3.582
pacific,assembly,lighting,natural_gas,0.0
pacific,assembly,refrigeration,natural_gas,0.0
pacific,assembly,data_center_servers,natural_gas,0.0
pacific,assembly,computers_office_equipment,natural_gas,0.0
pacific,assembly,other_uses,natural_gas,0.247
pacific,assembly,heating,distillate,0.0
pacific,assembly,cooling,distillate,0.0
pacific,assembly,water_heating,distillate,0.0
pacific,assembly,ventilation,distillate,0.0
pacific,assembly,cooking,distillate,0.0
pacific,assembly,lighting,distillate,0.0
pacific,assembly,refrigeration,distillate,0.0
pacific,assembly,data_center_servers,distillate,0.0
pacific,assembly,computers_office_equipment,distillate,0.0
pacific,assembly,other_uses,distillate,0.066
pacific,education,heating,electricity,2.459
pacific,education,cooling,electricity,3.922
pacific,education,water_heating,electricity,1.355
pacific,education,ventilation,electricity,4.063
pacific,education,cooking,electricity,0.407
pacific,education,lighting,electricity,4.889
pacific,education,refrigeration,electricity,1.029
pacific,education,data_center_servers,electricity,0.056
pacific,education,computers_office_equipment,electricity,3.168
pacific,education,other_uses,electricity,1.355
pacific,education,heating,natural_gas,7.271
pacific,education,cooling,natural_gas,0.0
pacific,education,water_heating,natural_gas,1.893
pacific,education,ventilation,natural_gas,0.0
pacific,education,cooking,natural_gas,0.552
pacific,education,lighting,natural_gas,0.0
pacific,education,refrigeration,natural_gas,0.0
pacific,education,data_center_servers,natural_gas,0.0
pacific,education,computers_office_equipment,natural_gas,0.0
pacific,education,other_uses,natural_gas,0.093
pacific,education,heating,distillate,0.953
pacific,education,cooling,distillate,0.0
pacific,education,water_heating,distillate,0.0
pacific,education,ventilation,distillate,0.0
pacific,education,cooking,distillate,0.0
pacific,education,lighting,distillate,0.0
pacific,education,refrigeration,distillate,0.0
pacific,education,data_center_servers,distillate,0.0
pacific,education,computers_office_equipment,distillate,0.0
pacific,education,other_uses,distillate,0.007
pacific,food_sales,heating,electricity,0.9
pacific,food_sales,cooling,electricity,5.066
pacific,food_sales,water_heating,electricity,0.025
pacific,food_sales,ventilation,electricity,14.894
pacific,food_sales,cooking,electricity,3.188
pacific,food_sales,lighting,electricity,10.804
pacific,food_sales,refrigeration,electricity,57.129
pacific,food_sales,data_center_servers,electricity,0.187
pacific,food_sales,computers_office_equipment,electricity,1.584
pacific,food_sales,other_uses,electricity,0.025
pacific,food_sales,heating,natural_gas,17.629
pacific,food_sales,cooling,natural_gas,0.0
pacific,food_sales,water_heating,natural_gas,0.668
pacific,food_sales,ventilation,natural_gas,0.0
pacific,food_sales,cooking,natural_gas,37.81
pacific,food_sales,lighting,natural_gas,0.0
pacific,food_sales,refrigeration,natural_gas,0.0
pacific,food_sales,data_center_servers,natural_gas,0.0
pacific,food_sales,computers_office_equipment,natural_gas,0.0
pacific,food_sales,other_uses,natural_gas,0.468
pacific,food_sales,heating,distillate,0.0
pacific,food_sales,cooling,distillate,0.0
pacific,food_sales,water_heating,distillate,0.0
pacific,food_sales,ventilation,distillate,0.0
pacific,food_sales,cooking,distillate,0.0
pacific,food_sales,lighting,distillate,0.0
pacific,food_sales,refrigeration,distillate,0.0
pacific,food_sales,data_center_servers,distillate,0.0
pacific,food_sales,computers_office_equipment,distillate,0.0
pacific,food_sales,other_uses,distillate,1.267
pacific,food_service,heating,electricity,3.383
pacific,food_service,cooling,electricity,10.445
pacific,food_service,water_heating,electricity,3.904
pacific,food_service,ventilation,electricity,14.241
pacific,food_service,cooking,electricity,13.85
pacific,food_service,lighting,electricity,7.203
pacific,food_service,refrigeration,electricity,46.006
pacific,food_service,data_center_servers,electricity,0.0
pacific,food_service,computers_office_equipment,electricity,1.782
pacific,food_service,other_uses,electricity,3.904
pacific,food_service,heating,natural_gas,7.304
pacific,food_service,cooling,natural_gas,0.003
pacific,food_service,water_heating,natural_gas,10.31
pacific,food_service,ventilation,natural_gas,0.0
pacific,food_service,cooking,natural_gas,60.988
pacific,food_service,lighting,natural_gas,0.0
pacific,food_service,refrigeration,natural_gas,0.0
pacific,food_service,data_center_servers,natural_gas,0.0
pacific,food_service,computers_office_equipment,natural_gas,0.0
pacific,food_service,other_uses,natural_gas,0.008
pacific,food_service,heating,distillate,0.0
pacific,food_service,cooling,distillate,0.0
pacific,food_service,water_heating,distillate,0.0
pacific,food_service,ventilation,distillate,0.0
pacific,food_service,cooking,distillate,0.0
pacific,food_service,lighting,distillate,0.0
pacific,food_service,refrigeration,distillate,0.0
pacific,food_service,data_center_servers,distillate,0.0
pacific,food_service,computers_office_equipment,distillate,0.0
pacific,food_service,other_uses,distillate,0.015
pacific,health_care,heating,electricity,1.95
pacific,health_care,cooling,electricity,5.015
pacific,health_care,water_heating,electricity,0.98
pacific,health_care,ventilation,electricity,29.026
pacific,health_care,cooking,electricity,2.425
pacific,health_care,lighting,electricity,12.033
pacific,health_care,refrigeration,electricity,3.936
pacific,health_care,data_center_servers,electricity,4.042
pacific,health_care,computers_office_equipment,electricity,8.169
pacific,health_care,other_uses,electricity,0.98
pacific,health_care,heating,natural_gas,32.762
pacific,health_care,cooling,natural_gas,0.008
pacific,health_care,water_heating,natural_gas,10.951
pacific,health_care,ventilation,natural_gas,0.0
pacific,health_care,cooking,natural_gas,14.233
pacific,health_care,lighting,natural_gas,0.0
pacific,health_care,refrigeration,natural_gas,0.0
pacific,health_care,data_center_servers,natural_gas,0.0
pacific,health_care,computers_office_equipment,natural_gas,0.0
pacific,health_care,other_uses,natural_gas,7.791
pacific,health_care,heating,distillate,0.357
pacific,health_care,cooling,distillate,0.0
pacific,health_care,water_heating,distillate,0.004
pacific,health_care,ventilation,distillate,0.0
pacific,health_care,cooking,distillate,0.001
pacific,health_care,lighting,distillate,0.0
pacific,health_care,refrigeration,distillate,0.0
pacific,health_care,data_center_servers,distillate,0.0
pacific,health_care,computers_office_equipment,distillate,0.0
pacific,health_care,other_uses,distillate,0.485
pacific,lodging,heating,electricity,1.419
pacific,lodging,cooling,electricity,4.032
pacific,lodging,water_heating,electricity,1.264
pacific,lodging,ventilation,electricity,11.966
pacific,lodging,cooking,electricity,1.444
pacific,lodging,lighting,electricity,7.719
pacific,lodging,refrigeration,electricity,4.267
pacific,lodging,data_center_servers,electricity,0.254
pacific,lodging,computers_office_equipment,electricity,1.367
pacific,lodging,other_uses,electricity,1.264
pacific,lodging,heating,natural_gas,3.21
pacific,lodging,cooling,natural_gas,0.057
pacific,lodging,water_heating,natural_gas,15.884
pacific,lodging,ventilation,natural_gas,0.0
pacific,lodging,cooking,natural_gas,10.35
pacific,lodging,lighting,natural_gas,0.0
pacific,lodging,refrigeration,natural_gas,0.0
pacific,lodging,data_center_servers,natural_gas,0.0
pacific,lodging,computers_office_equipment,natural_gas,0.0
pacific,lodging,other_uses,natural_gas,0.482
pacific,lodging,heating,distillate,0.804
pacific,lodging,cooling,distillate,0.0
pacific,lodging,water_heating,distillate,0.347
pacific,lodging,ventilation,distillate,0.0
pacific,lodging,cooking,distillate,0.0
pacific,lodging,lighting,distillate,0.0
pacific,lodging,refrigeration,distillate,0.0
pacific,lodging,data_center_servers,distillate,0.0
pacific,lodging,computers_office_equipment,distillate,0.0
pacific,lodging,other_uses,distillate,0.196
pacific,large_office,heating,electricity,0.592
pacific,large_office,cooling,electricity,2.916
pacific,large_office,water_heating,electricity,0.312
pacific,large_office,ventilation,electricity,13.977
pacific,large_office,cooking,electricity,0.173
pacific,large_office,lighting,electricity,7.739
pacific,large_office,refrigeration,electricity,0.932
pacific,large_office,data_center_servers,electricity,1.367
pacific,large_office,computers_office_equipment,electricity,6.401
pacific,large_office,other_uses,electricity,0.312
pacific,large_office,heating,natural_gas,11.689
pacific,large_office,cooling,natural_gas,0.0
pacific,large_office,water_heating,natural_gas,1.105
pacific,large_office,ventilation,natural_gas,0.0
pacific,large_office,cooking,natural_gas,1.162
pacific,large_office,lighting,natural_gas,0.0
pacific,large_office,refrigeration,natural_gas,0.0
pacific,large_office,data_center_servers,natural_gas,0.0
pacific,large_office,computers_office_equipment,natural_gas,0.0
pacific,large_office,other_uses,natural_gas,1.08
pacific,large_office,heating,distillate,0.0
pacific,large_office,cooling,distillate,0.0
pacific,large_office,water_heating,distillate,0.0
pacific,large_office,ventilation,distillate,0.0
pacific,large_office,cooking,distillate,0.0
pacific,large_office,lighting,distillate,0.0
pacific,large_office,refrigeration,distillate,0.0
pacific,large_office,data_center_servers,distillate,0.0
pacific,large_office,computers_office_equipment,distillate,0.0
pacific,large_office,other_uses,distillate,0.083
pacific,small_office,heating,electricity,1.556
pacific,small_office,cooling,electricity,5.204
pacific,small_office,water_heating,electricity,0.353
pacific,small_office,ventilation,electricity,11.769
pacific,small_office,cooking,electricity,0.146
pacific,small_office,lighting,electricity,7.268
pacific,small_office,refrigeration,electricity,1.472
pacific,small_office,data_center_servers,electricity,0.545
pacific,small_office,computers_office_equipment,electricity,6.4
pacific,small_office,other_uses,electricity,0.353
pacific,small_office,heating,natural_gas,13.006
pacific,small_office,cooling,natural_gas,0.0
pacific,small_office,water_heating,natural_gas,2.274
pacific,small_office,ventilation,natural_gas,0.0
pacific,small_office,cooking,natural_gas,0.078
pacific,small_office,lighting,natural_gas,0.0
pacific,small_office,refrigeration,natural_gas,0.0
pacific,small_office,data_center_servers,natural_gas,0.0
pacific,small_office,computers_office_equipment,natural_gas,0.0
pacific,small_office,other_uses,natural_gas,0.062
pacific,small_office,heating,distillate,0.024
pacific,small_office,cooling,distillate,0.0
pacific,small_office,water_heating,distillate,0.0
pacific,small_office,ventilation,distillate,0.0
pacific,small_office,cooking,distillate,0.0
pacific,small_office,lighting,distillate,0.0
pacific,small_office,refrigeration,distillate,0.0
pacific,small_office,data_center_servers,distillate,0.0
pacific,small_office,computers_office_equipment,distillate,0.0
pacific,small_office,other_uses,distillate,0.019
pacific,mercantile_service,heating,electricity,2.196
pacific,mercantile_service,cooling,electricity,3.948
pacific,mercantile_service,water_heating,electricity,1.867
pacific,mercantile_service,ventilation,electricity,7.845
pacific,mercantile_service,cooking,electricity,0.501
pacific,mercantile_service,lighting,electricity,12.065
pacific,mercantile_service,refrigeration,electricity,7.67
pacific,mercantile_service,data_center_servers,electricity,0.071
pacific,mercantile_service,computers_office_equipment,electricity,2.429
pacific,mercantile_service,other_uses,electricity,1.867
pacific,mercantile_service,heating,natural_gas,9.698
pacific,mercantile_service,cooling,natural_gas,0.0
pacific,mercantile_service,water_heating,natural_gas,3.725
pacific,mercantile_service,ventilation,natural_gas,0.0
pacific,mercantile_service,cooking,natural_gas,11.432
pacific,mercantile_service,lighting,natural_gas,0.0
pacific,mercantile_service,refrigeration,natural_gas,0.0
pacific,mercantile_service,data_center_servers,natural_gas,0.0
pacific,mercantile_service,computers_office_equipment,natural_gas,0.0
pacific,mercantile_service,other_uses,natural_gas,1.207
pacific,mercantile_service,heating,distillate,0.763
pacific,mercantile_service,cooling,distillate,0.0
pacific,mercantile_service,water_heating,distillate,0.008
pacific,mercantile_service,ventilation,distillate,0.0
pacific,mercantile_service,cooking,distillate,0.0
pacific,mercantile_service,lighting,distillate,0.0
pacific,mercantile_service,refrigeration,distillate,0.0
pacific,mercantile_service,data_center_servers,distillate,0.0
pacific,mercantile_service,computers_office_equipment,distillate,0.0
pacific,mercantile_service,other_uses,distillate,0.006
pacific,warehouse,heating,electricity,0.821
pacific,warehouse,cooling,electricity,2.138
pacific,warehouse,water_heating,electricity,0.14
pacific,warehouse,ventilation,electricity,0.924
pacific,warehouse,cooking,electricity,0.006
pacific,warehouse,lighting,electricity,4.431
pacific,warehouse,refrigeration,electricity,2.776
pacific,warehouse,data_center_servers,electricity,0.056
pacific,warehouse,computers_office_equipment,electricity,0.689
pacific,warehouse,other_uses,electricity,0.14
pacific,warehouse,heating,natural_gas,2.071
pacific,warehouse,cooling,natural_gas,0.0
pacific,warehouse,water_heating,natural_gas,0.363
pacific,warehouse,ventilation,natural_gas,0.0
pacific,warehouse,cooking,natural_gas,0.002
pacific,warehouse,lighting,natural_gas,0.0
pacific,warehouse,refrigeration,natural_gas,0.0
pacific,warehouse,data_center_servers,natural_gas,0.0
pacific,warehouse,computers_office_equipment,natural_gas,0.0
pacific,warehouse,other_uses,natural_gas,0.088
pacific,warehouse,heating,distillate,0.0
pacific,warehouse,cooling,distillate,0.0
pacific,warehouse,water_heating,distillate,0.0
pacific,warehouse,ventilation,distillate,0.0
pacific,warehouse,cooking,distillate,0.0
pacific,warehouse,lighting,distillate,0.0
pacific,warehouse,refrigeration,distillate,0.0
pacific,warehouse,data_center_servers,distillate,0.0
pacific,warehouse,computers_office_equipment,distillate,0.0
pacific,warehouse,other_uses,distillate,0.025
pacific,other,heating,electricity,0.296
pacific,other,cooling,electricity,16.447
pacific,other,water_heating,electricity,0.581
pacific,other,ventilation,electricity,3.179
pacific,other,cooking,electricity,0.243
pacific,other,lighting,electricity,10.205
pacific,other,refrigeration,electricity,1.142
pacific,other,data_center_servers,electricity,8.207
pacific,other,computers_office_equipment,electricity,5.534
pacific,other,other_uses,electricity,0.581
pacific,other,heating,natural_gas,16.447
pacific,other,cooling,natural_gas,0.0
pacific,other,water_heating,natural_gas,4.497
pacific,other,ventilation,natural_gas,0.0
pacific,other,cooking,natural_gas,0.384
pacific,other,lighting,natural_gas,0.0
pacific,other,refrigeration,natural_gas,0.0
pacific,other,data_center_servers,natural_gas,0.0
pacific,other,computers_office_equipment,natural_gas,0.0
pacific,other,other_uses,natural_gas,0.027
pacific,other,heating,distillate,0.791
pacific,other,cooling,distillate,0.0
pacific,other,water_heating,distillate,0.0
pacific,other,ventilation,distillate,0.0
pacific,other,cooking,distillate,0.0
pacific,other,lighting,distillate,0.0
pacific,other,refrigeration,distillate,0.0
pacific,other,data_center_servers,distillate,0.0
pacific,other,computers_office_equipment,distillate,0.0
pacific,other,other_uses,distillate,0.188
