region,tech,step,year,available_capacity_mw,notes
15,1,1,2023,3840,
15,1,2,2023,3840,
15,1,3,2023,3840,
16,1,1,2023,5060,
16,1,2,2023,5060,
16,1,3,2023,5060,
20,1,1,2023,980,
20,1,2,2023,980,
20,1,3,2023,980,
6,1,1,2023,2390,
6,1,2,2023,2390,
6,1,3,2023,2390,
17,1,1,2023,3470,
17,1,2,2023,3470,
17,1,3,2023,3470,
21,1,1,2023,0,
21,1,2,2023,0,
21,1,3,2023,0,
23,1,1,2023,770,
23,1,2,2023,770,
23,1,3,2023,770,
22,1,1,2023,20,
22,1,2,2023,20,
22,1,3,2023,20,
24,1,1,2023,2960,
24,1,2,2023,2960,
24,1,3,2023,2960,
7,1,1,2023,150,
7,1,2,2023,150,
7,1,3,2023,150,
10,1,1,2023,1540,
10,1,2,2023,1540,
10,1,3,2023,1540,
13,1,1,2023,310,
13,1,2,2023,310,
13,1,3,2023,310,
2,1,1,2023,1330,
2,1,2,2023,1330,
2,1,3,2023,1330,
25,1,1,2023,2620,
25,1,2,2023,2620,
25,1,3,2023,2620,
4,1,1,2023,8880,
4,1,2,2023,8880,
4,1,3,2023,8880,
12,1,1,2023,0,
12,1,2,2023,0,
12,1,3,2023,0,
3,1,1,2023,4880,
3,1,2,2023,4880,
3,1,3,2023,4880,
18,1,1,2023,2380,
18,1,2,2023,2380,
18,1,3,2023,2380,
11,1,1,2023,6990,
11,1,2,2023,6990,
11,1,3,2023,6990,
5,1,1,2023,1930,
5,1,2,2023,1930,
5,1,3,2023,1930,
19,1,1,2023,1440,
19,1,2,2023,1440,
19,1,3,2023,1440,
9,1,1,2023,0,
9,1,2,2023,0,
9,1,3,2023,0,
8,1,1,2023,0,
8,1,2,2023,0,
8,1,3,2023,0,
14,1,1,2023,3100,
14,1,2,2023,3100,
14,1,3,2023,3100,
1,1,1,2023,3050,
1,1,2,2023,3050,
1,1,3,2023,3050,
15,1,1,2024,3840,
15,1,2,2024,3840,
15,1,3,2024,3840,
16,1,1,2024,4960,
16,1,2,2024,4960,
16,1,3,2024,4960,
20,1,1,2024,980,
20,1,2,2024,980,
20,1,3,2024,980,
6,1,1,2024,2390,
6,1,2,2024,2390,
6,1,3,2024,2390,
17,1,1,2024,3470,
17,1,2,2024,3470,
17,1,3,2024,3470,
21,1,1,2024,0,
21,1,2,2024,0,
21,1,3,2024,0,
23,1,1,2024,770,
23,1,2,2024,770,
23,1,3,2024,770,
22,1,1,2024,20,
22,1,2,2024,20,
22,1,3,2024,20,
24,1,1,2024,2960,
24,1,2,2024,2960,
24,1,3,2024,2960,
7,1,1,2024,150,
7,1,2,2024,150,
7,1,3,2024,150,
10,1,1,2024,1540,
10,1,2,2024,1540,
10,1,3,2024,1540,
13,1,1,2024,310,
13,1,2,2024,310,
13,1,3,2024,310,
2,1,1,2024,1330,
2,1,2,2024,1330,
2,1,3,2024,1330,
25,1,1,2024,2620,
25,1,2,2024,2620,
25,1,3,2024,2620,
4,1,1,2024,8880,
4,1,2,2024,8880,
4,1,3,2024,8880,
12,1,1,2024,0,
12,1,2,2024,0,
12,1,3,2024,0,
3,1,1,2024,4880,
3,1,2,2024,4880,
3,1,3,2024,4880,
18,1,1,2024,2380,
18,1,2,2024,2380,
18,1,3,2024,2380,
11,1,1,2024,6930,
11,1,2,2024,6930,
11,1,3,2024,6930,
5,1,1,2024,1930,
5,1,2,2024,1930,
5,1,3,2024,1930,
19,1,1,2024,1440,
19,1,2,2024,1440,
19,1,3,2024,1440,
9,1,1,2024,0,
9,1,2,2024,0,
9,1,3,2024,0,
8,1,1,2024,0,
8,1,2,2024,0,
8,1,3,2024,0,
14,1,1,2024,2970,
14,1,2,2024,2970,
14,1,3,2024,2970,
1,1,1,2024,3050,
1,1,2,2024,3050,
1,1,3,2024,3050,
15,1,1,2025,3840,
15,1,2,2025,3840,
15,1,3,2025,3840,
16,1,1,2025,4960,
16,1,2,2025,4960,
16,1,3,2025,4960,
20,1,1,2025,980,
20,1,2,2025,980,
20,1,3,2025,980,
6,1,1,2025,2390,
6,1,2,2025,2390,
6,1,3,2025,2390,
17,1,1,2025,3470,
17,1,2,2025,3470,
17,1,3,2025,3470,
21,1,1,2025,0,
21,1,2,2025,0,
21,1,3,2025,0,
23,1,1,2025,540,
23,1,2,2025,540,
23,1,3,2025,540,
22,1,1,2025,20,
22,1,2,2025,20,
22,1,3,2025,20,
24,1,1,2025,2700,
24,1,2,2025,2700,
24,1,3,2025,2700,
7,1,1,2025,150,
7,1,2,2025,150,
7,1,3,2025,150,
10,1,1,2025,1110,
10,1,2,2025,1110,
10,1,3,2025,1110,
13,1,1,2025,310,
13,1,2,2025,310,
13,1,3,2025,310,
2,1,1,2025,1180,
2,1,2,2025,1180,
2,1,3,2025,1180,
25,1,1,2025,1730,
25,1,2,2025,1730,
25,1,3,2025,1730,
4,1,1,2025,7830,
4,1,2,2025,7830,
4,1,3,2025,7830,
12,1,1,2025,0,
12,1,2,2025,0,
12,1,3,2025,0,
3,1,1,2025,4520,
3,1,2,2025,4520,
3,1,3,2025,4520,
18,1,1,2025,2380,
18,1,2,2025,2380,
18,1,3,2025,2380,
11,1,1,2025,6930,
11,1,2,2025,6930,
11,1,3,2025,6930,
5,1,1,2025,1450,
5,1,2,2025,1450,
5,1,3,2025,1450,
19,1,1,2025,1440,
19,1,2,2025,1440,
19,1,3,2025,1440,
9,1,1,2025,0,
9,1,2,2025,0,
9,1,3,2025,0,
8,1,1,2025,0,
8,1,2,2025,0,
8,1,3,2025,0,
14,1,1,2025,2970,
14,1,2,2025,2970,
14,1,3,2025,2970,
1,1,1,2025,3050,
1,1,2,2025,3050,
1,1,3,2025,3050,
15,1,1,2026,3840,
15,1,2,2026,3840,
15,1,3,2026,3840,
16,1,1,2026,4370,
16,1,2,2026,4370,
16,1,3,2026,4370,
20,1,1,2026,980,
20,1,2,2026,980,
20,1,3,2026,980,
6,1,1,2026,2390,
6,1,2,2026,2390,
6,1,3,2026,2390,
17,1,1,2026,3300,
17,1,2,2026,3300,
17,1,3,2026,3300,
21,1,1,2026,0,
21,1,2,2026,0,
21,1,3,2026,0,
23,1,1,2026,540,
23,1,2,2026,540,
23,1,3,2026,540,
22,1,1,2026,20,
22,1,2,2026,20,
22,1,3,2026,20,
24,1,1,2026,2700,
24,1,2,2026,2700,
24,1,3,2026,2700,
7,1,1,2026,150,
7,1,2,2026,150,
7,1,3,2026,150,
10,1,1,2026,980,
10,1,2,2026,980,
10,1,3,2026,980,
13,1,1,2026,310,
13,1,2,2026,310,
13,1,3,2026,310,
2,1,1,2026,1180,
2,1,2,2026,1180,
2,1,3,2026,1180,
25,1,1,2026,1730,
25,1,2,2026,1730,
25,1,3,2026,1730,
4,1,1,2026,7830,
4,1,2,2026,7830,
4,1,3,2026,7830,
12,1,1,2026,0,
12,1,2,2026,0,
12,1,3,2026,0,
3,1,1,2026,4150,
3,1,2,2026,4150,
3,1,3,2026,4150,
18,1,1,2026,2380,
18,1,2,2026,2380,
18,1,3,2026,2380,
11,1,1,2026,6930,
11,1,2,2026,6930,
11,1,3,2026,6930,
5,1,1,2026,1450,
5,1,2,2026,1450,
5,1,3,2026,1450,
19,1,1,2026,1440,
19,1,2,2026,1440,
19,1,3,2026,1440,
9,1,1,2026,0,
9,1,2,2026,0,
9,1,3,2026,0,
8,1,1,2026,0,
8,1,2,2026,0,
8,1,3,2026,0,
14,1,1,2026,2970,
14,1,2,2026,2970,
14,1,3,2026,2970,
1,1,1,2026,3050,
1,1,2,2026,3050,
1,1,3,2026,3050,
15,1,1,2027,3500,
15,1,2,2027,3500,
15,1,3,2027,3500,
16,1,1,2027,3980,
16,1,2,2027,3980,
16,1,3,2027,3980,
20,1,1,2027,850,
20,1,2,2027,850,
20,1,3,2027,850,
6,1,1,2027,2390,
6,1,2,2027,2390,
6,1,3,2027,2390,
17,1,1,2027,3300,
17,1,2,2027,3300,
17,1,3,2027,3300,
21,1,1,2027,0,
21,1,2,2027,0,
21,1,3,2027,0,
23,1,1,2027,540,
23,1,2,2027,540,
23,1,3,2027,540,
22,1,1,2027,20,
22,1,2,2027,20,
22,1,3,2027,20,
24,1,1,2027,2370,
24,1,2,2027,2370,
24,1,3,2027,2370,
7,1,1,2027,150,
7,1,2,2027,150,
7,1,3,2027,150,
10,1,1,2027,980,
10,1,2,2027,980,
10,1,3,2027,980,
13,1,1,2027,310,
13,1,2,2027,310,
13,1,3,2027,310,
2,1,1,2027,1180,
2,1,2,2027,1180,
2,1,3,2027,1180,
25,1,1,2027,1730,
25,1,2,2027,1730,
25,1,3,2027,1730,
4,1,1,2027,7260,
4,1,2,2027,7260,
4,1,3,2027,7260,
12,1,1,2027,0,
12,1,2,2027,0,
12,1,3,2027,0,
3,1,1,2027,4150,
3,1,2,2027,4150,
3,1,3,2027,4150,
18,1,1,2027,2380,
18,1,2,2027,2380,
18,1,3,2027,2380,
11,1,1,2027,6590,
11,1,2,2027,6590,
11,1,3,2027,6590,
5,1,1,2027,1450,
5,1,2,2027,1450,
5,1,3,2027,1450,
19,1,1,2027,1440,
19,1,2,2027,1440,
19,1,3,2027,1440,
9,1,1,2027,0,
9,1,2,2027,0,
9,1,3,2027,0,
8,1,1,2027,0,
8,1,2,2027,0,
8,1,3,2027,0,
14,1,1,2027,2970,
14,1,2,2027,2970,
14,1,3,2027,2970,
1,1,1,2027,2830,
1,1,2,2027,2830,
1,1,3,2027,2830,
15,1,1,2028,3500,
15,1,2,2028,3500,
15,1,3,2028,3500,
16,1,1,2028,3570,
16,1,2,2028,3570,
16,1,3,2028,3570,
20,1,1,2028,850,
20,1,2,2028,850,
20,1,3,2028,850,
6,1,1,2028,2390,
6,1,2,2028,2390,
6,1,3,2028,2390,
17,1,1,2028,2620,
17,1,2,2028,2620,
17,1,3,2028,2620,
21,1,1,2028,0,
21,1,2,2028,0,
21,1,3,2028,0,
23,1,1,2028,540,
23,1,2,2028,540,
23,1,3,2028,540,
22,1,1,2028,20,
22,1,2,2028,20,
22,1,3,2028,20,
24,1,1,2028,2170,
24,1,2,2028,2170,
24,1,3,2028,2170,
7,1,1,2028,150,
7,1,2,2028,150,
7,1,3,2028,150,
10,1,1,2028,980,
10,1,2,2028,980,
10,1,3,2028,980,
13,1,1,2028,310,
13,1,2,2028,310,
13,1,3,2028,310,
2,1,1,2028,1180,
2,1,2,2028,1180,
2,1,3,2028,1180,
25,1,1,2028,1730,
25,1,2,2028,1730,
25,1,3,2028,1730,
4,1,1,2028,5920,
4,1,2,2028,5920,
4,1,3,2028,5920,
12,1,1,2028,0,
12,1,2,2028,0,
12,1,3,2028,0,
3,1,1,2028,3980,
3,1,2,2028,3980,
3,1,3,2028,3980,
18,1,1,2028,2380,
18,1,2,2028,2380,
18,1,3,2028,2380,
11,1,1,2028,6380,
11,1,2,2028,6380,
11,1,3,2028,6380,
5,1,1,2028,510,
5,1,2,2028,510,
5,1,3,2028,510,
19,1,1,2028,1440,
19,1,2,2028,1440,
19,1,3,2028,1440,
9,1,1,2028,0,
9,1,2,2028,0,
9,1,3,2028,0,
8,1,1,2028,0,
8,1,2,2028,0,
8,1,3,2028,0,
14,1,1,2028,2970,
14,1,2,2028,2970,
14,1,3,2028,2970,
1,1,1,2028,2640,
1,1,2,2028,2640,
1,1,3,2028,2640,
15,1,1,2029,3500,
15,1,2,2029,3500,
15,1,3,2029,3500,
16,1,1,2029,3570,
16,1,2,2029,3570,
16,1,3,2029,3570,
20,1,1,2029,850,
20,1,2,2029,850,
20,1,3,2029,850,
6,1,1,2029,2390,
6,1,2,2029,2390,
6,1,3,2029,2390,
17,1,1,2029,2620,
17,1,2,2029,2620,
17,1,3,2029,2620,
21,1,1,2029,0,
21,1,2,2029,0,
21,1,3,2029,0,
23,1,1,2029,540,
23,1,2,2029,540,
23,1,3,2029,540,
22,1,1,2029,20,
22,1,2,2029,20,
22,1,3,2029,20,
24,1,1,2029,1860,
24,1,2,2029,1860,
24,1,3,2029,1860,
7,1,1,2029,150,
7,1,2,2029,150,
7,1,3,2029,150,
10,1,1,2029,980,
10,1,2,2029,980,
10,1,3,2029,980,
13,1,1,2029,310,
13,1,2,2029,310,
13,1,3,2029,310,
2,1,1,2029,1180,
2,1,2,2029,1180,
2,1,3,2029,1180,
25,1,1,2029,1730,
25,1,2,2029,1730,
25,1,3,2029,1730,
4,1,1,2029,5920,
4,1,2,2029,5920,
4,1,3,2029,5920,
12,1,1,2029,0,
12,1,2,2029,0,
12,1,3,2029,0,
3,1,1,2029,3980,
3,1,2,2029,3980,
3,1,3,2029,3980,
18,1,1,2029,2380,
18,1,2,2029,2380,
18,1,3,2029,2380,
11,1,1,2029,6380,
11,1,2,2029,6380,
11,1,3,2029,6380,
5,1,1,2029,510,
5,1,2,2029,510,
5,1,3,2029,510,
19,1,1,2029,1440,
19,1,2,2029,1440,
19,1,3,2029,1440,
9,1,1,2029,0,
9,1,2,2029,0,
9,1,3,2029,0,
8,1,1,2029,0,
8,1,2,2029,0,
8,1,3,2029,0,
14,1,1,2029,2970,
14,1,2,2029,2970,
14,1,3,2029,2970,
1,1,1,2029,2080,
1,1,2,2029,2080,
1,1,3,2029,2080,
15,1,1,2030,3500,
15,1,2,2030,3500,
15,1,3,2030,3500,
16,1,1,2030,3570,
16,1,2,2030,3570,
16,1,3,2030,3570,
20,1,1,2030,850,
20,1,2,2030,850,
20,1,3,2030,850,
6,1,1,2030,2390,
6,1,2,2030,2390,
6,1,3,2030,2390,
17,1,1,2030,2620,
17,1,2,2030,2620,
17,1,3,2030,2620,
21,1,1,2030,0,
21,1,2,2030,0,
21,1,3,2030,0,
23,1,1,2030,540,
23,1,2,2030,540,
23,1,3,2030,540,
22,1,1,2030,20,
22,1,2,2030,20,
22,1,3,2030,20,
24,1,1,2030,1860,
24,1,2,2030,1860,
24,1,3,2030,1860,
7,1,1,2030,150,
7,1,2,2030,150,
7,1,3,2030,150,
10,1,1,2030,980,
10,1,2,2030,980,
10,1,3,2030,980,
13,1,1,2030,310,
13,1,2,2030,310,
13,1,3,2030,310,
2,1,1,2030,1180,
2,1,2,2030,1180,
2,1,3,2030,1180,
25,1,1,2030,1730,
25,1,2,2030,1730,
25,1,3,2030,1730,
4,1,1,2030,5920,
4,1,2,2030,5920,
4,1,3,2030,5920,
12,1,1,2030,0,
12,1,2,2030,0,
12,1,3,2030,0,
3,1,1,2030,3980,
3,1,2,2030,3980,
3,1,3,2030,3980,
18,1,1,2030,2380,
18,1,2,2030,2380,
18,1,3,2030,2380,
11,1,1,2030,6380,
11,1,2,2030,6380,
11,1,3,2030,6380,
5,1,1,2030,510,
5,1,2,2030,510,
5,1,3,2030,510,
19,1,1,2030,1440,
19,1,2,2030,1440,
19,1,3,2030,1440,
9,1,1,2030,0,
9,1,2,2030,0,
9,1,3,2030,0,
8,1,1,2030,0,
8,1,2,2030,0,
8,1,3,2030,0,
14,1,1,2030,2600,
14,1,2,2030,2600,
14,1,3,2030,2600,
1,1,1,2030,2080,
1,1,2,2030,2080,
1,1,3,2030,2080,
15,1,1,2031,3500,
15,1,2,2031,3500,
15,1,3,2031,3500,
16,1,1,2031,3240,
16,1,2,2031,3240,
16,1,3,2031,3240,
20,1,1,2031,850,
20,1,2,2031,850,
20,1,3,2031,850,
6,1,1,2031,2390,
6,1,2,2031,2390,
6,1,3,2031,2390,
17,1,1,2031,2620,
17,1,2,2031,2620,
17,1,3,2031,2620,
21,1,1,2031,0,
21,1,2,2031,0,
21,1,3,2031,0,
23,1,1,2031,540,
23,1,2,2031,540,
23,1,3,2031,540,
22,1,1,2031,20,
22,1,2,2031,20,
22,1,3,2031,20,
24,1,1,2031,1340,
24,1,2,2031,1340,
24,1,3,2031,1340,
7,1,1,2031,150,
7,1,2,2031,150,
7,1,3,2031,150,
10,1,1,2031,980,
10,1,2,2031,980,
10,1,3,2031,980,
13,1,1,2031,310,
13,1,2,2031,310,
13,1,3,2031,310,
2,1,1,2031,1180,
2,1,2,2031,1180,
2,1,3,2031,1180,
25,1,1,2031,1730,
25,1,2,2031,1730,
25,1,3,2031,1730,
4,1,1,2031,5920,
4,1,2,2031,5920,
4,1,3,2031,5920,
12,1,1,2031,0,
12,1,2,2031,0,
12,1,3,2031,0,
3,1,1,2031,3980,
3,1,2,2031,3980,
3,1,3,2031,3980,
18,1,1,2031,2380,
18,1,2,2031,2380,
18,1,3,2031,2380,
11,1,1,2031,6380,
11,1,2,2031,6380,
11,1,3,2031,6380,
5,1,1,2031,510,
5,1,2,2031,510,
5,1,3,2031,510,
19,1,1,2031,1440,
19,1,2,2031,1440,
19,1,3,2031,1440,
9,1,1,2031,0,
9,1,2,2031,0,
9,1,3,2031,0,
8,1,1,2031,0,
8,1,2,2031,0,
8,1,3,2031,0,
14,1,1,2031,2600,
14,1,2,2031,2600,
14,1,3,2031,2600,
1,1,1,2031,2080,
1,1,2,2031,2080,
1,1,3,2031,2080,
15,1,1,2032,3500,
15,1,2,2032,3500,
15,1,3,2032,3500,
16,1,1,2032,3240,
16,1,2,2032,3240,
16,1,3,2032,3240,
20,1,1,2032,460,
20,1,2,2032,460,
20,1,3,2032,460,
6,1,1,2032,2390,
6,1,2,2032,2390,
6,1,3,2032,2390,
17,1,1,2032,2620,
17,1,2,2032,2620,
17,1,3,2032,2620,
21,1,1,2032,0,
21,1,2,2032,0,
21,1,3,2032,0,
23,1,1,2032,540,
23,1,2,2032,540,
23,1,3,2032,540,
22,1,1,2032,20,
22,1,2,2032,20,
22,1,3,2032,20,
24,1,1,2032,1340,
24,1,2,2032,1340,
24,1,3,2032,1340,
7,1,1,2032,150,
7,1,2,2032,150,
7,1,3,2032,150,
10,1,1,2032,980,
10,1,2,2032,980,
10,1,3,2032,980,
13,1,1,2032,310,
13,1,2,2032,310,
13,1,3,2032,310,
2,1,1,2032,1180,
2,1,2,2032,1180,
2,1,3,2032,1180,
25,1,1,2032,1730,
25,1,2,2032,1730,
25,1,3,2032,1730,
4,1,1,2032,5920,
4,1,2,2032,5920,
4,1,3,2032,5920,
12,1,1,2032,0,
12,1,2,2032,0,
12,1,3,2032,0,
3,1,1,2032,3980,
3,1,2,2032,3980,
3,1,3,2032,3980,
18,1,1,2032,2380,
18,1,2,2032,2380,
18,1,3,2032,2380,
11,1,1,2032,6380,
11,1,2,2032,6380,
11,1,3,2032,6380,
5,1,1,2032,0,
5,1,2,2032,0,
5,1,3,2032,0,
19,1,1,2032,1440,
19,1,2,2032,1440,
19,1,3,2032,1440,
9,1,1,2032,0,
9,1,2,2032,0,
9,1,3,2032,0,
8,1,1,2032,0,
8,1,2,2032,0,
8,1,3,2032,0,
14,1,1,2032,2600,
14,1,2,2032,2600,
14,1,3,2032,2600,
1,1,1,2032,2080,
1,1,2,2032,2080,
1,1,3,2032,2080,
15,1,1,2033,3500,
15,1,2,2033,3500,
15,1,3,2033,3500,
16,1,1,2033,2880,
16,1,2,2033,2880,
16,1,3,2033,2880,
20,1,1,2033,460,
20,1,2,2033,460,
20,1,3,2033,460,
6,1,1,2033,2390,
6,1,2,2033,2390,
6,1,3,2033,2390,
17,1,1,2033,2620,
17,1,2,2033,2620,
17,1,3,2033,2620,
21,1,1,2033,0,
21,1,2,2033,0,
21,1,3,2033,0,
23,1,1,2033,540,
23,1,2,2033,540,
23,1,3,2033,540,
22,1,1,2033,20,
22,1,2,2033,20,
22,1,3,2033,20,
24,1,1,2033,1340,
24,1,2,2033,1340,
24,1,3,2033,1340,
7,1,1,2033,150,
7,1,2,2033,150,
7,1,3,2033,150,
10,1,1,2033,980,
10,1,2,2033,980,
10,1,3,2033,980,
13,1,1,2033,310,
13,1,2,2033,310,
13,1,3,2033,310,
2,1,1,2033,1180,
2,1,2,2033,1180,
2,1,3,2033,1180,
25,1,1,2033,1730,
25,1,2,2033,1730,
25,1,3,2033,1730,
4,1,1,2033,5920,
4,1,2,2033,5920,
4,1,3,2033,5920,
12,1,1,2033,0,
12,1,2,2033,0,
12,1,3,2033,0,
3,1,1,2033,3980,
3,1,2,2033,3980,
3,1,3,2033,3980,
18,1,1,2033,2380,
18,1,2,2033,2380,
18,1,3,2033,2380,
11,1,1,2033,6380,
11,1,2,2033,6380,
11,1,3,2033,6380,
5,1,1,2033,0,
5,1,2,2033,0,
5,1,3,2033,0,
19,1,1,2033,1440,
19,1,2,2033,1440,
19,1,3,2033,1440,
9,1,1,2033,0,
9,1,2,2033,0,
9,1,3,2033,0,
8,1,1,2033,0,
8,1,2,2033,0,
8,1,3,2033,0,
14,1,1,2033,2600,
14,1,2,2033,2600,
14,1,3,2033,2600,
1,1,1,2033,2080,
1,1,2,2033,2080,
1,1,3,2033,2080,
15,1,1,2034,3500,
15,1,2,2034,3500,
15,1,3,2034,3500,
16,1,1,2034,2880,
16,1,2,2034,2880,
16,1,3,2034,2880,
20,1,1,2034,460,
20,1,2,2034,460,
20,1,3,2034,460,
6,1,1,2034,2390,
6,1,2,2034,2390,
6,1,3,2034,2390,
17,1,1,2034,2620,
17,1,2,2034,2620,
17,1,3,2034,2620,
21,1,1,2034,0,
21,1,2,2034,0,
21,1,3,2034,0,
23,1,1,2034,540,
23,1,2,2034,540,
23,1,3,2034,540,
22,1,1,2034,20,
22,1,2,2034,20,
22,1,3,2034,20,
24,1,1,2034,1340,
24,1,2,2034,1340,
24,1,3,2034,1340,
7,1,1,2034,150,
7,1,2,2034,150,
7,1,3,2034,150,
10,1,1,2034,980,
10,1,2,2034,980,
10,1,3,2034,980,
13,1,1,2034,310,
13,1,2,2034,310,
13,1,3,2034,310,
2,1,1,2034,1180,
2,1,2,2034,1180,
2,1,3,2034,1180,
25,1,1,2034,1730,
25,1,2,2034,1730,
25,1,3,2034,1730,
4,1,1,2034,5920,
4,1,2,2034,5920,
4,1,3,2034,5920,
12,1,1,2034,0,
12,1,2,2034,0,
12,1,3,2034,0,
3,1,1,2034,3680,
3,1,2,2034,3680,
3,1,3,2034,3680,
18,1,1,2034,2380,
18,1,2,2034,2380,
18,1,3,2034,2380,
11,1,1,2034,6380,
11,1,2,2034,6380,
11,1,3,2034,6380,
5,1,1,2034,0,
5,1,2,2034,0,
5,1,3,2034,0,
19,1,1,2034,1440,
19,1,2,2034,1440,
19,1,3,2034,1440,
9,1,1,2034,0,
9,1,2,2034,0,
9,1,3,2034,0,
8,1,1,2034,0,
8,1,2,2034,0,
8,1,3,2034,0,
14,1,1,2034,2470,
14,1,2,2034,2470,
14,1,3,2034,2470,
1,1,1,2034,2080,
1,1,2,2034,2080,
1,1,3,2034,2080,
15,1,1,2035,3500,
15,1,2,2035,3500,
15,1,3,2035,3500,
16,1,1,2035,2880,
16,1,2,2035,2880,
16,1,3,2035,2880,
20,1,1,2035,460,
20,1,2,2035,460,
20,1,3,2035,460,
6,1,1,2035,2390,
6,1,2,2035,2390,
6,1,3,2035,2390,
17,1,1,2035,2620,
17,1,2,2035,2620,
17,1,3,2035,2620,
21,1,1,2035,0,
21,1,2,2035,0,
21,1,3,2035,0,
23,1,1,2035,540,
23,1,2,2035,540,
23,1,3,2035,540,
22,1,1,2035,20,
22,1,2,2035,20,
22,1,3,2035,20,
24,1,1,2035,1340,
24,1,2,2035,1340,
24,1,3,2035,1340,
7,1,1,2035,150,
7,1,2,2035,150,
7,1,3,2035,150,
10,1,1,2035,980,
10,1,2,2035,980,
10,1,3,2035,980,
13,1,1,2035,310,
13,1,2,2035,310,
13,1,3,2035,310,
2,1,1,2035,1180,
2,1,2,2035,1180,
2,1,3,2035,1180,
25,1,1,2035,1730,
25,1,2,2035,1730,
25,1,3,2035,1730,
4,1,1,2035,5920,
4,1,2,2035,5920,
4,1,3,2035,5920,
12,1,1,2035,0,
12,1,2,2035,0,
12,1,3,2035,0,
3,1,1,2035,3680,
3,1,2,2035,3680,
3,1,3,2035,3680,
18,1,1,2035,2380,
18,1,2,2035,2380,
18,1,3,2035,2380,
11,1,1,2035,6380,
11,1,2,2035,6380,
11,1,3,2035,6380,
5,1,1,2035,0,
5,1,2,2035,0,
5,1,3,2035,0,
19,1,1,2035,1440,
19,1,2,2035,1440,
19,1,3,2035,1440,
9,1,1,2035,0,
9,1,2,2035,0,
9,1,3,2035,0,
8,1,1,2035,0,
8,1,2,2035,0,
8,1,3,2035,0,
14,1,1,2035,2470,
14,1,2,2035,2470,
14,1,3,2035,2470,
1,1,1,2035,2080,
1,1,2,2035,2080,
1,1,3,2035,2080,
15,1,1,2036,3500,
15,1,2,2036,3500,
15,1,3,2036,3500,
16,1,1,2036,2880,
16,1,2,2036,2880,
16,1,3,2036,2880,
20,1,1,2036,460,
20,1,2,2036,460,
20,1,3,2036,460,
6,1,1,2036,2390,
6,1,2,2036,2390,
6,1,3,2036,2390,
17,1,1,2036,2500,
17,1,2,2036,2500,
17,1,3,2036,2500,
21,1,1,2036,0,
21,1,2,2036,0,
21,1,3,2036,0,
23,1,1,2036,540,
23,1,2,2036,540,
23,1,3,2036,540,
22,1,1,2036,20,
22,1,2,2036,20,
22,1,3,2036,20,
24,1,1,2036,1340,
24,1,2,2036,1340,
24,1,3,2036,1340,
7,1,1,2036,150,
7,1,2,2036,150,
7,1,3,2036,150,
10,1,1,2036,980,
10,1,2,2036,980,
10,1,3,2036,980,
13,1,1,2036,310,
13,1,2,2036,310,
13,1,3,2036,310,
2,1,1,2036,1180,
2,1,2,2036,1180,
2,1,3,2036,1180,
25,1,1,2036,1420,
25,1,2,2036,1420,
25,1,3,2036,1420,
4,1,1,2036,5920,
4,1,2,2036,5920,
4,1,3,2036,5920,
12,1,1,2036,0,
12,1,2,2036,0,
12,1,3,2036,0,
3,1,1,2036,3680,
3,1,2,2036,3680,
3,1,3,2036,3680,
18,1,1,2036,2380,
18,1,2,2036,2380,
18,1,3,2036,2380,
11,1,1,2036,6380,
11,1,2,2036,6380,
11,1,3,2036,6380,
5,1,1,2036,0,
5,1,2,2036,0,
5,1,3,2036,0,
19,1,1,2036,1440,
19,1,2,2036,1440,
19,1,3,2036,1440,
9,1,1,2036,0,
9,1,2,2036,0,
9,1,3,2036,0,
8,1,1,2036,0,
8,1,2,2036,0,
8,1,3,2036,0,
14,1,1,2036,2470,
14,1,2,2036,2470,
14,1,3,2036,2470,
1,1,1,2036,2080,
1,1,2,2036,2080,
1,1,3,2036,2080,
15,1,1,2037,3500,
15,1,2,2037,3500,
15,1,3,2037,3500,
16,1,1,2037,2880,
16,1,2,2037,2880,
16,1,3,2037,2880,
20,1,1,2037,460,
20,1,2,2037,460,
20,1,3,2037,460,
6,1,1,2037,2390,
6,1,2,2037,2390,
6,1,3,2037,2390,
17,1,1,2037,2500,
17,1,2,2037,2500,
17,1,3,2037,2500,
21,1,1,2037,0,
21,1,2,2037,0,
21,1,3,2037,0,
23,1,1,2037,540,
23,1,2,2037,540,
23,1,3,2037,540,
22,1,1,2037,20,
22,1,2,2037,20,
22,1,3,2037,20,
24,1,1,2037,1340,
24,1,2,2037,1340,
24,1,3,2037,1340,
7,1,1,2037,150,
7,1,2,2037,150,
7,1,3,2037,150,
10,1,1,2037,980,
10,1,2,2037,980,
10,1,3,2037,980,
13,1,1,2037,310,
13,1,2,2037,310,
13,1,3,2037,310,
2,1,1,2037,1180,
2,1,2,2037,1180,
2,1,3,2037,1180,
25,1,1,2037,720,
25,1,2,2037,720,
25,1,3,2037,720,
4,1,1,2037,5920,
4,1,2,2037,5920,
4,1,3,2037,5920,
12,1,1,2037,0,
12,1,2,2037,0,
12,1,3,2037,0,
3,1,1,2037,3680,
3,1,2,2037,3680,
3,1,3,2037,3680,
18,1,1,2037,2380,
18,1,2,2037,2380,
18,1,3,2037,2380,
11,1,1,2037,6380,
11,1,2,2037,6380,
11,1,3,2037,6380,
5,1,1,2037,0,
5,1,2,2037,0,
5,1,3,2037,0,
19,1,1,2037,1440,
19,1,2,2037,1440,
19,1,3,2037,1440,
9,1,1,2037,0,
9,1,2,2037,0,
9,1,3,2037,0,
8,1,1,2037,0,
8,1,2,2037,0,
8,1,3,2037,0,
14,1,1,2037,2470,
14,1,2,2037,2470,
14,1,3,2037,2470,
1,1,1,2037,2080,
1,1,2,2037,2080,
1,1,3,2037,2080,
15,1,1,2038,3500,
15,1,2,2038,3500,
15,1,3,2038,3500,
16,1,1,2038,2880,
16,1,2,2038,2880,
16,1,3,2038,2880,
20,1,1,2038,460,
20,1,2,2038,460,
20,1,3,2038,460,
6,1,1,2038,2390,
6,1,2,2038,2390,
6,1,3,2038,2390,
17,1,1,2038,2390,
17,1,2,2038,2390,
17,1,3,2038,2390,
21,1,1,2038,0,
21,1,2,2038,0,
21,1,3,2038,0,
23,1,1,2038,540,
23,1,2,2038,540,
23,1,3,2038,540,
22,1,1,2038,20,
22,1,2,2038,20,
22,1,3,2038,20,
24,1,1,2038,1340,
24,1,2,2038,1340,
24,1,3,2038,1340,
7,1,1,2038,150,
7,1,2,2038,150,
7,1,3,2038,150,
10,1,1,2038,980,
10,1,2,2038,980,
10,1,3,2038,980,
13,1,1,2038,310,
13,1,2,2038,310,
13,1,3,2038,310,
2,1,1,2038,1180,
2,1,2,2038,1180,
2,1,3,2038,1180,
25,1,1,2038,720,
25,1,2,2038,720,
25,1,3,2038,720,
4,1,1,2038,5920,
4,1,2,2038,5920,
4,1,3,2038,5920,
12,1,1,2038,0,
12,1,2,2038,0,
12,1,3,2038,0,
3,1,1,2038,3680,
3,1,2,2038,3680,
3,1,3,2038,3680,
18,1,1,2038,2380,
18,1,2,2038,2380,
18,1,3,2038,2380,
11,1,1,2038,6380,
11,1,2,2038,6380,
11,1,3,2038,6380,
5,1,1,2038,0,
5,1,2,2038,0,
5,1,3,2038,0,
19,1,1,2038,1440,
19,1,2,2038,1440,
19,1,3,2038,1440,
9,1,1,2038,0,
9,1,2,2038,0,
9,1,3,2038,0,
8,1,1,2038,0,
8,1,2,2038,0,
8,1,3,2038,0,
14,1,1,2038,2470,
14,1,2,2038,2470,
14,1,3,2038,2470,
1,1,1,2038,2080,
1,1,2,2038,2080,
1,1,3,2038,2080,
15,1,1,2039,3500,
15,1,2,2039,3500,
15,1,3,2039,3500,
16,1,1,2039,2880,
16,1,2,2039,2880,
16,1,3,2039,2880,
20,1,1,2039,460,
20,1,2,2039,460,
20,1,3,2039,460,
6,1,1,2039,2390,
6,1,2,2039,2390,
6,1,3,2039,2390,
17,1,1,2039,2390,
17,1,2,2039,2390,
17,1,3,2039,2390,
21,1,1,2039,0,
21,1,2,2039,0,
21,1,3,2039,0,
23,1,1,2039,540,
23,1,2,2039,540,
23,1,3,2039,540,
22,1,1,2039,20,
22,1,2,2039,20,
22,1,3,2039,20,
24,1,1,2039,1230,
24,1,2,2039,1230,
24,1,3,2039,1230,
7,1,1,2039,150,
7,1,2,2039,150,
7,1,3,2039,150,
10,1,1,2039,980,
10,1,2,2039,980,
10,1,3,2039,980,
13,1,1,2039,310,
13,1,2,2039,310,
13,1,3,2039,310,
2,1,1,2039,1180,
2,1,2,2039,1180,
2,1,3,2039,1180,
25,1,1,2039,720,
25,1,2,2039,720,
25,1,3,2039,720,
4,1,1,2039,5920,
4,1,2,2039,5920,
4,1,3,2039,5920,
12,1,1,2039,0,
12,1,2,2039,0,
12,1,3,2039,0,
3,1,1,2039,3680,
3,1,2,2039,3680,
3,1,3,2039,3680,
18,1,1,2039,2380,
18,1,2,2039,2380,
18,1,3,2039,2380,
11,1,1,2039,6380,
11,1,2,2039,6380,
11,1,3,2039,6380,
5,1,1,2039,0,
5,1,2,2039,0,
5,1,3,2039,0,
19,1,1,2039,1440,
19,1,2,2039,1440,
19,1,3,2039,1440,
9,1,1,2039,0,
9,1,2,2039,0,
9,1,3,2039,0,
8,1,1,2039,0,
8,1,2,2039,0,
8,1,3,2039,0,
14,1,1,2039,2470,
14,1,2,2039,2470,
14,1,3,2039,2470,
1,1,1,2039,2080,
1,1,2,2039,2080,
1,1,3,2039,2080,
15,1,1,2040,3500,
15,1,2,2040,3500,
15,1,3,2040,3500,
16,1,1,2040,2880,
16,1,2,2040,2880,
16,1,3,2040,2880,
20,1,1,2040,460,
20,1,2,2040,460,
20,1,3,2040,460,
6,1,1,2040,2390,
6,1,2,2040,2390,
6,1,3,2040,2390,
17,1,1,2040,2280,
17,1,2,2040,2280,
17,1,3,2040,2280,
21,1,1,2040,0,
21,1,2,2040,0,
21,1,3,2040,0,
23,1,1,2040,540,
23,1,2,2040,540,
23,1,3,2040,540,
22,1,1,2040,20,
22,1,2,2040,20,
22,1,3,2040,20,
24,1,1,2040,1230,
24,1,2,2040,1230,
24,1,3,2040,1230,
7,1,1,2040,150,
7,1,2,2040,150,
7,1,3,2040,150,
10,1,1,2040,980,
10,1,2,2040,980,
10,1,3,2040,980,
13,1,1,2040,310,
13,1,2,2040,310,
13,1,3,2040,310,
2,1,1,2040,1180,
2,1,2,2040,1180,
2,1,3,2040,1180,
25,1,1,2040,720,
25,1,2,2040,720,
25,1,3,2040,720,
4,1,1,2040,5920,
4,1,2,2040,5920,
4,1,3,2040,5920,
12,1,1,2040,0,
12,1,2,2040,0,
12,1,3,2040,0,
3,1,1,2040,3680,
3,1,2,2040,3680,
3,1,3,2040,3680,
18,1,1,2040,2380,
18,1,2,2040,2380,
18,1,3,2040,2380,
11,1,1,2040,6380,
11,1,2,2040,6380,
11,1,3,2040,6380,
5,1,1,2040,0,
5,1,2,2040,0,
5,1,3,2040,0,
19,1,1,2040,1440,
19,1,2,2040,1440,
19,1,3,2040,1440,
9,1,1,2040,0,
9,1,2,2040,0,
9,1,3,2040,0,
8,1,1,2040,0,
8,1,2,2040,0,
8,1,3,2040,0,
14,1,1,2040,2470,
14,1,2,2040,2470,
14,1,3,2040,2470,
1,1,1,2040,2080,
1,1,2,2040,2080,
1,1,3,2040,2080,
15,1,1,2041,3500,
15,1,2,2041,3500,
15,1,3,2041,3500,
16,1,1,2041,2880,
16,1,2,2041,2880,
16,1,3,2041,2880,
20,1,1,2041,460,
20,1,2,2041,460,
20,1,3,2041,460,
6,1,1,2041,2390,
6,1,2,2041,2390,
6,1,3,2041,2390,
17,1,1,2041,2280,
17,1,2,2041,2280,
17,1,3,2041,2280,
21,1,1,2041,0,
21,1,2,2041,0,
21,1,3,2041,0,
23,1,1,2041,540,
23,1,2,2041,540,
23,1,3,2041,540,
22,1,1,2041,20,
22,1,2,2041,20,
22,1,3,2041,20,
24,1,1,2041,1230,
24,1,2,2041,1230,
24,1,3,2041,1230,
7,1,1,2041,150,
7,1,2,2041,150,
7,1,3,2041,150,
10,1,1,2041,980,
10,1,2,2041,980,
10,1,3,2041,980,
13,1,1,2041,310,
13,1,2,2041,310,
13,1,3,2041,310,
2,1,1,2041,1180,
2,1,2,2041,1180,
2,1,3,2041,1180,
25,1,1,2041,720,
25,1,2,2041,720,
25,1,3,2041,720,
4,1,1,2041,5920,
4,1,2,2041,5920,
4,1,3,2041,5920,
12,1,1,2041,0,
12,1,2,2041,0,
12,1,3,2041,0,
3,1,1,2041,3680,
3,1,2,2041,3680,
3,1,3,2041,3680,
18,1,1,2041,2380,
18,1,2,2041,2380,
18,1,3,2041,2380,
11,1,1,2041,6380,
11,1,2,2041,6380,
11,1,3,2041,6380,
5,1,1,2041,0,
5,1,2,2041,0,
5,1,3,2041,0,
19,1,1,2041,1440,
19,1,2,2041,1440,
19,1,3,2041,1440,
9,1,1,2041,0,
9,1,2,2041,0,
9,1,3,2041,0,
8,1,1,2041,0,
8,1,2,2041,0,
8,1,3,2041,0,
14,1,1,2041,2470,
14,1,2,2041,2470,
14,1,3,2041,2470,
1,1,1,2041,2080,
1,1,2,2041,2080,
1,1,3,2041,2080,
15,1,1,2042,3500,
15,1,2,2042,3500,
15,1,3,2042,3500,
16,1,1,2042,2880,
16,1,2,2042,2880,
16,1,3,2042,2880,
20,1,1,2042,460,
20,1,2,2042,460,
20,1,3,2042,460,
6,1,1,2042,2390,
6,1,2,2042,2390,
6,1,3,2042,2390,
17,1,1,2042,2280,
17,1,2,2042,2280,
17,1,3,2042,2280,
21,1,1,2042,0,
21,1,2,2042,0,
21,1,3,2042,0,
23,1,1,2042,540,
23,1,2,2042,540,
23,1,3,2042,540,
22,1,1,2042,20,
22,1,2,2042,20,
22,1,3,2042,20,
24,1,1,2042,1230,
24,1,2,2042,1230,
24,1,3,2042,1230,
7,1,1,2042,150,
7,1,2,2042,150,
7,1,3,2042,150,
10,1,1,2042,980,
10,1,2,2042,980,
10,1,3,2042,980,
13,1,1,2042,310,
13,1,2,2042,310,
13,1,3,2042,310,
2,1,1,2042,1180,
2,1,2,2042,1180,
2,1,3,2042,1180,
25,1,1,2042,720,
25,1,2,2042,720,
25,1,3,2042,720,
4,1,1,2042,5920,
4,1,2,2042,5920,
4,1,3,2042,5920,
12,1,1,2042,0,
12,1,2,2042,0,
12,1,3,2042,0,
3,1,1,2042,3680,
3,1,2,2042,3680,
3,1,3,2042,3680,
18,1,1,2042,2380,
18,1,2,2042,2380,
18,1,3,2042,2380,
11,1,1,2042,6380,
11,1,2,2042,6380,
11,1,3,2042,6380,
5,1,1,2042,0,
5,1,2,2042,0,
5,1,3,2042,0,
19,1,1,2042,1440,
19,1,2,2042,1440,
19,1,3,2042,1440,
9,1,1,2042,0,
9,1,2,2042,0,
9,1,3,2042,0,
8,1,1,2042,0,
8,1,2,2042,0,
8,1,3,2042,0,
14,1,1,2042,2470,
14,1,2,2042,2470,
14,1,3,2042,2470,
1,1,1,2042,2080,
1,1,2,2042,2080,
1,1,3,2042,2080,
15,1,1,2043,3500,
15,1,2,2043,3500,
15,1,3,2043,3500,
16,1,1,2043,2880,
16,1,2,2043,2880,
16,1,3,2043,2880,
20,1,1,2043,460,
20,1,2,2043,460,
20,1,3,2043,460,
6,1,1,2043,2390,
6,1,2,2043,2390,
6,1,3,2043,2390,
17,1,1,2043,2280,
17,1,2,2043,2280,
17,1,3,2043,2280,
21,1,1,2043,0,
21,1,2,2043,0,
21,1,3,2043,0,
23,1,1,2043,540,
23,1,2,2043,540,
23,1,3,2043,540,
22,1,1,2043,20,
22,1,2,2043,20,
22,1,3,2043,20,
24,1,1,2043,1230,
24,1,2,2043,1230,
24,1,3,2043,1230,
7,1,1,2043,150,
7,1,2,2043,150,
7,1,3,2043,150,
10,1,1,2043,980,
10,1,2,2043,980,
10,1,3,2043,980,
13,1,1,2043,310,
13,1,2,2043,310,
13,1,3,2043,310,
2,1,1,2043,1180,
2,1,2,2043,1180,
2,1,3,2043,1180,
25,1,1,2043,720,
25,1,2,2043,720,
25,1,3,2043,720,
4,1,1,2043,5920,
4,1,2,2043,5920,
4,1,3,2043,5920,
12,1,1,2043,0,
12,1,2,2043,0,
12,1,3,2043,0,
3,1,1,2043,3680,
3,1,2,2043,3680,
3,1,3,2043,3680,
18,1,1,2043,2380,
18,1,2,2043,2380,
18,1,3,2043,2380,
11,1,1,2043,6380,
11,1,2,2043,6380,
11,1,3,2043,6380,
5,1,1,2043,0,
5,1,2,2043,0,
5,1,3,2043,0,
19,1,1,2043,1440,
19,1,2,2043,1440,
19,1,3,2043,1440,
9,1,1,2043,0,
9,1,2,2043,0,
9,1,3,2043,0,
8,1,1,2043,0,
8,1,2,2043,0,
8,1,3,2043,0,
14,1,1,2043,2470,
14,1,2,2043,2470,
14,1,3,2043,2470,
1,1,1,2043,2080,
1,1,2,2043,2080,
1,1,3,2043,2080,
15,1,1,2044,3500,
15,1,2,2044,3500,
15,1,3,2044,3500,
16,1,1,2044,2880,
16,1,2,2044,2880,
16,1,3,2044,2880,
20,1,1,2044,460,
20,1,2,2044,460,
20,1,3,2044,460,
6,1,1,2044,2390,
6,1,2,2044,2390,
6,1,3,2044,2390,
17,1,1,2044,2280,
17,1,2,2044,2280,
17,1,3,2044,2280,
21,1,1,2044,0,
21,1,2,2044,0,
21,1,3,2044,0,
23,1,1,2044,540,
23,1,2,2044,540,
23,1,3,2044,540,
22,1,1,2044,20,
22,1,2,2044,20,
22,1,3,2044,20,
24,1,1,2044,1230,
24,1,2,2044,1230,
24,1,3,2044,1230,
7,1,1,2044,150,
7,1,2,2044,150,
7,1,3,2044,150,
10,1,1,2044,980,
10,1,2,2044,980,
10,1,3,2044,980,
13,1,1,2044,310,
13,1,2,2044,310,
13,1,3,2044,310,
2,1,1,2044,1180,
2,1,2,2044,1180,
2,1,3,2044,1180,
25,1,1,2044,720,
25,1,2,2044,720,
25,1,3,2044,720,
4,1,1,2044,5920,
4,1,2,2044,5920,
4,1,3,2044,5920,
12,1,1,2044,0,
12,1,2,2044,0,
12,1,3,2044,0,
3,1,1,2044,3680,
3,1,2,2044,3680,
3,1,3,2044,3680,
18,1,1,2044,2380,
18,1,2,2044,2380,
18,1,3,2044,2380,
11,1,1,2044,6380,
11,1,2,2044,6380,
11,1,3,2044,6380,
5,1,1,2044,0,
5,1,2,2044,0,
5,1,3,2044,0,
19,1,1,2044,1440,
19,1,2,2044,1440,
19,1,3,2044,1440,
9,1,1,2044,0,
9,1,2,2044,0,
9,1,3,2044,0,
8,1,1,2044,0,
8,1,2,2044,0,
8,1,3,2044,0,
14,1,1,2044,2470,
14,1,2,2044,2470,
14,1,3,2044,2470,
1,1,1,2044,2080,
1,1,2,2044,2080,
1,1,3,2044,2080,
15,1,1,2045,3500,
15,1,2,2045,3500,
15,1,3,2045,3500,
16,1,1,2045,2880,
16,1,2,2045,2880,
16,1,3,2045,2880,
20,1,1,2045,460,
20,1,2,2045,460,
20,1,3,2045,460,
6,1,1,2045,2390,
6,1,2,2045,2390,
6,1,3,2045,2390,
17,1,1,2045,2280,
17,1,2,2045,2280,
17,1,3,2045,2280,
21,1,1,2045,0,
21,1,2,2045,0,
21,1,3,2045,0,
23,1,1,2045,540,
23,1,2,2045,540,
23,1,3,2045,540,
22,1,1,2045,20,
22,1,2,2045,20,
22,1,3,2045,20,
24,1,1,2045,1230,
24,1,2,2045,1230,
24,1,3,2045,1230,
7,1,1,2045,150,
7,1,2,2045,150,
7,1,3,2045,150,
10,1,1,2045,980,
10,1,2,2045,980,
10,1,3,2045,980,
13,1,1,2045,310,
13,1,2,2045,310,
13,1,3,2045,310,
2,1,1,2045,1180,
2,1,2,2045,1180,
2,1,3,2045,1180,
25,1,1,2045,720,
25,1,2,2045,720,
25,1,3,2045,720,
4,1,1,2045,5920,
4,1,2,2045,5920,
4,1,3,2045,5920,
12,1,1,2045,0,
12,1,2,2045,0,
12,1,3,2045,0,
3,1,1,2045,3680,
3,1,2,2045,3680,
3,1,3,2045,3680,
18,1,1,2045,2380,
18,1,2,2045,2380,
18,1,3,2045,2380,
11,1,1,2045,6380,
11,1,2,2045,6380,
11,1,3,2045,6380,
5,1,1,2045,0,
5,1,2,2045,0,
5,1,3,2045,0,
19,1,1,2045,1440,
19,1,2,2045,1440,
19,1,3,2045,1440,
9,1,1,2045,0,
9,1,2,2045,0,
9,1,3,2045,0,
8,1,1,2045,0,
8,1,2,2045,0,
8,1,3,2045,0,
14,1,1,2045,2470,
14,1,2,2045,2470,
14,1,3,2045,2470,
1,1,1,2045,2080,
1,1,2,2045,2080,
1,1,3,2045,2080,
15,1,1,2046,3500,
15,1,2,2046,3500,
15,1,3,2046,3500,
16,1,1,2046,2880,
16,1,2,2046,2880,
16,1,3,2046,2880,
20,1,1,2046,460,
20,1,2,2046,460,
20,1,3,2046,460,
6,1,1,2046,2390,
6,1,2,2046,2390,
6,1,3,2046,2390,
17,1,1,2046,2280,
17,1,2,2046,2280,
17,1,3,2046,2280,
21,1,1,2046,0,
21,1,2,2046,0,
21,1,3,2046,0,
23,1,1,2046,540,
23,1,2,2046,540,
23,1,3,2046,540,
22,1,1,2046,20,
22,1,2,2046,20,
22,1,3,2046,20,
24,1,1,2046,1230,
24,1,2,2046,1230,
24,1,3,2046,1230,
7,1,1,2046,150,
7,1,2,2046,150,
7,1,3,2046,150,
10,1,1,2046,980,
10,1,2,2046,980,
10,1,3,2046,980,
13,1,1,2046,310,
13,1,2,2046,310,
13,1,3,2046,310,
2,1,1,2046,1180,
2,1,2,2046,1180,
2,1,3,2046,1180,
25,1,1,2046,720,
25,1,2,2046,720,
25,1,3,2046,720,
4,1,1,2046,5920,
4,1,2,2046,5920,
4,1,3,2046,5920,
12,1,1,2046,0,
12,1,2,2046,0,
12,1,3,2046,0,
3,1,1,2046,3680,
3,1,2,2046,3680,
3,1,3,2046,3680,
18,1,1,2046,2380,
18,1,2,2046,2380,
18,1,3,2046,2380,
11,1,1,2046,6380,
11,1,2,2046,6380,
11,1,3,2046,6380,
5,1,1,2046,0,
5,1,2,2046,0,
5,1,3,2046,0,
19,1,1,2046,1440,
19,1,2,2046,1440,
19,1,3,2046,1440,
9,1,1,2046,0,
9,1,2,2046,0,
9,1,3,2046,0,
8,1,1,2046,0,
8,1,2,2046,0,
8,1,3,2046,0,
14,1,1,2046,2470,
14,1,2,2046,2470,
14,1,3,2046,2470,
1,1,1,2046,2080,
1,1,2,2046,2080,
1,1,3,2046,2080,
15,1,1,2047,3500,
15,1,2,2047,3500,
15,1,3,2047,3500,
16,1,1,2047,2880,
16,1,2,2047,2880,
16,1,3,2047,2880,
20,1,1,2047,460,
20,1,2,2047,460,
20,1,3,2047,460,
6,1,1,2047,2390,
6,1,2,2047,2390,
6,1,3,2047,2390,
17,1,1,2047,2280,
17,1,2,2047,2280,
17,1,3,2047,2280,
21,1,1,2047,0,
21,1,2,2047,0,
21,1,3,2047,0,
23,1,1,2047,540,
23,1,2,2047,540,
23,1,3,2047,540,
22,1,1,2047,20,
22,1,2,2047,20,
22,1,3,2047,20,
24,1,1,2047,1230,
24,1,2,2047,1230,
24,1,3,2047,1230,
7,1,1,2047,150,
7,1,2,2047,150,
7,1,3,2047,150,
10,1,1,2047,980,
10,1,2,2047,980,
10,1,3,2047,980,
13,1,1,2047,310,
13,1,2,2047,310,
13,1,3,2047,310,
2,1,1,2047,1180,
2,1,2,2047,1180,
2,1,3,2047,1180,
25,1,1,2047,720,
25,1,2,2047,720,
25,1,3,2047,720,
4,1,1,2047,5920,
4,1,2,2047,5920,
4,1,3,2047,5920,
12,1,1,2047,0,
12,1,2,2047,0,
12,1,3,2047,0,
3,1,1,2047,3680,
3,1,2,2047,3680,
3,1,3,2047,3680,
18,1,1,2047,2380,
18,1,2,2047,2380,
18,1,3,2047,2380,
11,1,1,2047,6380,
11,1,2,2047,6380,
11,1,3,2047,6380,
5,1,1,2047,0,
5,1,2,2047,0,
5,1,3,2047,0,
19,1,1,2047,1440,
19,1,2,2047,1440,
19,1,3,2047,1440,
9,1,1,2047,0,
9,1,2,2047,0,
9,1,3,2047,0,
8,1,1,2047,0,
8,1,2,2047,0,
8,1,3,2047,0,
14,1,1,2047,2470,
14,1,2,2047,2470,
14,1,3,2047,2470,
1,1,1,2047,2080,
1,1,2,2047,2080,
1,1,3,2047,2080,
15,1,1,2048,3500,
15,1,2,2048,3500,
15,1,3,2048,3500,
16,1,1,2048,2880,
16,1,2,2048,2880,
16,1,3,2048,2880,
20,1,1,2048,460,
20,1,2,2048,460,
20,1,3,2048,460,
6,1,1,2048,2390,
6,1,2,2048,2390,
6,1,3,2048,2390,
17,1,1,2048,2280,
17,1,2,2048,2280,
17,1,3,2048,2280,
21,1,1,2048,0,
21,1,2,2048,0,
21,1,3,2048,0,
23,1,1,2048,540,
23,1,2,2048,540,
23,1,3,2048,540,
22,1,1,2048,20,
22,1,2,2048,20,
22,1,3,2048,20,
24,1,1,2048,1230,
24,1,2,2048,1230,
24,1,3,2048,1230,
7,1,1,2048,150,
7,1,2,2048,150,
7,1,3,2048,150,
10,1,1,2048,980,
10,1,2,2048,980,
10,1,3,2048,980,
13,1,1,2048,310,
13,1,2,2048,310,
13,1,3,2048,310,
2,1,1,2048,1180,
2,1,2,2048,1180,
2,1,3,2048,1180,
25,1,1,2048,720,
25,1,2,2048,720,
25,1,3,2048,720,
4,1,1,2048,5920,
4,1,2,2048,5920,
4,1,3,2048,5920,
12,1,1,2048,0,
12,1,2,2048,0,
12,1,3,2048,0,
3,1,1,2048,3680,
3,1,2,2048,3680,
3,1,3,2048,3680,
18,1,1,2048,2380,
18,1,2,2048,2380,
18,1,3,2048,2380,
11,1,1,2048,6380,
11,1,2,2048,6380,
11,1,3,2048,6380,
5,1,1,2048,0,
5,1,2,2048,0,
5,1,3,2048,0,
19,1,1,2048,1440,
19,1,2,2048,1440,
19,1,3,2048,1440,
9,1,1,2048,0,
9,1,2,2048,0,
9,1,3,2048,0,
8,1,1,2048,0,
8,1,2,2048,0,
8,1,3,2048,0,
14,1,1,2048,2470,
14,1,2,2048,2470,
14,1,3,2048,2470,
1,1,1,2048,2080,
1,1,2,2048,2080,
1,1,3,2048,2080,
15,1,1,2049,3500,
15,1,2,2049,3500,
15,1,3,2049,3500,
16,1,1,2049,2880,
16,1,2,2049,2880,
16,1,3,2049,2880,
20,1,1,2049,460,
20,1,2,2049,460,
20,1,3,2049,460,
6,1,1,2049,2390,
6,1,2,2049,2390,
6,1,3,2049,2390,
17,1,1,2049,2280,
17,1,2,2049,2280,
17,1,3,2049,2280,
21,1,1,2049,0,
21,1,2,2049,0,
21,1,3,2049,0,
23,1,1,2049,540,
23,1,2,2049,540,
23,1,3,2049,540,
22,1,1,2049,20,
22,1,2,2049,20,
22,1,3,2049,20,
24,1,1,2049,1230,
24,1,2,2049,1230,
24,1,3,2049,1230,
7,1,1,2049,150,
7,1,2,2049,150,
7,1,3,2049,150,
10,1,1,2049,980,
10,1,2,2049,980,
10,1,3,2049,980,
13,1,1,2049,310,
13,1,2,2049,310,
13,1,3,2049,310,
2,1,1,2049,1180,
2,1,2,2049,1180,
2,1,3,2049,1180,
25,1,1,2049,720,
25,1,2,2049,720,
25,1,3,2049,720,
4,1,1,2049,5920,
4,1,2,2049,5920,
4,1,3,2049,5920,
12,1,1,2049,0,
12,1,2,2049,0,
12,1,3,2049,0,
3,1,1,2049,3680,
3,1,2,2049,3680,
3,1,3,2049,3680,
18,1,1,2049,2380,
18,1,2,2049,2380,
18,1,3,2049,2380,
11,1,1,2049,6380,
11,1,2,2049,6380,
11,1,3,2049,6380,
5,1,1,2049,0,
5,1,2,2049,0,
5,1,3,2049,0,
19,1,1,2049,1440,
19,1,2,2049,1440,
19,1,3,2049,1440,
9,1,1,2049,0,
9,1,2,2049,0,
9,1,3,2049,0,
8,1,1,2049,0,
8,1,2,2049,0,
8,1,3,2049,0,
14,1,1,2049,2470,
14,1,2,2049,2470,
14,1,3,2049,2470,
1,1,1,2049,2080,
1,1,2,2049,2080,
1,1,3,2049,2080,
15,1,1,2050,3500,
15,1,2,2050,3500,
15,1,3,2050,3500,
16,1,1,2050,2880,
16,1,2,2050,2880,
16,1,3,2050,2880,
20,1,1,2050,460,
20,1,2,2050,460,
20,1,3,2050,460,
6,1,1,2050,2390,
6,1,2,2050,2390,
6,1,3,2050,2390,
17,1,1,2050,2280,
17,1,2,2050,2280,
17,1,3,2050,2280,
21,1,1,2050,0,
21,1,2,2050,0,
21,1,3,2050,0,
23,1,1,2050,540,
23,1,2,2050,540,
23,1,3,2050,540,
22,1,1,2050,20,
22,1,2,2050,20,
22,1,3,2050,20,
24,1,1,2050,1230,
24,1,2,2050,1230,
24,1,3,2050,1230,
7,1,1,2050,150,
7,1,2,2050,150,
7,1,3,2050,150,
10,1,1,2050,980,
10,1,2,2050,980,
10,1,3,2050,980,
13,1,1,2050,310,
13,1,2,2050,310,
13,1,3,2050,310,
2,1,1,2050,1180,
2,1,2,2050,1180,
2,1,3,2050,1180,
25,1,1,2050,720,
25,1,2,2050,720,
25,1,3,2050,720,
4,1,1,2050,5920,
4,1,2,2050,5920,
4,1,3,2050,5920,
12,1,1,2050,0,
12,1,2,2050,0,
12,1,3,2050,0,
3,1,1,2050,3680,
3,1,2,2050,3680,
3,1,3,2050,3680,
18,1,1,2050,2380,
18,1,2,2050,2380,
18,1,3,2050,2380,
11,1,1,2050,6380,
11,1,2,2050,6380,
11,1,3,2050,6380,
5,1,1,2050,0,
5,1,2,2050,0,
5,1,3,2050,0,
19,1,1,2050,1440,
19,1,2,2050,1440,
19,1,3,2050,1440,
9,1,1,2050,0,
9,1,2,2050,0,
9,1,3,2050,0,
8,1,1,2050,0,
8,1,2,2050,0,
8,1,3,2050,0,
14,1,1,2050,2470,
14,1,2,2050,2470,
14,1,3,2050,2470,
1,1,1,2050,2080,
1,1,2,2050,2080,
1,1,3,2050,2080,
15,2,1,2023,1850,
15,2,2,2023,1850,
15,2,3,2023,1850,
16,2,1,2023,280,
16,2,2,2023,280,
16,2,3,2023,280,
20,2,1,2023,570,
20,2,2,2023,570,
20,2,3,2023,570,
6,2,1,2023,2780,
6,2,2,2023,2780,
6,2,3,2023,2780,
17,2,1,2023,3360,
17,2,2,2023,3360,
17,2,3,2023,3360,
21,2,1,2023,70,
21,2,2,2023,70,
21,2,3,2023,70,
23,2,1,2023,20,
23,2,2,2023,20,
23,2,3,2023,20,
22,2,1,2023,1210,
22,2,2,2023,1210,
22,2,3,2023,1210,
24,2,1,2023,150,
24,2,2,2023,150,
24,2,3,2023,150,
7,2,1,2023,2000,
7,2,2,2023,2000,
7,2,3,2023,2000,
10,2,1,2023,3970,
10,2,2,2023,3970,
10,2,3,2023,3970,
13,2,1,2023,140,
13,2,2,2023,140,
13,2,3,2023,140,
2,2,1,2023,1790,
2,2,2,2023,1790,
2,2,3,2023,1790,
25,2,1,2023,300,
25,2,2,2023,300,
25,2,3,2023,300,
4,2,1,2023,590,
4,2,2,2023,590,
4,2,3,2023,590,
12,2,1,2023,90,
12,2,2,2023,90,
12,2,3,2023,90,
3,2,1,2023,940,
3,2,2,2023,940,
3,2,3,2023,940,
18,2,1,2023,600,
18,2,2,2023,600,
18,2,3,2023,600,
11,2,1,2023,640,
11,2,2,2023,640,
11,2,3,2023,640,
5,2,1,2023,830,
5,2,2,2023,830,
5,2,3,2023,830,
19,2,1,2023,290,
19,2,2,2023,290,
19,2,3,2023,290,
9,2,1,2023,1610,
9,2,2,2023,1610,
9,2,3,2023,1610,
8,2,1,2023,2260,
8,2,2,2023,2260,
8,2,3,2023,2260,
14,2,1,2023,2100,
14,2,2,2023,2100,
14,2,3,2023,2100,
1,2,1,2023,3940,
1,2,2,2023,3940,
1,2,3,2023,3940,
15,2,1,2024,1850,
15,2,2,2024,1850,
15,2,3,2024,1850,
16,2,1,2024,130,
16,2,2,2024,130,
16,2,3,2024,130,
20,2,1,2024,560,
20,2,2,2024,560,
20,2,3,2024,560,
6,2,1,2024,2700,
6,2,2,2024,2700,
6,2,3,2024,2700,
17,2,1,2024,3360,
17,2,2,2024,3360,
17,2,3,2024,3360,
21,2,1,2024,70,
21,2,2,2024,70,
21,2,3,2024,70,
23,2,1,2024,20,
23,2,2,2024,20,
23,2,3,2024,20,
22,2,1,2024,1210,
22,2,2,2024,1210,
22,2,3,2024,1210,
24,2,1,2024,150,
24,2,2,2024,150,
24,2,3,2024,150,
7,2,1,2024,2000,
7,2,2,2024,2000,
7,2,3,2024,2000,
10,2,1,2024,3930,
10,2,2,2024,3930,
10,2,3,2024,3930,
13,2,1,2024,140,
13,2,2,2024,140,
13,2,3,2024,140,
2,2,1,2024,1790,
2,2,2,2024,1790,
2,2,3,2024,1790,
25,2,1,2024,300,
25,2,2,2024,300,
25,2,3,2024,300,
4,2,1,2024,600,
4,2,2,2024,600,
4,2,3,2024,600,
12,2,1,2024,90,
12,2,2,2024,90,
12,2,3,2024,90,
3,2,1,2024,940,
3,2,2,2024,940,
3,2,3,2024,940,
18,2,1,2024,600,
18,2,2,2024,600,
18,2,3,2024,600,
11,2,1,2024,640,
11,2,2,2024,640,
11,2,3,2024,640,
5,2,1,2024,830,
5,2,2,2024,830,
5,2,3,2024,830,
19,2,1,2024,290,
19,2,2,2024,290,
19,2,3,2024,290,
9,2,1,2024,1610,
9,2,2,2024,1610,
9,2,3,2024,1610,
8,2,1,2024,2260,
8,2,2,2024,2260,
8,2,3,2024,2260,
14,2,1,2024,2100,
14,2,2,2024,2100,
14,2,3,2024,2100,
1,2,1,2024,3940,
1,2,2,2024,3940,
1,2,3,2024,3940,
15,2,1,2025,1830,
15,2,2,2025,1830,
15,2,3,2025,1830,
16,2,1,2025,130,
16,2,2,2025,130,
16,2,3,2025,130,
20,2,1,2025,540,
20,2,2,2025,540,
20,2,3,2025,540,
6,2,1,2025,2390,
6,2,2,2025,2390,
6,2,3,2025,2390,
17,2,1,2025,3260,
17,2,2,2025,3260,
17,2,3,2025,3260,
21,2,1,2025,70,
21,2,2,2025,70,
21,2,3,2025,70,
23,2,1,2025,20,
23,2,2,2025,20,
23,2,3,2025,20,
22,2,1,2025,1210,
22,2,2,2025,1210,
22,2,3,2025,1210,
24,2,1,2025,150,
24,2,2,2025,150,
24,2,3,2025,150,
7,2,1,2025,2000,
7,2,2,2025,2000,
7,2,3,2025,2000,
10,2,1,2025,3350,
10,2,2,2025,3350,
10,2,3,2025,3350,
13,2,1,2025,140,
13,2,2,2025,140,
13,2,3,2025,140,
2,2,1,2025,1790,
2,2,2,2025,1790,
2,2,3,2025,1790,
25,2,1,2025,300,
25,2,2,2025,300,
25,2,3,2025,300,
4,2,1,2025,600,
4,2,2,2025,600,
4,2,3,2025,600,
12,2,1,2025,90,
12,2,2,2025,90,
12,2,3,2025,90,
3,2,1,2025,880,
3,2,2,2025,880,
3,2,3,2025,880,
18,2,1,2025,600,
18,2,2,2025,600,
18,2,3,2025,600,
11,2,1,2025,640,
11,2,2,2025,640,
11,2,3,2025,640,
5,2,1,2025,830,
5,2,2,2025,830,
5,2,3,2025,830,
19,2,1,2025,290,
19,2,2,2025,290,
19,2,3,2025,290,
9,2,1,2025,1610,
9,2,2,2025,1610,
9,2,3,2025,1610,
8,2,1,2025,2260,
8,2,2,2025,2260,
8,2,3,2025,2260,
14,2,1,2025,2090,
14,2,2,2025,2090,
14,2,3,2025,2090,
1,2,1,2025,3660,
1,2,2,2025,3660,
1,2,3,2025,3660,
15,2,1,2026,1830,
15,2,2,2026,1830,
15,2,3,2026,1830,
16,2,1,2026,130,
16,2,2,2026,130,
16,2,3,2026,130,
20,2,1,2026,560,
20,2,2,2026,560,
20,2,3,2026,560,
6,2,1,2026,1900,
6,2,2,2026,1900,
6,2,3,2026,1900,
17,2,1,2026,3260,
17,2,2,2026,3260,
17,2,3,2026,3260,
21,2,1,2026,70,
21,2,2,2026,70,
21,2,3,2026,70,
23,2,1,2026,20,
23,2,2,2026,20,
23,2,3,2026,20,
22,2,1,2026,760,
22,2,2,2026,760,
22,2,3,2026,760,
24,2,1,2026,150,
24,2,2,2026,150,
24,2,3,2026,150,
7,2,1,2026,2000,
7,2,2,2026,2000,
7,2,3,2026,2000,
10,2,1,2026,3350,
10,2,2,2026,3350,
10,2,3,2026,3350,
13,2,1,2026,140,
13,2,2,2026,140,
13,2,3,2026,140,
2,2,1,2026,1790,
2,2,2,2026,1790,
2,2,3,2026,1790,
25,2,1,2026,300,
25,2,2,2026,300,
25,2,3,2026,300,
4,2,1,2026,600,
4,2,2,2026,600,
4,2,3,2026,600,
12,2,1,2026,90,
12,2,2,2026,90,
12,2,3,2026,90,
3,2,1,2026,880,
3,2,2,2026,880,
3,2,3,2026,880,
18,2,1,2026,600,
18,2,2,2026,600,
18,2,3,2026,600,
11,2,1,2026,640,
11,2,2,2026,640,
11,2,3,2026,640,
5,2,1,2026,830,
5,2,2,2026,830,
5,2,3,2026,830,
19,2,1,2026,210,
19,2,2,2026,210,
19,2,3,2026,210,
9,2,1,2026,1610,
9,2,2,2026,1610,
9,2,3,2026,1610,
8,2,1,2026,2260,
8,2,2,2026,2260,
8,2,3,2026,2260,
14,2,1,2026,2090,
14,2,2,2026,2090,
14,2,3,2026,2090,
1,2,1,2026,3270,
1,2,2,2026,3270,
1,2,3,2026,3270,
15,2,1,2027,1830,
15,2,2,2027,1830,
15,2,3,2027,1830,
16,2,1,2027,130,
16,2,2,2027,130,
16,2,3,2027,130,
20,2,1,2027,510,
20,2,2,2027,510,
20,2,3,2027,510,
6,2,1,2027,1900,
6,2,2,2027,1900,
6,2,3,2027,1900,
17,2,1,2027,3160,
17,2,2,2027,3160,
17,2,3,2027,3160,
21,2,1,2027,70,
21,2,2,2027,70,
21,2,3,2027,70,
23,2,1,2027,20,
23,2,2,2027,20,
23,2,3,2027,20,
22,2,1,2027,260,
22,2,2,2027,260,
22,2,3,2027,260,
24,2,1,2027,50,
24,2,2,2027,50,
24,2,3,2027,50,
7,2,1,2027,2000,
7,2,2,2027,2000,
7,2,3,2027,2000,
10,2,1,2027,3350,
10,2,2,2027,3350,
10,2,3,2027,3350,
13,2,1,2027,140,
13,2,2,2027,140,
13,2,3,2027,140,
2,2,1,2027,1760,
2,2,2,2027,1760,
2,2,3,2027,1760,
25,2,1,2027,300,
25,2,2,2027,300,
25,2,3,2027,300,
4,2,1,2027,600,
4,2,2,2027,600,
4,2,3,2027,600,
12,2,1,2027,90,
12,2,2,2027,90,
12,2,3,2027,90,
3,2,1,2027,880,
3,2,2,2027,880,
3,2,3,2027,880,
18,2,1,2027,600,
18,2,2,2027,600,
18,2,3,2027,600,
11,2,1,2027,640,
11,2,2,2027,640,
11,2,3,2027,640,
5,2,1,2027,830,
5,2,2,2027,830,
5,2,3,2027,830,
19,2,1,2027,210,
19,2,2,2027,210,
19,2,3,2027,210,
9,2,1,2027,1610,
9,2,2,2027,1610,
9,2,3,2027,1610,
8,2,1,2027,2260,
8,2,2,2027,2260,
8,2,3,2027,2260,
14,2,1,2027,2090,
14,2,2,2027,2090,
14,2,3,2027,2090,
1,2,1,2027,3130,
1,2,2,2027,3130,
1,2,3,2027,3130,
15,2,1,2028,1830,
15,2,2,2028,1830,
15,2,3,2028,1830,
16,2,1,2028,130,
16,2,2,2028,130,
16,2,3,2028,130,
20,2,1,2028,510,
20,2,2,2028,510,
20,2,3,2028,510,
6,2,1,2028,1900,
6,2,2,2028,1900,
6,2,3,2028,1900,
17,2,1,2028,3120,
17,2,2,2028,3120,
17,2,3,2028,3120,
21,2,1,2028,70,
21,2,2,2028,70,
21,2,3,2028,70,
23,2,1,2028,20,
23,2,2,2028,20,
23,2,3,2028,20,
22,2,1,2028,260,
22,2,2,2028,260,
22,2,3,2028,260,
24,2,1,2028,50,
24,2,2,2028,50,
24,2,3,2028,50,
7,2,1,2028,2000,
7,2,2,2028,2000,
7,2,3,2028,2000,
10,2,1,2028,3350,
10,2,2,2028,3350,
10,2,3,2028,3350,
13,2,1,2028,140,
13,2,2,2028,140,
13,2,3,2028,140,
2,2,1,2028,1760,
2,2,2,2028,1760,
2,2,3,2028,1760,
25,2,1,2028,230,
25,2,2,2028,230,
25,2,3,2028,230,
4,2,1,2028,600,
4,2,2,2028,600,
4,2,3,2028,600,
12,2,1,2028,90,
12,2,2,2028,90,
12,2,3,2028,90,
3,2,1,2028,880,
3,2,2,2028,880,
3,2,3,2028,880,
18,2,1,2028,600,
18,2,2,2028,600,
18,2,3,2028,600,
11,2,1,2028,640,
11,2,2,2028,640,
11,2,3,2028,640,
5,2,1,2028,830,
5,2,2,2028,830,
5,2,3,2028,830,
19,2,1,2028,210,
19,2,2,2028,210,
19,2,3,2028,210,
9,2,1,2028,1610,
9,2,2,2028,1610,
9,2,3,2028,1610,
8,2,1,2028,2260,
8,2,2,2028,2260,
8,2,3,2028,2260,
14,2,1,2028,2090,
14,2,2,2028,2090,
14,2,3,2028,2090,
1,2,1,2028,3130,
1,2,2,2028,3130,
1,2,3,2028,3130,
15,2,1,2029,1830,
15,2,2,2029,1830,
15,2,3,2029,1830,
16,2,1,2029,130,
16,2,2,2029,130,
16,2,3,2029,130,
20,2,1,2029,510,
20,2,2,2029,510,
20,2,3,2029,510,
6,2,1,2029,1730,
6,2,2,2029,1730,
6,2,3,2029,1730,
17,2,1,2029,3120,
17,2,2,2029,3120,
17,2,3,2029,3120,
21,2,1,2029,70,
21,2,2,2029,70,
21,2,3,2029,70,
23,2,1,2029,20,
23,2,2,2029,20,
23,2,3,2029,20,
22,2,1,2029,170,
22,2,2,2029,170,
22,2,3,2029,170,
24,2,1,2029,50,
24,2,2,2029,50,
24,2,3,2029,50,
7,2,1,2029,2000,
7,2,2,2029,2000,
7,2,3,2029,2000,
10,2,1,2029,3350,
10,2,2,2029,3350,
10,2,3,2029,3350,
13,2,1,2029,140,
13,2,2,2029,140,
13,2,3,2029,140,
2,2,1,2029,1760,
2,2,2,2029,1760,
2,2,3,2029,1760,
25,2,1,2029,150,
25,2,2,2029,150,
25,2,3,2029,150,
4,2,1,2029,600,
4,2,2,2029,600,
4,2,3,2029,600,
12,2,1,2029,90,
12,2,2,2029,90,
12,2,3,2029,90,
3,2,1,2029,880,
3,2,2,2029,880,
3,2,3,2029,880,
18,2,1,2029,600,
18,2,2,2029,600,
18,2,3,2029,600,
11,2,1,2029,640,
11,2,2,2029,640,
11,2,3,2029,640,
5,2,1,2029,830,
5,2,2,2029,830,
5,2,3,2029,830,
19,2,1,2029,210,
19,2,2,2029,210,
19,2,3,2029,210,
9,2,1,2029,1610,
9,2,2,2029,1610,
9,2,3,2029,1610,
8,2,1,2029,2260,
8,2,2,2029,2260,
8,2,3,2029,2260,
14,2,1,2029,2090,
14,2,2,2029,2090,
14,2,3,2029,2090,
1,2,1,2029,3000,
1,2,2,2029,3000,
1,2,3,2029,3000,
15,2,1,2030,1830,
15,2,2,2030,1830,
15,2,3,2030,1830,
16,2,1,2030,130,
16,2,2,2030,130,
16,2,3,2030,130,
20,2,1,2030,510,
20,2,2,2030,510,
20,2,3,2030,510,
6,2,1,2030,1730,
6,2,2,2030,1730,
6,2,3,2030,1730,
17,2,1,2030,3040,
17,2,2,2030,3040,
17,2,3,2030,3040,
21,2,1,2030,70,
21,2,2,2030,70,
21,2,3,2030,70,
23,2,1,2030,20,
23,2,2,2030,20,
23,2,3,2030,20,
22,2,1,2030,170,
22,2,2,2030,170,
22,2,3,2030,170,
24,2,1,2030,50,
24,2,2,2030,50,
24,2,3,2030,50,
7,2,1,2030,2000,
7,2,2,2030,2000,
7,2,3,2030,2000,
10,2,1,2030,3350,
10,2,2,2030,3350,
10,2,3,2030,3350,
13,2,1,2030,140,
13,2,2,2030,140,
13,2,3,2030,140,
2,2,1,2030,1760,
2,2,2,2030,1760,
2,2,3,2030,1760,
25,2,1,2030,150,
25,2,2,2030,150,
25,2,3,2030,150,
4,2,1,2030,600,
4,2,2,2030,600,
4,2,3,2030,600,
12,2,1,2030,90,
12,2,2,2030,90,
12,2,3,2030,90,
3,2,1,2030,840,
3,2,2,2030,840,
3,2,3,2030,840,
18,2,1,2030,570,
18,2,2,2030,570,
18,2,3,2030,570,
11,2,1,2030,640,
11,2,2,2030,640,
11,2,3,2030,640,
5,2,1,2030,830,
5,2,2,2030,830,
5,2,3,2030,830,
19,2,1,2030,210,
19,2,2,2030,210,
19,2,3,2030,210,
9,2,1,2030,1610,
9,2,2,2030,1610,
9,2,3,2030,1610,
8,2,1,2030,2260,
8,2,2,2030,2260,
8,2,3,2030,2260,
14,2,1,2030,2090,
14,2,2,2030,2090,
14,2,3,2030,2090,
1,2,1,2030,3000,
1,2,2,2030,3000,
1,2,3,2030,3000,
15,2,1,2031,1830,
15,2,2,2031,1830,
15,2,3,2031,1830,
16,2,1,2031,130,
16,2,2,2031,130,
16,2,3,2031,130,
20,2,1,2031,480,
20,2,2,2031,480,
20,2,3,2031,480,
6,2,1,2031,1490,
6,2,2,2031,1490,
6,2,3,2031,1490,
17,2,1,2031,2960,
17,2,2,2031,2960,
17,2,3,2031,2960,
21,2,1,2031,70,
21,2,2,2031,70,
21,2,3,2031,70,
23,2,1,2031,20,
23,2,2,2031,20,
23,2,3,2031,20,
22,2,1,2031,170,
22,2,2,2031,170,
22,2,3,2031,170,
24,2,1,2031,50,
24,2,2,2031,50,
24,2,3,2031,50,
7,2,1,2031,2000,
7,2,2,2031,2000,
7,2,3,2031,2000,
10,2,1,2031,3350,
10,2,2,2031,3350,
10,2,3,2031,3350,
13,2,1,2031,140,
13,2,2,2031,140,
13,2,3,2031,140,
2,2,1,2031,1690,
2,2,2,2031,1690,
2,2,3,2031,1690,
25,2,1,2031,150,
25,2,2,2031,150,
25,2,3,2031,150,
4,2,1,2031,600,
4,2,2,2031,600,
4,2,3,2031,600,
12,2,1,2031,90,
12,2,2,2031,90,
12,2,3,2031,90,
3,2,1,2031,840,
3,2,2,2031,840,
3,2,3,2031,840,
18,2,1,2031,570,
18,2,2,2031,570,
18,2,3,2031,570,
11,2,1,2031,640,
11,2,2,2031,640,
11,2,3,2031,640,
5,2,1,2031,830,
5,2,2,2031,830,
5,2,3,2031,830,
19,2,1,2031,210,
19,2,2,2031,210,
19,2,3,2031,210,
9,2,1,2031,1610,
9,2,2,2031,1610,
9,2,3,2031,1610,
8,2,1,2031,2260,
8,2,2,2031,2260,
8,2,3,2031,2260,
14,2,1,2031,2090,
14,2,2,2031,2090,
14,2,3,2031,2090,
1,2,1,2031,3000,
1,2,2,2031,3000,
1,2,3,2031,3000,
15,2,1,2032,1830,
15,2,2,2032,1830,
15,2,3,2032,1830,
16,2,1,2032,130,
16,2,2,2032,130,
16,2,3,2032,130,
20,2,1,2032,480,
20,2,2,2032,480,
20,2,3,2032,480,
6,2,1,2032,1490,
6,2,2,2032,1490,
6,2,3,2032,1490,
17,2,1,2032,2960,
17,2,2,2032,2960,
17,2,3,2032,2960,
21,2,1,2032,70,
21,2,2,2032,70,
21,2,3,2032,70,
23,2,1,2032,20,
23,2,2,2032,20,
23,2,3,2032,20,
22,2,1,2032,170,
22,2,2,2032,170,
22,2,3,2032,170,
24,2,1,2032,50,
24,2,2,2032,50,
24,2,3,2032,50,
7,2,1,2032,2000,
7,2,2,2032,2000,
7,2,3,2032,2000,
10,2,1,2032,3350,
10,2,2,2032,3350,
10,2,3,2032,3350,
13,2,1,2032,140,
13,2,2,2032,140,
13,2,3,2032,140,
2,2,1,2032,1690,
2,2,2,2032,1690,
2,2,3,2032,1690,
25,2,1,2032,70,
25,2,2,2032,70,
25,2,3,2032,70,
4,2,1,2032,600,
4,2,2,2032,600,
4,2,3,2032,600,
12,2,1,2032,90,
12,2,2,2032,90,
12,2,3,2032,90,
3,2,1,2032,840,
3,2,2,2032,840,
3,2,3,2032,840,
18,2,1,2032,570,
18,2,2,2032,570,
18,2,3,2032,570,
11,2,1,2032,640,
11,2,2,2032,640,
11,2,3,2032,640,
5,2,1,2032,830,
5,2,2,2032,830,
5,2,3,2032,830,
19,2,1,2032,210,
19,2,2,2032,210,
19,2,3,2032,210,
9,2,1,2032,1610,
9,2,2,2032,1610,
9,2,3,2032,1610,
8,2,1,2032,2260,
8,2,2,2032,2260,
8,2,3,2032,2260,
14,2,1,2032,2090,
14,2,2,2032,2090,
14,2,3,2032,2090,
1,2,1,2032,3000,
1,2,2,2032,3000,
1,2,3,2032,3000,
15,2,1,2033,1830,
15,2,2,2033,1830,
15,2,3,2033,1830,
16,2,1,2033,130,
16,2,2,2033,130,
16,2,3,2033,130,
20,2,1,2033,430,
20,2,2,2033,430,
20,2,3,2033,430,
6,2,1,2033,1250,
6,2,2,2033,1250,
6,2,3,2033,1250,
17,2,1,2033,2960,
17,2,2,2033,2960,
17,2,3,2033,2960,
21,2,1,2033,70,
21,2,2,2033,70,
21,2,3,2033,70,
23,2,1,2033,20,
23,2,2,2033,20,
23,2,3,2033,20,
22,2,1,2033,170,
22,2,2,2033,170,
22,2,3,2033,170,
24,2,1,2033,50,
24,2,2,2033,50,
24,2,3,2033,50,
7,2,1,2033,2000,
7,2,2,2033,2000,
7,2,3,2033,2000,
10,2,1,2033,3350,
10,2,2,2033,3350,
10,2,3,2033,3350,
13,2,1,2033,140,
13,2,2,2033,140,
13,2,3,2033,140,
2,2,1,2033,1690,
2,2,2,2033,1690,
2,2,3,2033,1690,
25,2,1,2033,70,
25,2,2,2033,70,
25,2,3,2033,70,
4,2,1,2033,600,
4,2,2,2033,600,
4,2,3,2033,600,
12,2,1,2033,90,
12,2,2,2033,90,
12,2,3,2033,90,
3,2,1,2033,840,
3,2,2,2033,840,
3,2,3,2033,840,
18,2,1,2033,570,
18,2,2,2033,570,
18,2,3,2033,570,
11,2,1,2033,640,
11,2,2,2033,640,
11,2,3,2033,640,
5,2,1,2033,830,
5,2,2,2033,830,
5,2,3,2033,830,
19,2,1,2033,210,
19,2,2,2033,210,
19,2,3,2033,210,
9,2,1,2033,1610,
9,2,2,2033,1610,
9,2,3,2033,1610,
8,2,1,2033,2260,
8,2,2,2033,2260,
8,2,3,2033,2260,
14,2,1,2033,2050,
14,2,2,2033,2050,
14,2,3,2033,2050,
1,2,1,2033,3000,
1,2,2,2033,3000,
1,2,3,2033,3000,
15,2,1,2034,1830,
15,2,2,2034,1830,
15,2,3,2034,1830,
16,2,1,2034,130,
16,2,2,2034,130,
16,2,3,2034,130,
20,2,1,2034,430,
20,2,2,2034,430,
20,2,3,2034,430,
6,2,1,2034,1080,
6,2,2,2034,1080,
6,2,3,2034,1080,
17,2,1,2034,2880,
17,2,2,2034,2880,
17,2,3,2034,2880,
21,2,1,2034,70,
21,2,2,2034,70,
21,2,3,2034,70,
23,2,1,2034,20,
23,2,2,2034,20,
23,2,3,2034,20,
22,2,1,2034,170,
22,2,2,2034,170,
22,2,3,2034,170,
24,2,1,2034,50,
24,2,2,2034,50,
24,2,3,2034,50,
7,2,1,2034,2000,
7,2,2,2034,2000,
7,2,3,2034,2000,
10,2,1,2034,3350,
10,2,2,2034,3350,
10,2,3,2034,3350,
13,2,1,2034,140,
13,2,2,2034,140,
13,2,3,2034,140,
2,2,1,2034,1690,
2,2,2,2034,1690,
2,2,3,2034,1690,
25,2,1,2034,70,
25,2,2,2034,70,
25,2,3,2034,70,
4,2,1,2034,600,
4,2,2,2034,600,
4,2,3,2034,600,
12,2,1,2034,90,
12,2,2,2034,90,
12,2,3,2034,90,
3,2,1,2034,840,
3,2,2,2034,840,
3,2,3,2034,840,
18,2,1,2034,570,
18,2,2,2034,570,
18,2,3,2034,570,
11,2,1,2034,640,
11,2,2,2034,640,
11,2,3,2034,640,
5,2,1,2034,830,
5,2,2,2034,830,
5,2,3,2034,830,
19,2,1,2034,210,
19,2,2,2034,210,
19,2,3,2034,210,
9,2,1,2034,1610,
9,2,2,2034,1610,
9,2,3,2034,1610,
8,2,1,2034,2260,
8,2,2,2034,2260,
8,2,3,2034,2260,
14,2,1,2034,1930,
14,2,2,2034,1930,
14,2,3,2034,1930,
1,2,1,2034,3000,
1,2,2,2034,3000,
1,2,3,2034,3000,
15,2,1,2035,1830,
15,2,2,2035,1830,
15,2,3,2035,1830,
16,2,1,2035,130,
16,2,2,2035,130,
16,2,3,2035,130,
20,2,1,2035,430,
20,2,2,2035,430,
20,2,3,2035,430,
6,2,1,2035,850,
6,2,2,2035,850,
6,2,3,2035,850,
17,2,1,2035,2880,
17,2,2,2035,2880,
17,2,3,2035,2880,
21,2,1,2035,70,
21,2,2,2035,70,
21,2,3,2035,70,
23,2,1,2035,20,
23,2,2,2035,20,
23,2,3,2035,20,
22,2,1,2035,170,
22,2,2,2035,170,
22,2,3,2035,170,
24,2,1,2035,50,
24,2,2,2035,50,
24,2,3,2035,50,
7,2,1,2035,2000,
7,2,2,2035,2000,
7,2,3,2035,2000,
10,2,1,2035,3350,
10,2,2,2035,3350,
10,2,3,2035,3350,
13,2,1,2035,140,
13,2,2,2035,140,
13,2,3,2035,140,
2,2,1,2035,1690,
2,2,2,2035,1690,
2,2,3,2035,1690,
25,2,1,2035,70,
25,2,2,2035,70,
25,2,3,2035,70,
4,2,1,2035,600,
4,2,2,2035,600,
4,2,3,2035,600,
12,2,1,2035,90,
12,2,2,2035,90,
12,2,3,2035,90,
3,2,1,2035,840,
3,2,2,2035,840,
3,2,3,2035,840,
18,2,1,2035,570,
18,2,2,2035,570,
18,2,3,2035,570,
11,2,1,2035,640,
11,2,2,2035,640,
11,2,3,2035,640,
5,2,1,2035,830,
5,2,2,2035,830,
5,2,3,2035,830,
19,2,1,2035,210,
19,2,2,2035,210,
19,2,3,2035,210,
9,2,1,2035,1610,
9,2,2,2035,1610,
9,2,3,2035,1610,
8,2,1,2035,2260,
8,2,2,2035,2260,
8,2,3,2035,2260,
14,2,1,2035,1930,
14,2,2,2035,1930,
14,2,3,2035,1930,
1,2,1,2035,3000,
1,2,2,2035,3000,
1,2,3,2035,3000,
15,2,1,2036,1830,
15,2,2,2036,1830,
15,2,3,2036,1830,
16,2,1,2036,130,
16,2,2,2036,130,
16,2,3,2036,130,
20,2,1,2036,430,
20,2,2,2036,430,
20,2,3,2036,430,
6,2,1,2036,850,
6,2,2,2036,850,
6,2,3,2036,850,
17,2,1,2036,2880,
17,2,2,2036,2880,
17,2,3,2036,2880,
21,2,1,2036,70,
21,2,2,2036,70,
21,2,3,2036,70,
23,2,1,2036,20,
23,2,2,2036,20,
23,2,3,2036,20,
22,2,1,2036,170,
22,2,2,2036,170,
22,2,3,2036,170,
24,2,1,2036,50,
24,2,2,2036,50,
24,2,3,2036,50,
7,2,1,2036,2000,
7,2,2,2036,2000,
7,2,3,2036,2000,
10,2,1,2036,3350,
10,2,2,2036,3350,
10,2,3,2036,3350,
13,2,1,2036,140,
13,2,2,2036,140,
13,2,3,2036,140,
2,2,1,2036,1690,
2,2,2,2036,1690,
2,2,3,2036,1690,
25,2,1,2036,70,
25,2,2,2036,70,
25,2,3,2036,70,
4,2,1,2036,600,
4,2,2,2036,600,
4,2,3,2036,600,
12,2,1,2036,90,
12,2,2,2036,90,
12,2,3,2036,90,
3,2,1,2036,840,
3,2,2,2036,840,
3,2,3,2036,840,
18,2,1,2036,570,
18,2,2,2036,570,
18,2,3,2036,570,
11,2,1,2036,640,
11,2,2,2036,640,
11,2,3,2036,640,
5,2,1,2036,830,
5,2,2,2036,830,
5,2,3,2036,830,
19,2,1,2036,210,
19,2,2,2036,210,
19,2,3,2036,210,
9,2,1,2036,1610,
9,2,2,2036,1610,
9,2,3,2036,1610,
8,2,1,2036,2260,
8,2,2,2036,2260,
8,2,3,2036,2260,
14,2,1,2036,1930,
14,2,2,2036,1930,
14,2,3,2036,1930,
1,2,1,2036,3000,
1,2,2,2036,3000,
1,2,3,2036,3000,
15,2,1,2037,1830,
15,2,2,2037,1830,
15,2,3,2037,1830,
16,2,1,2037,130,
16,2,2,2037,130,
16,2,3,2037,130,
20,2,1,2037,430,
20,2,2,2037,430,
20,2,3,2037,430,
6,2,1,2037,850,
6,2,2,2037,850,
6,2,3,2037,850,
17,2,1,2037,2880,
17,2,2,2037,2880,
17,2,3,2037,2880,
21,2,1,2037,70,
21,2,2,2037,70,
21,2,3,2037,70,
23,2,1,2037,20,
23,2,2,2037,20,
23,2,3,2037,20,
22,2,1,2037,170,
22,2,2,2037,170,
22,2,3,2037,170,
24,2,1,2037,50,
24,2,2,2037,50,
24,2,3,2037,50,
7,2,1,2037,2000,
7,2,2,2037,2000,
7,2,3,2037,2000,
10,2,1,2037,3350,
10,2,2,2037,3350,
10,2,3,2037,3350,
13,2,1,2037,140,
13,2,2,2037,140,
13,2,3,2037,140,
2,2,1,2037,1690,
2,2,2,2037,1690,
2,2,3,2037,1690,
25,2,1,2037,70,
25,2,2,2037,70,
25,2,3,2037,70,
4,2,1,2037,600,
4,2,2,2037,600,
4,2,3,2037,600,
12,2,1,2037,90,
12,2,2,2037,90,
12,2,3,2037,90,
3,2,1,2037,840,
3,2,2,2037,840,
3,2,3,2037,840,
18,2,1,2037,570,
18,2,2,2037,570,
18,2,3,2037,570,
11,2,1,2037,640,
11,2,2,2037,640,
11,2,3,2037,640,
5,2,1,2037,830,
5,2,2,2037,830,
5,2,3,2037,830,
19,2,1,2037,210,
19,2,2,2037,210,
19,2,3,2037,210,
9,2,1,2037,1610,
9,2,2,2037,1610,
9,2,3,2037,1610,
8,2,1,2037,2260,
8,2,2,2037,2260,
8,2,3,2037,2260,
14,2,1,2037,1930,
14,2,2,2037,1930,
14,2,3,2037,1930,
1,2,1,2037,3000,
1,2,2,2037,3000,
1,2,3,2037,3000,
15,2,1,2038,1830,
15,2,2,2038,1830,
15,2,3,2038,1830,
16,2,1,2038,130,
16,2,2,2038,130,
16,2,3,2038,130,
20,2,1,2038,430,
20,2,2,2038,430,
20,2,3,2038,430,
6,2,1,2038,850,
6,2,2,2038,850,
6,2,3,2038,850,
17,2,1,2038,2880,
17,2,2,2038,2880,
17,2,3,2038,2880,
21,2,1,2038,70,
21,2,2,2038,70,
21,2,3,2038,70,
23,2,1,2038,20,
23,2,2,2038,20,
23,2,3,2038,20,
22,2,1,2038,170,
22,2,2,2038,170,
22,2,3,2038,170,
24,2,1,2038,50,
24,2,2,2038,50,
24,2,3,2038,50,
7,2,1,2038,2000,
7,2,2,2038,2000,
7,2,3,2038,2000,
10,2,1,2038,3350,
10,2,2,2038,3350,
10,2,3,2038,3350,
13,2,1,2038,140,
13,2,2,2038,140,
13,2,3,2038,140,
2,2,1,2038,1690,
2,2,2,2038,1690,
2,2,3,2038,1690,
25,2,1,2038,70,
25,2,2,2038,70,
25,2,3,2038,70,
4,2,1,2038,600,
4,2,2,2038,600,
4,2,3,2038,600,
12,2,1,2038,90,
12,2,2,2038,90,
12,2,3,2038,90,
3,2,1,2038,840,
3,2,2,2038,840,
3,2,3,2038,840,
18,2,1,2038,570,
18,2,2,2038,570,
18,2,3,2038,570,
11,2,1,2038,640,
11,2,2,2038,640,
11,2,3,2038,640,
5,2,1,2038,830,
5,2,2,2038,830,
5,2,3,2038,830,
19,2,1,2038,210,
19,2,2,2038,210,
19,2,3,2038,210,
9,2,1,2038,1610,
9,2,2,2038,1610,
9,2,3,2038,1610,
8,2,1,2038,2260,
8,2,2,2038,2260,
8,2,3,2038,2260,
14,2,1,2038,1930,
14,2,2,2038,1930,
14,2,3,2038,1930,
1,2,1,2038,3000,
1,2,2,2038,3000,
1,2,3,2038,3000,
15,2,1,2039,1830,
15,2,2,2039,1830,
15,2,3,2039,1830,
16,2,1,2039,130,
16,2,2,2039,130,
16,2,3,2039,130,
20,2,1,2039,430,
20,2,2,2039,430,
20,2,3,2039,430,
6,2,1,2039,850,
6,2,2,2039,850,
6,2,3,2039,850,
17,2,1,2039,2880,
17,2,2,2039,2880,
17,2,3,2039,2880,
21,2,1,2039,70,
21,2,2,2039,70,
21,2,3,2039,70,
23,2,1,2039,20,
23,2,2,2039,20,
23,2,3,2039,20,
22,2,1,2039,170,
22,2,2,2039,170,
22,2,3,2039,170,
24,2,1,2039,50,
24,2,2,2039,50,
24,2,3,2039,50,
7,2,1,2039,2000,
7,2,2,2039,2000,
7,2,3,2039,2000,
10,2,1,2039,3350,
10,2,2,2039,3350,
10,2,3,2039,3350,
13,2,1,2039,140,
13,2,2,2039,140,
13,2,3,2039,140,
2,2,1,2039,1690,
2,2,2,2039,1690,
2,2,3,2039,1690,
25,2,1,2039,70,
25,2,2,2039,70,
25,2,3,2039,70,
4,2,1,2039,600,
4,2,2,2039,600,
4,2,3,2039,600,
12,2,1,2039,90,
12,2,2,2039,90,
12,2,3,2039,90,
3,2,1,2039,840,
3,2,2,2039,840,
3,2,3,2039,840,
18,2,1,2039,570,
18,2,2,2039,570,
18,2,3,2039,570,
11,2,1,2039,640,
11,2,2,2039,640,
11,2,3,2039,640,
5,2,1,2039,830,
5,2,2,2039,830,
5,2,3,2039,830,
19,2,1,2039,210,
19,2,2,2039,210,
19,2,3,2039,210,
9,2,1,2039,1610,
9,2,2,2039,1610,
9,2,3,2039,1610,
8,2,1,2039,2260,
8,2,2,2039,2260,
8,2,3,2039,2260,
14,2,1,2039,1930,
14,2,2,2039,1930,
14,2,3,2039,1930,
1,2,1,2039,3000,
1,2,2,2039,3000,
1,2,3,2039,3000,
15,2,1,2040,1830,
15,2,2,2040,1830,
15,2,3,2040,1830,
16,2,1,2040,130,
16,2,2,2040,130,
16,2,3,2040,130,
20,2,1,2040,430,
20,2,2,2040,430,
20,2,3,2040,430,
6,2,1,2040,850,
6,2,2,2040,850,
6,2,3,2040,850,
17,2,1,2040,2880,
17,2,2,2040,2880,
17,2,3,2040,2880,
21,2,1,2040,70,
21,2,2,2040,70,
21,2,3,2040,70,
23,2,1,2040,20,
23,2,2,2040,20,
23,2,3,2040,20,
22,2,1,2040,170,
22,2,2,2040,170,
22,2,3,2040,170,
24,2,1,2040,50,
24,2,2,2040,50,
24,2,3,2040,50,
7,2,1,2040,2000,
7,2,2,2040,2000,
7,2,3,2040,2000,
10,2,1,2040,3350,
10,2,2,2040,3350,
10,2,3,2040,3350,
13,2,1,2040,140,
13,2,2,2040,140,
13,2,3,2040,140,
2,2,1,2040,1690,
2,2,2,2040,1690,
2,2,3,2040,1690,
25,2,1,2040,70,
25,2,2,2040,70,
25,2,3,2040,70,
4,2,1,2040,600,
4,2,2,2040,600,
4,2,3,2040,600,
12,2,1,2040,90,
12,2,2,2040,90,
12,2,3,2040,90,
3,2,1,2040,840,
3,2,2,2040,840,
3,2,3,2040,840,
18,2,1,2040,570,
18,2,2,2040,570,
18,2,3,2040,570,
11,2,1,2040,640,
11,2,2,2040,640,
11,2,3,2040,640,
5,2,1,2040,830,
5,2,2,2040,830,
5,2,3,2040,830,
19,2,1,2040,210,
19,2,2,2040,210,
19,2,3,2040,210,
9,2,1,2040,1610,
9,2,2,2040,1610,
9,2,3,2040,1610,
8,2,1,2040,2260,
8,2,2,2040,2260,
8,2,3,2040,2260,
14,2,1,2040,1930,
14,2,2,2040,1930,
14,2,3,2040,1930,
1,2,1,2040,3000,
1,2,2,2040,3000,
1,2,3,2040,3000,
15,2,1,2041,1830,
15,2,2,2041,1830,
15,2,3,2041,1830,
16,2,1,2041,130,
16,2,2,2041,130,
16,2,3,2041,130,
20,2,1,2041,430,
20,2,2,2041,430,
20,2,3,2041,430,
6,2,1,2041,850,
6,2,2,2041,850,
6,2,3,2041,850,
17,2,1,2041,2880,
17,2,2,2041,2880,
17,2,3,2041,2880,
21,2,1,2041,70,
21,2,2,2041,70,
21,2,3,2041,70,
23,2,1,2041,20,
23,2,2,2041,20,
23,2,3,2041,20,
22,2,1,2041,170,
22,2,2,2041,170,
22,2,3,2041,170,
24,2,1,2041,50,
24,2,2,2041,50,
24,2,3,2041,50,
7,2,1,2041,2000,
7,2,2,2041,2000,
7,2,3,2041,2000,
10,2,1,2041,3350,
10,2,2,2041,3350,
10,2,3,2041,3350,
13,2,1,2041,140,
13,2,2,2041,140,
13,2,3,2041,140,
2,2,1,2041,1690,
2,2,2,2041,1690,
2,2,3,2041,1690,
25,2,1,2041,70,
25,2,2,2041,70,
25,2,3,2041,70,
4,2,1,2041,600,
4,2,2,2041,600,
4,2,3,2041,600,
12,2,1,2041,90,
12,2,2,2041,90,
12,2,3,2041,90,
3,2,1,2041,840,
3,2,2,2041,840,
3,2,3,2041,840,
18,2,1,2041,570,
18,2,2,2041,570,
18,2,3,2041,570,
11,2,1,2041,640,
11,2,2,2041,640,
11,2,3,2041,640,
5,2,1,2041,830,
5,2,2,2041,830,
5,2,3,2041,830,
19,2,1,2041,210,
19,2,2,2041,210,
19,2,3,2041,210,
9,2,1,2041,1610,
9,2,2,2041,1610,
9,2,3,2041,1610,
8,2,1,2041,2260,
8,2,2,2041,2260,
8,2,3,2041,2260,
14,2,1,2041,1930,
14,2,2,2041,1930,
14,2,3,2041,1930,
1,2,1,2041,3000,
1,2,2,2041,3000,
1,2,3,2041,3000,
15,2,1,2042,1830,
15,2,2,2042,1830,
15,2,3,2042,1830,
16,2,1,2042,130,
16,2,2,2042,130,
16,2,3,2042,130,
20,2,1,2042,430,
20,2,2,2042,430,
20,2,3,2042,430,
6,2,1,2042,850,
6,2,2,2042,850,
6,2,3,2042,850,
17,2,1,2042,2880,
17,2,2,2042,2880,
17,2,3,2042,2880,
21,2,1,2042,70,
21,2,2,2042,70,
21,2,3,2042,70,
23,2,1,2042,20,
23,2,2,2042,20,
23,2,3,2042,20,
22,2,1,2042,170,
22,2,2,2042,170,
22,2,3,2042,170,
24,2,1,2042,50,
24,2,2,2042,50,
24,2,3,2042,50,
7,2,1,2042,2000,
7,2,2,2042,2000,
7,2,3,2042,2000,
10,2,1,2042,3350,
10,2,2,2042,3350,
10,2,3,2042,3350,
13,2,1,2042,140,
13,2,2,2042,140,
13,2,3,2042,140,
2,2,1,2042,1690,
2,2,2,2042,1690,
2,2,3,2042,1690,
25,2,1,2042,70,
25,2,2,2042,70,
25,2,3,2042,70,
4,2,1,2042,600,
4,2,2,2042,600,
4,2,3,2042,600,
12,2,1,2042,90,
12,2,2,2042,90,
12,2,3,2042,90,
3,2,1,2042,840,
3,2,2,2042,840,
3,2,3,2042,840,
18,2,1,2042,570,
18,2,2,2042,570,
18,2,3,2042,570,
11,2,1,2042,640,
11,2,2,2042,640,
11,2,3,2042,640,
5,2,1,2042,830,
5,2,2,2042,830,
5,2,3,2042,830,
19,2,1,2042,210,
19,2,2,2042,210,
19,2,3,2042,210,
9,2,1,2042,1610,
9,2,2,2042,1610,
9,2,3,2042,1610,
8,2,1,2042,2260,
8,2,2,2042,2260,
8,2,3,2042,2260,
14,2,1,2042,1930,
14,2,2,2042,1930,
14,2,3,2042,1930,
1,2,1,2042,3000,
1,2,2,2042,3000,
1,2,3,2042,3000,
15,2,1,2043,1830,
15,2,2,2043,1830,
15,2,3,2043,1830,
16,2,1,2043,130,
16,2,2,2043,130,
16,2,3,2043,130,
20,2,1,2043,430,
20,2,2,2043,430,
20,2,3,2043,430,
6,2,1,2043,850,
6,2,2,2043,850,
6,2,3,2043,850,
17,2,1,2043,2880,
17,2,2,2043,2880,
17,2,3,2043,2880,
21,2,1,2043,70,
21,2,2,2043,70,
21,2,3,2043,70,
23,2,1,2043,20,
23,2,2,2043,20,
23,2,3,2043,20,
22,2,1,2043,170,
22,2,2,2043,170,
22,2,3,2043,170,
24,2,1,2043,50,
24,2,2,2043,50,
24,2,3,2043,50,
7,2,1,2043,2000,
7,2,2,2043,2000,
7,2,3,2043,2000,
10,2,1,2043,3350,
10,2,2,2043,3350,
10,2,3,2043,3350,
13,2,1,2043,140,
13,2,2,2043,140,
13,2,3,2043,140,
2,2,1,2043,1690,
2,2,2,2043,1690,
2,2,3,2043,1690,
25,2,1,2043,70,
25,2,2,2043,70,
25,2,3,2043,70,
4,2,1,2043,600,
4,2,2,2043,600,
4,2,3,2043,600,
12,2,1,2043,90,
12,2,2,2043,90,
12,2,3,2043,90,
3,2,1,2043,840,
3,2,2,2043,840,
3,2,3,2043,840,
18,2,1,2043,570,
18,2,2,2043,570,
18,2,3,2043,570,
11,2,1,2043,640,
11,2,2,2043,640,
11,2,3,2043,640,
5,2,1,2043,830,
5,2,2,2043,830,
5,2,3,2043,830,
19,2,1,2043,210,
19,2,2,2043,210,
19,2,3,2043,210,
9,2,1,2043,1610,
9,2,2,2043,1610,
9,2,3,2043,1610,
8,2,1,2043,2260,
8,2,2,2043,2260,
8,2,3,2043,2260,
14,2,1,2043,1930,
14,2,2,2043,1930,
14,2,3,2043,1930,
1,2,1,2043,3000,
1,2,2,2043,3000,
1,2,3,2043,3000,
15,2,1,2044,1830,
15,2,2,2044,1830,
15,2,3,2044,1830,
16,2,1,2044,130,
16,2,2,2044,130,
16,2,3,2044,130,
20,2,1,2044,430,
20,2,2,2044,430,
20,2,3,2044,430,
6,2,1,2044,850,
6,2,2,2044,850,
6,2,3,2044,850,
17,2,1,2044,2880,
17,2,2,2044,2880,
17,2,3,2044,2880,
21,2,1,2044,70,
21,2,2,2044,70,
21,2,3,2044,70,
23,2,1,2044,20,
23,2,2,2044,20,
23,2,3,2044,20,
22,2,1,2044,170,
22,2,2,2044,170,
22,2,3,2044,170,
24,2,1,2044,50,
24,2,2,2044,50,
24,2,3,2044,50,
7,2,1,2044,2000,
7,2,2,2044,2000,
7,2,3,2044,2000,
10,2,1,2044,3350,
10,2,2,2044,3350,
10,2,3,2044,3350,
13,2,1,2044,140,
13,2,2,2044,140,
13,2,3,2044,140,
2,2,1,2044,1690,
2,2,2,2044,1690,
2,2,3,2044,1690,
25,2,1,2044,70,
25,2,2,2044,70,
25,2,3,2044,70,
4,2,1,2044,600,
4,2,2,2044,600,
4,2,3,2044,600,
12,2,1,2044,90,
12,2,2,2044,90,
12,2,3,2044,90,
3,2,1,2044,840,
3,2,2,2044,840,
3,2,3,2044,840,
18,2,1,2044,570,
18,2,2,2044,570,
18,2,3,2044,570,
11,2,1,2044,640,
11,2,2,2044,640,
11,2,3,2044,640,
5,2,1,2044,830,
5,2,2,2044,830,
5,2,3,2044,830,
19,2,1,2044,210,
19,2,2,2044,210,
19,2,3,2044,210,
9,2,1,2044,1610,
9,2,2,2044,1610,
9,2,3,2044,1610,
8,2,1,2044,2260,
8,2,2,2044,2260,
8,2,3,2044,2260,
14,2,1,2044,1930,
14,2,2,2044,1930,
14,2,3,2044,1930,
1,2,1,2044,3000,
1,2,2,2044,3000,
1,2,3,2044,3000,
15,2,1,2045,1830,
15,2,2,2045,1830,
15,2,3,2045,1830,
16,2,1,2045,130,
16,2,2,2045,130,
16,2,3,2045,130,
20,2,1,2045,430,
20,2,2,2045,430,
20,2,3,2045,430,
6,2,1,2045,850,
6,2,2,2045,850,
6,2,3,2045,850,
17,2,1,2045,2880,
17,2,2,2045,2880,
17,2,3,2045,2880,
21,2,1,2045,70,
21,2,2,2045,70,
21,2,3,2045,70,
23,2,1,2045,20,
23,2,2,2045,20,
23,2,3,2045,20,
22,2,1,2045,170,
22,2,2,2045,170,
22,2,3,2045,170,
24,2,1,2045,50,
24,2,2,2045,50,
24,2,3,2045,50,
7,2,1,2045,2000,
7,2,2,2045,2000,
7,2,3,2045,2000,
10,2,1,2045,3350,
10,2,2,2045,3350,
10,2,3,2045,3350,
13,2,1,2045,140,
13,2,2,2045,140,
13,2,3,2045,140,
2,2,1,2045,1690,
2,2,2,2045,1690,
2,2,3,2045,1690,
25,2,1,2045,70,
25,2,2,2045,70,
25,2,3,2045,70,
4,2,1,2045,600,
4,2,2,2045,600,
4,2,3,2045,600,
12,2,1,2045,90,
12,2,2,2045,90,
12,2,3,2045,90,
3,2,1,2045,840,
3,2,2,2045,840,
3,2,3,2045,840,
18,2,1,2045,570,
18,2,2,2045,570,
18,2,3,2045,570,
11,2,1,2045,640,
11,2,2,2045,640,
11,2,3,2045,640,
5,2,1,2045,830,
5,2,2,2045,830,
5,2,3,2045,830,
19,2,1,2045,210,
19,2,2,2045,210,
19,2,3,2045,210,
9,2,1,2045,1610,
9,2,2,2045,1610,
9,2,3,2045,1610,
8,2,1,2045,2260,
8,2,2,2045,2260,
8,2,3,2045,2260,
14,2,1,2045,1930,
14,2,2,2045,1930,
14,2,3,2045,1930,
1,2,1,2045,3000,
1,2,2,2045,3000,
1,2,3,2045,3000,
15,2,1,2046,1830,
15,2,2,2046,1830,
15,2,3,2046,1830,
16,2,1,2046,130,
16,2,2,2046,130,
16,2,3,2046,130,
20,2,1,2046,430,
20,2,2,2046,430,
20,2,3,2046,430,
6,2,1,2046,850,
6,2,2,2046,850,
6,2,3,2046,850,
17,2,1,2046,2880,
17,2,2,2046,2880,
17,2,3,2046,2880,
21,2,1,2046,70,
21,2,2,2046,70,
21,2,3,2046,70,
23,2,1,2046,20,
23,2,2,2046,20,
23,2,3,2046,20,
22,2,1,2046,170,
22,2,2,2046,170,
22,2,3,2046,170,
24,2,1,2046,50,
24,2,2,2046,50,
24,2,3,2046,50,
7,2,1,2046,2000,
7,2,2,2046,2000,
7,2,3,2046,2000,
10,2,1,2046,3350,
10,2,2,2046,3350,
10,2,3,2046,3350,
13,2,1,2046,140,
13,2,2,2046,140,
13,2,3,2046,140,
2,2,1,2046,1690,
2,2,2,2046,1690,
2,2,3,2046,1690,
25,2,1,2046,70,
25,2,2,2046,70,
25,2,3,2046,70,
4,2,1,2046,600,
4,2,2,2046,600,
4,2,3,2046,600,
12,2,1,2046,90,
12,2,2,2046,90,
12,2,3,2046,90,
3,2,1,2046,840,
3,2,2,2046,840,
3,2,3,2046,840,
18,2,1,2046,570,
18,2,2,2046,570,
18,2,3,2046,570,
11,2,1,2046,640,
11,2,2,2046,640,
11,2,3,2046,640,
5,2,1,2046,830,
5,2,2,2046,830,
5,2,3,2046,830,
19,2,1,2046,210,
19,2,2,2046,210,
19,2,3,2046,210,
9,2,1,2046,1610,
9,2,2,2046,1610,
9,2,3,2046,1610,
8,2,1,2046,2260,
8,2,2,2046,2260,
8,2,3,2046,2260,
14,2,1,2046,1930,
14,2,2,2046,1930,
14,2,3,2046,1930,
1,2,1,2046,3000,
1,2,2,2046,3000,
1,2,3,2046,3000,
15,2,1,2047,1830,
15,2,2,2047,1830,
15,2,3,2047,1830,
16,2,1,2047,130,
16,2,2,2047,130,
16,2,3,2047,130,
20,2,1,2047,430,
20,2,2,2047,430,
20,2,3,2047,430,
6,2,1,2047,850,
6,2,2,2047,850,
6,2,3,2047,850,
17,2,1,2047,2880,
17,2,2,2047,2880,
17,2,3,2047,2880,
21,2,1,2047,70,
21,2,2,2047,70,
21,2,3,2047,70,
23,2,1,2047,20,
23,2,2,2047,20,
23,2,3,2047,20,
22,2,1,2047,170,
22,2,2,2047,170,
22,2,3,2047,170,
24,2,1,2047,50,
24,2,2,2047,50,
24,2,3,2047,50,
7,2,1,2047,2000,
7,2,2,2047,2000,
7,2,3,2047,2000,
10,2,1,2047,3350,
10,2,2,2047,3350,
10,2,3,2047,3350,
13,2,1,2047,140,
13,2,2,2047,140,
13,2,3,2047,140,
2,2,1,2047,1690,
2,2,2,2047,1690,
2,2,3,2047,1690,
25,2,1,2047,70,
25,2,2,2047,70,
25,2,3,2047,70,
4,2,1,2047,600,
4,2,2,2047,600,
4,2,3,2047,600,
12,2,1,2047,90,
12,2,2,2047,90,
12,2,3,2047,90,
3,2,1,2047,840,
3,2,2,2047,840,
3,2,3,2047,840,
18,2,1,2047,570,
18,2,2,2047,570,
18,2,3,2047,570,
11,2,1,2047,640,
11,2,2,2047,640,
11,2,3,2047,640,
5,2,1,2047,830,
5,2,2,2047,830,
5,2,3,2047,830,
19,2,1,2047,210,
19,2,2,2047,210,
19,2,3,2047,210,
9,2,1,2047,1610,
9,2,2,2047,1610,
9,2,3,2047,1610,
8,2,1,2047,2260,
8,2,2,2047,2260,
8,2,3,2047,2260,
14,2,1,2047,1930,
14,2,2,2047,1930,
14,2,3,2047,1930,
1,2,1,2047,3000,
1,2,2,2047,3000,
1,2,3,2047,3000,
15,2,1,2048,1830,
15,2,2,2048,1830,
15,2,3,2048,1830,
16,2,1,2048,130,
16,2,2,2048,130,
16,2,3,2048,130,
20,2,1,2048,430,
20,2,2,2048,430,
20,2,3,2048,430,
6,2,1,2048,850,
6,2,2,2048,850,
6,2,3,2048,850,
17,2,1,2048,2880,
17,2,2,2048,2880,
17,2,3,2048,2880,
21,2,1,2048,70,
21,2,2,2048,70,
21,2,3,2048,70,
23,2,1,2048,20,
23,2,2,2048,20,
23,2,3,2048,20,
22,2,1,2048,170,
22,2,2,2048,170,
22,2,3,2048,170,
24,2,1,2048,50,
24,2,2,2048,50,
24,2,3,2048,50,
7,2,1,2048,2000,
7,2,2,2048,2000,
7,2,3,2048,2000,
10,2,1,2048,3350,
10,2,2,2048,3350,
10,2,3,2048,3350,
13,2,1,2048,140,
13,2,2,2048,140,
13,2,3,2048,140,
2,2,1,2048,1690,
2,2,2,2048,1690,
2,2,3,2048,1690,
25,2,1,2048,70,
25,2,2,2048,70,
25,2,3,2048,70,
4,2,1,2048,600,
4,2,2,2048,600,
4,2,3,2048,600,
12,2,1,2048,90,
12,2,2,2048,90,
12,2,3,2048,90,
3,2,1,2048,840,
3,2,2,2048,840,
3,2,3,2048,840,
18,2,1,2048,570,
18,2,2,2048,570,
18,2,3,2048,570,
11,2,1,2048,640,
11,2,2,2048,640,
11,2,3,2048,640,
5,2,1,2048,830,
5,2,2,2048,830,
5,2,3,2048,830,
19,2,1,2048,210,
19,2,2,2048,210,
19,2,3,2048,210,
9,2,1,2048,1610,
9,2,2,2048,1610,
9,2,3,2048,1610,
8,2,1,2048,2260,
8,2,2,2048,2260,
8,2,3,2048,2260,
14,2,1,2048,1930,
14,2,2,2048,1930,
14,2,3,2048,1930,
1,2,1,2048,3000,
1,2,2,2048,3000,
1,2,3,2048,3000,
15,2,1,2049,1830,
15,2,2,2049,1830,
15,2,3,2049,1830,
16,2,1,2049,130,
16,2,2,2049,130,
16,2,3,2049,130,
20,2,1,2049,430,
20,2,2,2049,430,
20,2,3,2049,430,
6,2,1,2049,850,
6,2,2,2049,850,
6,2,3,2049,850,
17,2,1,2049,2880,
17,2,2,2049,2880,
17,2,3,2049,2880,
21,2,1,2049,70,
21,2,2,2049,70,
21,2,3,2049,70,
23,2,1,2049,20,
23,2,2,2049,20,
23,2,3,2049,20,
22,2,1,2049,170,
22,2,2,2049,170,
22,2,3,2049,170,
24,2,1,2049,50,
24,2,2,2049,50,
24,2,3,2049,50,
7,2,1,2049,2000,
7,2,2,2049,2000,
7,2,3,2049,2000,
10,2,1,2049,3350,
10,2,2,2049,3350,
10,2,3,2049,3350,
13,2,1,2049,140,
13,2,2,2049,140,
13,2,3,2049,140,
2,2,1,2049,1690,
2,2,2,2049,1690,
2,2,3,2049,1690,
25,2,1,2049,70,
25,2,2,2049,70,
25,2,3,2049,70,
4,2,1,2049,600,
4,2,2,2049,600,
4,2,3,2049,600,
12,2,1,2049,90,
12,2,2,2049,90,
12,2,3,2049,90,
3,2,1,2049,840,
3,2,2,2049,840,
3,2,3,2049,840,
18,2,1,2049,570,
18,2,2,2049,570,
18,2,3,2049,570,
11,2,1,2049,640,
11,2,2,2049,640,
11,2,3,2049,640,
5,2,1,2049,830,
5,2,2,2049,830,
5,2,3,2049,830,
19,2,1,2049,210,
19,2,2,2049,210,
19,2,3,2049,210,
9,2,1,2049,1610,
9,2,2,2049,1610,
9,2,3,2049,1610,
8,2,1,2049,2260,
8,2,2,2049,2260,
8,2,3,2049,2260,
14,2,1,2049,1930,
14,2,2,2049,1930,
14,2,3,2049,1930,
1,2,1,2049,3000,
1,2,2,2049,3000,
1,2,3,2049,3000,
15,2,1,2050,1830,
15,2,2,2050,1830,
15,2,3,2050,1830,
16,2,1,2050,130,
16,2,2,2050,130,
16,2,3,2050,130,
20,2,1,2050,430,
20,2,2,2050,430,
20,2,3,2050,430,
6,2,1,2050,850,
6,2,2,2050,850,
6,2,3,2050,850,
17,2,1,2050,2880,
17,2,2,2050,2880,
17,2,3,2050,2880,
21,2,1,2050,70,
21,2,2,2050,70,
21,2,3,2050,70,
23,2,1,2050,20,
23,2,2,2050,20,
23,2,3,2050,20,
22,2,1,2050,170,
22,2,2,2050,170,
22,2,3,2050,170,
24,2,1,2050,50,
24,2,2,2050,50,
24,2,3,2050,50,
7,2,1,2050,2000,
7,2,2,2050,2000,
7,2,3,2050,2000,
10,2,1,2050,3350,
10,2,2,2050,3350,
10,2,3,2050,3350,
13,2,1,2050,140,
13,2,2,2050,140,
13,2,3,2050,140,
2,2,1,2050,1690,
2,2,2,2050,1690,
2,2,3,2050,1690,
25,2,1,2050,70,
25,2,2,2050,70,
25,2,3,2050,70,
4,2,1,2050,600,
4,2,2,2050,600,
4,2,3,2050,600,
12,2,1,2050,90,
12,2,2,2050,90,
12,2,3,2050,90,
3,2,1,2050,840,
3,2,2,2050,840,
3,2,3,2050,840,
18,2,1,2050,570,
18,2,2,2050,570,
18,2,3,2050,570,
11,2,1,2050,640,
11,2,2,2050,640,
11,2,3,2050,640,
5,2,1,2050,830,
5,2,2,2050,830,
5,2,3,2050,830,
19,2,1,2050,210,
19,2,2,2050,210,
19,2,3,2050,210,
9,2,1,2050,1610,
9,2,2,2050,1610,
9,2,3,2050,1610,
8,2,1,2050,2260,
8,2,2,2050,2260,
8,2,3,2050,2260,
14,2,1,2050,1930,
14,2,2,2050,1930,
14,2,3,2050,1930,
1,2,1,2050,3000,
1,2,2,2050,3000,
1,2,3,2050,3000,
15,3,1,2023,4190,
15,3,2,2023,4190,
15,3,3,2023,4190,
16,3,1,2023,2600,
16,3,2,2023,2600,
16,3,3,2023,2600,
20,3,1,2023,1770,
20,3,2,2023,1770,
20,3,3,2023,1770,
6,3,1,2023,1720,
6,3,2,2023,1720,
6,3,3,2023,1720,
17,3,1,2023,1410,
17,3,2,2023,1410,
17,3,3,2023,1410,
21,3,1,2023,1390,
21,3,2,2023,1390,
21,3,3,2023,1390,
23,3,1,2023,390,
23,3,2,2023,390,
23,3,3,2023,390,
22,3,1,2023,2520,
22,3,2,2023,2520,
22,3,3,2023,2520,
24,3,1,2023,1020,
24,3,2,2023,1020,
24,3,3,2023,1020,
7,3,1,2023,460,
7,3,2,2023,460,
7,3,3,2023,460,
10,3,1,2023,1870,
10,3,2,2023,1870,
10,3,3,2023,1870,
13,3,1,2023,830,
13,3,2,2023,830,
13,3,3,2023,830,
2,3,1,2023,2510,
2,3,2,2023,2510,
2,3,3,2023,2510,
25,3,1,2023,480,
25,3,2,2023,480,
25,3,3,2023,480,
4,3,1,2023,2700,
4,3,2,2023,2700,
4,3,3,2023,2700,
12,3,1,2023,2470,
12,3,2,2023,2470,
12,3,3,2023,2470,
3,3,1,2023,2690,
3,3,2,2023,2690,
3,3,3,2023,2690,
18,3,1,2023,1590,
18,3,2,2023,1590,
18,3,3,2023,1590,
11,3,1,2023,3540,
11,3,2,2023,3540,
11,3,3,2023,3540,
5,3,1,2023,1290,
5,3,2,2023,1290,
5,3,3,2023,1290,
19,3,1,2023,720,
19,3,2,2023,720,
19,3,3,2023,720,
9,3,1,2023,50,
9,3,2,2023,50,
9,3,3,2023,50,
8,3,1,2023,780,
8,3,2,2023,780,
8,3,3,2023,780,
14,3,1,2023,2540,
14,3,2,2023,2540,
14,3,3,2023,2540,
1,3,1,2023,3030,
1,3,2,2023,3030,
1,3,3,2023,3030,
15,3,1,2024,4190,
15,3,2,2024,4190,
15,3,3,2024,4190,
16,3,1,2024,2350,
16,3,2,2024,2350,
16,3,3,2024,2350,
20,3,1,2024,1920,
20,3,2,2024,1920,
20,3,3,2024,1920,
6,3,1,2024,1720,
6,3,2,2024,1720,
6,3,3,2024,1720,
17,3,1,2024,1410,
17,3,2,2024,1410,
17,3,3,2024,1410,
21,3,1,2024,1440,
21,3,2,2024,1440,
21,3,3,2024,1440,
23,3,1,2024,390,
23,3,2,2024,390,
23,3,3,2024,390,
22,3,1,2024,2520,
22,3,2,2024,2520,
22,3,3,2024,2520,
24,3,1,2024,1020,
24,3,2,2024,1020,
24,3,3,2024,1020,
7,3,1,2024,490,
7,3,2,2024,490,
7,3,3,2024,490,
10,3,1,2024,1830,
10,3,2,2024,1830,
10,3,3,2024,1830,
13,3,1,2024,830,
13,3,2,2024,830,
13,3,3,2024,830,
2,3,1,2024,2550,
2,3,2,2024,2550,
2,3,3,2024,2550,
25,3,1,2024,490,
25,3,2,2024,490,
25,3,3,2024,490,
4,3,1,2024,2700,
4,3,2,2024,2700,
4,3,3,2024,2700,
12,3,1,2024,2470,
12,3,2,2024,2470,
12,3,3,2024,2470,
3,3,1,2024,2720,
3,3,2,2024,2720,
3,3,3,2024,2720,
18,3,1,2024,1600,
18,3,2,2024,1600,
18,3,3,2024,1600,
11,3,1,2024,3540,
11,3,2,2024,3540,
11,3,3,2024,3540,
5,3,1,2024,1290,
5,3,2,2024,1290,
5,3,3,2024,1290,
19,3,1,2024,920,
19,3,2,2024,920,
19,3,3,2024,920,
9,3,1,2024,50,
9,3,2,2024,50,
9,3,3,2024,50,
8,3,1,2024,790,
8,3,2,2024,790,
8,3,3,2024,790,
14,3,1,2024,2730,
14,3,2,2024,2730,
14,3,3,2024,2730,
1,3,1,2024,3170,
1,3,2,2024,3170,
1,3,3,2024,3170,
15,3,1,2025,4190,
15,3,2,2025,4190,
15,3,3,2025,4190,
16,3,1,2025,2350,
16,3,2,2025,2350,
16,3,3,2025,2350,
20,3,1,2025,1950,
20,3,2,2025,1950,
20,3,3,2025,1950,
6,3,1,2025,1720,
6,3,2,2025,1720,
6,3,3,2025,1720,
17,3,1,2025,1380,
17,3,2,2025,1380,
17,3,3,2025,1380,
21,3,1,2025,1440,
21,3,2,2025,1440,
21,3,3,2025,1440,
23,3,1,2025,390,
23,3,2,2025,390,
23,3,3,2025,390,
22,3,1,2025,2520,
22,3,2,2025,2520,
22,3,3,2025,2520,
24,3,1,2025,1020,
24,3,2,2025,1020,
24,3,3,2025,1020,
7,3,1,2025,490,
7,3,2,2025,490,
7,3,3,2025,490,
10,3,1,2025,1830,
10,3,2,2025,1830,
10,3,3,2025,1830,
13,3,1,2025,830,
13,3,2,2025,830,
13,3,3,2025,830,
2,3,1,2025,2570,
2,3,2,2025,2570,
2,3,3,2025,2570,
25,3,1,2025,490,
25,3,2,2025,490,
25,3,3,2025,490,
4,3,1,2025,2850,
4,3,2,2025,2850,
4,3,3,2025,2850,
12,3,1,2025,2470,
12,3,2,2025,2470,
12,3,3,2025,2470,
3,3,1,2025,2760,
3,3,2,2025,2760,
3,3,3,2025,2760,
18,3,1,2025,1600,
18,3,2,2025,1600,
18,3,3,2025,1600,
11,3,1,2025,3540,
11,3,2,2025,3540,
11,3,3,2025,3540,
5,3,1,2025,1290,
5,3,2,2025,1290,
5,3,3,2025,1290,
19,3,1,2025,860,
19,3,2,2025,860,
19,3,3,2025,860,
9,3,1,2025,50,
9,3,2,2025,50,
9,3,3,2025,50,
8,3,1,2025,790,
8,3,2,2025,790,
8,3,3,2025,790,
14,3,1,2025,2760,
14,3,2,2025,2760,
14,3,3,2025,2760,
1,3,1,2025,3370,
1,3,2,2025,3370,
1,3,3,2025,3370,
15,3,1,2026,4190,
15,3,2,2026,4190,
15,3,3,2026,4190,
16,3,1,2026,2350,
16,3,2,2026,2350,
16,3,3,2026,2350,
20,3,1,2026,1950,
20,3,2,2026,1950,
20,3,3,2026,1950,
6,3,1,2026,1720,
6,3,2,2026,1720,
6,3,3,2026,1720,
17,3,1,2026,1380,
17,3,2,2026,1380,
17,3,3,2026,1380,
21,3,1,2026,1440,
21,3,2,2026,1440,
21,3,3,2026,1440,
23,3,1,2026,390,
23,3,2,2026,390,
23,3,3,2026,390,
22,3,1,2026,2520,
22,3,2,2026,2520,
22,3,3,2026,2520,
24,3,1,2026,960,
24,3,2,2026,960,
24,3,3,2026,960,
7,3,1,2026,480,
7,3,2,2026,480,
7,3,3,2026,480,
10,3,1,2026,1830,
10,3,2,2026,1830,
10,3,3,2026,1830,
13,3,1,2026,830,
13,3,2,2026,830,
13,3,3,2026,830,
2,3,1,2026,2570,
2,3,2,2026,2570,
2,3,3,2026,2570,
25,3,1,2026,490,
25,3,2,2026,490,
25,3,3,2026,490,
4,3,1,2026,2850,
4,3,2,2026,2850,
4,3,3,2026,2850,
12,3,1,2026,2470,
12,3,2,2026,2470,
12,3,3,2026,2470,
3,3,1,2026,2660,
3,3,2,2026,2660,
3,3,3,2026,2660,
18,3,1,2026,1600,
18,3,2,2026,1600,
18,3,3,2026,1600,
11,3,1,2026,3540,
11,3,2,2026,3540,
11,3,3,2026,3540,
5,3,1,2026,1290,
5,3,2,2026,1290,
5,3,3,2026,1290,
19,3,1,2026,860,
19,3,2,2026,860,
19,3,3,2026,860,
9,3,1,2026,50,
9,3,2,2026,50,
9,3,3,2026,50,
8,3,1,2026,790,
8,3,2,2026,790,
8,3,3,2026,790,
14,3,1,2026,2760,
14,3,2,2026,2760,
14,3,3,2026,2760,
1,3,1,2026,3370,
1,3,2,2026,3370,
1,3,3,2026,3370,
15,3,1,2027,4190,
15,3,2,2027,4190,
15,3,3,2027,4190,
16,3,1,2027,2350,
16,3,2,2027,2350,
16,3,3,2027,2350,
20,3,1,2027,1950,
20,3,2,2027,1950,
20,3,3,2027,1950,
6,3,1,2027,1720,
6,3,2,2027,1720,
6,3,3,2027,1720,
17,3,1,2027,1530,
17,3,2,2027,1530,
17,3,3,2027,1530,
21,3,1,2027,1440,
21,3,2,2027,1440,
21,3,3,2027,1440,
23,3,1,2027,390,
23,3,2,2027,390,
23,3,3,2027,390,
22,3,1,2027,2500,
22,3,2,2027,2500,
22,3,3,2027,2500,
24,3,1,2027,960,
24,3,2,2027,960,
24,3,3,2027,960,
7,3,1,2027,480,
7,3,2,2027,480,
7,3,3,2027,480,
10,3,1,2027,1830,
10,3,2,2027,1830,
10,3,3,2027,1830,
13,3,1,2027,830,
13,3,2,2027,830,
13,3,3,2027,830,
2,3,1,2027,2570,
2,3,2,2027,2570,
2,3,3,2027,2570,
25,3,1,2027,490,
25,3,2,2027,490,
25,3,3,2027,490,
4,3,1,2027,2850,
4,3,2,2027,2850,
4,3,3,2027,2850,
12,3,1,2027,2470,
12,3,2,2027,2470,
12,3,3,2027,2470,
3,3,1,2027,2660,
3,3,2,2027,2660,
3,3,3,2027,2660,
18,3,1,2027,1600,
18,3,2,2027,1600,
18,3,3,2027,1600,
11,3,1,2027,3540,
11,3,2,2027,3540,
11,3,3,2027,3540,
5,3,1,2027,1290,
5,3,2,2027,1290,
5,3,3,2027,1290,
19,3,1,2027,860,
19,3,2,2027,860,
19,3,3,2027,860,
9,3,1,2027,50,
9,3,2,2027,50,
9,3,3,2027,50,
8,3,1,2027,790,
8,3,2,2027,790,
8,3,3,2027,790,
14,3,1,2027,2760,
14,3,2,2027,2760,
14,3,3,2027,2760,
1,3,1,2027,3370,
1,3,2,2027,3370,
1,3,3,2027,3370,
15,3,1,2028,4190,
15,3,2,2028,4190,
15,3,3,2028,4190,
16,3,1,2028,2350,
16,3,2,2028,2350,
16,3,3,2028,2350,
20,3,1,2028,1950,
20,3,2,2028,1950,
20,3,3,2028,1950,
6,3,1,2028,1720,
6,3,2,2028,1720,
6,3,3,2028,1720,
17,3,1,2028,1530,
17,3,2,2028,1530,
17,3,3,2028,1530,
21,3,1,2028,1440,
21,3,2,2028,1440,
21,3,3,2028,1440,
23,3,1,2028,390,
23,3,2,2028,390,
23,3,3,2028,390,
22,3,1,2028,2500,
22,3,2,2028,2500,
22,3,3,2028,2500,
24,3,1,2028,960,
24,3,2,2028,960,
24,3,3,2028,960,
7,3,1,2028,480,
7,3,2,2028,480,
7,3,3,2028,480,
10,3,1,2028,1830,
10,3,2,2028,1830,
10,3,3,2028,1830,
13,3,1,2028,830,
13,3,2,2028,830,
13,3,3,2028,830,
2,3,1,2028,2570,
2,3,2,2028,2570,
2,3,3,2028,2570,
25,3,1,2028,490,
25,3,2,2028,490,
25,3,3,2028,490,
4,3,1,2028,2850,
4,3,2,2028,2850,
4,3,3,2028,2850,
12,3,1,2028,2470,
12,3,2,2028,2470,
12,3,3,2028,2470,
3,3,1,2028,2660,
3,3,2,2028,2660,
3,3,3,2028,2660,
18,3,1,2028,1600,
18,3,2,2028,1600,
18,3,3,2028,1600,
11,3,1,2028,3540,
11,3,2,2028,3540,
11,3,3,2028,3540,
5,3,1,2028,1290,
5,3,2,2028,1290,
5,3,3,2028,1290,
19,3,1,2028,860,
19,3,2,2028,860,
19,3,3,2028,860,
9,3,1,2028,50,
9,3,2,2028,50,
9,3,3,2028,50,
8,3,1,2028,790,
8,3,2,2028,790,
8,3,3,2028,790,
14,3,1,2028,2760,
14,3,2,2028,2760,
14,3,3,2028,2760,
1,3,1,2028,3370,
1,3,2,2028,3370,
1,3,3,2028,3370,
15,3,1,2029,4190,
15,3,2,2029,4190,
15,3,3,2029,4190,
16,3,1,2029,2350,
16,3,2,2029,2350,
16,3,3,2029,2350,
20,3,1,2029,1950,
20,3,2,2029,1950,
20,3,3,2029,1950,
6,3,1,2029,1720,
6,3,2,2029,1720,
6,3,3,2029,1720,
17,3,1,2029,1530,
17,3,2,2029,1530,
17,3,3,2029,1530,
21,3,1,2029,1440,
21,3,2,2029,1440,
21,3,3,2029,1440,
23,3,1,2029,390,
23,3,2,2029,390,
23,3,3,2029,390,
22,3,1,2029,2500,
22,3,2,2029,2500,
22,3,3,2029,2500,
24,3,1,2029,960,
24,3,2,2029,960,
24,3,3,2029,960,
7,3,1,2029,480,
7,3,2,2029,480,
7,3,3,2029,480,
10,3,1,2029,1830,
10,3,2,2029,1830,
10,3,3,2029,1830,
13,3,1,2029,830,
13,3,2,2029,830,
13,3,3,2029,830,
2,3,1,2029,2570,
2,3,2,2029,2570,
2,3,3,2029,2570,
25,3,1,2029,490,
25,3,2,2029,490,
25,3,3,2029,490,
4,3,1,2029,2850,
4,3,2,2029,2850,
4,3,3,2029,2850,
12,3,1,2029,2470,
12,3,2,2029,2470,
12,3,3,2029,2470,
3,3,1,2029,2660,
3,3,2,2029,2660,
3,3,3,2029,2660,
18,3,1,2029,1600,
18,3,2,2029,1600,
18,3,3,2029,1600,
11,3,1,2029,3540,
11,3,2,2029,3540,
11,3,3,2029,3540,
5,3,1,2029,1290,
5,3,2,2029,1290,
5,3,3,2029,1290,
19,3,1,2029,860,
19,3,2,2029,860,
19,3,3,2029,860,
9,3,1,2029,50,
9,3,2,2029,50,
9,3,3,2029,50,
8,3,1,2029,790,
8,3,2,2029,790,
8,3,3,2029,790,
14,3,1,2029,2760,
14,3,2,2029,2760,
14,3,3,2029,2760,
1,3,1,2029,3370,
1,3,2,2029,3370,
1,3,3,2029,3370,
15,3,1,2030,4190,
15,3,2,2030,4190,
15,3,3,2030,4190,
16,3,1,2030,2350,
16,3,2,2030,2350,
16,3,3,2030,2350,
20,3,1,2030,1930,
20,3,2,2030,1930,
20,3,3,2030,1930,
6,3,1,2030,1690,
6,3,2,2030,1690,
6,3,3,2030,1690,
17,3,1,2030,1500,
17,3,2,2030,1500,
17,3,3,2030,1500,
21,3,1,2030,1430,
21,3,2,2030,1430,
21,3,3,2030,1430,
23,3,1,2030,390,
23,3,2,2030,390,
23,3,3,2030,390,
22,3,1,2030,2500,
22,3,2,2030,2500,
22,3,3,2030,2500,
24,3,1,2030,960,
24,3,2,2030,960,
24,3,3,2030,960,
7,3,1,2030,480,
7,3,2,2030,480,
7,3,3,2030,480,
10,3,1,2030,1830,
10,3,2,2030,1830,
10,3,3,2030,1830,
13,3,1,2030,830,
13,3,2,2030,830,
13,3,3,2030,830,
2,3,1,2030,2570,
2,3,2,2030,2570,
2,3,3,2030,2570,
25,3,1,2030,490,
25,3,2,2030,490,
25,3,3,2030,490,
4,3,1,2030,2850,
4,3,2,2030,2850,
4,3,3,2030,2850,
12,3,1,2030,2470,
12,3,2,2030,2470,
12,3,3,2030,2470,
3,3,1,2030,2660,
3,3,2,2030,2660,
3,3,3,2030,2660,
18,3,1,2030,1600,
18,3,2,2030,1600,
18,3,3,2030,1600,
11,3,1,2030,3540,
11,3,2,2030,3540,
11,3,3,2030,3540,
5,3,1,2030,1290,
5,3,2,2030,1290,
5,3,3,2030,1290,
19,3,1,2030,860,
19,3,2,2030,860,
19,3,3,2030,860,
9,3,1,2030,50,
9,3,2,2030,50,
9,3,3,2030,50,
8,3,1,2030,790,
8,3,2,2030,790,
8,3,3,2030,790,
14,3,1,2030,2760,
14,3,2,2030,2760,
14,3,3,2030,2760,
1,3,1,2030,3370,
1,3,2,2030,3370,
1,3,3,2030,3370,
15,3,1,2031,4190,
15,3,2,2031,4190,
15,3,3,2031,4190,
16,3,1,2031,2160,
16,3,2,2031,2160,
16,3,3,2031,2160,
20,3,1,2031,1930,
20,3,2,2031,1930,
20,3,3,2031,1930,
6,3,1,2031,1690,
6,3,2,2031,1690,
6,3,3,2031,1690,
17,3,1,2031,1500,
17,3,2,2031,1500,
17,3,3,2031,1500,
21,3,1,2031,1430,
21,3,2,2031,1430,
21,3,3,2031,1430,
23,3,1,2031,390,
23,3,2,2031,390,
23,3,3,2031,390,
22,3,1,2031,2500,
22,3,2,2031,2500,
22,3,3,2031,2500,
24,3,1,2031,960,
24,3,2,2031,960,
24,3,3,2031,960,
7,3,1,2031,480,
7,3,2,2031,480,
7,3,3,2031,480,
10,3,1,2031,1830,
10,3,2,2031,1830,
10,3,3,2031,1830,
13,3,1,2031,830,
13,3,2,2031,830,
13,3,3,2031,830,
2,3,1,2031,2570,
2,3,2,2031,2570,
2,3,3,2031,2570,
25,3,1,2031,490,
25,3,2,2031,490,
25,3,3,2031,490,
4,3,1,2031,2850,
4,3,2,2031,2850,
4,3,3,2031,2850,
12,3,1,2031,2470,
12,3,2,2031,2470,
12,3,3,2031,2470,
3,3,1,2031,2660,
3,3,2,2031,2660,
3,3,3,2031,2660,
18,3,1,2031,1600,
18,3,2,2031,1600,
18,3,3,2031,1600,
11,3,1,2031,3540,
11,3,2,2031,3540,
11,3,3,2031,3540,
5,3,1,2031,1290,
5,3,2,2031,1290,
5,3,3,2031,1290,
19,3,1,2031,860,
19,3,2,2031,860,
19,3,3,2031,860,
9,3,1,2031,50,
9,3,2,2031,50,
9,3,3,2031,50,
8,3,1,2031,790,
8,3,2,2031,790,
8,3,3,2031,790,
14,3,1,2031,2760,
14,3,2,2031,2760,
14,3,3,2031,2760,
1,3,1,2031,3310,
1,3,2,2031,3310,
1,3,3,2031,3310,
15,3,1,2032,4190,
15,3,2,2032,4190,
15,3,3,2032,4190,
16,3,1,2032,2160,
16,3,2,2032,2160,
16,3,3,2032,2160,
20,3,1,2032,1930,
20,3,2,2032,1930,
20,3,3,2032,1930,
6,3,1,2032,1690,
6,3,2,2032,1690,
6,3,3,2032,1690,
17,3,1,2032,1500,
17,3,2,2032,1500,
17,3,3,2032,1500,
21,3,1,2032,1430,
21,3,2,2032,1430,
21,3,3,2032,1430,
23,3,1,2032,390,
23,3,2,2032,390,
23,3,3,2032,390,
22,3,1,2032,2500,
22,3,2,2032,2500,
22,3,3,2032,2500,
24,3,1,2032,960,
24,3,2,2032,960,
24,3,3,2032,960,
7,3,1,2032,480,
7,3,2,2032,480,
7,3,3,2032,480,
10,3,1,2032,1830,
10,3,2,2032,1830,
10,3,3,2032,1830,
13,3,1,2032,830,
13,3,2,2032,830,
13,3,3,2032,830,
2,3,1,2032,2570,
2,3,2,2032,2570,
2,3,3,2032,2570,
25,3,1,2032,450,
25,3,2,2032,450,
25,3,3,2032,450,
4,3,1,2032,2850,
4,3,2,2032,2850,
4,3,3,2032,2850,
12,3,1,2032,2470,
12,3,2,2032,2470,
12,3,3,2032,2470,
3,3,1,2032,2660,
3,3,2,2032,2660,
3,3,3,2032,2660,
18,3,1,2032,1600,
18,3,2,2032,1600,
18,3,3,2032,1600,
11,3,1,2032,3540,
11,3,2,2032,3540,
11,3,3,2032,3540,
5,3,1,2032,1290,
5,3,2,2032,1290,
5,3,3,2032,1290,
19,3,1,2032,860,
19,3,2,2032,860,
19,3,3,2032,860,
9,3,1,2032,50,
9,3,2,2032,50,
9,3,3,2032,50,
8,3,1,2032,790,
8,3,2,2032,790,
8,3,3,2032,790,
14,3,1,2032,2760,
14,3,2,2032,2760,
14,3,3,2032,2760,
1,3,1,2032,3310,
1,3,2,2032,3310,
1,3,3,2032,3310,
15,3,1,2033,4190,
15,3,2,2033,4190,
15,3,3,2033,4190,
16,3,1,2033,2160,
16,3,2,2033,2160,
16,3,3,2033,2160,
20,3,1,2033,1930,
20,3,2,2033,1930,
20,3,3,2033,1930,
6,3,1,2033,1690,
6,3,2,2033,1690,
6,3,3,2033,1690,
17,3,1,2033,1500,
17,3,2,2033,1500,
17,3,3,2033,1500,
21,3,1,2033,1430,
21,3,2,2033,1430,
21,3,3,2033,1430,
23,3,1,2033,390,
23,3,2,2033,390,
23,3,3,2033,390,
22,3,1,2033,2500,
22,3,2,2033,2500,
22,3,3,2033,2500,
24,3,1,2033,960,
24,3,2,2033,960,
24,3,3,2033,960,
7,3,1,2033,480,
7,3,2,2033,480,
7,3,3,2033,480,
10,3,1,2033,1830,
10,3,2,2033,1830,
10,3,3,2033,1830,
13,3,1,2033,830,
13,3,2,2033,830,
13,3,3,2033,830,
2,3,1,2033,2570,
2,3,2,2033,2570,
2,3,3,2033,2570,
25,3,1,2033,450,
25,3,2,2033,450,
25,3,3,2033,450,
4,3,1,2033,2850,
4,3,2,2033,2850,
4,3,3,2033,2850,
12,3,1,2033,2470,
12,3,2,2033,2470,
12,3,3,2033,2470,
3,3,1,2033,2660,
3,3,2,2033,2660,
3,3,3,2033,2660,
18,3,1,2033,1600,
18,3,2,2033,1600,
18,3,3,2033,1600,
11,3,1,2033,3540,
11,3,2,2033,3540,
11,3,3,2033,3540,
5,3,1,2033,1290,
5,3,2,2033,1290,
5,3,3,2033,1290,
19,3,1,2033,860,
19,3,2,2033,860,
19,3,3,2033,860,
9,3,1,2033,50,
9,3,2,2033,50,
9,3,3,2033,50,
8,3,1,2033,790,
8,3,2,2033,790,
8,3,3,2033,790,
14,3,1,2033,2760,
14,3,2,2033,2760,
14,3,3,2033,2760,
1,3,1,2033,3310,
1,3,2,2033,3310,
1,3,3,2033,3310,
15,3,1,2034,4190,
15,3,2,2034,4190,
15,3,3,2034,4190,
16,3,1,2034,2160,
16,3,2,2034,2160,
16,3,3,2034,2160,
20,3,1,2034,1930,
20,3,2,2034,1930,
20,3,3,2034,1930,
6,3,1,2034,1690,
6,3,2,2034,1690,
6,3,3,2034,1690,
17,3,1,2034,1500,
17,3,2,2034,1500,
17,3,3,2034,1500,
21,3,1,2034,1430,
21,3,2,2034,1430,
21,3,3,2034,1430,
23,3,1,2034,390,
23,3,2,2034,390,
23,3,3,2034,390,
22,3,1,2034,2500,
22,3,2,2034,2500,
22,3,3,2034,2500,
24,3,1,2034,960,
24,3,2,2034,960,
24,3,3,2034,960,
7,3,1,2034,480,
7,3,2,2034,480,
7,3,3,2034,480,
10,3,1,2034,1830,
10,3,2,2034,1830,
10,3,3,2034,1830,
13,3,1,2034,830,
13,3,2,2034,830,
13,3,3,2034,830,
2,3,1,2034,2570,
2,3,2,2034,2570,
2,3,3,2034,2570,
25,3,1,2034,450,
25,3,2,2034,450,
25,3,3,2034,450,
4,3,1,2034,2850,
4,3,2,2034,2850,
4,3,3,2034,2850,
12,3,1,2034,2470,
12,3,2,2034,2470,
12,3,3,2034,2470,
3,3,1,2034,2660,
3,3,2,2034,2660,
3,3,3,2034,2660,
18,3,1,2034,1600,
18,3,2,2034,1600,
18,3,3,2034,1600,
11,3,1,2034,3540,
11,3,2,2034,3540,
11,3,3,2034,3540,
5,3,1,2034,1290,
5,3,2,2034,1290,
5,3,3,2034,1290,
19,3,1,2034,860,
19,3,2,2034,860,
19,3,3,2034,860,
9,3,1,2034,50,
9,3,2,2034,50,
9,3,3,2034,50,
8,3,1,2034,790,
8,3,2,2034,790,
8,3,3,2034,790,
14,3,1,2034,2760,
14,3,2,2034,2760,
14,3,3,2034,2760,
1,3,1,2034,3310,
1,3,2,2034,3310,
1,3,3,2034,3310,
15,3,1,2035,4190,
15,3,2,2035,4190,
15,3,3,2035,4190,
16,3,1,2035,2160,
16,3,2,2035,2160,
16,3,3,2035,2160,
20,3,1,2035,1930,
20,3,2,2035,1930,
20,3,3,2035,1930,
6,3,1,2035,1690,
6,3,2,2035,1690,
6,3,3,2035,1690,
17,3,1,2035,1500,
17,3,2,2035,1500,
17,3,3,2035,1500,
21,3,1,2035,1430,
21,3,2,2035,1430,
21,3,3,2035,1430,
23,3,1,2035,370,
23,3,2,2035,370,
23,3,3,2035,370,
22,3,1,2035,2500,
22,3,2,2035,2500,
22,3,3,2035,2500,
24,3,1,2035,960,
24,3,2,2035,960,
24,3,3,2035,960,
7,3,1,2035,480,
7,3,2,2035,480,
7,3,3,2035,480,
10,3,1,2035,1830,
10,3,2,2035,1830,
10,3,3,2035,1830,
13,3,1,2035,830,
13,3,2,2035,830,
13,3,3,2035,830,
2,3,1,2035,2570,
2,3,2,2035,2570,
2,3,3,2035,2570,
25,3,1,2035,450,
25,3,2,2035,450,
25,3,3,2035,450,
4,3,1,2035,2850,
4,3,2,2035,2850,
4,3,3,2035,2850,
12,3,1,2035,2470,
12,3,2,2035,2470,
12,3,3,2035,2470,
3,3,1,2035,2660,
3,3,2,2035,2660,
3,3,3,2035,2660,
18,3,1,2035,1540,
18,3,2,2035,1540,
18,3,3,2035,1540,
11,3,1,2035,3540,
11,3,2,2035,3540,
11,3,3,2035,3540,
5,3,1,2035,1290,
5,3,2,2035,1290,
5,3,3,2035,1290,
19,3,1,2035,860,
19,3,2,2035,860,
19,3,3,2035,860,
9,3,1,2035,50,
9,3,2,2035,50,
9,3,3,2035,50,
8,3,1,2035,790,
8,3,2,2035,790,
8,3,3,2035,790,
14,3,1,2035,2760,
14,3,2,2035,2760,
14,3,3,2035,2760,
1,3,1,2035,3310,
1,3,2,2035,3310,
1,3,3,2035,3310,
15,3,1,2036,4190,
15,3,2,2036,4190,
15,3,3,2036,4190,
16,3,1,2036,2160,
16,3,2,2036,2160,
16,3,3,2036,2160,
20,3,1,2036,1930,
20,3,2,2036,1930,
20,3,3,2036,1930,
6,3,1,2036,1690,
6,3,2,2036,1690,
6,3,3,2036,1690,
17,3,1,2036,1500,
17,3,2,2036,1500,
17,3,3,2036,1500,
21,3,1,2036,1430,
21,3,2,2036,1430,
21,3,3,2036,1430,
23,3,1,2036,370,
23,3,2,2036,370,
23,3,3,2036,370,
22,3,1,2036,2500,
22,3,2,2036,2500,
22,3,3,2036,2500,
24,3,1,2036,960,
24,3,2,2036,960,
24,3,3,2036,960,
7,3,1,2036,480,
7,3,2,2036,480,
7,3,3,2036,480,
10,3,1,2036,1830,
10,3,2,2036,1830,
10,3,3,2036,1830,
13,3,1,2036,830,
13,3,2,2036,830,
13,3,3,2036,830,
2,3,1,2036,2570,
2,3,2,2036,2570,
2,3,3,2036,2570,
25,3,1,2036,450,
25,3,2,2036,450,
25,3,3,2036,450,
4,3,1,2036,2850,
4,3,2,2036,2850,
4,3,3,2036,2850,
12,3,1,2036,2470,
12,3,2,2036,2470,
12,3,3,2036,2470,
3,3,1,2036,2660,
3,3,2,2036,2660,
3,3,3,2036,2660,
18,3,1,2036,1540,
18,3,2,2036,1540,
18,3,3,2036,1540,
11,3,1,2036,3540,
11,3,2,2036,3540,
11,3,3,2036,3540,
5,3,1,2036,1290,
5,3,2,2036,1290,
5,3,3,2036,1290,
19,3,1,2036,860,
19,3,2,2036,860,
19,3,3,2036,860,
9,3,1,2036,50,
9,3,2,2036,50,
9,3,3,2036,50,
8,3,1,2036,790,
8,3,2,2036,790,
8,3,3,2036,790,
14,3,1,2036,2760,
14,3,2,2036,2760,
14,3,3,2036,2760,
1,3,1,2036,3310,
1,3,2,2036,3310,
1,3,3,2036,3310,
15,3,1,2037,4190,
15,3,2,2037,4190,
15,3,3,2037,4190,
16,3,1,2037,2160,
16,3,2,2037,2160,
16,3,3,2037,2160,
20,3,1,2037,1930,
20,3,2,2037,1930,
20,3,3,2037,1930,
6,3,1,2037,1690,
6,3,2,2037,1690,
6,3,3,2037,1690,
17,3,1,2037,1500,
17,3,2,2037,1500,
17,3,3,2037,1500,
21,3,1,2037,1430,
21,3,2,2037,1430,
21,3,3,2037,1430,
23,3,1,2037,370,
23,3,2,2037,370,
23,3,3,2037,370,
22,3,1,2037,2500,
22,3,2,2037,2500,
22,3,3,2037,2500,
24,3,1,2037,960,
24,3,2,2037,960,
24,3,3,2037,960,
7,3,1,2037,480,
7,3,2,2037,480,
7,3,3,2037,480,
10,3,1,2037,1830,
10,3,2,2037,1830,
10,3,3,2037,1830,
13,3,1,2037,830,
13,3,2,2037,830,
13,3,3,2037,830,
2,3,1,2037,2570,
2,3,2,2037,2570,
2,3,3,2037,2570,
25,3,1,2037,450,
25,3,2,2037,450,
25,3,3,2037,450,
4,3,1,2037,2850,
4,3,2,2037,2850,
4,3,3,2037,2850,
12,3,1,2037,2470,
12,3,2,2037,2470,
12,3,3,2037,2470,
3,3,1,2037,2660,
3,3,2,2037,2660,
3,3,3,2037,2660,
18,3,1,2037,1540,
18,3,2,2037,1540,
18,3,3,2037,1540,
11,3,1,2037,3540,
11,3,2,2037,3540,
11,3,3,2037,3540,
5,3,1,2037,1290,
5,3,2,2037,1290,
5,3,3,2037,1290,
19,3,1,2037,860,
19,3,2,2037,860,
19,3,3,2037,860,
9,3,1,2037,50,
9,3,2,2037,50,
9,3,3,2037,50,
8,3,1,2037,790,
8,3,2,2037,790,
8,3,3,2037,790,
14,3,1,2037,2760,
14,3,2,2037,2760,
14,3,3,2037,2760,
1,3,1,2037,3310,
1,3,2,2037,3310,
1,3,3,2037,3310,
15,3,1,2038,4190,
15,3,2,2038,4190,
15,3,3,2038,4190,
16,3,1,2038,2160,
16,3,2,2038,2160,
16,3,3,2038,2160,
20,3,1,2038,1930,
20,3,2,2038,1930,
20,3,3,2038,1930,
6,3,1,2038,1690,
6,3,2,2038,1690,
6,3,3,2038,1690,
17,3,1,2038,1500,
17,3,2,2038,1500,
17,3,3,2038,1500,
21,3,1,2038,1430,
21,3,2,2038,1430,
21,3,3,2038,1430,
23,3,1,2038,370,
23,3,2,2038,370,
23,3,3,2038,370,
22,3,1,2038,2500,
22,3,2,2038,2500,
22,3,3,2038,2500,
24,3,1,2038,960,
24,3,2,2038,960,
24,3,3,2038,960,
7,3,1,2038,480,
7,3,2,2038,480,
7,3,3,2038,480,
10,3,1,2038,1830,
10,3,2,2038,1830,
10,3,3,2038,1830,
13,3,1,2038,830,
13,3,2,2038,830,
13,3,3,2038,830,
2,3,1,2038,2570,
2,3,2,2038,2570,
2,3,3,2038,2570,
25,3,1,2038,450,
25,3,2,2038,450,
25,3,3,2038,450,
4,3,1,2038,2850,
4,3,2,2038,2850,
4,3,3,2038,2850,
12,3,1,2038,2470,
12,3,2,2038,2470,
12,3,3,2038,2470,
3,3,1,2038,2660,
3,3,2,2038,2660,
3,3,3,2038,2660,
18,3,1,2038,1540,
18,3,2,2038,1540,
18,3,3,2038,1540,
11,3,1,2038,3540,
11,3,2,2038,3540,
11,3,3,2038,3540,
5,3,1,2038,1290,
5,3,2,2038,1290,
5,3,3,2038,1290,
19,3,1,2038,860,
19,3,2,2038,860,
19,3,3,2038,860,
9,3,1,2038,50,
9,3,2,2038,50,
9,3,3,2038,50,
8,3,1,2038,790,
8,3,2,2038,790,
8,3,3,2038,790,
14,3,1,2038,2760,
14,3,2,2038,2760,
14,3,3,2038,2760,
1,3,1,2038,3310,
1,3,2,2038,3310,
1,3,3,2038,3310,
15,3,1,2039,4190,
15,3,2,2039,4190,
15,3,3,2039,4190,
16,3,1,2039,2160,
16,3,2,2039,2160,
16,3,3,2039,2160,
20,3,1,2039,1930,
20,3,2,2039,1930,
20,3,3,2039,1930,
6,3,1,2039,1690,
6,3,2,2039,1690,
6,3,3,2039,1690,
17,3,1,2039,1500,
17,3,2,2039,1500,
17,3,3,2039,1500,
21,3,1,2039,1430,
21,3,2,2039,1430,
21,3,3,2039,1430,
23,3,1,2039,370,
23,3,2,2039,370,
23,3,3,2039,370,
22,3,1,2039,2500,
22,3,2,2039,2500,
22,3,3,2039,2500,
24,3,1,2039,960,
24,3,2,2039,960,
24,3,3,2039,960,
7,3,1,2039,480,
7,3,2,2039,480,
7,3,3,2039,480,
10,3,1,2039,1830,
10,3,2,2039,1830,
10,3,3,2039,1830,
13,3,1,2039,830,
13,3,2,2039,830,
13,3,3,2039,830,
2,3,1,2039,2570,
2,3,2,2039,2570,
2,3,3,2039,2570,
25,3,1,2039,450,
25,3,2,2039,450,
25,3,3,2039,450,
4,3,1,2039,2850,
4,3,2,2039,2850,
4,3,3,2039,2850,
12,3,1,2039,2470,
12,3,2,2039,2470,
12,3,3,2039,2470,
3,3,1,2039,2660,
3,3,2,2039,2660,
3,3,3,2039,2660,
18,3,1,2039,1540,
18,3,2,2039,1540,
18,3,3,2039,1540,
11,3,1,2039,3540,
11,3,2,2039,3540,
11,3,3,2039,3540,
5,3,1,2039,1290,
5,3,2,2039,1290,
5,3,3,2039,1290,
19,3,1,2039,860,
19,3,2,2039,860,
19,3,3,2039,860,
9,3,1,2039,50,
9,3,2,2039,50,
9,3,3,2039,50,
8,3,1,2039,790,
8,3,2,2039,790,
8,3,3,2039,790,
14,3,1,2039,2760,
14,3,2,2039,2760,
14,3,3,2039,2760,
1,3,1,2039,3310,
1,3,2,2039,3310,
1,3,3,2039,3310,
15,3,1,2040,4190,
15,3,2,2040,4190,
15,3,3,2040,4190,
16,3,1,2040,2160,
16,3,2,2040,2160,
16,3,3,2040,2160,
20,3,1,2040,1930,
20,3,2,2040,1930,
20,3,3,2040,1930,
6,3,1,2040,1690,
6,3,2,2040,1690,
6,3,3,2040,1690,
17,3,1,2040,1430,
17,3,2,2040,1430,
17,3,3,2040,1430,
21,3,1,2040,1430,
21,3,2,2040,1430,
21,3,3,2040,1430,
23,3,1,2040,370,
23,3,2,2040,370,
23,3,3,2040,370,
22,3,1,2040,2500,
22,3,2,2040,2500,
22,3,3,2040,2500,
24,3,1,2040,960,
24,3,2,2040,960,
24,3,3,2040,960,
7,3,1,2040,480,
7,3,2,2040,480,
7,3,3,2040,480,
10,3,1,2040,1830,
10,3,2,2040,1830,
10,3,3,2040,1830,
13,3,1,2040,830,
13,3,2,2040,830,
13,3,3,2040,830,
2,3,1,2040,2570,
2,3,2,2040,2570,
2,3,3,2040,2570,
25,3,1,2040,450,
25,3,2,2040,450,
25,3,3,2040,450,
4,3,1,2040,2850,
4,3,2,2040,2850,
4,3,3,2040,2850,
12,3,1,2040,2470,
12,3,2,2040,2470,
12,3,3,2040,2470,
3,3,1,2040,2660,
3,3,2,2040,2660,
3,3,3,2040,2660,
18,3,1,2040,1540,
18,3,2,2040,1540,
18,3,3,2040,1540,
11,3,1,2040,3540,
11,3,2,2040,3540,
11,3,3,2040,3540,
5,3,1,2040,1290,
5,3,2,2040,1290,
5,3,3,2040,1290,
19,3,1,2040,860,
19,3,2,2040,860,
19,3,3,2040,860,
9,3,1,2040,50,
9,3,2,2040,50,
9,3,3,2040,50,
8,3,1,2040,790,
8,3,2,2040,790,
8,3,3,2040,790,
14,3,1,2040,2760,
14,3,2,2040,2760,
14,3,3,2040,2760,
1,3,1,2040,3310,
1,3,2,2040,3310,
1,3,3,2040,3310,
15,3,1,2041,4190,
15,3,2,2041,4190,
15,3,3,2041,4190,
16,3,1,2041,2160,
16,3,2,2041,2160,
16,3,3,2041,2160,
20,3,1,2041,1930,
20,3,2,2041,1930,
20,3,3,2041,1930,
6,3,1,2041,1690,
6,3,2,2041,1690,
6,3,3,2041,1690,
17,3,1,2041,1430,
17,3,2,2041,1430,
17,3,3,2041,1430,
21,3,1,2041,1430,
21,3,2,2041,1430,
21,3,3,2041,1430,
23,3,1,2041,370,
23,3,2,2041,370,
23,3,3,2041,370,
22,3,1,2041,2500,
22,3,2,2041,2500,
22,3,3,2041,2500,
24,3,1,2041,960,
24,3,2,2041,960,
24,3,3,2041,960,
7,3,1,2041,480,
7,3,2,2041,480,
7,3,3,2041,480,
10,3,1,2041,1830,
10,3,2,2041,1830,
10,3,3,2041,1830,
13,3,1,2041,830,
13,3,2,2041,830,
13,3,3,2041,830,
2,3,1,2041,2570,
2,3,2,2041,2570,
2,3,3,2041,2570,
25,3,1,2041,450,
25,3,2,2041,450,
25,3,3,2041,450,
4,3,1,2041,2850,
4,3,2,2041,2850,
4,3,3,2041,2850,
12,3,1,2041,2470,
12,3,2,2041,2470,
12,3,3,2041,2470,
3,3,1,2041,2660,
3,3,2,2041,2660,
3,3,3,2041,2660,
18,3,1,2041,1540,
18,3,2,2041,1540,
18,3,3,2041,1540,
11,3,1,2041,3540,
11,3,2,2041,3540,
11,3,3,2041,3540,
5,3,1,2041,1290,
5,3,2,2041,1290,
5,3,3,2041,1290,
19,3,1,2041,860,
19,3,2,2041,860,
19,3,3,2041,860,
9,3,1,2041,50,
9,3,2,2041,50,
9,3,3,2041,50,
8,3,1,2041,790,
8,3,2,2041,790,
8,3,3,2041,790,
14,3,1,2041,2760,
14,3,2,2041,2760,
14,3,3,2041,2760,
1,3,1,2041,3310,
1,3,2,2041,3310,
1,3,3,2041,3310,
15,3,1,2042,4190,
15,3,2,2042,4190,
15,3,3,2042,4190,
16,3,1,2042,2160,
16,3,2,2042,2160,
16,3,3,2042,2160,
20,3,1,2042,1930,
20,3,2,2042,1930,
20,3,3,2042,1930,
6,3,1,2042,1690,
6,3,2,2042,1690,
6,3,3,2042,1690,
17,3,1,2042,1430,
17,3,2,2042,1430,
17,3,3,2042,1430,
21,3,1,2042,1430,
21,3,2,2042,1430,
21,3,3,2042,1430,
23,3,1,2042,370,
23,3,2,2042,370,
23,3,3,2042,370,
22,3,1,2042,2500,
22,3,2,2042,2500,
22,3,3,2042,2500,
24,3,1,2042,960,
24,3,2,2042,960,
24,3,3,2042,960,
7,3,1,2042,480,
7,3,2,2042,480,
7,3,3,2042,480,
10,3,1,2042,1830,
10,3,2,2042,1830,
10,3,3,2042,1830,
13,3,1,2042,830,
13,3,2,2042,830,
13,3,3,2042,830,
2,3,1,2042,2570,
2,3,2,2042,2570,
2,3,3,2042,2570,
25,3,1,2042,450,
25,3,2,2042,450,
25,3,3,2042,450,
4,3,1,2042,2850,
4,3,2,2042,2850,
4,3,3,2042,2850,
12,3,1,2042,2470,
12,3,2,2042,2470,
12,3,3,2042,2470,
3,3,1,2042,2660,
3,3,2,2042,2660,
3,3,3,2042,2660,
18,3,1,2042,1540,
18,3,2,2042,1540,
18,3,3,2042,1540,
11,3,1,2042,3540,
11,3,2,2042,3540,
11,3,3,2042,3540,
5,3,1,2042,1290,
5,3,2,2042,1290,
5,3,3,2042,1290,
19,3,1,2042,860,
19,3,2,2042,860,
19,3,3,2042,860,
9,3,1,2042,50,
9,3,2,2042,50,
9,3,3,2042,50,
8,3,1,2042,790,
8,3,2,2042,790,
8,3,3,2042,790,
14,3,1,2042,2760,
14,3,2,2042,2760,
14,3,3,2042,2760,
1,3,1,2042,3310,
1,3,2,2042,3310,
1,3,3,2042,3310,
15,3,1,2043,4190,
15,3,2,2043,4190,
15,3,3,2043,4190,
16,3,1,2043,2160,
16,3,2,2043,2160,
16,3,3,2043,2160,
20,3,1,2043,1930,
20,3,2,2043,1930,
20,3,3,2043,1930,
6,3,1,2043,1690,
6,3,2,2043,1690,
6,3,3,2043,1690,
17,3,1,2043,1430,
17,3,2,2043,1430,
17,3,3,2043,1430,
21,3,1,2043,1430,
21,3,2,2043,1430,
21,3,3,2043,1430,
23,3,1,2043,370,
23,3,2,2043,370,
23,3,3,2043,370,
22,3,1,2043,2500,
22,3,2,2043,2500,
22,3,3,2043,2500,
24,3,1,2043,960,
24,3,2,2043,960,
24,3,3,2043,960,
7,3,1,2043,480,
7,3,2,2043,480,
7,3,3,2043,480,
10,3,1,2043,1830,
10,3,2,2043,1830,
10,3,3,2043,1830,
13,3,1,2043,830,
13,3,2,2043,830,
13,3,3,2043,830,
2,3,1,2043,2570,
2,3,2,2043,2570,
2,3,3,2043,2570,
25,3,1,2043,450,
25,3,2,2043,450,
25,3,3,2043,450,
4,3,1,2043,2850,
4,3,2,2043,2850,
4,3,3,2043,2850,
12,3,1,2043,2470,
12,3,2,2043,2470,
12,3,3,2043,2470,
3,3,1,2043,2660,
3,3,2,2043,2660,
3,3,3,2043,2660,
18,3,1,2043,1540,
18,3,2,2043,1540,
18,3,3,2043,1540,
11,3,1,2043,3540,
11,3,2,2043,3540,
11,3,3,2043,3540,
5,3,1,2043,1290,
5,3,2,2043,1290,
5,3,3,2043,1290,
19,3,1,2043,860,
19,3,2,2043,860,
19,3,3,2043,860,
9,3,1,2043,50,
9,3,2,2043,50,
9,3,3,2043,50,
8,3,1,2043,790,
8,3,2,2043,790,
8,3,3,2043,790,
14,3,1,2043,2760,
14,3,2,2043,2760,
14,3,3,2043,2760,
1,3,1,2043,3310,
1,3,2,2043,3310,
1,3,3,2043,3310,
15,3,1,2044,4190,
15,3,2,2044,4190,
15,3,3,2044,4190,
16,3,1,2044,2160,
16,3,2,2044,2160,
16,3,3,2044,2160,
20,3,1,2044,1930,
20,3,2,2044,1930,
20,3,3,2044,1930,
6,3,1,2044,1690,
6,3,2,2044,1690,
6,3,3,2044,1690,
17,3,1,2044,1430,
17,3,2,2044,1430,
17,3,3,2044,1430,
21,3,1,2044,1430,
21,3,2,2044,1430,
21,3,3,2044,1430,
23,3,1,2044,370,
23,3,2,2044,370,
23,3,3,2044,370,
22,3,1,2044,2500,
22,3,2,2044,2500,
22,3,3,2044,2500,
24,3,1,2044,960,
24,3,2,2044,960,
24,3,3,2044,960,
7,3,1,2044,480,
7,3,2,2044,480,
7,3,3,2044,480,
10,3,1,2044,1830,
10,3,2,2044,1830,
10,3,3,2044,1830,
13,3,1,2044,830,
13,3,2,2044,830,
13,3,3,2044,830,
2,3,1,2044,2570,
2,3,2,2044,2570,
2,3,3,2044,2570,
25,3,1,2044,450,
25,3,2,2044,450,
25,3,3,2044,450,
4,3,1,2044,2850,
4,3,2,2044,2850,
4,3,3,2044,2850,
12,3,1,2044,2470,
12,3,2,2044,2470,
12,3,3,2044,2470,
3,3,1,2044,2660,
3,3,2,2044,2660,
3,3,3,2044,2660,
18,3,1,2044,1540,
18,3,2,2044,1540,
18,3,3,2044,1540,
11,3,1,2044,3540,
11,3,2,2044,3540,
11,3,3,2044,3540,
5,3,1,2044,1290,
5,3,2,2044,1290,
5,3,3,2044,1290,
19,3,1,2044,860,
19,3,2,2044,860,
19,3,3,2044,860,
9,3,1,2044,50,
9,3,2,2044,50,
9,3,3,2044,50,
8,3,1,2044,790,
8,3,2,2044,790,
8,3,3,2044,790,
14,3,1,2044,2760,
14,3,2,2044,2760,
14,3,3,2044,2760,
1,3,1,2044,3310,
1,3,2,2044,3310,
1,3,3,2044,3310,
15,3,1,2045,4190,
15,3,2,2045,4190,
15,3,3,2045,4190,
16,3,1,2045,2160,
16,3,2,2045,2160,
16,3,3,2045,2160,
20,3,1,2045,1930,
20,3,2,2045,1930,
20,3,3,2045,1930,
6,3,1,2045,1690,
6,3,2,2045,1690,
6,3,3,2045,1690,
17,3,1,2045,1430,
17,3,2,2045,1430,
17,3,3,2045,1430,
21,3,1,2045,1430,
21,3,2,2045,1430,
21,3,3,2045,1430,
23,3,1,2045,370,
23,3,2,2045,370,
23,3,3,2045,370,
22,3,1,2045,2500,
22,3,2,2045,2500,
22,3,3,2045,2500,
24,3,1,2045,960,
24,3,2,2045,960,
24,3,3,2045,960,
7,3,1,2045,480,
7,3,2,2045,480,
7,3,3,2045,480,
10,3,1,2045,1830,
10,3,2,2045,1830,
10,3,3,2045,1830,
13,3,1,2045,830,
13,3,2,2045,830,
13,3,3,2045,830,
2,3,1,2045,2570,
2,3,2,2045,2570,
2,3,3,2045,2570,
25,3,1,2045,450,
25,3,2,2045,450,
25,3,3,2045,450,
4,3,1,2045,2850,
4,3,2,2045,2850,
4,3,3,2045,2850,
12,3,1,2045,2470,
12,3,2,2045,2470,
12,3,3,2045,2470,
3,3,1,2045,2660,
3,3,2,2045,2660,
3,3,3,2045,2660,
18,3,1,2045,1540,
18,3,2,2045,1540,
18,3,3,2045,1540,
11,3,1,2045,3540,
11,3,2,2045,3540,
11,3,3,2045,3540,
5,3,1,2045,1290,
5,3,2,2045,1290,
5,3,3,2045,1290,
19,3,1,2045,860,
19,3,2,2045,860,
19,3,3,2045,860,
9,3,1,2045,50,
9,3,2,2045,50,
9,3,3,2045,50,
8,3,1,2045,790,
8,3,2,2045,790,
8,3,3,2045,790,
14,3,1,2045,2760,
14,3,2,2045,2760,
14,3,3,2045,2760,
1,3,1,2045,3310,
1,3,2,2045,3310,
1,3,3,2045,3310,
15,3,1,2046,4190,
15,3,2,2046,4190,
15,3,3,2046,4190,
16,3,1,2046,2160,
16,3,2,2046,2160,
16,3,3,2046,2160,
20,3,1,2046,1930,
20,3,2,2046,1930,
20,3,3,2046,1930,
6,3,1,2046,1690,
6,3,2,2046,1690,
6,3,3,2046,1690,
17,3,1,2046,1430,
17,3,2,2046,1430,
17,3,3,2046,1430,
21,3,1,2046,1430,
21,3,2,2046,1430,
21,3,3,2046,1430,
23,3,1,2046,370,
23,3,2,2046,370,
23,3,3,2046,370,
22,3,1,2046,2500,
22,3,2,2046,2500,
22,3,3,2046,2500,
24,3,1,2046,960,
24,3,2,2046,960,
24,3,3,2046,960,
7,3,1,2046,480,
7,3,2,2046,480,
7,3,3,2046,480,
10,3,1,2046,1830,
10,3,2,2046,1830,
10,3,3,2046,1830,
13,3,1,2046,830,
13,3,2,2046,830,
13,3,3,2046,830,
2,3,1,2046,2570,
2,3,2,2046,2570,
2,3,3,2046,2570,
25,3,1,2046,450,
25,3,2,2046,450,
25,3,3,2046,450,
4,3,1,2046,2850,
4,3,2,2046,2850,
4,3,3,2046,2850,
12,3,1,2046,2470,
12,3,2,2046,2470,
12,3,3,2046,2470,
3,3,1,2046,2660,
3,3,2,2046,2660,
3,3,3,2046,2660,
18,3,1,2046,1540,
18,3,2,2046,1540,
18,3,3,2046,1540,
11,3,1,2046,3540,
11,3,2,2046,3540,
11,3,3,2046,3540,
5,3,1,2046,1290,
5,3,2,2046,1290,
5,3,3,2046,1290,
19,3,1,2046,860,
19,3,2,2046,860,
19,3,3,2046,860,
9,3,1,2046,50,
9,3,2,2046,50,
9,3,3,2046,50,
8,3,1,2046,790,
8,3,2,2046,790,
8,3,3,2046,790,
14,3,1,2046,2760,
14,3,2,2046,2760,
14,3,3,2046,2760,
1,3,1,2046,3310,
1,3,2,2046,3310,
1,3,3,2046,3310,
15,3,1,2047,4190,
15,3,2,2047,4190,
15,3,3,2047,4190,
16,3,1,2047,2160,
16,3,2,2047,2160,
16,3,3,2047,2160,
20,3,1,2047,1930,
20,3,2,2047,1930,
20,3,3,2047,1930,
6,3,1,2047,1690,
6,3,2,2047,1690,
6,3,3,2047,1690,
17,3,1,2047,1430,
17,3,2,2047,1430,
17,3,3,2047,1430,
21,3,1,2047,1430,
21,3,2,2047,1430,
21,3,3,2047,1430,
23,3,1,2047,370,
23,3,2,2047,370,
23,3,3,2047,370,
22,3,1,2047,2500,
22,3,2,2047,2500,
22,3,3,2047,2500,
24,3,1,2047,960,
24,3,2,2047,960,
24,3,3,2047,960,
7,3,1,2047,480,
7,3,2,2047,480,
7,3,3,2047,480,
10,3,1,2047,1830,
10,3,2,2047,1830,
10,3,3,2047,1830,
13,3,1,2047,830,
13,3,2,2047,830,
13,3,3,2047,830,
2,3,1,2047,2570,
2,3,2,2047,2570,
2,3,3,2047,2570,
25,3,1,2047,450,
25,3,2,2047,450,
25,3,3,2047,450,
4,3,1,2047,2850,
4,3,2,2047,2850,
4,3,3,2047,2850,
12,3,1,2047,2470,
12,3,2,2047,2470,
12,3,3,2047,2470,
3,3,1,2047,2660,
3,3,2,2047,2660,
3,3,3,2047,2660,
18,3,1,2047,1540,
18,3,2,2047,1540,
18,3,3,2047,1540,
11,3,1,2047,3540,
11,3,2,2047,3540,
11,3,3,2047,3540,
5,3,1,2047,1290,
5,3,2,2047,1290,
5,3,3,2047,1290,
19,3,1,2047,860,
19,3,2,2047,860,
19,3,3,2047,860,
9,3,1,2047,50,
9,3,2,2047,50,
9,3,3,2047,50,
8,3,1,2047,790,
8,3,2,2047,790,
8,3,3,2047,790,
14,3,1,2047,2760,
14,3,2,2047,2760,
14,3,3,2047,2760,
1,3,1,2047,3310,
1,3,2,2047,3310,
1,3,3,2047,3310,
15,3,1,2048,4190,
15,3,2,2048,4190,
15,3,3,2048,4190,
16,3,1,2048,2160,
16,3,2,2048,2160,
16,3,3,2048,2160,
20,3,1,2048,1930,
20,3,2,2048,1930,
20,3,3,2048,1930,
6,3,1,2048,1690,
6,3,2,2048,1690,
6,3,3,2048,1690,
17,3,1,2048,1430,
17,3,2,2048,1430,
17,3,3,2048,1430,
21,3,1,2048,1430,
21,3,2,2048,1430,
21,3,3,2048,1430,
23,3,1,2048,370,
23,3,2,2048,370,
23,3,3,2048,370,
22,3,1,2048,2500,
22,3,2,2048,2500,
22,3,3,2048,2500,
24,3,1,2048,960,
24,3,2,2048,960,
24,3,3,2048,960,
7,3,1,2048,480,
7,3,2,2048,480,
7,3,3,2048,480,
10,3,1,2048,1830,
10,3,2,2048,1830,
10,3,3,2048,1830,
13,3,1,2048,830,
13,3,2,2048,830,
13,3,3,2048,830,
2,3,1,2048,2570,
2,3,2,2048,2570,
2,3,3,2048,2570,
25,3,1,2048,450,
25,3,2,2048,450,
25,3,3,2048,450,
4,3,1,2048,2850,
4,3,2,2048,2850,
4,3,3,2048,2850,
12,3,1,2048,2470,
12,3,2,2048,2470,
12,3,3,2048,2470,
3,3,1,2048,2660,
3,3,2,2048,2660,
3,3,3,2048,2660,
18,3,1,2048,1540,
18,3,2,2048,1540,
18,3,3,2048,1540,
11,3,1,2048,3540,
11,3,2,2048,3540,
11,3,3,2048,3540,
5,3,1,2048,1290,
5,3,2,2048,1290,
5,3,3,2048,1290,
19,3,1,2048,860,
19,3,2,2048,860,
19,3,3,2048,860,
9,3,1,2048,50,
9,3,2,2048,50,
9,3,3,2048,50,
8,3,1,2048,790,
8,3,2,2048,790,
8,3,3,2048,790,
14,3,1,2048,2760,
14,3,2,2048,2760,
14,3,3,2048,2760,
1,3,1,2048,3310,
1,3,2,2048,3310,
1,3,3,2048,3310,
15,3,1,2049,4190,
15,3,2,2049,4190,
15,3,3,2049,4190,
16,3,1,2049,2160,
16,3,2,2049,2160,
16,3,3,2049,2160,
20,3,1,2049,1930,
20,3,2,2049,1930,
20,3,3,2049,1930,
6,3,1,2049,1690,
6,3,2,2049,1690,
6,3,3,2049,1690,
17,3,1,2049,1430,
17,3,2,2049,1430,
17,3,3,2049,1430,
21,3,1,2049,1430,
21,3,2,2049,1430,
21,3,3,2049,1430,
23,3,1,2049,370,
23,3,2,2049,370,
23,3,3,2049,370,
22,3,1,2049,2500,
22,3,2,2049,2500,
22,3,3,2049,2500,
24,3,1,2049,960,
24,3,2,2049,960,
24,3,3,2049,960,
7,3,1,2049,480,
7,3,2,2049,480,
7,3,3,2049,480,
10,3,1,2049,1830,
10,3,2,2049,1830,
10,3,3,2049,1830,
13,3,1,2049,830,
13,3,2,2049,830,
13,3,3,2049,830,
2,3,1,2049,2570,
2,3,2,2049,2570,
2,3,3,2049,2570,
25,3,1,2049,450,
25,3,2,2049,450,
25,3,3,2049,450,
4,3,1,2049,2850,
4,3,2,2049,2850,
4,3,3,2049,2850,
12,3,1,2049,2470,
12,3,2,2049,2470,
12,3,3,2049,2470,
3,3,1,2049,2660,
3,3,2,2049,2660,
3,3,3,2049,2660,
18,3,1,2049,1540,
18,3,2,2049,1540,
18,3,3,2049,1540,
11,3,1,2049,3540,
11,3,2,2049,3540,
11,3,3,2049,3540,
5,3,1,2049,1290,
5,3,2,2049,1290,
5,3,3,2049,1290,
19,3,1,2049,860,
19,3,2,2049,860,
19,3,3,2049,860,
9,3,1,2049,50,
9,3,2,2049,50,
9,3,3,2049,50,
8,3,1,2049,790,
8,3,2,2049,790,
8,3,3,2049,790,
14,3,1,2049,2760,
14,3,2,2049,2760,
14,3,3,2049,2760,
1,3,1,2049,3310,
1,3,2,2049,3310,
1,3,3,2049,3310,
15,3,1,2050,4190,
15,3,2,2050,4190,
15,3,3,2050,4190,
16,3,1,2050,2160,
16,3,2,2050,2160,
16,3,3,2050,2160,
20,3,1,2050,1930,
20,3,2,2050,1930,
20,3,3,2050,1930,
6,3,1,2050,1690,
6,3,2,2050,1690,
6,3,3,2050,1690,
17,3,1,2050,1430,
17,3,2,2050,1430,
17,3,3,2050,1430,
21,3,1,2050,1430,
21,3,2,2050,1430,
21,3,3,2050,1430,
23,3,1,2050,370,
23,3,2,2050,370,
23,3,3,2050,370,
22,3,1,2050,2500,
22,3,2,2050,2500,
22,3,3,2050,2500,
24,3,1,2050,960,
24,3,2,2050,960,
24,3,3,2050,960,
7,3,1,2050,480,
7,3,2,2050,480,
7,3,3,2050,480,
10,3,1,2050,1830,
10,3,2,2050,1830,
10,3,3,2050,1830,
13,3,1,2050,830,
13,3,2,2050,830,
13,3,3,2050,830,
2,3,1,2050,2570,
2,3,2,2050,2570,
2,3,3,2050,2570,
25,3,1,2050,450,
25,3,2,2050,450,
25,3,3,2050,450,
4,3,1,2050,2850,
4,3,2,2050,2850,
4,3,3,2050,2850,
12,3,1,2050,2470,
12,3,2,2050,2470,
12,3,3,2050,2470,
3,3,1,2050,2660,
3,3,2,2050,2660,
3,3,3,2050,2660,
18,3,1,2050,1540,
18,3,2,2050,1540,
18,3,3,2050,1540,
11,3,1,2050,3540,
11,3,2,2050,3540,
11,3,3,2050,3540,
5,3,1,2050,1290,
5,3,2,2050,1290,
5,3,3,2050,1290,
19,3,1,2050,860,
19,3,2,2050,860,
19,3,3,2050,860,
9,3,1,2050,50,
9,3,2,2050,50,
9,3,3,2050,50,
8,3,1,2050,790,
8,3,2,2050,790,
8,3,3,2050,790,
14,3,1,2050,2760,
14,3,2,2050,2760,
14,3,3,2050,2760,
1,3,1,2050,3310,
1,3,2,2050,3310,
1,3,3,2050,3310,
15,4,1,2023,7030,
15,4,2,2023,7030,
15,4,3,2023,7030,
16,4,1,2023,3000,
16,4,2,2023,3000,
16,4,3,2023,3000,
20,4,1,2023,5390,
20,4,2,2023,5390,
20,4,3,2023,5390,
6,4,1,2023,6120,
6,4,2,2023,6120,
6,4,3,2023,6120,
17,4,1,2023,3880,
17,4,2,2023,3880,
17,4,3,2023,3880,
21,4,1,2023,2940,
21,4,2,2023,2940,
21,4,3,2023,2940,
23,4,1,2023,2090,
23,4,2,2023,2090,
23,4,3,2023,2090,
22,4,1,2023,3750,
22,4,2,2023,3750,
22,4,3,2023,3750,
24,4,1,2023,1120,
24,4,2,2023,1120,
24,4,3,2023,1120,
7,4,1,2023,4680,
7,4,2,2023,4680,
7,4,3,2023,4680,
10,4,1,2023,9010,
10,4,2,2023,9010,
10,4,3,2023,9010,
13,4,1,2023,2510,
13,4,2,2023,2510,
13,4,3,2023,2510,
2,4,1,2023,11180,
2,4,2,2023,11180,
2,4,3,2023,11180,
25,4,1,2023,970,
25,4,2,2023,970,
25,4,3,2023,970,
4,4,1,2023,3550,
4,4,2,2023,3550,
4,4,3,2023,3550,
12,4,1,2023,570,
12,4,2,2023,570,
12,4,3,2023,570,
3,4,1,2023,2580,
3,4,2,2023,2580,
3,4,3,2023,2580,
18,4,1,2023,560,
18,4,2,2023,560,
18,4,3,2023,560,
11,4,1,2023,5440,
11,4,2,2023,5440,
11,4,3,2023,5440,
5,4,1,2023,1540,
5,4,2,2023,1540,
5,4,3,2023,1540,
19,4,1,2023,210,
19,4,2,2023,210,
19,4,3,2023,210,
9,4,1,2023,2340,
9,4,2,2023,2340,
9,4,3,2023,2340,
8,4,1,2023,960,
8,4,2,2023,960,
8,4,3,2023,960,
14,4,1,2023,2940,
14,4,2,2023,2940,
14,4,3,2023,2940,
1,4,1,2023,11970,
1,4,2,2023,11970,
1,4,3,2023,11970,
15,4,1,2024,7030,
15,4,2,2024,7030,
15,4,3,2024,7030,
16,4,1,2024,3000,
16,4,2,2024,3000,
16,4,3,2024,3000,
20,4,1,2024,5390,
20,4,2,2024,5390,
20,4,3,2024,5390,
6,4,1,2024,6060,
6,4,2,2024,6060,
6,4,3,2024,6060,
17,4,1,2024,3880,
17,4,2,2024,3880,
17,4,3,2024,3880,
21,4,1,2024,2940,
21,4,2,2024,2940,
21,4,3,2024,2940,
23,4,1,2024,2090,
23,4,2,2024,2090,
23,4,3,2024,2090,
22,4,1,2024,3750,
22,4,2,2024,3750,
22,4,3,2024,3750,
24,4,1,2024,1120,
24,4,2,2024,1120,
24,4,3,2024,1120,
7,4,1,2024,4210,
7,4,2,2024,4210,
7,4,3,2024,4210,
10,4,1,2024,9010,
10,4,2,2024,9010,
10,4,3,2024,9010,
13,4,1,2024,2510,
13,4,2,2024,2510,
13,4,3,2024,2510,
2,4,1,2024,11180,
2,4,2,2024,11180,
2,4,3,2024,11180,
25,4,1,2024,970,
25,4,2,2024,970,
25,4,3,2024,970,
4,4,1,2024,3550,
4,4,2,2024,3550,
4,4,3,2024,3550,
12,4,1,2024,570,
12,4,2,2024,570,
12,4,3,2024,570,
3,4,1,2024,2580,
3,4,2,2024,2580,
3,4,3,2024,2580,
18,4,1,2024,560,
18,4,2,2024,560,
18,4,3,2024,560,
11,4,1,2024,5440,
11,4,2,2024,5440,
11,4,3,2024,5440,
5,4,1,2024,1540,
5,4,2,2024,1540,
5,4,3,2024,1540,
19,4,1,2024,210,
19,4,2,2024,210,
19,4,3,2024,210,
9,4,1,2024,2340,
9,4,2,2024,2340,
9,4,3,2024,2340,
8,4,1,2024,960,
8,4,2,2024,960,
8,4,3,2024,960,
14,4,1,2024,2940,
14,4,2,2024,2940,
14,4,3,2024,2940,
1,4,1,2024,11970,
1,4,2,2024,11970,
1,4,3,2024,11970,
15,4,1,2025,7030,
15,4,2,2025,7030,
15,4,3,2025,7030,
16,4,1,2025,3000,
16,4,2,2025,3000,
16,4,3,2025,3000,
20,4,1,2025,5390,
20,4,2,2025,5390,
20,4,3,2025,5390,
6,4,1,2025,6290,
6,4,2,2025,6290,
6,4,3,2025,6290,
17,4,1,2025,3880,
17,4,2,2025,3880,
17,4,3,2025,3880,
21,4,1,2025,2940,
21,4,2,2025,2940,
21,4,3,2025,2940,
23,4,1,2025,2090,
23,4,2,2025,2090,
23,4,3,2025,2090,
22,4,1,2025,3750,
22,4,2,2025,3750,
22,4,3,2025,3750,
24,4,1,2025,1120,
24,4,2,2025,1120,
24,4,3,2025,1120,
7,4,1,2025,4210,
7,4,2,2025,4210,
7,4,3,2025,4210,
10,4,1,2025,9010,
10,4,2,2025,9010,
10,4,3,2025,9010,
13,4,1,2025,2510,
13,4,2,2025,2510,
13,4,3,2025,2510,
2,4,1,2025,11180,
2,4,2,2025,11180,
2,4,3,2025,11180,
25,4,1,2025,970,
25,4,2,2025,970,
25,4,3,2025,970,
4,4,1,2025,3560,
4,4,2,2025,3560,
4,4,3,2025,3560,
12,4,1,2025,570,
12,4,2,2025,570,
12,4,3,2025,570,
3,4,1,2025,2580,
3,4,2,2025,2580,
3,4,3,2025,2580,
18,4,1,2025,560,
18,4,2,2025,560,
18,4,3,2025,560,
11,4,1,2025,5440,
11,4,2,2025,5440,
11,4,3,2025,5440,
5,4,1,2025,1710,
5,4,2,2025,1710,
5,4,3,2025,1710,
19,4,1,2025,210,
19,4,2,2025,210,
19,4,3,2025,210,
9,4,1,2025,2340,
9,4,2,2025,2340,
9,4,3,2025,2340,
8,4,1,2025,960,
8,4,2,2025,960,
8,4,3,2025,960,
14,4,1,2025,2940,
14,4,2,2025,2940,
14,4,3,2025,2940,
1,4,1,2025,12440,
1,4,2,2025,12440,
1,4,3,2025,12440,
15,4,1,2026,7030,
15,4,2,2026,7030,
15,4,3,2026,7030,
16,4,1,2026,3000,
16,4,2,2026,3000,
16,4,3,2026,3000,
20,4,1,2026,5390,
20,4,2,2026,5390,
20,4,3,2026,5390,
6,4,1,2026,6670,
6,4,2,2026,6670,
6,4,3,2026,6670,
17,4,1,2026,3880,
17,4,2,2026,3880,
17,4,3,2026,3880,
21,4,1,2026,2940,
21,4,2,2026,2940,
21,4,3,2026,2940,
23,4,1,2026,2090,
23,4,2,2026,2090,
23,4,3,2026,2090,
22,4,1,2026,3750,
22,4,2,2026,3750,
22,4,3,2026,3750,
24,4,1,2026,1120,
24,4,2,2026,1120,
24,4,3,2026,1120,
7,4,1,2026,4210,
7,4,2,2026,4210,
7,4,3,2026,4210,
10,4,1,2026,9010,
10,4,2,2026,9010,
10,4,3,2026,9010,
13,4,1,2026,2510,
13,4,2,2026,2510,
13,4,3,2026,2510,
2,4,1,2026,11360,
2,4,2,2026,11360,
2,4,3,2026,11360,
25,4,1,2026,970,
25,4,2,2026,970,
25,4,3,2026,970,
4,4,1,2026,3560,
4,4,2,2026,3560,
4,4,3,2026,3560,
12,4,1,2026,570,
12,4,2,2026,570,
12,4,3,2026,570,
3,4,1,2026,2580,
3,4,2,2026,2580,
3,4,3,2026,2580,
18,4,1,2026,560,
18,4,2,2026,560,
18,4,3,2026,560,
11,4,1,2026,5760,
11,4,2,2026,5760,
11,4,3,2026,5760,
5,4,1,2026,1710,
5,4,2,2026,1710,
5,4,3,2026,1710,
19,4,1,2026,210,
19,4,2,2026,210,
19,4,3,2026,210,
9,4,1,2026,2340,
9,4,2,2026,2340,
9,4,3,2026,2340,
8,4,1,2026,960,
8,4,2,2026,960,
8,4,3,2026,960,
14,4,1,2026,2940,
14,4,2,2026,2940,
14,4,3,2026,2940,
1,4,1,2026,12440,
1,4,2,2026,12440,
1,4,3,2026,12440,
15,4,1,2027,7030,
15,4,2,2027,7030,
15,4,3,2027,7030,
16,4,1,2027,3000,
16,4,2,2027,3000,
16,4,3,2027,3000,
20,4,1,2027,5240,
20,4,2,2027,5240,
20,4,3,2027,5240,
6,4,1,2027,6670,
6,4,2,2027,6670,
6,4,3,2027,6670,
17,4,1,2027,3880,
17,4,2,2027,3880,
17,4,3,2027,3880,
21,4,1,2027,2940,
21,4,2,2027,2940,
21,4,3,2027,2940,
23,4,1,2027,2090,
23,4,2,2027,2090,
23,4,3,2027,2090,
22,4,1,2027,3750,
22,4,2,2027,3750,
22,4,3,2027,3750,
24,4,1,2027,1120,
24,4,2,2027,1120,
24,4,3,2027,1120,
7,4,1,2027,4180,
7,4,2,2027,4180,
7,4,3,2027,4180,
10,4,1,2027,9010,
10,4,2,2027,9010,
10,4,3,2027,9010,
13,4,1,2027,2510,
13,4,2,2027,2510,
13,4,3,2027,2510,
2,4,1,2027,11360,
2,4,2,2027,11360,
2,4,3,2027,11360,
25,4,1,2027,970,
25,4,2,2027,970,
25,4,3,2027,970,
4,4,1,2027,3560,
4,4,2,2027,3560,
4,4,3,2027,3560,
12,4,1,2027,570,
12,4,2,2027,570,
12,4,3,2027,570,
3,4,1,2027,2580,
3,4,2,2027,2580,
3,4,3,2027,2580,
18,4,1,2027,560,
18,4,2,2027,560,
18,4,3,2027,560,
11,4,1,2027,5760,
11,4,2,2027,5760,
11,4,3,2027,5760,
5,4,1,2027,1710,
5,4,2,2027,1710,
5,4,3,2027,1710,
19,4,1,2027,210,
19,4,2,2027,210,
19,4,3,2027,210,
9,4,1,2027,2340,
9,4,2,2027,2340,
9,4,3,2027,2340,
8,4,1,2027,960,
8,4,2,2027,960,
8,4,3,2027,960,
14,4,1,2027,2940,
14,4,2,2027,2940,
14,4,3,2027,2940,
1,4,1,2027,12440,
1,4,2,2027,12440,
1,4,3,2027,12440,
15,4,1,2028,7030,
15,4,2,2028,7030,
15,4,3,2028,7030,
16,4,1,2028,3000,
16,4,2,2028,3000,
16,4,3,2028,3000,
20,4,1,2028,5240,
20,4,2,2028,5240,
20,4,3,2028,5240,
6,4,1,2028,6670,
6,4,2,2028,6670,
6,4,3,2028,6670,
17,4,1,2028,3880,
17,4,2,2028,3880,
17,4,3,2028,3880,
21,4,1,2028,2940,
21,4,2,2028,2940,
21,4,3,2028,2940,
23,4,1,2028,2090,
23,4,2,2028,2090,
23,4,3,2028,2090,
22,4,1,2028,3750,
22,4,2,2028,3750,
22,4,3,2028,3750,
24,4,1,2028,1120,
24,4,2,2028,1120,
24,4,3,2028,1120,
7,4,1,2028,4180,
7,4,2,2028,4180,
7,4,3,2028,4180,
10,4,1,2028,9010,
10,4,2,2028,9010,
10,4,3,2028,9010,
13,4,1,2028,2510,
13,4,2,2028,2510,
13,4,3,2028,2510,
2,4,1,2028,11360,
2,4,2,2028,11360,
2,4,3,2028,11360,
25,4,1,2028,970,
25,4,2,2028,970,
25,4,3,2028,970,
4,4,1,2028,3560,
4,4,2,2028,3560,
4,4,3,2028,3560,
12,4,1,2028,570,
12,4,2,2028,570,
12,4,3,2028,570,
3,4,1,2028,2580,
3,4,2,2028,2580,
3,4,3,2028,2580,
18,4,1,2028,560,
18,4,2,2028,560,
18,4,3,2028,560,
11,4,1,2028,5760,
11,4,2,2028,5760,
11,4,3,2028,5760,
5,4,1,2028,1710,
5,4,2,2028,1710,
5,4,3,2028,1710,
19,4,1,2028,210,
19,4,2,2028,210,
19,4,3,2028,210,
9,4,1,2028,2340,
9,4,2,2028,2340,
9,4,3,2028,2340,
8,4,1,2028,960,
8,4,2,2028,960,
8,4,3,2028,960,
14,4,1,2028,2940,
14,4,2,2028,2940,
14,4,3,2028,2940,
1,4,1,2028,12440,
1,4,2,2028,12440,
1,4,3,2028,12440,
15,4,1,2029,7030,
15,4,2,2029,7030,
15,4,3,2029,7030,
16,4,1,2029,3000,
16,4,2,2029,3000,
16,4,3,2029,3000,
20,4,1,2029,5240,
20,4,2,2029,5240,
20,4,3,2029,5240,
6,4,1,2029,6670,
6,4,2,2029,6670,
6,4,3,2029,6670,
17,4,1,2029,3880,
17,4,2,2029,3880,
17,4,3,2029,3880,
21,4,1,2029,2940,
21,4,2,2029,2940,
21,4,3,2029,2940,
23,4,1,2029,2090,
23,4,2,2029,2090,
23,4,3,2029,2090,
22,4,1,2029,3750,
22,4,2,2029,3750,
22,4,3,2029,3750,
24,4,1,2029,1120,
24,4,2,2029,1120,
24,4,3,2029,1120,
7,4,1,2029,4180,
7,4,2,2029,4180,
7,4,3,2029,4180,
10,4,1,2029,9010,
10,4,2,2029,9010,
10,4,3,2029,9010,
13,4,1,2029,2510,
13,4,2,2029,2510,
13,4,3,2029,2510,
2,4,1,2029,11360,
2,4,2,2029,11360,
2,4,3,2029,11360,
25,4,1,2029,970,
25,4,2,2029,970,
25,4,3,2029,970,
4,4,1,2029,3560,
4,4,2,2029,3560,
4,4,3,2029,3560,
12,4,1,2029,570,
12,4,2,2029,570,
12,4,3,2029,570,
3,4,1,2029,2580,
3,4,2,2029,2580,
3,4,3,2029,2580,
18,4,1,2029,560,
18,4,2,2029,560,
18,4,3,2029,560,
11,4,1,2029,5760,
11,4,2,2029,5760,
11,4,3,2029,5760,
5,4,1,2029,1710,
5,4,2,2029,1710,
5,4,3,2029,1710,
19,4,1,2029,210,
19,4,2,2029,210,
19,4,3,2029,210,
9,4,1,2029,2340,
9,4,2,2029,2340,
9,4,3,2029,2340,
8,4,1,2029,960,
8,4,2,2029,960,
8,4,3,2029,960,
14,4,1,2029,2940,
14,4,2,2029,2940,
14,4,3,2029,2940,
1,4,1,2029,12440,
1,4,2,2029,12440,
1,4,3,2029,12440,
15,4,1,2030,7030,
15,4,2,2030,7030,
15,4,3,2030,7030,
16,4,1,2030,3000,
16,4,2,2030,3000,
16,4,3,2030,3000,
20,4,1,2030,5210,
20,4,2,2030,5210,
20,4,3,2030,5210,
6,4,1,2030,6670,
6,4,2,2030,6670,
6,4,3,2030,6670,
17,4,1,2030,3880,
17,4,2,2030,3880,
17,4,3,2030,3880,
21,4,1,2030,2940,
21,4,2,2030,2940,
21,4,3,2030,2940,
23,4,1,2030,2090,
23,4,2,2030,2090,
23,4,3,2030,2090,
22,4,1,2030,3750,
22,4,2,2030,3750,
22,4,3,2030,3750,
24,4,1,2030,1120,
24,4,2,2030,1120,
24,4,3,2030,1120,
7,4,1,2030,4180,
7,4,2,2030,4180,
7,4,3,2030,4180,
10,4,1,2030,9010,
10,4,2,2030,9010,
10,4,3,2030,9010,
13,4,1,2030,2510,
13,4,2,2030,2510,
13,4,3,2030,2510,
2,4,1,2030,11360,
2,4,2,2030,11360,
2,4,3,2030,11360,
25,4,1,2030,970,
25,4,2,2030,970,
25,4,3,2030,970,
4,4,1,2030,3560,
4,4,2,2030,3560,
4,4,3,2030,3560,
12,4,1,2030,570,
12,4,2,2030,570,
12,4,3,2030,570,
3,4,1,2030,2580,
3,4,2,2030,2580,
3,4,3,2030,2580,
18,4,1,2030,560,
18,4,2,2030,560,
18,4,3,2030,560,
11,4,1,2030,5760,
11,4,2,2030,5760,
11,4,3,2030,5760,
5,4,1,2030,1710,
5,4,2,2030,1710,
5,4,3,2030,1710,
19,4,1,2030,210,
19,4,2,2030,210,
19,4,3,2030,210,
9,4,1,2030,2340,
9,4,2,2030,2340,
9,4,3,2030,2340,
8,4,1,2030,960,
8,4,2,2030,960,
8,4,3,2030,960,
14,4,1,2030,2940,
14,4,2,2030,2940,
14,4,3,2030,2940,
1,4,1,2030,12440,
1,4,2,2030,12440,
1,4,3,2030,12440,
15,4,1,2031,7030,
15,4,2,2031,7030,
15,4,3,2031,7030,
16,4,1,2031,3000,
16,4,2,2031,3000,
16,4,3,2031,3000,
20,4,1,2031,5130,
20,4,2,2031,5130,
20,4,3,2031,5130,
6,4,1,2031,6670,
6,4,2,2031,6670,
6,4,3,2031,6670,
17,4,1,2031,3880,
17,4,2,2031,3880,
17,4,3,2031,3880,
21,4,1,2031,2940,
21,4,2,2031,2940,
21,4,3,2031,2940,
23,4,1,2031,2090,
23,4,2,2031,2090,
23,4,3,2031,2090,
22,4,1,2031,3750,
22,4,2,2031,3750,
22,4,3,2031,3750,
24,4,1,2031,1120,
24,4,2,2031,1120,
24,4,3,2031,1120,
7,4,1,2031,4180,
7,4,2,2031,4180,
7,4,3,2031,4180,
10,4,1,2031,9010,
10,4,2,2031,9010,
10,4,3,2031,9010,
13,4,1,2031,2510,
13,4,2,2031,2510,
13,4,3,2031,2510,
2,4,1,2031,11360,
2,4,2,2031,11360,
2,4,3,2031,11360,
25,4,1,2031,970,
25,4,2,2031,970,
25,4,3,2031,970,
4,4,1,2031,3560,
4,4,2,2031,3560,
4,4,3,2031,3560,
12,4,1,2031,570,
12,4,2,2031,570,
12,4,3,2031,570,
3,4,1,2031,2490,
3,4,2,2031,2490,
3,4,3,2031,2490,
18,4,1,2031,560,
18,4,2,2031,560,
18,4,3,2031,560,
11,4,1,2031,5760,
11,4,2,2031,5760,
11,4,3,2031,5760,
5,4,1,2031,1710,
5,4,2,2031,1710,
5,4,3,2031,1710,
19,4,1,2031,210,
19,4,2,2031,210,
19,4,3,2031,210,
9,4,1,2031,2340,
9,4,2,2031,2340,
9,4,3,2031,2340,
8,4,1,2031,960,
8,4,2,2031,960,
8,4,3,2031,960,
14,4,1,2031,2940,
14,4,2,2031,2940,
14,4,3,2031,2940,
1,4,1,2031,12440,
1,4,2,2031,12440,
1,4,3,2031,12440,
15,4,1,2032,7030,
15,4,2,2032,7030,
15,4,3,2032,7030,
16,4,1,2032,3000,
16,4,2,2032,3000,
16,4,3,2032,3000,
20,4,1,2032,5070,
20,4,2,2032,5070,
20,4,3,2032,5070,
6,4,1,2032,6670,
6,4,2,2032,6670,
6,4,3,2032,6670,
17,4,1,2032,3880,
17,4,2,2032,3880,
17,4,3,2032,3880,
21,4,1,2032,2940,
21,4,2,2032,2940,
21,4,3,2032,2940,
23,4,1,2032,2090,
23,4,2,2032,2090,
23,4,3,2032,2090,
22,4,1,2032,3750,
22,4,2,2032,3750,
22,4,3,2032,3750,
24,4,1,2032,1120,
24,4,2,2032,1120,
24,4,3,2032,1120,
7,4,1,2032,4180,
7,4,2,2032,4180,
7,4,3,2032,4180,
10,4,1,2032,9010,
10,4,2,2032,9010,
10,4,3,2032,9010,
13,4,1,2032,2510,
13,4,2,2032,2510,
13,4,3,2032,2510,
2,4,1,2032,11360,
2,4,2,2032,11360,
2,4,3,2032,11360,
25,4,1,2032,970,
25,4,2,2032,970,
25,4,3,2032,970,
4,4,1,2032,3560,
4,4,2,2032,3560,
4,4,3,2032,3560,
12,4,1,2032,570,
12,4,2,2032,570,
12,4,3,2032,570,
3,4,1,2032,2490,
3,4,2,2032,2490,
3,4,3,2032,2490,
18,4,1,2032,560,
18,4,2,2032,560,
18,4,3,2032,560,
11,4,1,2032,5760,
11,4,2,2032,5760,
11,4,3,2032,5760,
5,4,1,2032,1710,
5,4,2,2032,1710,
5,4,3,2032,1710,
19,4,1,2032,210,
19,4,2,2032,210,
19,4,3,2032,210,
9,4,1,2032,2340,
9,4,2,2032,2340,
9,4,3,2032,2340,
8,4,1,2032,960,
8,4,2,2032,960,
8,4,3,2032,960,
14,4,1,2032,2940,
14,4,2,2032,2940,
14,4,3,2032,2940,
1,4,1,2032,12440,
1,4,2,2032,12440,
1,4,3,2032,12440,
15,4,1,2033,7030,
15,4,2,2033,7030,
15,4,3,2033,7030,
16,4,1,2033,3000,
16,4,2,2033,3000,
16,4,3,2033,3000,
20,4,1,2033,5070,
20,4,2,2033,5070,
20,4,3,2033,5070,
6,4,1,2033,6670,
6,4,2,2033,6670,
6,4,3,2033,6670,
17,4,1,2033,3880,
17,4,2,2033,3880,
17,4,3,2033,3880,
21,4,1,2033,2940,
21,4,2,2033,2940,
21,4,3,2033,2940,
23,4,1,2033,2090,
23,4,2,2033,2090,
23,4,3,2033,2090,
22,4,1,2033,3750,
22,4,2,2033,3750,
22,4,3,2033,3750,
24,4,1,2033,1120,
24,4,2,2033,1120,
24,4,3,2033,1120,
7,4,1,2033,4180,
7,4,2,2033,4180,
7,4,3,2033,4180,
10,4,1,2033,9010,
10,4,2,2033,9010,
10,4,3,2033,9010,
13,4,1,2033,2510,
13,4,2,2033,2510,
13,4,3,2033,2510,
2,4,1,2033,11360,
2,4,2,2033,11360,
2,4,3,2033,11360,
25,4,1,2033,970,
25,4,2,2033,970,
25,4,3,2033,970,
4,4,1,2033,3560,
4,4,2,2033,3560,
4,4,3,2033,3560,
12,4,1,2033,570,
12,4,2,2033,570,
12,4,3,2033,570,
3,4,1,2033,2490,
3,4,2,2033,2490,
3,4,3,2033,2490,
18,4,1,2033,560,
18,4,2,2033,560,
18,4,3,2033,560,
11,4,1,2033,5760,
11,4,2,2033,5760,
11,4,3,2033,5760,
5,4,1,2033,1710,
5,4,2,2033,1710,
5,4,3,2033,1710,
19,4,1,2033,210,
19,4,2,2033,210,
19,4,3,2033,210,
9,4,1,2033,2340,
9,4,2,2033,2340,
9,4,3,2033,2340,
8,4,1,2033,960,
8,4,2,2033,960,
8,4,3,2033,960,
14,4,1,2033,2940,
14,4,2,2033,2940,
14,4,3,2033,2940,
1,4,1,2033,12440,
1,4,2,2033,12440,
1,4,3,2033,12440,
15,4,1,2034,7030,
15,4,2,2034,7030,
15,4,3,2034,7030,
16,4,1,2034,3000,
16,4,2,2034,3000,
16,4,3,2034,3000,
20,4,1,2034,5070,
20,4,2,2034,5070,
20,4,3,2034,5070,
6,4,1,2034,6670,
6,4,2,2034,6670,
6,4,3,2034,6670,
17,4,1,2034,3880,
17,4,2,2034,3880,
17,4,3,2034,3880,
21,4,1,2034,2940,
21,4,2,2034,2940,
21,4,3,2034,2940,
23,4,1,2034,2090,
23,4,2,2034,2090,
23,4,3,2034,2090,
22,4,1,2034,3750,
22,4,2,2034,3750,
22,4,3,2034,3750,
24,4,1,2034,1120,
24,4,2,2034,1120,
24,4,3,2034,1120,
7,4,1,2034,4180,
7,4,2,2034,4180,
7,4,3,2034,4180,
10,4,1,2034,9010,
10,4,2,2034,9010,
10,4,3,2034,9010,
13,4,1,2034,2510,
13,4,2,2034,2510,
13,4,3,2034,2510,
2,4,1,2034,11360,
2,4,2,2034,11360,
2,4,3,2034,11360,
25,4,1,2034,970,
25,4,2,2034,970,
25,4,3,2034,970,
4,4,1,2034,3560,
4,4,2,2034,3560,
4,4,3,2034,3560,
12,4,1,2034,570,
12,4,2,2034,570,
12,4,3,2034,570,
3,4,1,2034,2490,
3,4,2,2034,2490,
3,4,3,2034,2490,
18,4,1,2034,560,
18,4,2,2034,560,
18,4,3,2034,560,
11,4,1,2034,5760,
11,4,2,2034,5760,
11,4,3,2034,5760,
5,4,1,2034,1710,
5,4,2,2034,1710,
5,4,3,2034,1710,
19,4,1,2034,210,
19,4,2,2034,210,
19,4,3,2034,210,
9,4,1,2034,2340,
9,4,2,2034,2340,
9,4,3,2034,2340,
8,4,1,2034,960,
8,4,2,2034,960,
8,4,3,2034,960,
14,4,1,2034,2940,
14,4,2,2034,2940,
14,4,3,2034,2940,
1,4,1,2034,12440,
1,4,2,2034,12440,
1,4,3,2034,12440,
15,4,1,2035,7030,
15,4,2,2035,7030,
15,4,3,2035,7030,
16,4,1,2035,3000,
16,4,2,2035,3000,
16,4,3,2035,3000,
20,4,1,2035,5070,
20,4,2,2035,5070,
20,4,3,2035,5070,
6,4,1,2035,6670,
6,4,2,2035,6670,
6,4,3,2035,6670,
17,4,1,2035,3880,
17,4,2,2035,3880,
17,4,3,2035,3880,
21,4,1,2035,2940,
21,4,2,2035,2940,
21,4,3,2035,2940,
23,4,1,2035,2090,
23,4,2,2035,2090,
23,4,3,2035,2090,
22,4,1,2035,3750,
22,4,2,2035,3750,
22,4,3,2035,3750,
24,4,1,2035,1120,
24,4,2,2035,1120,
24,4,3,2035,1120,
7,4,1,2035,4180,
7,4,2,2035,4180,
7,4,3,2035,4180,
10,4,1,2035,9010,
10,4,2,2035,9010,
10,4,3,2035,9010,
13,4,1,2035,2510,
13,4,2,2035,2510,
13,4,3,2035,2510,
2,4,1,2035,11360,
2,4,2,2035,11360,
2,4,3,2035,11360,
25,4,1,2035,970,
25,4,2,2035,970,
25,4,3,2035,970,
4,4,1,2035,3560,
4,4,2,2035,3560,
4,4,3,2035,3560,
12,4,1,2035,570,
12,4,2,2035,570,
12,4,3,2035,570,
3,4,1,2035,2490,
3,4,2,2035,2490,
3,4,3,2035,2490,
18,4,1,2035,560,
18,4,2,2035,560,
18,4,3,2035,560,
11,4,1,2035,5760,
11,4,2,2035,5760,
11,4,3,2035,5760,
5,4,1,2035,1710,
5,4,2,2035,1710,
5,4,3,2035,1710,
19,4,1,2035,210,
19,4,2,2035,210,
19,4,3,2035,210,
9,4,1,2035,2340,
9,4,2,2035,2340,
9,4,3,2035,2340,
8,4,1,2035,960,
8,4,2,2035,960,
8,4,3,2035,960,
14,4,1,2035,2940,
14,4,2,2035,2940,
14,4,3,2035,2940,
1,4,1,2035,12440,
1,4,2,2035,12440,
1,4,3,2035,12440,
15,4,1,2036,7030,
15,4,2,2036,7030,
15,4,3,2036,7030,
16,4,1,2036,3000,
16,4,2,2036,3000,
16,4,3,2036,3000,
20,4,1,2036,5070,
20,4,2,2036,5070,
20,4,3,2036,5070,
6,4,1,2036,6670,
6,4,2,2036,6670,
6,4,3,2036,6670,
17,4,1,2036,3880,
17,4,2,2036,3880,
17,4,3,2036,3880,
21,4,1,2036,2940,
21,4,2,2036,2940,
21,4,3,2036,2940,
23,4,1,2036,2090,
23,4,2,2036,2090,
23,4,3,2036,2090,
22,4,1,2036,3750,
22,4,2,2036,3750,
22,4,3,2036,3750,
24,4,1,2036,1120,
24,4,2,2036,1120,
24,4,3,2036,1120,
7,4,1,2036,4180,
7,4,2,2036,4180,
7,4,3,2036,4180,
10,4,1,2036,9010,
10,4,2,2036,9010,
10,4,3,2036,9010,
13,4,1,2036,2510,
13,4,2,2036,2510,
13,4,3,2036,2510,
2,4,1,2036,11360,
2,4,2,2036,11360,
2,4,3,2036,11360,
25,4,1,2036,970,
25,4,2,2036,970,
25,4,3,2036,970,
4,4,1,2036,3560,
4,4,2,2036,3560,
4,4,3,2036,3560,
12,4,1,2036,570,
12,4,2,2036,570,
12,4,3,2036,570,
3,4,1,2036,2490,
3,4,2,2036,2490,
3,4,3,2036,2490,
18,4,1,2036,560,
18,4,2,2036,560,
18,4,3,2036,560,
11,4,1,2036,5760,
11,4,2,2036,5760,
11,4,3,2036,5760,
5,4,1,2036,1710,
5,4,2,2036,1710,
5,4,3,2036,1710,
19,4,1,2036,210,
19,4,2,2036,210,
19,4,3,2036,210,
9,4,1,2036,2340,
9,4,2,2036,2340,
9,4,3,2036,2340,
8,4,1,2036,960,
8,4,2,2036,960,
8,4,3,2036,960,
14,4,1,2036,2940,
14,4,2,2036,2940,
14,4,3,2036,2940,
1,4,1,2036,12440,
1,4,2,2036,12440,
1,4,3,2036,12440,
15,4,1,2037,7030,
15,4,2,2037,7030,
15,4,3,2037,7030,
16,4,1,2037,3000,
16,4,2,2037,3000,
16,4,3,2037,3000,
20,4,1,2037,5070,
20,4,2,2037,5070,
20,4,3,2037,5070,
6,4,1,2037,6670,
6,4,2,2037,6670,
6,4,3,2037,6670,
17,4,1,2037,3880,
17,4,2,2037,3880,
17,4,3,2037,3880,
21,4,1,2037,2940,
21,4,2,2037,2940,
21,4,3,2037,2940,
23,4,1,2037,2090,
23,4,2,2037,2090,
23,4,3,2037,2090,
22,4,1,2037,3750,
22,4,2,2037,3750,
22,4,3,2037,3750,
24,4,1,2037,1120,
24,4,2,2037,1120,
24,4,3,2037,1120,
7,4,1,2037,4180,
7,4,2,2037,4180,
7,4,3,2037,4180,
10,4,1,2037,9010,
10,4,2,2037,9010,
10,4,3,2037,9010,
13,4,1,2037,2510,
13,4,2,2037,2510,
13,4,3,2037,2510,
2,4,1,2037,11360,
2,4,2,2037,11360,
2,4,3,2037,11360,
25,4,1,2037,970,
25,4,2,2037,970,
25,4,3,2037,970,
4,4,1,2037,3560,
4,4,2,2037,3560,
4,4,3,2037,3560,
12,4,1,2037,570,
12,4,2,2037,570,
12,4,3,2037,570,
3,4,1,2037,2490,
3,4,2,2037,2490,
3,4,3,2037,2490,
18,4,1,2037,560,
18,4,2,2037,560,
18,4,3,2037,560,
11,4,1,2037,5760,
11,4,2,2037,5760,
11,4,3,2037,5760,
5,4,1,2037,1710,
5,4,2,2037,1710,
5,4,3,2037,1710,
19,4,1,2037,210,
19,4,2,2037,210,
19,4,3,2037,210,
9,4,1,2037,2340,
9,4,2,2037,2340,
9,4,3,2037,2340,
8,4,1,2037,960,
8,4,2,2037,960,
8,4,3,2037,960,
14,4,1,2037,2940,
14,4,2,2037,2940,
14,4,3,2037,2940,
1,4,1,2037,12440,
1,4,2,2037,12440,
1,4,3,2037,12440,
15,4,1,2038,7030,
15,4,2,2038,7030,
15,4,3,2038,7030,
16,4,1,2038,3000,
16,4,2,2038,3000,
16,4,3,2038,3000,
20,4,1,2038,5070,
20,4,2,2038,5070,
20,4,3,2038,5070,
6,4,1,2038,6670,
6,4,2,2038,6670,
6,4,3,2038,6670,
17,4,1,2038,3880,
17,4,2,2038,3880,
17,4,3,2038,3880,
21,4,1,2038,2940,
21,4,2,2038,2940,
21,4,3,2038,2940,
23,4,1,2038,2090,
23,4,2,2038,2090,
23,4,3,2038,2090,
22,4,1,2038,3750,
22,4,2,2038,3750,
22,4,3,2038,3750,
24,4,1,2038,1120,
24,4,2,2038,1120,
24,4,3,2038,1120,
7,4,1,2038,4180,
7,4,2,2038,4180,
7,4,3,2038,4180,
10,4,1,2038,9010,
10,4,2,2038,9010,
10,4,3,2038,9010,
13,4,1,2038,2510,
13,4,2,2038,2510,
13,4,3,2038,2510,
2,4,1,2038,11360,
2,4,2,2038,11360,
2,4,3,2038,11360,
25,4,1,2038,970,
25,4,2,2038,970,
25,4,3,2038,970,
4,4,1,2038,3560,
4,4,2,2038,3560,
4,4,3,2038,3560,
12,4,1,2038,570,
12,4,2,2038,570,
12,4,3,2038,570,
3,4,1,2038,2490,
3,4,2,2038,2490,
3,4,3,2038,2490,
18,4,1,2038,560,
18,4,2,2038,560,
18,4,3,2038,560,
11,4,1,2038,5760,
11,4,2,2038,5760,
11,4,3,2038,5760,
5,4,1,2038,1710,
5,4,2,2038,1710,
5,4,3,2038,1710,
19,4,1,2038,210,
19,4,2,2038,210,
19,4,3,2038,210,
9,4,1,2038,2340,
9,4,2,2038,2340,
9,4,3,2038,2340,
8,4,1,2038,960,
8,4,2,2038,960,
8,4,3,2038,960,
14,4,1,2038,2940,
14,4,2,2038,2940,
14,4,3,2038,2940,
1,4,1,2038,12440,
1,4,2,2038,12440,
1,4,3,2038,12440,
15,4,1,2039,7030,
15,4,2,2039,7030,
15,4,3,2039,7030,
16,4,1,2039,3000,
16,4,2,2039,3000,
16,4,3,2039,3000,
20,4,1,2039,5070,
20,4,2,2039,5070,
20,4,3,2039,5070,
6,4,1,2039,6670,
6,4,2,2039,6670,
6,4,3,2039,6670,
17,4,1,2039,3880,
17,4,2,2039,3880,
17,4,3,2039,3880,
21,4,1,2039,2940,
21,4,2,2039,2940,
21,4,3,2039,2940,
23,4,1,2039,2090,
23,4,2,2039,2090,
23,4,3,2039,2090,
22,4,1,2039,3750,
22,4,2,2039,3750,
22,4,3,2039,3750,
24,4,1,2039,1120,
24,4,2,2039,1120,
24,4,3,2039,1120,
7,4,1,2039,4180,
7,4,2,2039,4180,
7,4,3,2039,4180,
10,4,1,2039,9010,
10,4,2,2039,9010,
10,4,3,2039,9010,
13,4,1,2039,2510,
13,4,2,2039,2510,
13,4,3,2039,2510,
2,4,1,2039,11360,
2,4,2,2039,11360,
2,4,3,2039,11360,
25,4,1,2039,970,
25,4,2,2039,970,
25,4,3,2039,970,
4,4,1,2039,3560,
4,4,2,2039,3560,
4,4,3,2039,3560,
12,4,1,2039,570,
12,4,2,2039,570,
12,4,3,2039,570,
3,4,1,2039,2490,
3,4,2,2039,2490,
3,4,3,2039,2490,
18,4,1,2039,560,
18,4,2,2039,560,
18,4,3,2039,560,
11,4,1,2039,5760,
11,4,2,2039,5760,
11,4,3,2039,5760,
5,4,1,2039,1710,
5,4,2,2039,1710,
5,4,3,2039,1710,
19,4,1,2039,210,
19,4,2,2039,210,
19,4,3,2039,210,
9,4,1,2039,2340,
9,4,2,2039,2340,
9,4,3,2039,2340,
8,4,1,2039,960,
8,4,2,2039,960,
8,4,3,2039,960,
14,4,1,2039,2940,
14,4,2,2039,2940,
14,4,3,2039,2940,
1,4,1,2039,12440,
1,4,2,2039,12440,
1,4,3,2039,12440,
15,4,1,2040,7030,
15,4,2,2040,7030,
15,4,3,2040,7030,
16,4,1,2040,3000,
16,4,2,2040,3000,
16,4,3,2040,3000,
20,4,1,2040,5070,
20,4,2,2040,5070,
20,4,3,2040,5070,
6,4,1,2040,6670,
6,4,2,2040,6670,
6,4,3,2040,6670,
17,4,1,2040,3880,
17,4,2,2040,3880,
17,4,3,2040,3880,
21,4,1,2040,2940,
21,4,2,2040,2940,
21,4,3,2040,2940,
23,4,1,2040,2090,
23,4,2,2040,2090,
23,4,3,2040,2090,
22,4,1,2040,3750,
22,4,2,2040,3750,
22,4,3,2040,3750,
24,4,1,2040,1120,
24,4,2,2040,1120,
24,4,3,2040,1120,
7,4,1,2040,4180,
7,4,2,2040,4180,
7,4,3,2040,4180,
10,4,1,2040,9010,
10,4,2,2040,9010,
10,4,3,2040,9010,
13,4,1,2040,2510,
13,4,2,2040,2510,
13,4,3,2040,2510,
2,4,1,2040,11360,
2,4,2,2040,11360,
2,4,3,2040,11360,
25,4,1,2040,970,
25,4,2,2040,970,
25,4,3,2040,970,
4,4,1,2040,3560,
4,4,2,2040,3560,
4,4,3,2040,3560,
12,4,1,2040,570,
12,4,2,2040,570,
12,4,3,2040,570,
3,4,1,2040,2490,
3,4,2,2040,2490,
3,4,3,2040,2490,
18,4,1,2040,560,
18,4,2,2040,560,
18,4,3,2040,560,
11,4,1,2040,5760,
11,4,2,2040,5760,
11,4,3,2040,5760,
5,4,1,2040,1710,
5,4,2,2040,1710,
5,4,3,2040,1710,
19,4,1,2040,210,
19,4,2,2040,210,
19,4,3,2040,210,
9,4,1,2040,2340,
9,4,2,2040,2340,
9,4,3,2040,2340,
8,4,1,2040,960,
8,4,2,2040,960,
8,4,3,2040,960,
14,4,1,2040,2940,
14,4,2,2040,2940,
14,4,3,2040,2940,
1,4,1,2040,12440,
1,4,2,2040,12440,
1,4,3,2040,12440,
15,4,1,2041,7030,
15,4,2,2041,7030,
15,4,3,2041,7030,
16,4,1,2041,3000,
16,4,2,2041,3000,
16,4,3,2041,3000,
20,4,1,2041,5070,
20,4,2,2041,5070,
20,4,3,2041,5070,
6,4,1,2041,6670,
6,4,2,2041,6670,
6,4,3,2041,6670,
17,4,1,2041,3880,
17,4,2,2041,3880,
17,4,3,2041,3880,
21,4,1,2041,2940,
21,4,2,2041,2940,
21,4,3,2041,2940,
23,4,1,2041,2090,
23,4,2,2041,2090,
23,4,3,2041,2090,
22,4,1,2041,3750,
22,4,2,2041,3750,
22,4,3,2041,3750,
24,4,1,2041,1120,
24,4,2,2041,1120,
24,4,3,2041,1120,
7,4,1,2041,4180,
7,4,2,2041,4180,
7,4,3,2041,4180,
10,4,1,2041,9010,
10,4,2,2041,9010,
10,4,3,2041,9010,
13,4,1,2041,2510,
13,4,2,2041,2510,
13,4,3,2041,2510,
2,4,1,2041,11360,
2,4,2,2041,11360,
2,4,3,2041,11360,
25,4,1,2041,970,
25,4,2,2041,970,
25,4,3,2041,970,
4,4,1,2041,3560,
4,4,2,2041,3560,
4,4,3,2041,3560,
12,4,1,2041,570,
12,4,2,2041,570,
12,4,3,2041,570,
3,4,1,2041,2490,
3,4,2,2041,2490,
3,4,3,2041,2490,
18,4,1,2041,560,
18,4,2,2041,560,
18,4,3,2041,560,
11,4,1,2041,5760,
11,4,2,2041,5760,
11,4,3,2041,5760,
5,4,1,2041,1710,
5,4,2,2041,1710,
5,4,3,2041,1710,
19,4,1,2041,210,
19,4,2,2041,210,
19,4,3,2041,210,
9,4,1,2041,2340,
9,4,2,2041,2340,
9,4,3,2041,2340,
8,4,1,2041,960,
8,4,2,2041,960,
8,4,3,2041,960,
14,4,1,2041,2940,
14,4,2,2041,2940,
14,4,3,2041,2940,
1,4,1,2041,12440,
1,4,2,2041,12440,
1,4,3,2041,12440,
15,4,1,2042,7030,
15,4,2,2042,7030,
15,4,3,2042,7030,
16,4,1,2042,3000,
16,4,2,2042,3000,
16,4,3,2042,3000,
20,4,1,2042,5070,
20,4,2,2042,5070,
20,4,3,2042,5070,
6,4,1,2042,6670,
6,4,2,2042,6670,
6,4,3,2042,6670,
17,4,1,2042,3880,
17,4,2,2042,3880,
17,4,3,2042,3880,
21,4,1,2042,2940,
21,4,2,2042,2940,
21,4,3,2042,2940,
23,4,1,2042,2090,
23,4,2,2042,2090,
23,4,3,2042,2090,
22,4,1,2042,3750,
22,4,2,2042,3750,
22,4,3,2042,3750,
24,4,1,2042,1120,
24,4,2,2042,1120,
24,4,3,2042,1120,
7,4,1,2042,4180,
7,4,2,2042,4180,
7,4,3,2042,4180,
10,4,1,2042,9010,
10,4,2,2042,9010,
10,4,3,2042,9010,
13,4,1,2042,2510,
13,4,2,2042,2510,
13,4,3,2042,2510,
2,4,1,2042,11360,
2,4,2,2042,11360,
2,4,3,2042,11360,
25,4,1,2042,970,
25,4,2,2042,970,
25,4,3,2042,970,
4,4,1,2042,3560,
4,4,2,2042,3560,
4,4,3,2042,3560,
12,4,1,2042,570,
12,4,2,2042,570,
12,4,3,2042,570,
3,4,1,2042,2490,
3,4,2,2042,2490,
3,4,3,2042,2490,
18,4,1,2042,560,
18,4,2,2042,560,
18,4,3,2042,560,
11,4,1,2042,5760,
11,4,2,2042,5760,
11,4,3,2042,5760,
5,4,1,2042,1710,
5,4,2,2042,1710,
5,4,3,2042,1710,
19,4,1,2042,210,
19,4,2,2042,210,
19,4,3,2042,210,
9,4,1,2042,2340,
9,4,2,2042,2340,
9,4,3,2042,2340,
8,4,1,2042,960,
8,4,2,2042,960,
8,4,3,2042,960,
14,4,1,2042,2940,
14,4,2,2042,2940,
14,4,3,2042,2940,
1,4,1,2042,12440,
1,4,2,2042,12440,
1,4,3,2042,12440,
15,4,1,2043,7030,
15,4,2,2043,7030,
15,4,3,2043,7030,
16,4,1,2043,3000,
16,4,2,2043,3000,
16,4,3,2043,3000,
20,4,1,2043,5070,
20,4,2,2043,5070,
20,4,3,2043,5070,
6,4,1,2043,6670,
6,4,2,2043,6670,
6,4,3,2043,6670,
17,4,1,2043,3880,
17,4,2,2043,3880,
17,4,3,2043,3880,
21,4,1,2043,2940,
21,4,2,2043,2940,
21,4,3,2043,2940,
23,4,1,2043,1930,
23,4,2,2043,1930,
23,4,3,2043,1930,
22,4,1,2043,3750,
22,4,2,2043,3750,
22,4,3,2043,3750,
24,4,1,2043,1120,
24,4,2,2043,1120,
24,4,3,2043,1120,
7,4,1,2043,4180,
7,4,2,2043,4180,
7,4,3,2043,4180,
10,4,1,2043,9010,
10,4,2,2043,9010,
10,4,3,2043,9010,
13,4,1,2043,2510,
13,4,2,2043,2510,
13,4,3,2043,2510,
2,4,1,2043,11360,
2,4,2,2043,11360,
2,4,3,2043,11360,
25,4,1,2043,970,
25,4,2,2043,970,
25,4,3,2043,970,
4,4,1,2043,3560,
4,4,2,2043,3560,
4,4,3,2043,3560,
12,4,1,2043,570,
12,4,2,2043,570,
12,4,3,2043,570,
3,4,1,2043,2490,
3,4,2,2043,2490,
3,4,3,2043,2490,
18,4,1,2043,560,
18,4,2,2043,560,
18,4,3,2043,560,
11,4,1,2043,5760,
11,4,2,2043,5760,
11,4,3,2043,5760,
5,4,1,2043,1710,
5,4,2,2043,1710,
5,4,3,2043,1710,
19,4,1,2043,210,
19,4,2,2043,210,
19,4,3,2043,210,
9,4,1,2043,2340,
9,4,2,2043,2340,
9,4,3,2043,2340,
8,4,1,2043,960,
8,4,2,2043,960,
8,4,3,2043,960,
14,4,1,2043,2940,
14,4,2,2043,2940,
14,4,3,2043,2940,
1,4,1,2043,12440,
1,4,2,2043,12440,
1,4,3,2043,12440,
15,4,1,2044,7030,
15,4,2,2044,7030,
15,4,3,2044,7030,
16,4,1,2044,3000,
16,4,2,2044,3000,
16,4,3,2044,3000,
20,4,1,2044,5070,
20,4,2,2044,5070,
20,4,3,2044,5070,
6,4,1,2044,6670,
6,4,2,2044,6670,
6,4,3,2044,6670,
17,4,1,2044,3880,
17,4,2,2044,3880,
17,4,3,2044,3880,
21,4,1,2044,2940,
21,4,2,2044,2940,
21,4,3,2044,2940,
23,4,1,2044,1930,
23,4,2,2044,1930,
23,4,3,2044,1930,
22,4,1,2044,3750,
22,4,2,2044,3750,
22,4,3,2044,3750,
24,4,1,2044,1120,
24,4,2,2044,1120,
24,4,3,2044,1120,
7,4,1,2044,4180,
7,4,2,2044,4180,
7,4,3,2044,4180,
10,4,1,2044,9010,
10,4,2,2044,9010,
10,4,3,2044,9010,
13,4,1,2044,2510,
13,4,2,2044,2510,
13,4,3,2044,2510,
2,4,1,2044,11360,
2,4,2,2044,11360,
2,4,3,2044,11360,
25,4,1,2044,970,
25,4,2,2044,970,
25,4,3,2044,970,
4,4,1,2044,3560,
4,4,2,2044,3560,
4,4,3,2044,3560,
12,4,1,2044,570,
12,4,2,2044,570,
12,4,3,2044,570,
3,4,1,2044,2490,
3,4,2,2044,2490,
3,4,3,2044,2490,
18,4,1,2044,560,
18,4,2,2044,560,
18,4,3,2044,560,
11,4,1,2044,5760,
11,4,2,2044,5760,
11,4,3,2044,5760,
5,4,1,2044,1710,
5,4,2,2044,1710,
5,4,3,2044,1710,
19,4,1,2044,210,
19,4,2,2044,210,
19,4,3,2044,210,
9,4,1,2044,2340,
9,4,2,2044,2340,
9,4,3,2044,2340,
8,4,1,2044,960,
8,4,2,2044,960,
8,4,3,2044,960,
14,4,1,2044,2940,
14,4,2,2044,2940,
14,4,3,2044,2940,
1,4,1,2044,12440,
1,4,2,2044,12440,
1,4,3,2044,12440,
15,4,1,2045,7030,
15,4,2,2045,7030,
15,4,3,2045,7030,
16,4,1,2045,3000,
16,4,2,2045,3000,
16,4,3,2045,3000,
20,4,1,2045,5070,
20,4,2,2045,5070,
20,4,3,2045,5070,
6,4,1,2045,6670,
6,4,2,2045,6670,
6,4,3,2045,6670,
17,4,1,2045,3880,
17,4,2,2045,3880,
17,4,3,2045,3880,
21,4,1,2045,2940,
21,4,2,2045,2940,
21,4,3,2045,2940,
23,4,1,2045,1930,
23,4,2,2045,1930,
23,4,3,2045,1930,
22,4,1,2045,3750,
22,4,2,2045,3750,
22,4,3,2045,3750,
24,4,1,2045,1120,
24,4,2,2045,1120,
24,4,3,2045,1120,
7,4,1,2045,4180,
7,4,2,2045,4180,
7,4,3,2045,4180,
10,4,1,2045,9010,
10,4,2,2045,9010,
10,4,3,2045,9010,
13,4,1,2045,2510,
13,4,2,2045,2510,
13,4,3,2045,2510,
2,4,1,2045,11360,
2,4,2,2045,11360,
2,4,3,2045,11360,
25,4,1,2045,970,
25,4,2,2045,970,
25,4,3,2045,970,
4,4,1,2045,3560,
4,4,2,2045,3560,
4,4,3,2045,3560,
12,4,1,2045,570,
12,4,2,2045,570,
12,4,3,2045,570,
3,4,1,2045,2490,
3,4,2,2045,2490,
3,4,3,2045,2490,
18,4,1,2045,560,
18,4,2,2045,560,
18,4,3,2045,560,
11,4,1,2045,5760,
11,4,2,2045,5760,
11,4,3,2045,5760,
5,4,1,2045,1710,
5,4,2,2045,1710,
5,4,3,2045,1710,
19,4,1,2045,210,
19,4,2,2045,210,
19,4,3,2045,210,
9,4,1,2045,2340,
9,4,2,2045,2340,
9,4,3,2045,2340,
8,4,1,2045,960,
8,4,2,2045,960,
8,4,3,2045,960,
14,4,1,2045,2940,
14,4,2,2045,2940,
14,4,3,2045,2940,
1,4,1,2045,12440,
1,4,2,2045,12440,
1,4,3,2045,12440,
15,4,1,2046,7030,
15,4,2,2046,7030,
15,4,3,2046,7030,
16,4,1,2046,3000,
16,4,2,2046,3000,
16,4,3,2046,3000,
20,4,1,2046,5070,
20,4,2,2046,5070,
20,4,3,2046,5070,
6,4,1,2046,6670,
6,4,2,2046,6670,
6,4,3,2046,6670,
17,4,1,2046,3880,
17,4,2,2046,3880,
17,4,3,2046,3880,
21,4,1,2046,2940,
21,4,2,2046,2940,
21,4,3,2046,2940,
23,4,1,2046,1930,
23,4,2,2046,1930,
23,4,3,2046,1930,
22,4,1,2046,3750,
22,4,2,2046,3750,
22,4,3,2046,3750,
24,4,1,2046,1120,
24,4,2,2046,1120,
24,4,3,2046,1120,
7,4,1,2046,4180,
7,4,2,2046,4180,
7,4,3,2046,4180,
10,4,1,2046,9010,
10,4,2,2046,9010,
10,4,3,2046,9010,
13,4,1,2046,2510,
13,4,2,2046,2510,
13,4,3,2046,2510,
2,4,1,2046,11360,
2,4,2,2046,11360,
2,4,3,2046,11360,
25,4,1,2046,970,
25,4,2,2046,970,
25,4,3,2046,970,
4,4,1,2046,3560,
4,4,2,2046,3560,
4,4,3,2046,3560,
12,4,1,2046,570,
12,4,2,2046,570,
12,4,3,2046,570,
3,4,1,2046,2490,
3,4,2,2046,2490,
3,4,3,2046,2490,
18,4,1,2046,560,
18,4,2,2046,560,
18,4,3,2046,560,
11,4,1,2046,5760,
11,4,2,2046,5760,
11,4,3,2046,5760,
5,4,1,2046,1710,
5,4,2,2046,1710,
5,4,3,2046,1710,
19,4,1,2046,210,
19,4,2,2046,210,
19,4,3,2046,210,
9,4,1,2046,2340,
9,4,2,2046,2340,
9,4,3,2046,2340,
8,4,1,2046,960,
8,4,2,2046,960,
8,4,3,2046,960,
14,4,1,2046,2940,
14,4,2,2046,2940,
14,4,3,2046,2940,
1,4,1,2046,12440,
1,4,2,2046,12440,
1,4,3,2046,12440,
15,4,1,2047,7030,
15,4,2,2047,7030,
15,4,3,2047,7030,
16,4,1,2047,3000,
16,4,2,2047,3000,
16,4,3,2047,3000,
20,4,1,2047,5070,
20,4,2,2047,5070,
20,4,3,2047,5070,
6,4,1,2047,6670,
6,4,2,2047,6670,
6,4,3,2047,6670,
17,4,1,2047,3880,
17,4,2,2047,3880,
17,4,3,2047,3880,
21,4,1,2047,2940,
21,4,2,2047,2940,
21,4,3,2047,2940,
23,4,1,2047,1930,
23,4,2,2047,1930,
23,4,3,2047,1930,
22,4,1,2047,3750,
22,4,2,2047,3750,
22,4,3,2047,3750,
24,4,1,2047,1120,
24,4,2,2047,1120,
24,4,3,2047,1120,
7,4,1,2047,4180,
7,4,2,2047,4180,
7,4,3,2047,4180,
10,4,1,2047,9010,
10,4,2,2047,9010,
10,4,3,2047,9010,
13,4,1,2047,2510,
13,4,2,2047,2510,
13,4,3,2047,2510,
2,4,1,2047,11360,
2,4,2,2047,11360,
2,4,3,2047,11360,
25,4,1,2047,970,
25,4,2,2047,970,
25,4,3,2047,970,
4,4,1,2047,3560,
4,4,2,2047,3560,
4,4,3,2047,3560,
12,4,1,2047,570,
12,4,2,2047,570,
12,4,3,2047,570,
3,4,1,2047,2490,
3,4,2,2047,2490,
3,4,3,2047,2490,
18,4,1,2047,560,
18,4,2,2047,560,
18,4,3,2047,560,
11,4,1,2047,5760,
11,4,2,2047,5760,
11,4,3,2047,5760,
5,4,1,2047,1710,
5,4,2,2047,1710,
5,4,3,2047,1710,
19,4,1,2047,210,
19,4,2,2047,210,
19,4,3,2047,210,
9,4,1,2047,2340,
9,4,2,2047,2340,
9,4,3,2047,2340,
8,4,1,2047,960,
8,4,2,2047,960,
8,4,3,2047,960,
14,4,1,2047,2940,
14,4,2,2047,2940,
14,4,3,2047,2940,
1,4,1,2047,12440,
1,4,2,2047,12440,
1,4,3,2047,12440,
15,4,1,2048,7030,
15,4,2,2048,7030,
15,4,3,2048,7030,
16,4,1,2048,3000,
16,4,2,2048,3000,
16,4,3,2048,3000,
20,4,1,2048,5070,
20,4,2,2048,5070,
20,4,3,2048,5070,
6,4,1,2048,6670,
6,4,2,2048,6670,
6,4,3,2048,6670,
17,4,1,2048,3880,
17,4,2,2048,3880,
17,4,3,2048,3880,
21,4,1,2048,2940,
21,4,2,2048,2940,
21,4,3,2048,2940,
23,4,1,2048,1930,
23,4,2,2048,1930,
23,4,3,2048,1930,
22,4,1,2048,3750,
22,4,2,2048,3750,
22,4,3,2048,3750,
24,4,1,2048,1120,
24,4,2,2048,1120,
24,4,3,2048,1120,
7,4,1,2048,4180,
7,4,2,2048,4180,
7,4,3,2048,4180,
10,4,1,2048,9010,
10,4,2,2048,9010,
10,4,3,2048,9010,
13,4,1,2048,2510,
13,4,2,2048,2510,
13,4,3,2048,2510,
2,4,1,2048,11360,
2,4,2,2048,11360,
2,4,3,2048,11360,
25,4,1,2048,970,
25,4,2,2048,970,
25,4,3,2048,970,
4,4,1,2048,3560,
4,4,2,2048,3560,
4,4,3,2048,3560,
12,4,1,2048,570,
12,4,2,2048,570,
12,4,3,2048,570,
3,4,1,2048,2490,
3,4,2,2048,2490,
3,4,3,2048,2490,
18,4,1,2048,560,
18,4,2,2048,560,
18,4,3,2048,560,
11,4,1,2048,5760,
11,4,2,2048,5760,
11,4,3,2048,5760,
5,4,1,2048,1710,
5,4,2,2048,1710,
5,4,3,2048,1710,
19,4,1,2048,210,
19,4,2,2048,210,
19,4,3,2048,210,
9,4,1,2048,2340,
9,4,2,2048,2340,
9,4,3,2048,2340,
8,4,1,2048,960,
8,4,2,2048,960,
8,4,3,2048,960,
14,4,1,2048,2940,
14,4,2,2048,2940,
14,4,3,2048,2940,
1,4,1,2048,12440,
1,4,2,2048,12440,
1,4,3,2048,12440,
15,4,1,2049,7030,
15,4,2,2049,7030,
15,4,3,2049,7030,
16,4,1,2049,3000,
16,4,2,2049,3000,
16,4,3,2049,3000,
20,4,1,2049,5070,
20,4,2,2049,5070,
20,4,3,2049,5070,
6,4,1,2049,6670,
6,4,2,2049,6670,
6,4,3,2049,6670,
17,4,1,2049,3880,
17,4,2,2049,3880,
17,4,3,2049,3880,
21,4,1,2049,2940,
21,4,2,2049,2940,
21,4,3,2049,2940,
23,4,1,2049,1930,
23,4,2,2049,1930,
23,4,3,2049,1930,
22,4,1,2049,3750,
22,4,2,2049,3750,
22,4,3,2049,3750,
24,4,1,2049,1120,
24,4,2,2049,1120,
24,4,3,2049,1120,
7,4,1,2049,4180,
7,4,2,2049,4180,
7,4,3,2049,4180,
10,4,1,2049,9010,
10,4,2,2049,9010,
10,4,3,2049,9010,
13,4,1,2049,2510,
13,4,2,2049,2510,
13,4,3,2049,2510,
2,4,1,2049,11360,
2,4,2,2049,11360,
2,4,3,2049,11360,
25,4,1,2049,970,
25,4,2,2049,970,
25,4,3,2049,970,
4,4,1,2049,3560,
4,4,2,2049,3560,
4,4,3,2049,3560,
12,4,1,2049,570,
12,4,2,2049,570,
12,4,3,2049,570,
3,4,1,2049,2490,
3,4,2,2049,2490,
3,4,3,2049,2490,
18,4,1,2049,560,
18,4,2,2049,560,
18,4,3,2049,560,
11,4,1,2049,5760,
11,4,2,2049,5760,
11,4,3,2049,5760,
5,4,1,2049,1710,
5,4,2,2049,1710,
5,4,3,2049,1710,
19,4,1,2049,210,
19,4,2,2049,210,
19,4,3,2049,210,
9,4,1,2049,2340,
9,4,2,2049,2340,
9,4,3,2049,2340,
8,4,1,2049,960,
8,4,2,2049,960,
8,4,3,2049,960,
14,4,1,2049,2940,
14,4,2,2049,2940,
14,4,3,2049,2940,
1,4,1,2049,12440,
1,4,2,2049,12440,
1,4,3,2049,12440,
15,4,1,2050,7030,
15,4,2,2050,7030,
15,4,3,2050,7030,
16,4,1,2050,3000,
16,4,2,2050,3000,
16,4,3,2050,3000,
20,4,1,2050,5070,
20,4,2,2050,5070,
20,4,3,2050,5070,
6,4,1,2050,6670,
6,4,2,2050,6670,
6,4,3,2050,6670,
17,4,1,2050,3880,
17,4,2,2050,3880,
17,4,3,2050,3880,
21,4,1,2050,2940,
21,4,2,2050,2940,
21,4,3,2050,2940,
23,4,1,2050,1930,
23,4,2,2050,1930,
23,4,3,2050,1930,
22,4,1,2050,3750,
22,4,2,2050,3750,
22,4,3,2050,3750,
24,4,1,2050,1120,
24,4,2,2050,1120,
24,4,3,2050,1120,
7,4,1,2050,4180,
7,4,2,2050,4180,
7,4,3,2050,4180,
10,4,1,2050,9010,
10,4,2,2050,9010,
10,4,3,2050,9010,
13,4,1,2050,2510,
13,4,2,2050,2510,
13,4,3,2050,2510,
2,4,1,2050,11360,
2,4,2,2050,11360,
2,4,3,2050,11360,
25,4,1,2050,970,
25,4,2,2050,970,
25,4,3,2050,970,
4,4,1,2050,3560,
4,4,2,2050,3560,
4,4,3,2050,3560,
12,4,1,2050,570,
12,4,2,2050,570,
12,4,3,2050,570,
3,4,1,2050,2490,
3,4,2,2050,2490,
3,4,3,2050,2490,
18,4,1,2050,560,
18,4,2,2050,560,
18,4,3,2050,560,
11,4,1,2050,5760,
11,4,2,2050,5760,
11,4,3,2050,5760,
5,4,1,2050,1710,
5,4,2,2050,1710,
5,4,3,2050,1710,
19,4,1,2050,210,
19,4,2,2050,210,
19,4,3,2050,210,
9,4,1,2050,2340,
9,4,2,2050,2340,
9,4,3,2050,2340,
8,4,1,2050,960,
8,4,2,2050,960,
8,4,3,2050,960,
14,4,1,2050,2940,
14,4,2,2050,2940,
14,4,3,2050,2940,
1,4,1,2050,12440,
1,4,2,2050,12440,
1,4,3,2050,12440,
15,5,1,2023,0,
16,5,1,2023,0,
20,5,1,2023,0,
6,5,1,2023,0,
17,5,1,2023,0,
21,5,1,2023,0,
23,5,1,2023,0,
22,5,1,2023,0,
24,5,1,2023,0,
7,5,1,2023,0.1,
10,5,1,2023,0,
13,5,1,2023,0,
2,5,1,2023,0,
25,5,1,2023,0,
4,5,1,2023,0,
12,5,1,2023,0,
3,5,1,2023,0,
18,5,1,2023,0,
11,5,1,2023,0,
5,5,1,2023,0,
19,5,1,2023,0,
9,5,1,2023,0,
8,5,1,2023,0,
14,5,1,2023,0,
1,5,1,2023,0,
15,5,1,2024,0,
16,5,1,2024,0,
20,5,1,2024,0,
6,5,1,2024,0,
17,5,1,2024,0,
21,5,1,2024,0,
23,5,1,2024,0,
22,5,1,2024,0,
24,5,1,2024,0,
7,5,1,2024,0.1,
10,5,1,2024,0,
13,5,1,2024,0,
2,5,1,2024,0,
25,5,1,2024,0,
4,5,1,2024,0,
12,5,1,2024,0,
3,5,1,2024,0,
18,5,1,2024,0,
11,5,1,2024,0,
5,5,1,2024,0,
19,5,1,2024,0,
9,5,1,2024,0,
8,5,1,2024,0,
14,5,1,2024,0,
1,5,1,2024,0,
15,5,1,2025,0,
16,5,1,2025,0,
20,5,1,2025,0,
6,5,1,2025,0,
17,5,1,2025,0,
21,5,1,2025,0,
23,5,1,2025,0,
22,5,1,2025,0,
24,5,1,2025,0,
7,5,1,2025,0.1,
10,5,1,2025,0,
13,5,1,2025,0,
2,5,1,2025,0,
25,5,1,2025,0,
4,5,1,2025,0,
12,5,1,2025,0,
3,5,1,2025,0,
18,5,1,2025,0,
11,5,1,2025,0,
5,5,1,2025,0,
19,5,1,2025,0,
9,5,1,2025,0,
8,5,1,2025,0,
14,5,1,2025,0,
1,5,1,2025,0,
15,5,1,2026,0,
16,5,1,2026,0,
20,5,1,2026,0,
6,5,1,2026,0,
17,5,1,2026,0,
21,5,1,2026,0,
23,5,1,2026,0,
22,5,1,2026,0,
24,5,1,2026,0,
7,5,1,2026,0.1,
10,5,1,2026,0,
13,5,1,2026,0,
2,5,1,2026,0,
25,5,1,2026,0,
4,5,1,2026,0,
12,5,1,2026,0,
3,5,1,2026,0,
18,5,1,2026,0,
11,5,1,2026,0,
5,5,1,2026,0,
19,5,1,2026,0,
9,5,1,2026,0,
8,5,1,2026,0,
14,5,1,2026,0,
1,5,1,2026,0,
15,5,1,2027,0,
16,5,1,2027,0,
20,5,1,2027,0,
6,5,1,2027,0,
17,5,1,2027,0,
21,5,1,2027,0,
23,5,1,2027,0,
22,5,1,2027,0,
24,5,1,2027,0,
7,5,1,2027,0.1,
10,5,1,2027,0,
13,5,1,2027,0,
2,5,1,2027,0,
25,5,1,2027,0,
4,5,1,2027,0,
12,5,1,2027,0,
3,5,1,2027,0,
18,5,1,2027,0,
11,5,1,2027,0,
5,5,1,2027,0,
19,5,1,2027,0,
9,5,1,2027,0,
8,5,1,2027,0,
14,5,1,2027,0,
1,5,1,2027,0,
15,5,1,2028,0,
16,5,1,2028,0,
20,5,1,2028,0,
6,5,1,2028,0,
17,5,1,2028,0,
21,5,1,2028,0,
23,5,1,2028,0,
22,5,1,2028,0,
24,5,1,2028,0,
7,5,1,2028,0.1,
10,5,1,2028,0,
13,5,1,2028,0,
2,5,1,2028,0,
25,5,1,2028,0,
4,5,1,2028,0,
12,5,1,2028,0,
3,5,1,2028,0,
18,5,1,2028,0,
11,5,1,2028,0,
5,5,1,2028,0,
19,5,1,2028,0,
9,5,1,2028,0,
8,5,1,2028,0,
14,5,1,2028,0,
1,5,1,2028,0,
15,5,1,2029,0,
16,5,1,2029,0,
20,5,1,2029,0,
6,5,1,2029,0,
17,5,1,2029,0,
21,5,1,2029,0,
23,5,1,2029,0,
22,5,1,2029,0,
24,5,1,2029,0,
7,5,1,2029,0.1,
10,5,1,2029,0,
13,5,1,2029,0,
2,5,1,2029,0,
25,5,1,2029,0,
4,5,1,2029,0,
12,5,1,2029,0,
3,5,1,2029,0,
18,5,1,2029,0,
11,5,1,2029,0,
5,5,1,2029,0,
19,5,1,2029,0,
9,5,1,2029,0,
8,5,1,2029,0,
14,5,1,2029,0,
1,5,1,2029,0,
15,5,1,2030,0,
16,5,1,2030,0,
20,5,1,2030,0,
6,5,1,2030,0,
17,5,1,2030,0,
21,5,1,2030,0,
23,5,1,2030,0,
22,5,1,2030,0,
24,5,1,2030,0,
7,5,1,2030,0.1,
10,5,1,2030,0,
13,5,1,2030,0,
2,5,1,2030,0,
25,5,1,2030,0,
4,5,1,2030,0,
12,5,1,2030,0,
3,5,1,2030,0,
18,5,1,2030,0,
11,5,1,2030,0,
5,5,1,2030,0,
19,5,1,2030,0,
9,5,1,2030,0,
8,5,1,2030,0,
14,5,1,2030,0,
1,5,1,2030,0,
15,5,1,2031,0,
16,5,1,2031,0,
20,5,1,2031,0,
6,5,1,2031,0,
17,5,1,2031,0,
21,5,1,2031,0,
23,5,1,2031,0,
22,5,1,2031,0,
24,5,1,2031,0,
7,5,1,2031,0.1,
10,5,1,2031,0,
13,5,1,2031,0,
2,5,1,2031,0,
25,5,1,2031,0,
4,5,1,2031,0,
12,5,1,2031,0,
3,5,1,2031,0,
18,5,1,2031,0,
11,5,1,2031,0,
5,5,1,2031,0,
19,5,1,2031,0,
9,5,1,2031,0,
8,5,1,2031,0,
14,5,1,2031,0,
1,5,1,2031,0,
15,5,1,2032,0,
16,5,1,2032,0,
20,5,1,2032,0,
6,5,1,2032,0,
17,5,1,2032,0,
21,5,1,2032,0,
23,5,1,2032,0,
22,5,1,2032,0,
24,5,1,2032,0,
7,5,1,2032,0.1,
10,5,1,2032,0,
13,5,1,2032,0,
2,5,1,2032,0,
25,5,1,2032,0,
4,5,1,2032,0,
12,5,1,2032,0,
3,5,1,2032,0,
18,5,1,2032,0,
11,5,1,2032,0,
5,5,1,2032,0,
19,5,1,2032,0,
9,5,1,2032,0,
8,5,1,2032,0,
14,5,1,2032,0,
1,5,1,2032,0,
15,5,1,2033,0,
16,5,1,2033,0,
20,5,1,2033,0,
6,5,1,2033,0,
17,5,1,2033,0,
21,5,1,2033,0,
23,5,1,2033,0,
22,5,1,2033,0,
24,5,1,2033,0,
7,5,1,2033,0.1,
10,5,1,2033,0,
13,5,1,2033,0,
2,5,1,2033,0,
25,5,1,2033,0,
4,5,1,2033,0,
12,5,1,2033,0,
3,5,1,2033,0,
18,5,1,2033,0,
11,5,1,2033,0,
5,5,1,2033,0,
19,5,1,2033,0,
9,5,1,2033,0,
8,5,1,2033,0,
14,5,1,2033,0,
1,5,1,2033,0,
15,5,1,2034,0,
16,5,1,2034,0,
20,5,1,2034,0,
6,5,1,2034,0,
17,5,1,2034,0,
21,5,1,2034,0,
23,5,1,2034,0,
22,5,1,2034,0,
24,5,1,2034,0,
7,5,1,2034,0.1,
10,5,1,2034,0,
13,5,1,2034,0,
2,5,1,2034,0,
25,5,1,2034,0,
4,5,1,2034,0,
12,5,1,2034,0,
3,5,1,2034,0,
18,5,1,2034,0,
11,5,1,2034,0,
5,5,1,2034,0,
19,5,1,2034,0,
9,5,1,2034,0,
8,5,1,2034,0,
14,5,1,2034,0,
1,5,1,2034,0,
15,5,1,2035,0,
16,5,1,2035,0,
20,5,1,2035,0,
6,5,1,2035,0,
17,5,1,2035,0,
21,5,1,2035,0,
23,5,1,2035,0,
22,5,1,2035,0,
24,5,1,2035,0,
7,5,1,2035,0.1,
10,5,1,2035,0,
13,5,1,2035,0,
2,5,1,2035,0,
25,5,1,2035,0,
4,5,1,2035,0,
12,5,1,2035,0,
3,5,1,2035,0,
18,5,1,2035,0,
11,5,1,2035,0,
5,5,1,2035,0,
19,5,1,2035,0,
9,5,1,2035,0,
8,5,1,2035,0,
14,5,1,2035,0,
1,5,1,2035,0,
15,5,1,2036,0,
16,5,1,2036,0,
20,5,1,2036,0,
6,5,1,2036,0,
17,5,1,2036,0,
21,5,1,2036,0,
23,5,1,2036,0,
22,5,1,2036,0,
24,5,1,2036,0,
7,5,1,2036,0.1,
10,5,1,2036,0,
13,5,1,2036,0,
2,5,1,2036,0,
25,5,1,2036,0,
4,5,1,2036,0,
12,5,1,2036,0,
3,5,1,2036,0,
18,5,1,2036,0,
11,5,1,2036,0,
5,5,1,2036,0,
19,5,1,2036,0,
9,5,1,2036,0,
8,5,1,2036,0,
14,5,1,2036,0,
1,5,1,2036,0,
15,5,1,2037,0,
16,5,1,2037,0,
20,5,1,2037,0,
6,5,1,2037,0,
17,5,1,2037,0,
21,5,1,2037,0,
23,5,1,2037,0,
22,5,1,2037,0,
24,5,1,2037,0,
7,5,1,2037,0.1,
10,5,1,2037,0,
13,5,1,2037,0,
2,5,1,2037,0,
25,5,1,2037,0,
4,5,1,2037,0,
12,5,1,2037,0,
3,5,1,2037,0,
18,5,1,2037,0,
11,5,1,2037,0,
5,5,1,2037,0,
19,5,1,2037,0,
9,5,1,2037,0,
8,5,1,2037,0,
14,5,1,2037,0,
1,5,1,2037,0,
15,5,1,2038,0,
16,5,1,2038,0,
20,5,1,2038,0,
6,5,1,2038,0,
17,5,1,2038,0,
21,5,1,2038,0,
23,5,1,2038,0,
22,5,1,2038,0,
24,5,1,2038,0,
7,5,1,2038,0.1,
10,5,1,2038,0,
13,5,1,2038,0,
2,5,1,2038,0,
25,5,1,2038,0,
4,5,1,2038,0,
12,5,1,2038,0,
3,5,1,2038,0,
18,5,1,2038,0,
11,5,1,2038,0,
5,5,1,2038,0,
19,5,1,2038,0,
9,5,1,2038,0,
8,5,1,2038,0,
14,5,1,2038,0,
1,5,1,2038,0,
15,5,1,2039,0,
16,5,1,2039,0,
20,5,1,2039,0,
6,5,1,2039,0,
17,5,1,2039,0,
21,5,1,2039,0,
23,5,1,2039,0,
22,5,1,2039,0,
24,5,1,2039,0,
7,5,1,2039,0.1,
10,5,1,2039,0,
13,5,1,2039,0,
2,5,1,2039,0,
25,5,1,2039,0,
4,5,1,2039,0,
12,5,1,2039,0,
3,5,1,2039,0,
18,5,1,2039,0,
11,5,1,2039,0,
5,5,1,2039,0,
19,5,1,2039,0,
9,5,1,2039,0,
8,5,1,2039,0,
14,5,1,2039,0,
1,5,1,2039,0,
15,5,1,2040,0,
16,5,1,2040,0,
20,5,1,2040,0,
6,5,1,2040,0,
17,5,1,2040,0,
21,5,1,2040,0,
23,5,1,2040,0,
22,5,1,2040,0,
24,5,1,2040,0,
7,5,1,2040,0.1,
10,5,1,2040,0,
13,5,1,2040,0,
2,5,1,2040,0,
25,5,1,2040,0,
4,5,1,2040,0,
12,5,1,2040,0,
3,5,1,2040,0,
18,5,1,2040,0,
11,5,1,2040,0,
5,5,1,2040,0,
19,5,1,2040,0,
9,5,1,2040,0,
8,5,1,2040,0,
14,5,1,2040,0,
1,5,1,2040,0,
15,5,1,2041,0,
16,5,1,2041,0,
20,5,1,2041,0,
6,5,1,2041,0,
17,5,1,2041,0,
21,5,1,2041,0,
23,5,1,2041,0,
22,5,1,2041,0,
24,5,1,2041,0,
7,5,1,2041,0.1,
10,5,1,2041,0,
13,5,1,2041,0,
2,5,1,2041,0,
25,5,1,2041,0,
4,5,1,2041,0,
12,5,1,2041,0,
3,5,1,2041,0,
18,5,1,2041,0,
11,5,1,2041,0,
5,5,1,2041,0,
19,5,1,2041,0,
9,5,1,2041,0,
8,5,1,2041,0,
14,5,1,2041,0,
1,5,1,2041,0,
15,5,1,2042,0,
16,5,1,2042,0,
20,5,1,2042,0,
6,5,1,2042,0,
17,5,1,2042,0,
21,5,1,2042,0,
23,5,1,2042,0,
22,5,1,2042,0,
24,5,1,2042,0,
7,5,1,2042,0.1,
10,5,1,2042,0,
13,5,1,2042,0,
2,5,1,2042,0,
25,5,1,2042,0,
4,5,1,2042,0,
12,5,1,2042,0,
3,5,1,2042,0,
18,5,1,2042,0,
11,5,1,2042,0,
5,5,1,2042,0,
19,5,1,2042,0,
9,5,1,2042,0,
8,5,1,2042,0,
14,5,1,2042,0,
1,5,1,2042,0,
15,5,1,2043,0,
16,5,1,2043,0,
20,5,1,2043,0,
6,5,1,2043,0,
17,5,1,2043,0,
21,5,1,2043,0,
23,5,1,2043,0,
22,5,1,2043,0,
24,5,1,2043,0,
7,5,1,2043,0.1,
10,5,1,2043,0,
13,5,1,2043,0,
2,5,1,2043,0,
25,5,1,2043,0,
4,5,1,2043,0,
12,5,1,2043,0,
3,5,1,2043,0,
18,5,1,2043,0,
11,5,1,2043,0,
5,5,1,2043,0,
19,5,1,2043,0,
9,5,1,2043,0,
8,5,1,2043,0,
14,5,1,2043,0,
1,5,1,2043,0,
15,5,1,2044,0,
16,5,1,2044,0,
20,5,1,2044,0,
6,5,1,2044,0,
17,5,1,2044,0,
21,5,1,2044,0,
23,5,1,2044,0,
22,5,1,2044,0,
24,5,1,2044,0,
7,5,1,2044,0.1,
10,5,1,2044,0,
13,5,1,2044,0,
2,5,1,2044,0,
25,5,1,2044,0,
4,5,1,2044,0,
12,5,1,2044,0,
3,5,1,2044,0,
18,5,1,2044,0,
11,5,1,2044,0,
5,5,1,2044,0,
19,5,1,2044,0,
9,5,1,2044,0,
8,5,1,2044,0,
14,5,1,2044,0,
1,5,1,2044,0,
15,5,1,2045,0,
16,5,1,2045,0,
20,5,1,2045,0,
6,5,1,2045,0,
17,5,1,2045,0,
21,5,1,2045,0,
23,5,1,2045,0,
22,5,1,2045,0,
24,5,1,2045,0,
7,5,1,2045,0.1,
10,5,1,2045,0,
13,5,1,2045,0,
2,5,1,2045,0,
25,5,1,2045,0,
4,5,1,2045,0,
12,5,1,2045,0,
3,5,1,2045,0,
18,5,1,2045,0,
11,5,1,2045,0,
5,5,1,2045,0,
19,5,1,2045,0,
9,5,1,2045,0,
8,5,1,2045,0,
14,5,1,2045,0,
1,5,1,2045,0,
15,5,1,2046,0,
16,5,1,2046,0,
20,5,1,2046,0,
6,5,1,2046,0,
17,5,1,2046,0,
21,5,1,2046,0,
23,5,1,2046,0,
22,5,1,2046,0,
24,5,1,2046,0,
7,5,1,2046,0.1,
10,5,1,2046,0,
13,5,1,2046,0,
2,5,1,2046,0,
25,5,1,2046,0,
4,5,1,2046,0,
12,5,1,2046,0,
3,5,1,2046,0,
18,5,1,2046,0,
11,5,1,2046,0,
5,5,1,2046,0,
19,5,1,2046,0,
9,5,1,2046,0,
8,5,1,2046,0,
14,5,1,2046,0,
1,5,1,2046,0,
15,5,1,2047,0,
16,5,1,2047,0,
20,5,1,2047,0,
6,5,1,2047,0,
17,5,1,2047,0,
21,5,1,2047,0,
23,5,1,2047,0,
22,5,1,2047,0,
24,5,1,2047,0,
7,5,1,2047,0.1,
10,5,1,2047,0,
13,5,1,2047,0,
2,5,1,2047,0,
25,5,1,2047,0,
4,5,1,2047,0,
12,5,1,2047,0,
3,5,1,2047,0,
18,5,1,2047,0,
11,5,1,2047,0,
5,5,1,2047,0,
19,5,1,2047,0,
9,5,1,2047,0,
8,5,1,2047,0,
14,5,1,2047,0,
1,5,1,2047,0,
15,5,1,2048,0,
16,5,1,2048,0,
20,5,1,2048,0,
6,5,1,2048,0,
17,5,1,2048,0,
21,5,1,2048,0,
23,5,1,2048,0,
22,5,1,2048,0,
24,5,1,2048,0,
7,5,1,2048,0.1,
10,5,1,2048,0,
13,5,1,2048,0,
2,5,1,2048,0,
25,5,1,2048,0,
4,5,1,2048,0,
12,5,1,2048,0,
3,5,1,2048,0,
18,5,1,2048,0,
11,5,1,2048,0,
5,5,1,2048,0,
19,5,1,2048,0,
9,5,1,2048,0,
8,5,1,2048,0,
14,5,1,2048,0,
1,5,1,2048,0,
15,5,1,2049,0,
16,5,1,2049,0,
20,5,1,2049,0,
6,5,1,2049,0,
17,5,1,2049,0,
21,5,1,2049,0,
23,5,1,2049,0,
22,5,1,2049,0,
24,5,1,2049,0,
7,5,1,2049,0.1,
10,5,1,2049,0,
13,5,1,2049,0,
2,5,1,2049,0,
25,5,1,2049,0,
4,5,1,2049,0,
12,5,1,2049,0,
3,5,1,2049,0,
18,5,1,2049,0,
11,5,1,2049,0,
5,5,1,2049,0,
19,5,1,2049,0,
9,5,1,2049,0,
8,5,1,2049,0,
14,5,1,2049,0,
1,5,1,2049,0,
15,5,1,2050,0,
16,5,1,2050,0,
20,5,1,2050,0,
6,5,1,2050,0,
17,5,1,2050,0,
21,5,1,2050,0,
23,5,1,2050,0,
22,5,1,2050,0,
24,5,1,2050,0,
7,5,1,2050,0.1,
10,5,1,2050,0,
13,5,1,2050,0,
2,5,1,2050,0,
25,5,1,2050,0,
4,5,1,2050,0,
12,5,1,2050,0,
3,5,1,2050,0,
18,5,1,2050,0,
11,5,1,2050,0,
5,5,1,2050,0,
19,5,1,2050,0,
9,5,1,2050,0,
8,5,1,2050,0,
14,5,1,2050,0,
1,5,1,2050,0,
15,6,1,2023,6970,
16,6,1,2023,8180,
20,6,1,2023,3940,
6,6,1,2023,5340,
17,6,1,2023,0,
21,6,1,2023,2240,
23,6,1,2023,1150,
22,6,1,2023,0,
24,6,1,2023,0,
7,6,1,2023,3330,
10,6,1,2023,12490,
13,6,1,2023,3570,
2,6,1,2023,1970,
25,6,1,2023,0,
4,6,1,2023,10300,
12,6,1,2023,4640,
3,6,1,2023,2840,
18,6,1,2023,1230,
11,6,1,2023,3940,
5,6,1,2023,1140,
19,6,1,2023,770,
9,6,1,2023,3300,
8,6,1,2023,0,
14,6,1,2023,11750,
1,6,1,2023,4980,
15,6,1,2024,8080,
16,6,1,2024,8180,
20,6,1,2024,3940,
6,6,1,2024,5340,
17,6,1,2024,0,
21,6,1,2024,2240,
23,6,1,2024,1150,
22,6,1,2024,0,
24,6,1,2024,0,
7,6,1,2024,3330,
10,6,1,2024,12490,
13,6,1,2024,3570,
2,6,1,2024,1970,
25,6,1,2024,0,
4,6,1,2024,10300,
12,6,1,2024,4640,
3,6,1,2024,2840,
18,6,1,2024,1230,
11,6,1,2024,3940,
5,6,1,2024,1140,
19,6,1,2024,770,
9,6,1,2024,3300,
8,6,1,2024,0,
14,6,1,2024,11750,
1,6,1,2024,4980,
15,6,1,2025,8080,
16,6,1,2025,8180,
20,6,1,2025,3940,
6,6,1,2025,5340,
17,6,1,2025,0,
21,6,1,2025,1120,
23,6,1,2025,1150,
22,6,1,2025,0,
24,6,1,2025,0,
7,6,1,2025,3330,
10,6,1,2025,12490,
13,6,1,2025,3570,
2,6,1,2025,1970,
25,6,1,2025,0,
4,6,1,2025,10300,
12,6,1,2025,4640,
3,6,1,2025,2840,
18,6,1,2025,1230,
11,6,1,2025,3940,
5,6,1,2025,1140,
19,6,1,2025,770,
9,6,1,2025,3300,
8,6,1,2025,0,
14,6,1,2025,11750,
1,6,1,2025,4980,
15,6,1,2026,8080,
16,6,1,2026,8180,
20,6,1,2026,3940,
6,6,1,2026,5340,
17,6,1,2026,0,
21,6,1,2026,1120,
23,6,1,2026,1150,
22,6,1,2026,0,
24,6,1,2026,0,
7,6,1,2026,3330,
10,6,1,2026,12490,
13,6,1,2026,3570,
2,6,1,2026,1970,
25,6,1,2026,0,
4,6,1,2026,10300,
12,6,1,2026,4640,
3,6,1,2026,2840,
18,6,1,2026,1230,
11,6,1,2026,3940,
5,6,1,2026,1140,
19,6,1,2026,770,
9,6,1,2026,3300,
8,6,1,2026,0,
14,6,1,2026,11750,
1,6,1,2026,4980,
15,6,1,2027,8080,
16,6,1,2027,8180,
20,6,1,2027,3940,
6,6,1,2027,5340,
17,6,1,2027,0,
21,6,1,2027,1120,
23,6,1,2027,1150,
22,6,1,2027,0,
24,6,1,2027,0,
7,6,1,2027,3330,
10,6,1,2027,12490,
13,6,1,2027,3570,
2,6,1,2027,1970,
25,6,1,2027,0,
4,6,1,2027,10300,
12,6,1,2027,4640,
3,6,1,2027,2840,
18,6,1,2027,1230,
11,6,1,2027,3940,
5,6,1,2027,1140,
19,6,1,2027,770,
9,6,1,2027,3300,
8,6,1,2027,0,
14,6,1,2027,11750,
1,6,1,2027,4980,
15,6,1,2028,8080,
16,6,1,2028,8180,
20,6,1,2028,3940,
6,6,1,2028,5340,
17,6,1,2028,0,
21,6,1,2028,1120,
23,6,1,2028,1150,
22,6,1,2028,0,
24,6,1,2028,0,
7,6,1,2028,3330,
10,6,1,2028,12490,
13,6,1,2028,3570,
2,6,1,2028,1970,
25,6,1,2028,0,
4,6,1,2028,10300,
12,6,1,2028,4640,
3,6,1,2028,2840,
18,6,1,2028,1230,
11,6,1,2028,3940,
5,6,1,2028,1140,
19,6,1,2028,770,
9,6,1,2028,3300,
8,6,1,2028,0,
14,6,1,2028,11750,
1,6,1,2028,4980,
15,6,1,2029,8080,
16,6,1,2029,8180,
20,6,1,2029,3940,
6,6,1,2029,5340,
17,6,1,2029,0,
21,6,1,2029,1120,
23,6,1,2029,1150,
22,6,1,2029,0,
24,6,1,2029,0,
7,6,1,2029,3330,
10,6,1,2029,12490,
13,6,1,2029,3570,
2,6,1,2029,1970,
25,6,1,2029,0,
4,6,1,2029,10300,
12,6,1,2029,4640,
3,6,1,2029,2840,
18,6,1,2029,1230,
11,6,1,2029,3940,
5,6,1,2029,1140,
19,6,1,2029,770,
9,6,1,2029,3300,
8,6,1,2029,0,
14,6,1,2029,11750,
1,6,1,2029,4980,
15,6,1,2030,8080,
16,6,1,2030,8180,
20,6,1,2030,3940,
6,6,1,2030,5340,
17,6,1,2030,0,
21,6,1,2030,1120,
23,6,1,2030,1150,
22,6,1,2030,0,
24,6,1,2030,0,
7,6,1,2030,3330,
10,6,1,2030,12490,
13,6,1,2030,3570,
2,6,1,2030,1970,
25,6,1,2030,0,
4,6,1,2030,10300,
12,6,1,2030,4640,
3,6,1,2030,2840,
18,6,1,2030,1230,
11,6,1,2030,3940,
5,6,1,2030,1140,
19,6,1,2030,770,
9,6,1,2030,3300,
8,6,1,2030,0,
14,6,1,2030,11750,
1,6,1,2030,4980,
15,6,1,2031,8080,
16,6,1,2031,8180,
20,6,1,2031,3940,
6,6,1,2031,5340,
17,6,1,2031,0,
21,6,1,2031,1120,
23,6,1,2031,1150,
22,6,1,2031,0,
24,6,1,2031,0,
7,6,1,2031,3330,
10,6,1,2031,12490,
13,6,1,2031,3570,
2,6,1,2031,1970,
25,6,1,2031,0,
4,6,1,2031,10300,
12,6,1,2031,4640,
3,6,1,2031,2840,
18,6,1,2031,1230,
11,6,1,2031,3940,
5,6,1,2031,1140,
19,6,1,2031,770,
9,6,1,2031,3300,
8,6,1,2031,0,
14,6,1,2031,11750,
1,6,1,2031,4980,
15,6,1,2032,8080,
16,6,1,2032,8180,
20,6,1,2032,3940,
6,6,1,2032,5340,
17,6,1,2032,0,
21,6,1,2032,1120,
23,6,1,2032,1150,
22,6,1,2032,0,
24,6,1,2032,0,
7,6,1,2032,3330,
10,6,1,2032,12490,
13,6,1,2032,3570,
2,6,1,2032,1970,
25,6,1,2032,0,
4,6,1,2032,10300,
12,6,1,2032,4640,
3,6,1,2032,2840,
18,6,1,2032,1230,
11,6,1,2032,3940,
5,6,1,2032,1140,
19,6,1,2032,770,
9,6,1,2032,3300,
8,6,1,2032,0,
14,6,1,2032,11750,
1,6,1,2032,4980,
15,6,1,2033,8080,
16,6,1,2033,8180,
20,6,1,2033,3940,
6,6,1,2033,5340,
17,6,1,2033,0,
21,6,1,2033,1120,
23,6,1,2033,1150,
22,6,1,2033,0,
24,6,1,2033,0,
7,6,1,2033,3330,
10,6,1,2033,12490,
13,6,1,2033,3570,
2,6,1,2033,1970,
25,6,1,2033,0,
4,6,1,2033,10300,
12,6,1,2033,4640,
3,6,1,2033,2840,
18,6,1,2033,1230,
11,6,1,2033,3940,
5,6,1,2033,1140,
19,6,1,2033,770,
9,6,1,2033,3300,
8,6,1,2033,0,
14,6,1,2033,11750,
1,6,1,2033,4980,
15,6,1,2034,8080,
16,6,1,2034,8180,
20,6,1,2034,3940,
6,6,1,2034,5340,
17,6,1,2034,0,
21,6,1,2034,1120,
23,6,1,2034,1150,
22,6,1,2034,0,
24,6,1,2034,0,
7,6,1,2034,3330,
10,6,1,2034,12490,
13,6,1,2034,3570,
2,6,1,2034,1970,
25,6,1,2034,0,
4,6,1,2034,10300,
12,6,1,2034,4640,
3,6,1,2034,2840,
18,6,1,2034,1230,
11,6,1,2034,3940,
5,6,1,2034,1140,
19,6,1,2034,770,
9,6,1,2034,3300,
8,6,1,2034,0,
14,6,1,2034,11750,
1,6,1,2034,4980,
15,6,1,2035,8080,
16,6,1,2035,8180,
20,6,1,2035,3940,
6,6,1,2035,5340,
17,6,1,2035,0,
21,6,1,2035,1120,
23,6,1,2035,1150,
22,6,1,2035,0,
24,6,1,2035,0,
7,6,1,2035,3330,
10,6,1,2035,12490,
13,6,1,2035,3570,
2,6,1,2035,1970,
25,6,1,2035,0,
4,6,1,2035,10300,
12,6,1,2035,4640,
3,6,1,2035,2840,
18,6,1,2035,1230,
11,6,1,2035,3940,
5,6,1,2035,1140,
19,6,1,2035,770,
9,6,1,2035,3300,
8,6,1,2035,0,
14,6,1,2035,11750,
1,6,1,2035,4980,
15,6,1,2036,8080,
16,6,1,2036,8180,
20,6,1,2036,3940,
6,6,1,2036,5340,
17,6,1,2036,0,
21,6,1,2036,1120,
23,6,1,2036,1150,
22,6,1,2036,0,
24,6,1,2036,0,
7,6,1,2036,3330,
10,6,1,2036,12490,
13,6,1,2036,3570,
2,6,1,2036,1970,
25,6,1,2036,0,
4,6,1,2036,10300,
12,6,1,2036,4640,
3,6,1,2036,2840,
18,6,1,2036,1230,
11,6,1,2036,3940,
5,6,1,2036,1140,
19,6,1,2036,770,
9,6,1,2036,3300,
8,6,1,2036,0,
14,6,1,2036,11750,
1,6,1,2036,4980,
15,6,1,2037,8080,
16,6,1,2037,8180,
20,6,1,2037,3940,
6,6,1,2037,5340,
17,6,1,2037,0,
21,6,1,2037,1120,
23,6,1,2037,1150,
22,6,1,2037,0,
24,6,1,2037,0,
7,6,1,2037,3330,
10,6,1,2037,12490,
13,6,1,2037,3570,
2,6,1,2037,1970,
25,6,1,2037,0,
4,6,1,2037,10300,
12,6,1,2037,4640,
3,6,1,2037,2840,
18,6,1,2037,1230,
11,6,1,2037,3940,
5,6,1,2037,1140,
19,6,1,2037,770,
9,6,1,2037,3300,
8,6,1,2037,0,
14,6,1,2037,11750,
1,6,1,2037,4980,
15,6,1,2038,8080,
16,6,1,2038,8180,
20,6,1,2038,3940,
6,6,1,2038,5340,
17,6,1,2038,0,
21,6,1,2038,1120,
23,6,1,2038,1150,
22,6,1,2038,0,
24,6,1,2038,0,
7,6,1,2038,3330,
10,6,1,2038,12490,
13,6,1,2038,3570,
2,6,1,2038,1970,
25,6,1,2038,0,
4,6,1,2038,10300,
12,6,1,2038,4640,
3,6,1,2038,2840,
18,6,1,2038,1230,
11,6,1,2038,3940,
5,6,1,2038,1140,
19,6,1,2038,770,
9,6,1,2038,3300,
8,6,1,2038,0,
14,6,1,2038,11750,
1,6,1,2038,4980,
15,6,1,2039,8080,
16,6,1,2039,8180,
20,6,1,2039,3940,
6,6,1,2039,5340,
17,6,1,2039,0,
21,6,1,2039,1120,
23,6,1,2039,1150,
22,6,1,2039,0,
24,6,1,2039,0,
7,6,1,2039,3330,
10,6,1,2039,12490,
13,6,1,2039,3570,
2,6,1,2039,1970,
25,6,1,2039,0,
4,6,1,2039,10300,
12,6,1,2039,4640,
3,6,1,2039,2840,
18,6,1,2039,1230,
11,6,1,2039,3940,
5,6,1,2039,1140,
19,6,1,2039,770,
9,6,1,2039,3300,
8,6,1,2039,0,
14,6,1,2039,11750,
1,6,1,2039,4980,
15,6,1,2040,8080,
16,6,1,2040,8180,
20,6,1,2040,3940,
6,6,1,2040,5340,
17,6,1,2040,0,
21,6,1,2040,1120,
23,6,1,2040,1150,
22,6,1,2040,0,
24,6,1,2040,0,
7,6,1,2040,3330,
10,6,1,2040,12490,
13,6,1,2040,3570,
2,6,1,2040,1970,
25,6,1,2040,0,
4,6,1,2040,10300,
12,6,1,2040,4640,
3,6,1,2040,2840,
18,6,1,2040,1230,
11,6,1,2040,3940,
5,6,1,2040,1140,
19,6,1,2040,770,
9,6,1,2040,3300,
8,6,1,2040,0,
14,6,1,2040,11750,
1,6,1,2040,4980,
15,6,1,2041,8080,
16,6,1,2041,8180,
20,6,1,2041,3940,
6,6,1,2041,5340,
17,6,1,2041,0,
21,6,1,2041,1120,
23,6,1,2041,1150,
22,6,1,2041,0,
24,6,1,2041,0,
7,6,1,2041,3330,
10,6,1,2041,12490,
13,6,1,2041,3570,
2,6,1,2041,1970,
25,6,1,2041,0,
4,6,1,2041,10300,
12,6,1,2041,4640,
3,6,1,2041,2840,
18,6,1,2041,1230,
11,6,1,2041,3940,
5,6,1,2041,1140,
19,6,1,2041,770,
9,6,1,2041,3300,
8,6,1,2041,0,
14,6,1,2041,11750,
1,6,1,2041,4980,
15,6,1,2042,8080,
16,6,1,2042,8180,
20,6,1,2042,3940,
6,6,1,2042,5340,
17,6,1,2042,0,
21,6,1,2042,1120,
23,6,1,2042,1150,
22,6,1,2042,0,
24,6,1,2042,0,
7,6,1,2042,3330,
10,6,1,2042,12490,
13,6,1,2042,3570,
2,6,1,2042,1970,
25,6,1,2042,0,
4,6,1,2042,10300,
12,6,1,2042,4640,
3,6,1,2042,2840,
18,6,1,2042,1230,
11,6,1,2042,3940,
5,6,1,2042,1140,
19,6,1,2042,770,
9,6,1,2042,3300,
8,6,1,2042,0,
14,6,1,2042,11750,
1,6,1,2042,4980,
15,6,1,2043,8080,
16,6,1,2043,8180,
20,6,1,2043,3940,
6,6,1,2043,5340,
17,6,1,2043,0,
21,6,1,2043,1120,
23,6,1,2043,1150,
22,6,1,2043,0,
24,6,1,2043,0,
7,6,1,2043,3330,
10,6,1,2043,12490,
13,6,1,2043,3570,
2,6,1,2043,1970,
25,6,1,2043,0,
4,6,1,2043,10300,
12,6,1,2043,4640,
3,6,1,2043,2840,
18,6,1,2043,1230,
11,6,1,2043,3940,
5,6,1,2043,1140,
19,6,1,2043,770,
9,6,1,2043,3300,
8,6,1,2043,0,
14,6,1,2043,11750,
1,6,1,2043,4980,
15,6,1,2044,8080,
16,6,1,2044,8180,
20,6,1,2044,3940,
6,6,1,2044,5340,
17,6,1,2044,0,
21,6,1,2044,1120,
23,6,1,2044,1150,
22,6,1,2044,0,
24,6,1,2044,0,
7,6,1,2044,3330,
10,6,1,2044,12490,
13,6,1,2044,3570,
2,6,1,2044,1970,
25,6,1,2044,0,
4,6,1,2044,10300,
12,6,1,2044,4640,
3,6,1,2044,2840,
18,6,1,2044,1230,
11,6,1,2044,3940,
5,6,1,2044,1140,
19,6,1,2044,770,
9,6,1,2044,3300,
8,6,1,2044,0,
14,6,1,2044,11750,
1,6,1,2044,4980,
15,6,1,2045,8080,
16,6,1,2045,8180,
20,6,1,2045,3940,
6,6,1,2045,5340,
17,6,1,2045,0,
21,6,1,2045,1120,
23,6,1,2045,1150,
22,6,1,2045,0,
24,6,1,2045,0,
7,6,1,2045,3330,
10,6,1,2045,12490,
13,6,1,2045,3570,
2,6,1,2045,1970,
25,6,1,2045,0,
4,6,1,2045,10300,
12,6,1,2045,4640,
3,6,1,2045,2840,
18,6,1,2045,1230,
11,6,1,2045,3940,
5,6,1,2045,1140,
19,6,1,2045,770,
9,6,1,2045,3300,
8,6,1,2045,0,
14,6,1,2045,11750,
1,6,1,2045,4980,
15,6,1,2046,8080,
16,6,1,2046,8180,
20,6,1,2046,3940,
6,6,1,2046,5340,
17,6,1,2046,0,
21,6,1,2046,1120,
23,6,1,2046,1150,
22,6,1,2046,0,
24,6,1,2046,0,
7,6,1,2046,3330,
10,6,1,2046,12490,
13,6,1,2046,3570,
2,6,1,2046,1970,
25,6,1,2046,0,
4,6,1,2046,10300,
12,6,1,2046,4640,
3,6,1,2046,2840,
18,6,1,2046,1230,
11,6,1,2046,3940,
5,6,1,2046,1140,
19,6,1,2046,770,
9,6,1,2046,3300,
8,6,1,2046,0,
14,6,1,2046,11750,
1,6,1,2046,4980,
15,6,1,2047,8080,
16,6,1,2047,8180,
20,6,1,2047,3940,
6,6,1,2047,5340,
17,6,1,2047,0,
21,6,1,2047,1120,
23,6,1,2047,1150,
22,6,1,2047,0,
24,6,1,2047,0,
7,6,1,2047,3330,
10,6,1,2047,12490,
13,6,1,2047,3570,
2,6,1,2047,1970,
25,6,1,2047,0,
4,6,1,2047,10300,
12,6,1,2047,4640,
3,6,1,2047,2840,
18,6,1,2047,1230,
11,6,1,2047,3940,
5,6,1,2047,1140,
19,6,1,2047,770,
9,6,1,2047,3300,
8,6,1,2047,0,
14,6,1,2047,11750,
1,6,1,2047,4980,
15,6,1,2048,8080,
16,6,1,2048,8180,
20,6,1,2048,3940,
6,6,1,2048,5340,
17,6,1,2048,0,
21,6,1,2048,1120,
23,6,1,2048,1150,
22,6,1,2048,0,
24,6,1,2048,0,
7,6,1,2048,3330,
10,6,1,2048,12490,
13,6,1,2048,3570,
2,6,1,2048,1970,
25,6,1,2048,0,
4,6,1,2048,10300,
12,6,1,2048,4640,
3,6,1,2048,2840,
18,6,1,2048,1230,
11,6,1,2048,3940,
5,6,1,2048,1140,
19,6,1,2048,770,
9,6,1,2048,3300,
8,6,1,2048,0,
14,6,1,2048,11750,
1,6,1,2048,4980,
15,6,1,2049,8080,
16,6,1,2049,8180,
20,6,1,2049,3940,
6,6,1,2049,5340,
17,6,1,2049,0,
21,6,1,2049,1120,
23,6,1,2049,1150,
22,6,1,2049,0,
24,6,1,2049,0,
7,6,1,2049,3330,
10,6,1,2049,12490,
13,6,1,2049,3570,
2,6,1,2049,1970,
25,6,1,2049,0,
4,6,1,2049,10300,
12,6,1,2049,4640,
3,6,1,2049,2840,
18,6,1,2049,1230,
11,6,1,2049,3940,
5,6,1,2049,1140,
19,6,1,2049,770,
9,6,1,2049,3300,
8,6,1,2049,0,
14,6,1,2049,11750,
1,6,1,2049,4980,
15,6,1,2050,8080,
16,6,1,2050,8180,
20,6,1,2050,3940,
6,6,1,2050,5340,
17,6,1,2050,0,
21,6,1,2050,1120,
23,6,1,2050,1150,
22,6,1,2050,0,
24,6,1,2050,0,
7,6,1,2050,3330,
10,6,1,2050,12490,
13,6,1,2050,3570,
2,6,1,2050,1970,
25,6,1,2050,0,
4,6,1,2050,10300,
12,6,1,2050,4640,
3,6,1,2050,2840,
18,6,1,2050,1230,
11,6,1,2050,3940,
5,6,1,2050,1140,
19,6,1,2050,770,
9,6,1,2050,3300,
8,6,1,2050,0,
14,6,1,2050,11750,
1,6,1,2050,4980,
15,7,1,2023,1640,
16,7,1,2023,250,
20,7,1,2023,30,
6,7,1,2023,470,
17,7,1,2023,510,
21,7,1,2023,420,
23,7,1,2023,490,
22,7,1,2023,180,
24,7,1,2023,20,
7,7,1,2023,620,
10,7,1,2023,40,
13,7,1,2023,360,
2,7,1,2023,440,
25,7,1,2023,10,
4,7,1,2023,60,
12,7,1,2023,0,
3,7,1,2023,600,
18,7,1,2023,0,
11,7,1,2023,90,
5,7,1,2023,150,
19,7,1,2023,10,
9,7,1,2023,20,
8,7,1,2023,0,
14,7,1,2023,630,
1,7,1,2023,120,
15,7,1,2024,1640,
16,7,1,2024,250,
20,7,1,2024,30,
6,7,1,2024,470,
17,7,1,2024,510,
21,7,1,2024,420,
23,7,1,2024,490,
22,7,1,2024,190,
24,7,1,2024,10,
7,7,1,2024,620,
10,7,1,2024,40,
13,7,1,2024,360,
2,7,1,2024,440,
25,7,1,2024,10,
4,7,1,2024,60,
12,7,1,2024,0,
3,7,1,2024,600,
18,7,1,2024,0,
11,7,1,2024,100,
5,7,1,2024,150,
19,7,1,2024,10,
9,7,1,2024,40,
8,7,1,2024,0,
14,7,1,2024,670,
1,7,1,2024,120,
15,7,1,2025,1640,
16,7,1,2025,250,
20,7,1,2025,30,
6,7,1,2025,470,
17,7,1,2025,510,
21,7,1,2025,420,
23,7,1,2025,490,
22,7,1,2025,190,
24,7,1,2025,10,
7,7,1,2025,620,
10,7,1,2025,40,
13,7,1,2025,360,
2,7,1,2025,460,
25,7,1,2025,10,
4,7,1,2025,60,
12,7,1,2025,0,
3,7,1,2025,600,
18,7,1,2025,0,
11,7,1,2025,100,
5,7,1,2025,150,
19,7,1,2025,10,
9,7,1,2025,40,
8,7,1,2025,0,
14,7,1,2025,670,
1,7,1,2025,120,
15,7,1,2026,1640,
16,7,1,2026,250,
20,7,1,2026,30,
6,7,1,2026,470,
17,7,1,2026,510,
21,7,1,2026,420,
23,7,1,2026,490,
22,7,1,2026,190,
24,7,1,2026,10,
7,7,1,2026,620,
10,7,1,2026,40,
13,7,1,2026,360,
2,7,1,2026,460,
25,7,1,2026,10,
4,7,1,2026,60,
12,7,1,2026,0,
3,7,1,2026,600,
18,7,1,2026,0,
11,7,1,2026,100,
5,7,1,2026,150,
19,7,1,2026,10,
9,7,1,2026,40,
8,7,1,2026,0,
14,7,1,2026,670,
1,7,1,2026,120,
15,7,1,2027,1640,
16,7,1,2027,250,
20,7,1,2027,30,
6,7,1,2027,470,
17,7,1,2027,510,
21,7,1,2027,420,
23,7,1,2027,490,
22,7,1,2027,190,
24,7,1,2027,10,
7,7,1,2027,620,
10,7,1,2027,40,
13,7,1,2027,360,
2,7,1,2027,460,
25,7,1,2027,10,
4,7,1,2027,60,
12,7,1,2027,0,
3,7,1,2027,600,
18,7,1,2027,0,
11,7,1,2027,100,
5,7,1,2027,150,
19,7,1,2027,10,
9,7,1,2027,40,
8,7,1,2027,0,
14,7,1,2027,670,
1,7,1,2027,120,
15,7,1,2028,1640,
16,7,1,2028,250,
20,7,1,2028,30,
6,7,1,2028,470,
17,7,1,2028,510,
21,7,1,2028,420,
23,7,1,2028,490,
22,7,1,2028,190,
24,7,1,2028,10,
7,7,1,2028,620,
10,7,1,2028,40,
13,7,1,2028,300,
2,7,1,2028,460,
25,7,1,2028,10,
4,7,1,2028,60,
12,7,1,2028,0,
3,7,1,2028,600,
18,7,1,2028,0,
11,7,1,2028,50,
5,7,1,2028,150,
19,7,1,2028,10,
9,7,1,2028,40,
8,7,1,2028,0,
14,7,1,2028,670,
1,7,1,2028,120,
15,7,1,2029,1640,
16,7,1,2029,250,
20,7,1,2029,30,
6,7,1,2029,470,
17,7,1,2029,510,
21,7,1,2029,420,
23,7,1,2029,490,
22,7,1,2029,190,
24,7,1,2029,10,
7,7,1,2029,620,
10,7,1,2029,40,
13,7,1,2029,300,
2,7,1,2029,460,
25,7,1,2029,10,
4,7,1,2029,60,
12,7,1,2029,0,
3,7,1,2029,600,
18,7,1,2029,0,
11,7,1,2029,50,
5,7,1,2029,150,
19,7,1,2029,10,
9,7,1,2029,40,
8,7,1,2029,0,
14,7,1,2029,670,
1,7,1,2029,120,
15,7,1,2030,1640,
16,7,1,2030,250,
20,7,1,2030,30,
6,7,1,2030,470,
17,7,1,2030,510,
21,7,1,2030,420,
23,7,1,2030,490,
22,7,1,2030,190,
24,7,1,2030,10,
7,7,1,2030,620,
10,7,1,2030,40,
13,7,1,2030,300,
2,7,1,2030,460,
25,7,1,2030,10,
4,7,1,2030,60,
12,7,1,2030,0,
3,7,1,2030,590,
18,7,1,2030,0,
11,7,1,2030,50,
5,7,1,2030,150,
19,7,1,2030,10,
9,7,1,2030,40,
8,7,1,2030,0,
14,7,1,2030,670,
1,7,1,2030,120,
15,7,1,2031,1640,
16,7,1,2031,250,
20,7,1,2031,30,
6,7,1,2031,470,
17,7,1,2031,510,
21,7,1,2031,420,
23,7,1,2031,490,
22,7,1,2031,190,
24,7,1,2031,10,
7,7,1,2031,620,
10,7,1,2031,40,
13,7,1,2031,300,
2,7,1,2031,460,
25,7,1,2031,10,
4,7,1,2031,60,
12,7,1,2031,0,
3,7,1,2031,590,
18,7,1,2031,0,
11,7,1,2031,50,
5,7,1,2031,150,
19,7,1,2031,10,
9,7,1,2031,40,
8,7,1,2031,0,
14,7,1,2031,670,
1,7,1,2031,120,
15,7,1,2032,1640,
16,7,1,2032,250,
20,7,1,2032,30,
6,7,1,2032,470,
17,7,1,2032,510,
21,7,1,2032,420,
23,7,1,2032,490,
22,7,1,2032,190,
24,7,1,2032,10,
7,7,1,2032,620,
10,7,1,2032,40,
13,7,1,2032,300,
2,7,1,2032,460,
25,7,1,2032,10,
4,7,1,2032,60,
12,7,1,2032,0,
3,7,1,2032,590,
18,7,1,2032,0,
11,7,1,2032,50,
5,7,1,2032,150,
19,7,1,2032,10,
9,7,1,2032,40,
8,7,1,2032,0,
14,7,1,2032,670,
1,7,1,2032,120,
15,7,1,2033,1640,
16,7,1,2033,250,
20,7,1,2033,30,
6,7,1,2033,470,
17,7,1,2033,510,
21,7,1,2033,420,
23,7,1,2033,490,
22,7,1,2033,190,
24,7,1,2033,10,
7,7,1,2033,620,
10,7,1,2033,40,
13,7,1,2033,300,
2,7,1,2033,460,
25,7,1,2033,10,
4,7,1,2033,60,
12,7,1,2033,0,
3,7,1,2033,590,
18,7,1,2033,0,
11,7,1,2033,50,
5,7,1,2033,150,
19,7,1,2033,10,
9,7,1,2033,40,
8,7,1,2033,0,
14,7,1,2033,670,
1,7,1,2033,120,
15,7,1,2034,1640,
16,7,1,2034,250,
20,7,1,2034,30,
6,7,1,2034,470,
17,7,1,2034,510,
21,7,1,2034,420,
23,7,1,2034,490,
22,7,1,2034,190,
24,7,1,2034,10,
7,7,1,2034,620,
10,7,1,2034,40,
13,7,1,2034,300,
2,7,1,2034,460,
25,7,1,2034,10,
4,7,1,2034,60,
12,7,1,2034,0,
3,7,1,2034,590,
18,7,1,2034,0,
11,7,1,2034,50,
5,7,1,2034,150,
19,7,1,2034,10,
9,7,1,2034,40,
8,7,1,2034,0,
14,7,1,2034,670,
1,7,1,2034,120,
15,7,1,2035,1640,
16,7,1,2035,250,
20,7,1,2035,30,
6,7,1,2035,470,
17,7,1,2035,510,
21,7,1,2035,420,
23,7,1,2035,490,
22,7,1,2035,190,
24,7,1,2035,10,
7,7,1,2035,620,
10,7,1,2035,40,
13,7,1,2035,300,
2,7,1,2035,460,
25,7,1,2035,10,
4,7,1,2035,60,
12,7,1,2035,0,
3,7,1,2035,590,
18,7,1,2035,0,
11,7,1,2035,50,
5,7,1,2035,150,
19,7,1,2035,10,
9,7,1,2035,40,
8,7,1,2035,0,
14,7,1,2035,670,
1,7,1,2035,120,
15,7,1,2036,1640,
16,7,1,2036,250,
20,7,1,2036,30,
6,7,1,2036,470,
17,7,1,2036,510,
21,7,1,2036,420,
23,7,1,2036,490,
22,7,1,2036,190,
24,7,1,2036,10,
7,7,1,2036,620,
10,7,1,2036,40,
13,7,1,2036,300,
2,7,1,2036,460,
25,7,1,2036,10,
4,7,1,2036,60,
12,7,1,2036,0,
3,7,1,2036,590,
18,7,1,2036,0,
11,7,1,2036,50,
5,7,1,2036,150,
19,7,1,2036,10,
9,7,1,2036,40,
8,7,1,2036,0,
14,7,1,2036,670,
1,7,1,2036,120,
15,7,1,2037,1640,
16,7,1,2037,250,
20,7,1,2037,30,
6,7,1,2037,470,
17,7,1,2037,510,
21,7,1,2037,420,
23,7,1,2037,490,
22,7,1,2037,190,
24,7,1,2037,10,
7,7,1,2037,620,
10,7,1,2037,40,
13,7,1,2037,300,
2,7,1,2037,460,
25,7,1,2037,10,
4,7,1,2037,60,
12,7,1,2037,0,
3,7,1,2037,590,
18,7,1,2037,0,
11,7,1,2037,50,
5,7,1,2037,150,
19,7,1,2037,10,
9,7,1,2037,40,
8,7,1,2037,0,
14,7,1,2037,670,
1,7,1,2037,120,
15,7,1,2038,1640,
16,7,1,2038,250,
20,7,1,2038,30,
6,7,1,2038,470,
17,7,1,2038,510,
21,7,1,2038,420,
23,7,1,2038,490,
22,7,1,2038,190,
24,7,1,2038,10,
7,7,1,2038,620,
10,7,1,2038,40,
13,7,1,2038,300,
2,7,1,2038,460,
25,7,1,2038,10,
4,7,1,2038,60,
12,7,1,2038,0,
3,7,1,2038,590,
18,7,1,2038,0,
11,7,1,2038,50,
5,7,1,2038,150,
19,7,1,2038,10,
9,7,1,2038,40,
8,7,1,2038,0,
14,7,1,2038,670,
1,7,1,2038,120,
15,7,1,2039,1640,
16,7,1,2039,250,
20,7,1,2039,30,
6,7,1,2039,470,
17,7,1,2039,510,
21,7,1,2039,420,
23,7,1,2039,490,
22,7,1,2039,190,
24,7,1,2039,10,
7,7,1,2039,620,
10,7,1,2039,40,
13,7,1,2039,300,
2,7,1,2039,460,
25,7,1,2039,10,
4,7,1,2039,60,
12,7,1,2039,0,
3,7,1,2039,590,
18,7,1,2039,0,
11,7,1,2039,50,
5,7,1,2039,150,
19,7,1,2039,10,
9,7,1,2039,40,
8,7,1,2039,0,
14,7,1,2039,670,
1,7,1,2039,120,
15,7,1,2040,1640,
16,7,1,2040,250,
20,7,1,2040,30,
6,7,1,2040,470,
17,7,1,2040,510,
21,7,1,2040,420,
23,7,1,2040,490,
22,7,1,2040,190,
24,7,1,2040,10,
7,7,1,2040,620,
10,7,1,2040,40,
13,7,1,2040,300,
2,7,1,2040,460,
25,7,1,2040,10,
4,7,1,2040,60,
12,7,1,2040,0,
3,7,1,2040,590,
18,7,1,2040,0,
11,7,1,2040,50,
5,7,1,2040,150,
19,7,1,2040,10,
9,7,1,2040,40,
8,7,1,2040,0,
14,7,1,2040,670,
1,7,1,2040,120,
15,7,1,2041,1640,
16,7,1,2041,250,
20,7,1,2041,30,
6,7,1,2041,470,
17,7,1,2041,510,
21,7,1,2041,420,
23,7,1,2041,490,
22,7,1,2041,190,
24,7,1,2041,10,
7,7,1,2041,620,
10,7,1,2041,40,
13,7,1,2041,300,
2,7,1,2041,460,
25,7,1,2041,10,
4,7,1,2041,60,
12,7,1,2041,0,
3,7,1,2041,590,
18,7,1,2041,0,
11,7,1,2041,50,
5,7,1,2041,150,
19,7,1,2041,10,
9,7,1,2041,40,
8,7,1,2041,0,
14,7,1,2041,670,
1,7,1,2041,120,
15,7,1,2042,1640,
16,7,1,2042,250,
20,7,1,2042,30,
6,7,1,2042,470,
17,7,1,2042,510,
21,7,1,2042,420,
23,7,1,2042,490,
22,7,1,2042,190,
24,7,1,2042,10,
7,7,1,2042,620,
10,7,1,2042,40,
13,7,1,2042,300,
2,7,1,2042,460,
25,7,1,2042,10,
4,7,1,2042,60,
12,7,1,2042,0,
3,7,1,2042,590,
18,7,1,2042,0,
11,7,1,2042,50,
5,7,1,2042,150,
19,7,1,2042,10,
9,7,1,2042,40,
8,7,1,2042,0,
14,7,1,2042,670,
1,7,1,2042,120,
15,7,1,2043,1640,
16,7,1,2043,250,
20,7,1,2043,30,
6,7,1,2043,470,
17,7,1,2043,510,
21,7,1,2043,420,
23,7,1,2043,490,
22,7,1,2043,190,
24,7,1,2043,10,
7,7,1,2043,620,
10,7,1,2043,40,
13,7,1,2043,300,
2,7,1,2043,460,
25,7,1,2043,10,
4,7,1,2043,60,
12,7,1,2043,0,
3,7,1,2043,590,
18,7,1,2043,0,
11,7,1,2043,50,
5,7,1,2043,150,
19,7,1,2043,10,
9,7,1,2043,40,
8,7,1,2043,0,
14,7,1,2043,670,
1,7,1,2043,120,
15,7,1,2044,1640,
16,7,1,2044,250,
20,7,1,2044,30,
6,7,1,2044,470,
17,7,1,2044,510,
21,7,1,2044,420,
23,7,1,2044,490,
22,7,1,2044,190,
24,7,1,2044,10,
7,7,1,2044,620,
10,7,1,2044,40,
13,7,1,2044,300,
2,7,1,2044,460,
25,7,1,2044,10,
4,7,1,2044,60,
12,7,1,2044,0,
3,7,1,2044,590,
18,7,1,2044,0,
11,7,1,2044,50,
5,7,1,2044,150,
19,7,1,2044,10,
9,7,1,2044,40,
8,7,1,2044,0,
14,7,1,2044,670,
1,7,1,2044,120,
15,7,1,2045,1640,
16,7,1,2045,250,
20,7,1,2045,30,
6,7,1,2045,470,
17,7,1,2045,510,
21,7,1,2045,420,
23,7,1,2045,490,
22,7,1,2045,190,
24,7,1,2045,10,
7,7,1,2045,620,
10,7,1,2045,40,
13,7,1,2045,300,
2,7,1,2045,460,
25,7,1,2045,10,
4,7,1,2045,60,
12,7,1,2045,0,
3,7,1,2045,590,
18,7,1,2045,0,
11,7,1,2045,50,
5,7,1,2045,150,
19,7,1,2045,10,
9,7,1,2045,40,
8,7,1,2045,0,
14,7,1,2045,670,
1,7,1,2045,120,
15,7,1,2046,1640,
16,7,1,2046,250,
20,7,1,2046,30,
6,7,1,2046,470,
17,7,1,2046,510,
21,7,1,2046,420,
23,7,1,2046,490,
22,7,1,2046,190,
24,7,1,2046,10,
7,7,1,2046,620,
10,7,1,2046,40,
13,7,1,2046,300,
2,7,1,2046,460,
25,7,1,2046,10,
4,7,1,2046,60,
12,7,1,2046,0,
3,7,1,2046,590,
18,7,1,2046,0,
11,7,1,2046,50,
5,7,1,2046,150,
19,7,1,2046,10,
9,7,1,2046,40,
8,7,1,2046,0,
14,7,1,2046,670,
1,7,1,2046,120,
15,7,1,2047,1640,
16,7,1,2047,250,
20,7,1,2047,30,
6,7,1,2047,470,
17,7,1,2047,510,
21,7,1,2047,420,
23,7,1,2047,490,
22,7,1,2047,190,
24,7,1,2047,10,
7,7,1,2047,620,
10,7,1,2047,40,
13,7,1,2047,300,
2,7,1,2047,460,
25,7,1,2047,10,
4,7,1,2047,60,
12,7,1,2047,0,
3,7,1,2047,590,
18,7,1,2047,0,
11,7,1,2047,50,
5,7,1,2047,150,
19,7,1,2047,10,
9,7,1,2047,40,
8,7,1,2047,0,
14,7,1,2047,670,
1,7,1,2047,120,
15,7,1,2048,1640,
16,7,1,2048,250,
20,7,1,2048,30,
6,7,1,2048,470,
17,7,1,2048,510,
21,7,1,2048,420,
23,7,1,2048,490,
22,7,1,2048,190,
24,7,1,2048,10,
7,7,1,2048,620,
10,7,1,2048,40,
13,7,1,2048,300,
2,7,1,2048,460,
25,7,1,2048,10,
4,7,1,2048,60,
12,7,1,2048,0,
3,7,1,2048,590,
18,7,1,2048,0,
11,7,1,2048,50,
5,7,1,2048,150,
19,7,1,2048,10,
9,7,1,2048,40,
8,7,1,2048,0,
14,7,1,2048,670,
1,7,1,2048,120,
15,7,1,2049,1640,
16,7,1,2049,250,
20,7,1,2049,30,
6,7,1,2049,470,
17,7,1,2049,510,
21,7,1,2049,420,
23,7,1,2049,490,
22,7,1,2049,190,
24,7,1,2049,10,
7,7,1,2049,620,
10,7,1,2049,40,
13,7,1,2049,300,
2,7,1,2049,460,
25,7,1,2049,10,
4,7,1,2049,60,
12,7,1,2049,0,
3,7,1,2049,590,
18,7,1,2049,0,
11,7,1,2049,50,
5,7,1,2049,150,
19,7,1,2049,10,
9,7,1,2049,40,
8,7,1,2049,0,
14,7,1,2049,670,
1,7,1,2049,120,
15,7,1,2050,1640,
16,7,1,2050,250,
20,7,1,2050,30,
6,7,1,2050,470,
17,7,1,2050,510,
21,7,1,2050,420,
23,7,1,2050,490,
22,7,1,2050,190,
24,7,1,2050,10,
7,7,1,2050,620,
10,7,1,2050,40,
13,7,1,2050,300,
2,7,1,2050,460,
25,7,1,2050,10,
4,7,1,2050,60,
12,7,1,2050,0,
3,7,1,2050,590,
18,7,1,2050,0,
11,7,1,2050,50,
5,7,1,2050,150,
19,7,1,2050,10,
9,7,1,2050,40,
8,7,1,2050,0,
14,7,1,2050,670,
1,7,1,2050,120,
15,8,1,2023,0,
16,8,1,2023,0,
20,8,1,2023,630,
6,8,1,2023,0,
17,8,1,2023,0,
21,8,1,2023,970,
23,8,1,2023,20,
22,8,1,2023,230,
24,8,1,2023,0,
7,8,1,2023,0,
10,8,1,2023,0,
13,8,1,2023,0,
2,8,1,2023,0,
25,8,1,2023,740,
4,8,1,2023,0,
12,8,1,2023,0,
3,8,1,2023,0,
18,8,1,2023,0,
11,8,1,2023,0,
5,8,1,2023,0,
19,8,1,2023,0,
9,8,1,2023,0,
8,8,1,2023,0,
14,8,1,2023,0,
1,8,1,2023,0,
15,8,1,2024,0,
16,8,1,2024,0,
20,8,1,2024,630,
6,8,1,2024,0,
17,8,1,2024,0,
21,8,1,2024,970,
23,8,1,2024,20,
22,8,1,2024,230,
24,8,1,2024,0,
7,8,1,2024,0,
10,8,1,2024,0,
13,8,1,2024,0,
2,8,1,2024,0,
25,8,1,2024,740,
4,8,1,2024,0,
12,8,1,2024,0,
3,8,1,2024,0,
18,8,1,2024,0,
11,8,1,2024,0,
5,8,1,2024,0,
19,8,1,2024,0,
9,8,1,2024,0,
8,8,1,2024,0,
14,8,1,2024,0,
1,8,1,2024,0,
15,8,1,2025,0,
16,8,1,2025,0,
20,8,1,2025,630,
6,8,1,2025,0,
17,8,1,2025,0,
21,8,1,2025,970,
23,8,1,2025,20,
22,8,1,2025,230,
24,8,1,2025,0,
7,8,1,2025,0,
10,8,1,2025,0,
13,8,1,2025,0,
2,8,1,2025,0,
25,8,1,2025,740,
4,8,1,2025,0,
12,8,1,2025,0,
3,8,1,2025,0,
18,8,1,2025,0,
11,8,1,2025,0,
5,8,1,2025,0,
19,8,1,2025,0,
9,8,1,2025,0,
8,8,1,2025,0,
14,8,1,2025,0,
1,8,1,2025,0,
15,8,1,2026,0,
16,8,1,2026,0,
20,8,1,2026,630,
6,8,1,2026,0,
17,8,1,2026,0,
21,8,1,2026,970,
23,8,1,2026,20,
22,8,1,2026,230,
24,8,1,2026,0,
7,8,1,2026,0,
10,8,1,2026,0,
13,8,1,2026,0,
2,8,1,2026,0,
25,8,1,2026,740,
4,8,1,2026,0,
12,8,1,2026,0,
3,8,1,2026,0,
18,8,1,2026,0,
11,8,1,2026,0,
5,8,1,2026,0,
19,8,1,2026,0,
9,8,1,2026,0,
8,8,1,2026,0,
14,8,1,2026,0,
1,8,1,2026,0,
15,8,1,2027,0,
16,8,1,2027,0,
20,8,1,2027,630,
6,8,1,2027,0,
17,8,1,2027,0,
21,8,1,2027,970,
23,8,1,2027,20,
22,8,1,2027,230,
24,8,1,2027,0,
7,8,1,2027,0,
10,8,1,2027,0,
13,8,1,2027,0,
2,8,1,2027,0,
25,8,1,2027,740,
4,8,1,2027,0,
12,8,1,2027,0,
3,8,1,2027,0,
18,8,1,2027,0,
11,8,1,2027,0,
5,8,1,2027,0,
19,8,1,2027,0,
9,8,1,2027,0,
8,8,1,2027,0,
14,8,1,2027,0,
1,8,1,2027,0,
15,8,1,2028,0,
16,8,1,2028,0,
20,8,1,2028,630,
6,8,1,2028,0,
17,8,1,2028,0,
21,8,1,2028,970,
23,8,1,2028,20,
22,8,1,2028,230,
24,8,1,2028,0,
7,8,1,2028,0,
10,8,1,2028,0,
13,8,1,2028,0,
2,8,1,2028,0,
25,8,1,2028,740,
4,8,1,2028,0,
12,8,1,2028,0,
3,8,1,2028,0,
18,8,1,2028,0,
11,8,1,2028,0,
5,8,1,2028,0,
19,8,1,2028,0,
9,8,1,2028,0,
8,8,1,2028,0,
14,8,1,2028,0,
1,8,1,2028,0,
15,8,1,2029,0,
16,8,1,2029,0,
20,8,1,2029,630,
6,8,1,2029,0,
17,8,1,2029,0,
21,8,1,2029,970,
23,8,1,2029,20,
22,8,1,2029,230,
24,8,1,2029,0,
7,8,1,2029,0,
10,8,1,2029,0,
13,8,1,2029,0,
2,8,1,2029,0,
25,8,1,2029,740,
4,8,1,2029,0,
12,8,1,2029,0,
3,8,1,2029,0,
18,8,1,2029,0,
11,8,1,2029,0,
5,8,1,2029,0,
19,8,1,2029,0,
9,8,1,2029,0,
8,8,1,2029,0,
14,8,1,2029,0,
1,8,1,2029,0,
15,8,1,2030,0,
16,8,1,2030,0,
20,8,1,2030,630,
6,8,1,2030,0,
17,8,1,2030,0,
21,8,1,2030,970,
23,8,1,2030,20,
22,8,1,2030,230,
24,8,1,2030,0,
7,8,1,2030,0,
10,8,1,2030,0,
13,8,1,2030,0,
2,8,1,2030,0,
25,8,1,2030,740,
4,8,1,2030,0,
12,8,1,2030,0,
3,8,1,2030,0,
18,8,1,2030,0,
11,8,1,2030,0,
5,8,1,2030,0,
19,8,1,2030,0,
9,8,1,2030,0,
8,8,1,2030,0,
14,8,1,2030,0,
1,8,1,2030,0,
15,8,1,2031,0,
16,8,1,2031,0,
20,8,1,2031,630,
6,8,1,2031,0,
17,8,1,2031,0,
21,8,1,2031,970,
23,8,1,2031,20,
22,8,1,2031,230,
24,8,1,2031,0,
7,8,1,2031,0,
10,8,1,2031,0,
13,8,1,2031,0,
2,8,1,2031,0,
25,8,1,2031,740,
4,8,1,2031,0,
12,8,1,2031,0,
3,8,1,2031,0,
18,8,1,2031,0,
11,8,1,2031,0,
5,8,1,2031,0,
19,8,1,2031,0,
9,8,1,2031,0,
8,8,1,2031,0,
14,8,1,2031,0,
1,8,1,2031,0,
15,8,1,2032,0,
16,8,1,2032,0,
20,8,1,2032,630,
6,8,1,2032,0,
17,8,1,2032,0,
21,8,1,2032,970,
23,8,1,2032,20,
22,8,1,2032,230,
24,8,1,2032,0,
7,8,1,2032,0,
10,8,1,2032,0,
13,8,1,2032,0,
2,8,1,2032,0,
25,8,1,2032,740,
4,8,1,2032,0,
12,8,1,2032,0,
3,8,1,2032,0,
18,8,1,2032,0,
11,8,1,2032,0,
5,8,1,2032,0,
19,8,1,2032,0,
9,8,1,2032,0,
8,8,1,2032,0,
14,8,1,2032,0,
1,8,1,2032,0,
15,8,1,2033,0,
16,8,1,2033,0,
20,8,1,2033,630,
6,8,1,2033,0,
17,8,1,2033,0,
21,8,1,2033,970,
23,8,1,2033,20,
22,8,1,2033,230,
24,8,1,2033,0,
7,8,1,2033,0,
10,8,1,2033,0,
13,8,1,2033,0,
2,8,1,2033,0,
25,8,1,2033,740,
4,8,1,2033,0,
12,8,1,2033,0,
3,8,1,2033,0,
18,8,1,2033,0,
11,8,1,2033,0,
5,8,1,2033,0,
19,8,1,2033,0,
9,8,1,2033,0,
8,8,1,2033,0,
14,8,1,2033,0,
1,8,1,2033,0,
15,8,1,2034,0,
16,8,1,2034,0,
20,8,1,2034,630,
6,8,1,2034,0,
17,8,1,2034,0,
21,8,1,2034,970,
23,8,1,2034,20,
22,8,1,2034,230,
24,8,1,2034,0,
7,8,1,2034,0,
10,8,1,2034,0,
13,8,1,2034,0,
2,8,1,2034,0,
25,8,1,2034,740,
4,8,1,2034,0,
12,8,1,2034,0,
3,8,1,2034,0,
18,8,1,2034,0,
11,8,1,2034,0,
5,8,1,2034,0,
19,8,1,2034,0,
9,8,1,2034,0,
8,8,1,2034,0,
14,8,1,2034,0,
1,8,1,2034,0,
15,8,1,2035,0,
16,8,1,2035,0,
20,8,1,2035,630,
6,8,1,2035,0,
17,8,1,2035,0,
21,8,1,2035,970,
23,8,1,2035,20,
22,8,1,2035,230,
24,8,1,2035,0,
7,8,1,2035,0,
10,8,1,2035,0,
13,8,1,2035,0,
2,8,1,2035,0,
25,8,1,2035,740,
4,8,1,2035,0,
12,8,1,2035,0,
3,8,1,2035,0,
18,8,1,2035,0,
11,8,1,2035,0,
5,8,1,2035,0,
19,8,1,2035,0,
9,8,1,2035,0,
8,8,1,2035,0,
14,8,1,2035,0,
1,8,1,2035,0,
15,8,1,2036,0,
16,8,1,2036,0,
20,8,1,2036,630,
6,8,1,2036,0,
17,8,1,2036,0,
21,8,1,2036,970,
23,8,1,2036,20,
22,8,1,2036,230,
24,8,1,2036,0,
7,8,1,2036,0,
10,8,1,2036,0,
13,8,1,2036,0,
2,8,1,2036,0,
25,8,1,2036,740,
4,8,1,2036,0,
12,8,1,2036,0,
3,8,1,2036,0,
18,8,1,2036,0,
11,8,1,2036,0,
5,8,1,2036,0,
19,8,1,2036,0,
9,8,1,2036,0,
8,8,1,2036,0,
14,8,1,2036,0,
1,8,1,2036,0,
15,8,1,2037,0,
16,8,1,2037,0,
20,8,1,2037,630,
6,8,1,2037,0,
17,8,1,2037,0,
21,8,1,2037,970,
23,8,1,2037,20,
22,8,1,2037,230,
24,8,1,2037,0,
7,8,1,2037,0,
10,8,1,2037,0,
13,8,1,2037,0,
2,8,1,2037,0,
25,8,1,2037,740,
4,8,1,2037,0,
12,8,1,2037,0,
3,8,1,2037,0,
18,8,1,2037,0,
11,8,1,2037,0,
5,8,1,2037,0,
19,8,1,2037,0,
9,8,1,2037,0,
8,8,1,2037,0,
14,8,1,2037,0,
1,8,1,2037,0,
15,8,1,2038,0,
16,8,1,2038,0,
20,8,1,2038,630,
6,8,1,2038,0,
17,8,1,2038,0,
21,8,1,2038,970,
23,8,1,2038,20,
22,8,1,2038,230,
24,8,1,2038,0,
7,8,1,2038,0,
10,8,1,2038,0,
13,8,1,2038,0,
2,8,1,2038,0,
25,8,1,2038,740,
4,8,1,2038,0,
12,8,1,2038,0,
3,8,1,2038,0,
18,8,1,2038,0,
11,8,1,2038,0,
5,8,1,2038,0,
19,8,1,2038,0,
9,8,1,2038,0,
8,8,1,2038,0,
14,8,1,2038,0,
1,8,1,2038,0,
15,8,1,2039,0,
16,8,1,2039,0,
20,8,1,2039,630,
6,8,1,2039,0,
17,8,1,2039,0,
21,8,1,2039,970,
23,8,1,2039,20,
22,8,1,2039,230,
24,8,1,2039,0,
7,8,1,2039,0,
10,8,1,2039,0,
13,8,1,2039,0,
2,8,1,2039,0,
25,8,1,2039,740,
4,8,1,2039,0,
12,8,1,2039,0,
3,8,1,2039,0,
18,8,1,2039,0,
11,8,1,2039,0,
5,8,1,2039,0,
19,8,1,2039,0,
9,8,1,2039,0,
8,8,1,2039,0,
14,8,1,2039,0,
1,8,1,2039,0,
15,8,1,2040,0,
16,8,1,2040,0,
20,8,1,2040,630,
6,8,1,2040,0,
17,8,1,2040,0,
21,8,1,2040,970,
23,8,1,2040,20,
22,8,1,2040,230,
24,8,1,2040,0,
7,8,1,2040,0,
10,8,1,2040,0,
13,8,1,2040,0,
2,8,1,2040,0,
25,8,1,2040,740,
4,8,1,2040,0,
12,8,1,2040,0,
3,8,1,2040,0,
18,8,1,2040,0,
11,8,1,2040,0,
5,8,1,2040,0,
19,8,1,2040,0,
9,8,1,2040,0,
8,8,1,2040,0,
14,8,1,2040,0,
1,8,1,2040,0,
15,8,1,2041,0,
16,8,1,2041,0,
20,8,1,2041,630,
6,8,1,2041,0,
17,8,1,2041,0,
21,8,1,2041,970,
23,8,1,2041,20,
22,8,1,2041,230,
24,8,1,2041,0,
7,8,1,2041,0,
10,8,1,2041,0,
13,8,1,2041,0,
2,8,1,2041,0,
25,8,1,2041,740,
4,8,1,2041,0,
12,8,1,2041,0,
3,8,1,2041,0,
18,8,1,2041,0,
11,8,1,2041,0,
5,8,1,2041,0,
19,8,1,2041,0,
9,8,1,2041,0,
8,8,1,2041,0,
14,8,1,2041,0,
1,8,1,2041,0,
15,8,1,2042,0,
16,8,1,2042,0,
20,8,1,2042,630,
6,8,1,2042,0,
17,8,1,2042,0,
21,8,1,2042,970,
23,8,1,2042,20,
22,8,1,2042,230,
24,8,1,2042,0,
7,8,1,2042,0,
10,8,1,2042,0,
13,8,1,2042,0,
2,8,1,2042,0,
25,8,1,2042,740,
4,8,1,2042,0,
12,8,1,2042,0,
3,8,1,2042,0,
18,8,1,2042,0,
11,8,1,2042,0,
5,8,1,2042,0,
19,8,1,2042,0,
9,8,1,2042,0,
8,8,1,2042,0,
14,8,1,2042,0,
1,8,1,2042,0,
15,8,1,2043,0,
16,8,1,2043,0,
20,8,1,2043,630,
6,8,1,2043,0,
17,8,1,2043,0,
21,8,1,2043,970,
23,8,1,2043,20,
22,8,1,2043,230,
24,8,1,2043,0,
7,8,1,2043,0,
10,8,1,2043,0,
13,8,1,2043,0,
2,8,1,2043,0,
25,8,1,2043,740,
4,8,1,2043,0,
12,8,1,2043,0,
3,8,1,2043,0,
18,8,1,2043,0,
11,8,1,2043,0,
5,8,1,2043,0,
19,8,1,2043,0,
9,8,1,2043,0,
8,8,1,2043,0,
14,8,1,2043,0,
1,8,1,2043,0,
15,8,1,2044,0,
16,8,1,2044,0,
20,8,1,2044,630,
6,8,1,2044,0,
17,8,1,2044,0,
21,8,1,2044,970,
23,8,1,2044,20,
22,8,1,2044,230,
24,8,1,2044,0,
7,8,1,2044,0,
10,8,1,2044,0,
13,8,1,2044,0,
2,8,1,2044,0,
25,8,1,2044,740,
4,8,1,2044,0,
12,8,1,2044,0,
3,8,1,2044,0,
18,8,1,2044,0,
11,8,1,2044,0,
5,8,1,2044,0,
19,8,1,2044,0,
9,8,1,2044,0,
8,8,1,2044,0,
14,8,1,2044,0,
1,8,1,2044,0,
15,8,1,2045,0,
16,8,1,2045,0,
20,8,1,2045,630,
6,8,1,2045,0,
17,8,1,2045,0,
21,8,1,2045,970,
23,8,1,2045,20,
22,8,1,2045,230,
24,8,1,2045,0,
7,8,1,2045,0,
10,8,1,2045,0,
13,8,1,2045,0,
2,8,1,2045,0,
25,8,1,2045,740,
4,8,1,2045,0,
12,8,1,2045,0,
3,8,1,2045,0,
18,8,1,2045,0,
11,8,1,2045,0,
5,8,1,2045,0,
19,8,1,2045,0,
9,8,1,2045,0,
8,8,1,2045,0,
14,8,1,2045,0,
1,8,1,2045,0,
15,8,1,2046,0,
16,8,1,2046,0,
20,8,1,2046,630,
6,8,1,2046,0,
17,8,1,2046,0,
21,8,1,2046,970,
23,8,1,2046,20,
22,8,1,2046,230,
24,8,1,2046,0,
7,8,1,2046,0,
10,8,1,2046,0,
13,8,1,2046,0,
2,8,1,2046,0,
25,8,1,2046,740,
4,8,1,2046,0,
12,8,1,2046,0,
3,8,1,2046,0,
18,8,1,2046,0,
11,8,1,2046,0,
5,8,1,2046,0,
19,8,1,2046,0,
9,8,1,2046,0,
8,8,1,2046,0,
14,8,1,2046,0,
1,8,1,2046,0,
15,8,1,2047,0,
16,8,1,2047,0,
20,8,1,2047,630,
6,8,1,2047,0,
17,8,1,2047,0,
21,8,1,2047,970,
23,8,1,2047,20,
22,8,1,2047,230,
24,8,1,2047,0,
7,8,1,2047,0,
10,8,1,2047,0,
13,8,1,2047,0,
2,8,1,2047,0,
25,8,1,2047,740,
4,8,1,2047,0,
12,8,1,2047,0,
3,8,1,2047,0,
18,8,1,2047,0,
11,8,1,2047,0,
5,8,1,2047,0,
19,8,1,2047,0,
9,8,1,2047,0,
8,8,1,2047,0,
14,8,1,2047,0,
1,8,1,2047,0,
15,8,1,2048,0,
16,8,1,2048,0,
20,8,1,2048,630,
6,8,1,2048,0,
17,8,1,2048,0,
21,8,1,2048,970,
23,8,1,2048,20,
22,8,1,2048,230,
24,8,1,2048,0,
7,8,1,2048,0,
10,8,1,2048,0,
13,8,1,2048,0,
2,8,1,2048,0,
25,8,1,2048,740,
4,8,1,2048,0,
12,8,1,2048,0,
3,8,1,2048,0,
18,8,1,2048,0,
11,8,1,2048,0,
5,8,1,2048,0,
19,8,1,2048,0,
9,8,1,2048,0,
8,8,1,2048,0,
14,8,1,2048,0,
1,8,1,2048,0,
15,8,1,2049,0,
16,8,1,2049,0,
20,8,1,2049,630,
6,8,1,2049,0,
17,8,1,2049,0,
21,8,1,2049,970,
23,8,1,2049,20,
22,8,1,2049,230,
24,8,1,2049,0,
7,8,1,2049,0,
10,8,1,2049,0,
13,8,1,2049,0,
2,8,1,2049,0,
25,8,1,2049,740,
4,8,1,2049,0,
12,8,1,2049,0,
3,8,1,2049,0,
18,8,1,2049,0,
11,8,1,2049,0,
5,8,1,2049,0,
19,8,1,2049,0,
9,8,1,2049,0,
8,8,1,2049,0,
14,8,1,2049,0,
1,8,1,2049,0,
15,8,1,2050,0,
16,8,1,2050,0,
20,8,1,2050,630,
6,8,1,2050,0,
17,8,1,2050,0,
21,8,1,2050,970,
23,8,1,2050,20,
22,8,1,2050,230,
24,8,1,2050,0,
7,8,1,2050,0,
10,8,1,2050,0,
13,8,1,2050,0,
2,8,1,2050,0,
25,8,1,2050,740,
4,8,1,2050,0,
12,8,1,2050,0,
3,8,1,2050,0,
18,8,1,2050,0,
11,8,1,2050,0,
5,8,1,2050,0,
19,8,1,2050,0,
9,8,1,2050,0,
8,8,1,2050,0,
14,8,1,2050,0,
1,8,1,2050,0,
15,9,1,2023,60,
16,9,1,2023,30,
20,9,1,2023,10,
6,9,1,2023,10,
17,9,1,2023,0,
21,9,1,2023,110,
23,9,1,2023,70,
22,9,1,2023,190,
24,9,1,2023,10,
7,9,1,2023,470,
10,9,1,2023,540,
13,9,1,2023,300,
2,9,1,2023,460,
25,9,1,2023,20,
4,9,1,2023,100,
12,9,1,2023,30,
3,9,1,2023,140,
18,9,1,2023,10,
11,9,1,2023,110,
5,9,1,2023,140,
19,9,1,2023,10,
9,9,1,2023,200,
8,9,1,2023,170,
14,9,1,2023,100,
1,9,1,2023,30,
15,9,1,2024,60,
16,9,1,2024,30,
20,9,1,2024,10,
6,9,1,2024,10,
17,9,1,2024,0,
21,9,1,2024,110,
23,9,1,2024,70,
22,9,1,2024,190,
24,9,1,2024,10,
7,9,1,2024,470,
10,9,1,2024,540,
13,9,1,2024,300,
2,9,1,2024,460,
25,9,1,2024,20,
4,9,1,2024,100,
12,9,1,2024,30,
3,9,1,2024,140,
18,9,1,2024,10,
11,9,1,2024,110,
5,9,1,2024,140,
19,9,1,2024,10,
9,9,1,2024,200,
8,9,1,2024,180,
14,9,1,2024,100,
1,9,1,2024,30,
15,9,1,2025,60,
16,9,1,2025,30,
20,9,1,2025,10,
6,9,1,2025,10,
17,9,1,2025,0,
21,9,1,2025,110,
23,9,1,2025,70,
22,9,1,2025,190,
24,9,1,2025,10,
7,9,1,2025,470,
10,9,1,2025,540,
13,9,1,2025,300,
2,9,1,2025,460,
25,9,1,2025,20,
4,9,1,2025,100,
12,9,1,2025,30,
3,9,1,2025,140,
18,9,1,2025,10,
11,9,1,2025,110,
5,9,1,2025,140,
19,9,1,2025,10,
9,9,1,2025,190,
8,9,1,2025,180,
14,9,1,2025,100,
1,9,1,2025,30,
15,9,1,2026,60,
16,9,1,2026,30,
20,9,1,2026,10,
6,9,1,2026,10,
17,9,1,2026,0,
21,9,1,2026,110,
23,9,1,2026,70,
22,9,1,2026,190,
24,9,1,2026,10,
7,9,1,2026,470,
10,9,1,2026,540,
13,9,1,2026,300,
2,9,1,2026,480,
25,9,1,2026,20,
4,9,1,2026,100,
12,9,1,2026,30,
3,9,1,2026,140,
18,9,1,2026,10,
11,9,1,2026,110,
5,9,1,2026,140,
19,9,1,2026,10,
9,9,1,2026,190,
8,9,1,2026,180,
14,9,1,2026,100,
1,9,1,2026,30,
15,9,1,2027,60,
16,9,1,2027,30,
20,9,1,2027,10,
6,9,1,2027,10,
17,9,1,2027,0,
21,9,1,2027,110,
23,9,1,2027,70,
22,9,1,2027,190,
24,9,1,2027,10,
7,9,1,2027,470,
10,9,1,2027,540,
13,9,1,2027,300,
2,9,1,2027,480,
25,9,1,2027,20,
4,9,1,2027,100,
12,9,1,2027,30,
3,9,1,2027,100,
18,9,1,2027,10,
11,9,1,2027,110,
5,9,1,2027,140,
19,9,1,2027,10,
9,9,1,2027,190,
8,9,1,2027,180,
14,9,1,2027,100,
1,9,1,2027,30,
15,9,1,2028,60,
16,9,1,2028,30,
20,9,1,2028,10,
6,9,1,2028,10,
17,9,1,2028,0,
21,9,1,2028,110,
23,9,1,2028,70,
22,9,1,2028,190,
24,9,1,2028,10,
7,9,1,2028,470,
10,9,1,2028,540,
13,9,1,2028,300,
2,9,1,2028,480,
25,9,1,2028,20,
4,9,1,2028,100,
12,9,1,2028,30,
3,9,1,2028,100,
18,9,1,2028,10,
11,9,1,2028,110,
5,9,1,2028,140,
19,9,1,2028,10,
9,9,1,2028,190,
8,9,1,2028,180,
14,9,1,2028,100,
1,9,1,2028,30,
15,9,1,2029,60,
16,9,1,2029,30,
20,9,1,2029,10,
6,9,1,2029,10,
17,9,1,2029,0,
21,9,1,2029,110,
23,9,1,2029,70,
22,9,1,2029,190,
24,9,1,2029,10,
7,9,1,2029,470,
10,9,1,2029,540,
13,9,1,2029,300,
2,9,1,2029,440,
25,9,1,2029,20,
4,9,1,2029,100,
12,9,1,2029,30,
3,9,1,2029,100,
18,9,1,2029,10,
11,9,1,2029,110,
5,9,1,2029,140,
19,9,1,2029,10,
9,9,1,2029,190,
8,9,1,2029,180,
14,9,1,2029,100,
1,9,1,2029,30,
15,9,1,2030,60,
16,9,1,2030,30,
20,9,1,2030,10,
6,9,1,2030,10,
17,9,1,2030,0,
21,9,1,2030,110,
23,9,1,2030,70,
22,9,1,2030,190,
24,9,1,2030,10,
7,9,1,2030,470,
10,9,1,2030,540,
13,9,1,2030,300,
2,9,1,2030,440,
25,9,1,2030,20,
4,9,1,2030,100,
12,9,1,2030,30,
3,9,1,2030,100,
18,9,1,2030,10,
11,9,1,2030,110,
5,9,1,2030,140,
19,9,1,2030,10,
9,9,1,2030,190,
8,9,1,2030,180,
14,9,1,2030,100,
1,9,1,2030,30,
15,9,1,2031,60,
16,9,1,2031,30,
20,9,1,2031,10,
6,9,1,2031,10,
17,9,1,2031,0,
21,9,1,2031,110,
23,9,1,2031,70,
22,9,1,2031,190,
24,9,1,2031,10,
7,9,1,2031,470,
10,9,1,2031,540,
13,9,1,2031,300,
2,9,1,2031,440,
25,9,1,2031,20,
4,9,1,2031,100,
12,9,1,2031,30,
3,9,1,2031,100,
18,9,1,2031,10,
11,9,1,2031,110,
5,9,1,2031,140,
19,9,1,2031,10,
9,9,1,2031,190,
8,9,1,2031,180,
14,9,1,2031,100,
1,9,1,2031,30,
15,9,1,2032,60,
16,9,1,2032,30,
20,9,1,2032,10,
6,9,1,2032,10,
17,9,1,2032,0,
21,9,1,2032,110,
23,9,1,2032,70,
22,9,1,2032,190,
24,9,1,2032,10,
7,9,1,2032,470,
10,9,1,2032,540,
13,9,1,2032,300,
2,9,1,2032,440,
25,9,1,2032,20,
4,9,1,2032,100,
12,9,1,2032,30,
3,9,1,2032,100,
18,9,1,2032,10,
11,9,1,2032,110,
5,9,1,2032,140,
19,9,1,2032,10,
9,9,1,2032,190,
8,9,1,2032,180,
14,9,1,2032,100,
1,9,1,2032,30,
15,9,1,2033,60,
16,9,1,2033,30,
20,9,1,2033,10,
6,9,1,2033,10,
17,9,1,2033,0,
21,9,1,2033,110,
23,9,1,2033,70,
22,9,1,2033,190,
24,9,1,2033,10,
7,9,1,2033,470,
10,9,1,2033,540,
13,9,1,2033,300,
2,9,1,2033,440,
25,9,1,2033,20,
4,9,1,2033,100,
12,9,1,2033,30,
3,9,1,2033,100,
18,9,1,2033,10,
11,9,1,2033,110,
5,9,1,2033,140,
19,9,1,2033,10,
9,9,1,2033,190,
8,9,1,2033,180,
14,9,1,2033,100,
1,9,1,2033,30,
15,9,1,2034,60,
16,9,1,2034,30,
20,9,1,2034,10,
6,9,1,2034,10,
17,9,1,2034,0,
21,9,1,2034,110,
23,9,1,2034,70,
22,9,1,2034,190,
24,9,1,2034,10,
7,9,1,2034,470,
10,9,1,2034,540,
13,9,1,2034,300,
2,9,1,2034,440,
25,9,1,2034,20,
4,9,1,2034,100,
12,9,1,2034,30,
3,9,1,2034,100,
18,9,1,2034,10,
11,9,1,2034,110,
5,9,1,2034,140,
19,9,1,2034,10,
9,9,1,2034,190,
8,9,1,2034,180,
14,9,1,2034,100,
1,9,1,2034,30,
15,9,1,2035,60,
16,9,1,2035,30,
20,9,1,2035,10,
6,9,1,2035,10,
17,9,1,2035,0,
21,9,1,2035,110,
23,9,1,2035,70,
22,9,1,2035,190,
24,9,1,2035,10,
7,9,1,2035,470,
10,9,1,2035,540,
13,9,1,2035,300,
2,9,1,2035,440,
25,9,1,2035,20,
4,9,1,2035,100,
12,9,1,2035,30,
3,9,1,2035,100,
18,9,1,2035,10,
11,9,1,2035,110,
5,9,1,2035,140,
19,9,1,2035,10,
9,9,1,2035,190,
8,9,1,2035,180,
14,9,1,2035,100,
1,9,1,2035,30,
15,9,1,2036,60,
16,9,1,2036,30,
20,9,1,2036,10,
6,9,1,2036,10,
17,9,1,2036,0,
21,9,1,2036,110,
23,9,1,2036,70,
22,9,1,2036,190,
24,9,1,2036,10,
7,9,1,2036,470,
10,9,1,2036,540,
13,9,1,2036,300,
2,9,1,2036,440,
25,9,1,2036,20,
4,9,1,2036,100,
12,9,1,2036,30,
3,9,1,2036,100,
18,9,1,2036,10,
11,9,1,2036,110,
5,9,1,2036,140,
19,9,1,2036,10,
9,9,1,2036,190,
8,9,1,2036,180,
14,9,1,2036,100,
1,9,1,2036,30,
15,9,1,2037,60,
16,9,1,2037,30,
20,9,1,2037,10,
6,9,1,2037,10,
17,9,1,2037,0,
21,9,1,2037,110,
23,9,1,2037,70,
22,9,1,2037,190,
24,9,1,2037,10,
7,9,1,2037,470,
10,9,1,2037,540,
13,9,1,2037,300,
2,9,1,2037,440,
25,9,1,2037,20,
4,9,1,2037,100,
12,9,1,2037,30,
3,9,1,2037,100,
18,9,1,2037,10,
11,9,1,2037,110,
5,9,1,2037,140,
19,9,1,2037,10,
9,9,1,2037,190,
8,9,1,2037,180,
14,9,1,2037,100,
1,9,1,2037,30,
15,9,1,2038,60,
16,9,1,2038,30,
20,9,1,2038,10,
6,9,1,2038,10,
17,9,1,2038,0,
21,9,1,2038,110,
23,9,1,2038,70,
22,9,1,2038,190,
24,9,1,2038,10,
7,9,1,2038,470,
10,9,1,2038,540,
13,9,1,2038,300,
2,9,1,2038,440,
25,9,1,2038,20,
4,9,1,2038,100,
12,9,1,2038,30,
3,9,1,2038,100,
18,9,1,2038,10,
11,9,1,2038,110,
5,9,1,2038,140,
19,9,1,2038,10,
9,9,1,2038,190,
8,9,1,2038,180,
14,9,1,2038,100,
1,9,1,2038,30,
15,9,1,2039,60,
16,9,1,2039,30,
20,9,1,2039,10,
6,9,1,2039,10,
17,9,1,2039,0,
21,9,1,2039,110,
23,9,1,2039,70,
22,9,1,2039,190,
24,9,1,2039,10,
7,9,1,2039,470,
10,9,1,2039,540,
13,9,1,2039,300,
2,9,1,2039,440,
25,9,1,2039,20,
4,9,1,2039,100,
12,9,1,2039,30,
3,9,1,2039,100,
18,9,1,2039,10,
11,9,1,2039,110,
5,9,1,2039,140,
19,9,1,2039,10,
9,9,1,2039,190,
8,9,1,2039,180,
14,9,1,2039,100,
1,9,1,2039,30,
15,9,1,2040,60,
16,9,1,2040,30,
20,9,1,2040,10,
6,9,1,2040,10,
17,9,1,2040,0,
21,9,1,2040,110,
23,9,1,2040,70,
22,9,1,2040,190,
24,9,1,2040,10,
7,9,1,2040,470,
10,9,1,2040,540,
13,9,1,2040,300,
2,9,1,2040,440,
25,9,1,2040,20,
4,9,1,2040,100,
12,9,1,2040,30,
3,9,1,2040,100,
18,9,1,2040,10,
11,9,1,2040,110,
5,9,1,2040,140,
19,9,1,2040,10,
9,9,1,2040,190,
8,9,1,2040,180,
14,9,1,2040,100,
1,9,1,2040,30,
15,9,1,2041,60,
16,9,1,2041,30,
20,9,1,2041,10,
6,9,1,2041,10,
17,9,1,2041,0,
21,9,1,2041,110,
23,9,1,2041,70,
22,9,1,2041,190,
24,9,1,2041,10,
7,9,1,2041,470,
10,9,1,2041,540,
13,9,1,2041,300,
2,9,1,2041,440,
25,9,1,2041,20,
4,9,1,2041,100,
12,9,1,2041,30,
3,9,1,2041,100,
18,9,1,2041,10,
11,9,1,2041,110,
5,9,1,2041,140,
19,9,1,2041,10,
9,9,1,2041,190,
8,9,1,2041,180,
14,9,1,2041,100,
1,9,1,2041,30,
15,9,1,2042,60,
16,9,1,2042,30,
20,9,1,2042,10,
6,9,1,2042,10,
17,9,1,2042,0,
21,9,1,2042,110,
23,9,1,2042,70,
22,9,1,2042,190,
24,9,1,2042,10,
7,9,1,2042,470,
10,9,1,2042,540,
13,9,1,2042,300,
2,9,1,2042,440,
25,9,1,2042,20,
4,9,1,2042,100,
12,9,1,2042,30,
3,9,1,2042,100,
18,9,1,2042,10,
11,9,1,2042,110,
5,9,1,2042,140,
19,9,1,2042,10,
9,9,1,2042,190,
8,9,1,2042,180,
14,9,1,2042,100,
1,9,1,2042,30,
15,9,1,2043,60,
16,9,1,2043,30,
20,9,1,2043,10,
6,9,1,2043,10,
17,9,1,2043,0,
21,9,1,2043,110,
23,9,1,2043,70,
22,9,1,2043,190,
24,9,1,2043,10,
7,9,1,2043,470,
10,9,1,2043,540,
13,9,1,2043,300,
2,9,1,2043,440,
25,9,1,2043,20,
4,9,1,2043,100,
12,9,1,2043,30,
3,9,1,2043,100,
18,9,1,2043,10,
11,9,1,2043,110,
5,9,1,2043,140,
19,9,1,2043,10,
9,9,1,2043,190,
8,9,1,2043,180,
14,9,1,2043,100,
1,9,1,2043,30,
15,9,1,2044,60,
16,9,1,2044,30,
20,9,1,2044,10,
6,9,1,2044,10,
17,9,1,2044,0,
21,9,1,2044,110,
23,9,1,2044,70,
22,9,1,2044,190,
24,9,1,2044,10,
7,9,1,2044,470,
10,9,1,2044,540,
13,9,1,2044,300,
2,9,1,2044,440,
25,9,1,2044,20,
4,9,1,2044,100,
12,9,1,2044,30,
3,9,1,2044,100,
18,9,1,2044,10,
11,9,1,2044,110,
5,9,1,2044,140,
19,9,1,2044,10,
9,9,1,2044,190,
8,9,1,2044,180,
14,9,1,2044,100,
1,9,1,2044,30,
15,9,1,2045,60,
16,9,1,2045,30,
20,9,1,2045,10,
6,9,1,2045,10,
17,9,1,2045,0,
21,9,1,2045,110,
23,9,1,2045,70,
22,9,1,2045,190,
24,9,1,2045,10,
7,9,1,2045,470,
10,9,1,2045,540,
13,9,1,2045,300,
2,9,1,2045,440,
25,9,1,2045,20,
4,9,1,2045,100,
12,9,1,2045,30,
3,9,1,2045,100,
18,9,1,2045,10,
11,9,1,2045,110,
5,9,1,2045,140,
19,9,1,2045,10,
9,9,1,2045,190,
8,9,1,2045,180,
14,9,1,2045,100,
1,9,1,2045,30,
15,9,1,2046,60,
16,9,1,2046,30,
20,9,1,2046,10,
6,9,1,2046,10,
17,9,1,2046,0,
21,9,1,2046,110,
23,9,1,2046,70,
22,9,1,2046,190,
24,9,1,2046,10,
7,9,1,2046,470,
10,9,1,2046,540,
13,9,1,2046,300,
2,9,1,2046,440,
25,9,1,2046,20,
4,9,1,2046,100,
12,9,1,2046,30,
3,9,1,2046,100,
18,9,1,2046,10,
11,9,1,2046,110,
5,9,1,2046,140,
19,9,1,2046,10,
9,9,1,2046,190,
8,9,1,2046,180,
14,9,1,2046,100,
1,9,1,2046,30,
15,9,1,2047,60,
16,9,1,2047,30,
20,9,1,2047,10,
6,9,1,2047,10,
17,9,1,2047,0,
21,9,1,2047,110,
23,9,1,2047,70,
22,9,1,2047,190,
24,9,1,2047,10,
7,9,1,2047,470,
10,9,1,2047,540,
13,9,1,2047,300,
2,9,1,2047,440,
25,9,1,2047,20,
4,9,1,2047,100,
12,9,1,2047,30,
3,9,1,2047,100,
18,9,1,2047,10,
11,9,1,2047,110,
5,9,1,2047,140,
19,9,1,2047,10,
9,9,1,2047,190,
8,9,1,2047,180,
14,9,1,2047,100,
1,9,1,2047,30,
15,9,1,2048,60,
16,9,1,2048,30,
20,9,1,2048,10,
6,9,1,2048,10,
17,9,1,2048,0,
21,9,1,2048,110,
23,9,1,2048,70,
22,9,1,2048,190,
24,9,1,2048,10,
7,9,1,2048,470,
10,9,1,2048,540,
13,9,1,2048,300,
2,9,1,2048,440,
25,9,1,2048,20,
4,9,1,2048,100,
12,9,1,2048,30,
3,9,1,2048,100,
18,9,1,2048,10,
11,9,1,2048,110,
5,9,1,2048,140,
19,9,1,2048,10,
9,9,1,2048,190,
8,9,1,2048,180,
14,9,1,2048,100,
1,9,1,2048,30,
15,9,1,2049,60,
16,9,1,2049,30,
20,9,1,2049,10,
6,9,1,2049,10,
17,9,1,2049,0,
21,9,1,2049,110,
23,9,1,2049,70,
22,9,1,2049,190,
24,9,1,2049,10,
7,9,1,2049,470,
10,9,1,2049,540,
13,9,1,2049,300,
2,9,1,2049,440,
25,9,1,2049,20,
4,9,1,2049,100,
12,9,1,2049,30,
3,9,1,2049,100,
18,9,1,2049,10,
11,9,1,2049,110,
5,9,1,2049,140,
19,9,1,2049,10,
9,9,1,2049,190,
8,9,1,2049,180,
14,9,1,2049,100,
1,9,1,2049,30,
15,9,1,2050,60,
16,9,1,2050,30,
20,9,1,2050,10,
6,9,1,2050,10,
17,9,1,2050,0,
21,9,1,2050,110,
23,9,1,2050,70,
22,9,1,2050,190,
24,9,1,2050,10,
7,9,1,2050,470,
10,9,1,2050,540,
13,9,1,2050,300,
2,9,1,2050,440,
25,9,1,2050,20,
4,9,1,2050,100,
12,9,1,2050,30,
3,9,1,2050,100,
18,9,1,2050,10,
11,9,1,2050,110,
5,9,1,2050,140,
19,9,1,2050,10,
9,9,1,2050,190,
8,9,1,2050,180,
14,9,1,2050,100,
1,9,1,2050,30,
15,10_seasonal,1,2023,2250,
15,10_regular,1,2023,2250,
16,10_seasonal,1,2023,2200,
16,10_regular,1,2023,2200,
20,10_seasonal,1,2023,1930,
20,10_regular,1,2023,1930,
6,10_seasonal,1,2023,620,
6,10_regular,1,2023,620,
17,10_seasonal,1,2023,470,
17,10_regular,1,2023,470,
21,10_seasonal,1,2023,4270,
21,10_regular,1,2023,4270,
23,10_seasonal,1,2023,15170,
23,10_regular,1,2023,15170,
22,10_seasonal,1,2023,470,
22,10_regular,1,2023,470,
24,10_seasonal,1,2023,380,
24,10_regular,1,2023,380,
7,10_seasonal,1,2023,960,
7,10_regular,1,2023,960,
10,10_seasonal,1,2023,660,
10,10_regular,1,2023,660,
13,10_seasonal,1,2023,360,
13,10_regular,1,2023,360,
2,10_seasonal,1,2023,20,
2,10_regular,1,2023,20,
25,10_seasonal,1,2023,1120,
25,10_regular,1,2023,1120,
4,10_seasonal,1,2023,180,
4,10_regular,1,2023,180,
12,10_seasonal,1,2023,0,
12,10_regular,1,2023,0,
3,10_seasonal,1,2023,840,
3,10_regular,1,2023,840,
18,10_seasonal,1,2023,120,
18,10_regular,1,2023,120,
11,10_seasonal,1,2023,350,
11,10_regular,1,2023,350,
5,10_seasonal,1,2023,50,
5,10_regular,1,2023,50,
19,10_seasonal,1,2023,940,
19,10_regular,1,2023,940,
9,10_seasonal,1,2023,2240,
9,10_regular,1,2023,2240,
8,10_seasonal,1,2023,0,
8,10_regular,1,2023,0,
14,10_seasonal,1,2023,1640,
14,10_regular,1,2023,1640,
1,10_seasonal,1,2023,270,
1,10_regular,1,2023,270,
15,10_seasonal,1,2024,2250,
15,10_regular,1,2024,2250,
16,10_seasonal,1,2024,2200,
16,10_regular,1,2024,2200,
20,10_seasonal,1,2024,1930,
20,10_regular,1,2024,1930,
6,10_seasonal,1,2024,620,
6,10_regular,1,2024,620,
17,10_seasonal,1,2024,470,
17,10_regular,1,2024,470,
21,10_seasonal,1,2024,4270,
21,10_regular,1,2024,4270,
23,10_seasonal,1,2024,15170,
23,10_regular,1,2024,15170,
22,10_seasonal,1,2024,480,
22,10_regular,1,2024,480,
24,10_seasonal,1,2024,380,
24,10_regular,1,2024,380,
7,10_seasonal,1,2024,960,
7,10_regular,1,2024,960,
10,10_seasonal,1,2024,660,
10,10_regular,1,2024,660,
13,10_seasonal,1,2024,360,
13,10_regular,1,2024,360,
2,10_seasonal,1,2024,20,
2,10_regular,1,2024,20,
25,10_seasonal,1,2024,1120,
25,10_regular,1,2024,1120,
4,10_seasonal,1,2024,180,
4,10_regular,1,2024,180,
12,10_seasonal,1,2024,0,
12,10_regular,1,2024,0,
3,10_seasonal,1,2024,840,
3,10_regular,1,2024,840,
18,10_seasonal,1,2024,120,
18,10_regular,1,2024,120,
11,10_seasonal,1,2024,350,
11,10_regular,1,2024,350,
5,10_seasonal,1,2024,50,
5,10_regular,1,2024,50,
19,10_seasonal,1,2024,940,
19,10_regular,1,2024,940,
9,10_seasonal,1,2024,2240,
9,10_regular,1,2024,2240,
8,10_seasonal,1,2024,0,
8,10_regular,1,2024,0,
14,10_seasonal,1,2024,1640,
14,10_regular,1,2024,1640,
1,10_seasonal,1,2024,270,
1,10_regular,1,2024,270,
15,10_seasonal,1,2025,2250,
15,10_regular,1,2025,2250,
16,10_seasonal,1,2025,2200,
16,10_regular,1,2025,2200,
20,10_seasonal,1,2025,1930,
20,10_regular,1,2025,1930,
6,10_seasonal,1,2025,620,
6,10_regular,1,2025,620,
17,10_seasonal,1,2025,470,
17,10_regular,1,2025,470,
21,10_seasonal,1,2025,4270,
21,10_regular,1,2025,4270,
23,10_seasonal,1,2025,15180,
23,10_regular,1,2025,15180,
22,10_seasonal,1,2025,480,
22,10_regular,1,2025,480,
24,10_seasonal,1,2025,380,
24,10_regular,1,2025,380,
7,10_seasonal,1,2025,960,
7,10_regular,1,2025,960,
10,10_seasonal,1,2025,660,
10,10_regular,1,2025,660,
13,10_seasonal,1,2025,360,
13,10_regular,1,2025,360,
2,10_seasonal,1,2025,20,
2,10_regular,1,2025,20,
25,10_seasonal,1,2025,1120,
25,10_regular,1,2025,1120,
4,10_seasonal,1,2025,190,
4,10_regular,1,2025,190,
12,10_seasonal,1,2025,0,
12,10_regular,1,2025,0,
3,10_seasonal,1,2025,840,
3,10_regular,1,2025,840,
18,10_seasonal,1,2025,120,
18,10_regular,1,2025,120,
11,10_seasonal,1,2025,350,
11,10_regular,1,2025,350,
5,10_seasonal,1,2025,50,
5,10_regular,1,2025,50,
19,10_seasonal,1,2025,940,
19,10_regular,1,2025,940,
9,10_seasonal,1,2025,2240,
9,10_regular,1,2025,2240,
8,10_seasonal,1,2025,0,
8,10_regular,1,2025,0,
14,10_seasonal,1,2025,1640,
14,10_regular,1,2025,1640,
1,10_seasonal,1,2025,270,
1,10_regular,1,2025,270,
15,10_seasonal,1,2026,2250,
15,10_regular,1,2026,2250,
16,10_seasonal,1,2026,2200,
16,10_regular,1,2026,2200,
20,10_seasonal,1,2026,1930,
20,10_regular,1,2026,1930,
6,10_seasonal,1,2026,620,
6,10_regular,1,2026,620,
17,10_seasonal,1,2026,470,
17,10_regular,1,2026,470,
21,10_seasonal,1,2026,4270,
21,10_regular,1,2026,4270,
23,10_seasonal,1,2026,15170,
23,10_regular,1,2026,15170,
22,10_seasonal,1,2026,480,
22,10_regular,1,2026,480,
24,10_seasonal,1,2026,380,
24,10_regular,1,2026,380,
7,10_seasonal,1,2026,960,
7,10_regular,1,2026,960,
10,10_seasonal,1,2026,660,
10,10_regular,1,2026,660,
13,10_seasonal,1,2026,360,
13,10_regular,1,2026,360,
2,10_seasonal,1,2026,20,
2,10_regular,1,2026,20,
25,10_seasonal,1,2026,1120,
25,10_regular,1,2026,1120,
4,10_seasonal,1,2026,190,
4,10_regular,1,2026,190,
12,10_seasonal,1,2026,0,
12,10_regular,1,2026,0,
3,10_seasonal,1,2026,840,
3,10_regular,1,2026,840,
18,10_seasonal,1,2026,120,
18,10_regular,1,2026,120,
11,10_seasonal,1,2026,350,
11,10_regular,1,2026,350,
5,10_seasonal,1,2026,50,
5,10_regular,1,2026,50,
19,10_seasonal,1,2026,940,
19,10_regular,1,2026,940,
9,10_seasonal,1,2026,2240,
9,10_regular,1,2026,2240,
8,10_seasonal,1,2026,0,
8,10_regular,1,2026,0,
14,10_seasonal,1,2026,1640,
14,10_regular,1,2026,1640,
1,10_seasonal,1,2026,270,
1,10_regular,1,2026,270,
15,10_seasonal,1,2027,2250,
15,10_regular,1,2027,2250,
16,10_seasonal,1,2027,2210,
16,10_regular,1,2027,2210,
20,10_seasonal,1,2027,1930,
20,10_regular,1,2027,1930,
6,10_seasonal,1,2027,620,
6,10_regular,1,2027,620,
17,10_seasonal,1,2027,470,
17,10_regular,1,2027,470,
21,10_seasonal,1,2027,4270,
21,10_regular,1,2027,4270,
23,10_seasonal,1,2027,15170,
23,10_regular,1,2027,15170,
22,10_seasonal,1,2027,480,
22,10_regular,1,2027,480,
24,10_seasonal,1,2027,380,
24,10_regular,1,2027,380,
7,10_seasonal,1,2027,960,
7,10_regular,1,2027,960,
10,10_seasonal,1,2027,660,
10,10_regular,1,2027,660,
13,10_seasonal,1,2027,360,
13,10_regular,1,2027,360,
2,10_seasonal,1,2027,20,
2,10_regular,1,2027,20,
25,10_seasonal,1,2027,1120,
25,10_regular,1,2027,1120,
4,10_seasonal,1,2027,190,
4,10_regular,1,2027,190,
12,10_seasonal,1,2027,0,
12,10_regular,1,2027,0,
3,10_seasonal,1,2027,830,
3,10_regular,1,2027,830,
18,10_seasonal,1,2027,120,
18,10_regular,1,2027,120,
11,10_seasonal,1,2027,350,
11,10_regular,1,2027,350,
5,10_seasonal,1,2027,50,
5,10_regular,1,2027,50,
19,10_seasonal,1,2027,940,
19,10_regular,1,2027,940,
9,10_seasonal,1,2027,2240,
9,10_regular,1,2027,2240,
8,10_seasonal,1,2027,0,
8,10_regular,1,2027,0,
14,10_seasonal,1,2027,1640,
14,10_regular,1,2027,1640,
1,10_seasonal,1,2027,270,
1,10_regular,1,2027,270,
15,10_seasonal,1,2028,2250,
15,10_regular,1,2028,2250,
16,10_seasonal,1,2028,2210,
16,10_regular,1,2028,2210,
20,10_seasonal,1,2028,1930,
20,10_regular,1,2028,1930,
6,10_seasonal,1,2028,620,
6,10_regular,1,2028,620,
17,10_seasonal,1,2028,470,
17,10_regular,1,2028,470,
21,10_seasonal,1,2028,4270,
21,10_regular,1,2028,4270,
23,10_seasonal,1,2028,15170,
23,10_regular,1,2028,15170,
22,10_seasonal,1,2028,480,
22,10_regular,1,2028,480,
24,10_seasonal,1,2028,380,
24,10_regular,1,2028,380,
7,10_seasonal,1,2028,960,
7,10_regular,1,2028,960,
10,10_seasonal,1,2028,660,
10,10_regular,1,2028,660,
13,10_seasonal,1,2028,360,
13,10_regular,1,2028,360,
2,10_seasonal,1,2028,20,
2,10_regular,1,2028,20,
25,10_seasonal,1,2028,1120,
25,10_regular,1,2028,1120,
4,10_seasonal,1,2028,190,
4,10_regular,1,2028,190,
12,10_seasonal,1,2028,0,
12,10_regular,1,2028,0,
3,10_seasonal,1,2028,830,
3,10_regular,1,2028,830,
18,10_seasonal,1,2028,120,
18,10_regular,1,2028,120,
11,10_seasonal,1,2028,350,
11,10_regular,1,2028,350,
5,10_seasonal,1,2028,50,
5,10_regular,1,2028,50,
19,10_seasonal,1,2028,940,
19,10_regular,1,2028,940,
9,10_seasonal,1,2028,2240,
9,10_regular,1,2028,2240,
8,10_seasonal,1,2028,0,
8,10_regular,1,2028,0,
14,10_seasonal,1,2028,1640,
14,10_regular,1,2028,1640,
1,10_seasonal,1,2028,270,
1,10_regular,1,2028,270,
15,10_seasonal,1,2029,2250,
15,10_regular,1,2029,2250,
16,10_seasonal,1,2029,2210,
16,10_regular,1,2029,2210,
20,10_seasonal,1,2029,1930,
20,10_regular,1,2029,1930,
6,10_seasonal,1,2029,620,
6,10_regular,1,2029,620,
17,10_seasonal,1,2029,470,
17,10_regular,1,2029,470,
21,10_seasonal,1,2029,4270,
21,10_regular,1,2029,4270,
23,10_seasonal,1,2029,15170,
23,10_regular,1,2029,15170,
22,10_seasonal,1,2029,480,
22,10_regular,1,2029,480,
24,10_seasonal,1,2029,380,
24,10_regular,1,2029,380,
7,10_seasonal,1,2029,960,
7,10_regular,1,2029,960,
10,10_seasonal,1,2029,660,
10,10_regular,1,2029,660,
13,10_seasonal,1,2029,360,
13,10_regular,1,2029,360,
2,10_seasonal,1,2029,20,
2,10_regular,1,2029,20,
25,10_seasonal,1,2029,1120,
25,10_regular,1,2029,1120,
4,10_seasonal,1,2029,190,
4,10_regular,1,2029,190,
12,10_seasonal,1,2029,0,
12,10_regular,1,2029,0,
3,10_seasonal,1,2029,830,
3,10_regular,1,2029,830,
18,10_seasonal,1,2029,120,
18,10_regular,1,2029,120,
11,10_seasonal,1,2029,350,
11,10_regular,1,2029,350,
5,10_seasonal,1,2029,50,
5,10_regular,1,2029,50,
19,10_seasonal,1,2029,940,
19,10_regular,1,2029,940,
9,10_seasonal,1,2029,2240,
9,10_regular,1,2029,2240,
8,10_seasonal,1,2029,0,
8,10_regular,1,2029,0,
14,10_seasonal,1,2029,1640,
14,10_regular,1,2029,1640,
1,10_seasonal,1,2029,270,
1,10_regular,1,2029,270,
15,10_seasonal,1,2030,2250,
15,10_regular,1,2030,2250,
16,10_seasonal,1,2030,2210,
16,10_regular,1,2030,2210,
20,10_seasonal,1,2030,1930,
20,10_regular,1,2030,1930,
6,10_seasonal,1,2030,620,
6,10_regular,1,2030,620,
17,10_seasonal,1,2030,470,
17,10_regular,1,2030,470,
21,10_seasonal,1,2030,4270,
21,10_regular,1,2030,4270,
23,10_seasonal,1,2030,15170,
23,10_regular,1,2030,15170,
22,10_seasonal,1,2030,480,
22,10_regular,1,2030,480,
24,10_seasonal,1,2030,380,
24,10_regular,1,2030,380,
7,10_seasonal,1,2030,960,
7,10_regular,1,2030,960,
10,10_seasonal,1,2030,660,
10,10_regular,1,2030,660,
13,10_seasonal,1,2030,360,
13,10_regular,1,2030,360,
2,10_seasonal,1,2030,20,
2,10_regular,1,2030,20,
25,10_seasonal,1,2030,1120,
25,10_regular,1,2030,1120,
4,10_seasonal,1,2030,190,
4,10_regular,1,2030,190,
12,10_seasonal,1,2030,0,
12,10_regular,1,2030,0,
3,10_seasonal,1,2030,830,
3,10_regular,1,2030,830,
18,10_seasonal,1,2030,120,
18,10_regular,1,2030,120,
11,10_seasonal,1,2030,350,
11,10_regular,1,2030,350,
5,10_seasonal,1,2030,50,
5,10_regular,1,2030,50,
19,10_seasonal,1,2030,940,
19,10_regular,1,2030,940,
9,10_seasonal,1,2030,2240,
9,10_regular,1,2030,2240,
8,10_seasonal,1,2030,0,
8,10_regular,1,2030,0,
14,10_seasonal,1,2030,1640,
14,10_regular,1,2030,1640,
1,10_seasonal,1,2030,270,
1,10_regular,1,2030,270,
15,10_seasonal,1,2031,2250,
15,10_regular,1,2031,2250,
16,10_seasonal,1,2031,2210,
16,10_regular,1,2031,2210,
20,10_seasonal,1,2031,1930,
20,10_regular,1,2031,1930,
6,10_seasonal,1,2031,620,
6,10_regular,1,2031,620,
17,10_seasonal,1,2031,470,
17,10_regular,1,2031,470,
21,10_seasonal,1,2031,4270,
21,10_regular,1,2031,4270,
23,10_seasonal,1,2031,15170,
23,10_regular,1,2031,15170,
22,10_seasonal,1,2031,480,
22,10_regular,1,2031,480,
24,10_seasonal,1,2031,380,
24,10_regular,1,2031,380,
7,10_seasonal,1,2031,960,
7,10_regular,1,2031,960,
10,10_seasonal,1,2031,660,
10,10_regular,1,2031,660,
13,10_seasonal,1,2031,360,
13,10_regular,1,2031,360,
2,10_seasonal,1,2031,20,
2,10_regular,1,2031,20,
25,10_seasonal,1,2031,1120,
25,10_regular,1,2031,1120,
4,10_seasonal,1,2031,190,
4,10_regular,1,2031,190,
12,10_seasonal,1,2031,0,
12,10_regular,1,2031,0,
3,10_seasonal,1,2031,830,
3,10_regular,1,2031,830,
18,10_seasonal,1,2031,120,
18,10_regular,1,2031,120,
11,10_seasonal,1,2031,350,
11,10_regular,1,2031,350,
5,10_seasonal,1,2031,50,
5,10_regular,1,2031,50,
19,10_seasonal,1,2031,940,
19,10_regular,1,2031,940,
9,10_seasonal,1,2031,2240,
9,10_regular,1,2031,2240,
8,10_seasonal,1,2031,0,
8,10_regular,1,2031,0,
14,10_seasonal,1,2031,1640,
14,10_regular,1,2031,1640,
1,10_seasonal,1,2031,270,
1,10_regular,1,2031,270,
15,10_seasonal,1,2032,2250,
15,10_regular,1,2032,2250,
16,10_seasonal,1,2032,2210,
16,10_regular,1,2032,2210,
20,10_seasonal,1,2032,1930,
20,10_regular,1,2032,1930,
6,10_seasonal,1,2032,620,
6,10_regular,1,2032,620,
17,10_seasonal,1,2032,470,
17,10_regular,1,2032,470,
21,10_seasonal,1,2032,4270,
21,10_regular,1,2032,4270,
23,10_seasonal,1,2032,15170,
23,10_regular,1,2032,15170,
22,10_seasonal,1,2032,480,
22,10_regular,1,2032,480,
24,10_seasonal,1,2032,380,
24,10_regular,1,2032,380,
7,10_seasonal,1,2032,960,
7,10_regular,1,2032,960,
10,10_seasonal,1,2032,660,
10,10_regular,1,2032,660,
13,10_seasonal,1,2032,360,
13,10_regular,1,2032,360,
2,10_seasonal,1,2032,20,
2,10_regular,1,2032,20,
25,10_seasonal,1,2032,1120,
25,10_regular,1,2032,1120,
4,10_seasonal,1,2032,190,
4,10_regular,1,2032,190,
12,10_seasonal,1,2032,0,
12,10_regular,1,2032,0,
3,10_seasonal,1,2032,830,
3,10_regular,1,2032,830,
18,10_seasonal,1,2032,120,
18,10_regular,1,2032,120,
11,10_seasonal,1,2032,350,
11,10_regular,1,2032,350,
5,10_seasonal,1,2032,50,
5,10_regular,1,2032,50,
19,10_seasonal,1,2032,940,
19,10_regular,1,2032,940,
9,10_seasonal,1,2032,2240,
9,10_regular,1,2032,2240,
8,10_seasonal,1,2032,0,
8,10_regular,1,2032,0,
14,10_seasonal,1,2032,1640,
14,10_regular,1,2032,1640,
1,10_seasonal,1,2032,270,
1,10_regular,1,2032,270,
15,10_seasonal,1,2033,2250,
15,10_regular,1,2033,2250,
16,10_seasonal,1,2033,2210,
16,10_regular,1,2033,2210,
20,10_seasonal,1,2033,1930,
20,10_regular,1,2033,1930,
6,10_seasonal,1,2033,620,
6,10_regular,1,2033,620,
17,10_seasonal,1,2033,470,
17,10_regular,1,2033,470,
21,10_seasonal,1,2033,4270,
21,10_regular,1,2033,4270,
23,10_seasonal,1,2033,15170,
23,10_regular,1,2033,15170,
22,10_seasonal,1,2033,480,
22,10_regular,1,2033,480,
24,10_seasonal,1,2033,380,
24,10_regular,1,2033,380,
7,10_seasonal,1,2033,960,
7,10_regular,1,2033,960,
10,10_seasonal,1,2033,660,
10,10_regular,1,2033,660,
13,10_seasonal,1,2033,360,
13,10_regular,1,2033,360,
2,10_seasonal,1,2033,20,
2,10_regular,1,2033,20,
25,10_seasonal,1,2033,1120,
25,10_regular,1,2033,1120,
4,10_seasonal,1,2033,190,
4,10_regular,1,2033,190,
12,10_seasonal,1,2033,0,
12,10_regular,1,2033,0,
3,10_seasonal,1,2033,830,
3,10_regular,1,2033,830,
18,10_seasonal,1,2033,120,
18,10_regular,1,2033,120,
11,10_seasonal,1,2033,350,
11,10_regular,1,2033,350,
5,10_seasonal,1,2033,50,
5,10_regular,1,2033,50,
19,10_seasonal,1,2033,940,
19,10_regular,1,2033,940,
9,10_seasonal,1,2033,2240,
9,10_regular,1,2033,2240,
8,10_seasonal,1,2033,0,
8,10_regular,1,2033,0,
14,10_seasonal,1,2033,1640,
14,10_regular,1,2033,1640,
1,10_seasonal,1,2033,270,
1,10_regular,1,2033,270,
15,10_seasonal,1,2034,2250,
15,10_regular,1,2034,2250,
16,10_seasonal,1,2034,2210,
16,10_regular,1,2034,2210,
20,10_seasonal,1,2034,1930,
20,10_regular,1,2034,1930,
6,10_seasonal,1,2034,620,
6,10_regular,1,2034,620,
17,10_seasonal,1,2034,470,
17,10_regular,1,2034,470,
21,10_seasonal,1,2034,4270,
21,10_regular,1,2034,4270,
23,10_seasonal,1,2034,15170,
23,10_regular,1,2034,15170,
22,10_seasonal,1,2034,480,
22,10_regular,1,2034,480,
24,10_seasonal,1,2034,380,
24,10_regular,1,2034,380,
7,10_seasonal,1,2034,960,
7,10_regular,1,2034,960,
10,10_seasonal,1,2034,660,
10,10_regular,1,2034,660,
13,10_seasonal,1,2034,360,
13,10_regular,1,2034,360,
2,10_seasonal,1,2034,20,
2,10_regular,1,2034,20,
25,10_seasonal,1,2034,1120,
25,10_regular,1,2034,1120,
4,10_seasonal,1,2034,190,
4,10_regular,1,2034,190,
12,10_seasonal,1,2034,0,
12,10_regular,1,2034,0,
3,10_seasonal,1,2034,830,
3,10_regular,1,2034,830,
18,10_seasonal,1,2034,120,
18,10_regular,1,2034,120,
11,10_seasonal,1,2034,350,
11,10_regular,1,2034,350,
5,10_seasonal,1,2034,50,
5,10_regular,1,2034,50,
19,10_seasonal,1,2034,940,
19,10_regular,1,2034,940,
9,10_seasonal,1,2034,2240,
9,10_regular,1,2034,2240,
8,10_seasonal,1,2034,0,
8,10_regular,1,2034,0,
14,10_seasonal,1,2034,1640,
14,10_regular,1,2034,1640,
1,10_seasonal,1,2034,270,
1,10_regular,1,2034,270,
15,10_seasonal,1,2035,2250,
15,10_regular,1,2035,2250,
16,10_seasonal,1,2035,2210,
16,10_regular,1,2035,2210,
20,10_seasonal,1,2035,1930,
20,10_regular,1,2035,1930,
6,10_seasonal,1,2035,620,
6,10_regular,1,2035,620,
17,10_seasonal,1,2035,470,
17,10_regular,1,2035,470,
21,10_seasonal,1,2035,4270,
21,10_regular,1,2035,4270,
23,10_seasonal,1,2035,15170,
23,10_regular,1,2035,15170,
22,10_seasonal,1,2035,480,
22,10_regular,1,2035,480,
24,10_seasonal,1,2035,380,
24,10_regular,1,2035,380,
7,10_seasonal,1,2035,960,
7,10_regular,1,2035,960,
10,10_seasonal,1,2035,660,
10,10_regular,1,2035,660,
13,10_seasonal,1,2035,360,
13,10_regular,1,2035,360,
2,10_seasonal,1,2035,20,
2,10_regular,1,2035,20,
25,10_seasonal,1,2035,1120,
25,10_regular,1,2035,1120,
4,10_seasonal,1,2035,190,
4,10_regular,1,2035,190,
12,10_seasonal,1,2035,0,
12,10_regular,1,2035,0,
3,10_seasonal,1,2035,830,
3,10_regular,1,2035,830,
18,10_seasonal,1,2035,120,
18,10_regular,1,2035,120,
11,10_seasonal,1,2035,350,
11,10_regular,1,2035,350,
5,10_seasonal,1,2035,50,
5,10_regular,1,2035,50,
19,10_seasonal,1,2035,940,
19,10_regular,1,2035,940,
9,10_seasonal,1,2035,2240,
9,10_regular,1,2035,2240,
8,10_seasonal,1,2035,0,
8,10_regular,1,2035,0,
14,10_seasonal,1,2035,1640,
14,10_regular,1,2035,1640,
1,10_seasonal,1,2035,270,
1,10_regular,1,2035,270,
15,10_seasonal,1,2036,2250,
15,10_regular,1,2036,2250,
16,10_seasonal,1,2036,2210,
16,10_regular,1,2036,2210,
20,10_seasonal,1,2036,1930,
20,10_regular,1,2036,1930,
6,10_seasonal,1,2036,620,
6,10_regular,1,2036,620,
17,10_seasonal,1,2036,470,
17,10_regular,1,2036,470,
21,10_seasonal,1,2036,4270,
21,10_regular,1,2036,4270,
23,10_seasonal,1,2036,15170,
23,10_regular,1,2036,15170,
22,10_seasonal,1,2036,480,
22,10_regular,1,2036,480,
24,10_seasonal,1,2036,380,
24,10_regular,1,2036,380,
7,10_seasonal,1,2036,960,
7,10_regular,1,2036,960,
10,10_seasonal,1,2036,660,
10,10_regular,1,2036,660,
13,10_seasonal,1,2036,360,
13,10_regular,1,2036,360,
2,10_seasonal,1,2036,20,
2,10_regular,1,2036,20,
25,10_seasonal,1,2036,1120,
25,10_regular,1,2036,1120,
4,10_seasonal,1,2036,190,
4,10_regular,1,2036,190,
12,10_seasonal,1,2036,0,
12,10_regular,1,2036,0,
3,10_seasonal,1,2036,830,
3,10_regular,1,2036,830,
18,10_seasonal,1,2036,120,
18,10_regular,1,2036,120,
11,10_seasonal,1,2036,350,
11,10_regular,1,2036,350,
5,10_seasonal,1,2036,50,
5,10_regular,1,2036,50,
19,10_seasonal,1,2036,940,
19,10_regular,1,2036,940,
9,10_seasonal,1,2036,2240,
9,10_regular,1,2036,2240,
8,10_seasonal,1,2036,0,
8,10_regular,1,2036,0,
14,10_seasonal,1,2036,1640,
14,10_regular,1,2036,1640,
1,10_seasonal,1,2036,270,
1,10_regular,1,2036,270,
15,10_seasonal,1,2037,2250,
15,10_regular,1,2037,2250,
16,10_seasonal,1,2037,2210,
16,10_regular,1,2037,2210,
20,10_seasonal,1,2037,1930,
20,10_regular,1,2037,1930,
6,10_seasonal,1,2037,620,
6,10_regular,1,2037,620,
17,10_seasonal,1,2037,470,
17,10_regular,1,2037,470,
21,10_seasonal,1,2037,4270,
21,10_regular,1,2037,4270,
23,10_seasonal,1,2037,15170,
23,10_regular,1,2037,15170,
22,10_seasonal,1,2037,480,
22,10_regular,1,2037,480,
24,10_seasonal,1,2037,380,
24,10_regular,1,2037,380,
7,10_seasonal,1,2037,960,
7,10_regular,1,2037,960,
10,10_seasonal,1,2037,660,
10,10_regular,1,2037,660,
13,10_seasonal,1,2037,360,
13,10_regular,1,2037,360,
2,10_seasonal,1,2037,20,
2,10_regular,1,2037,20,
25,10_seasonal,1,2037,1120,
25,10_regular,1,2037,1120,
4,10_seasonal,1,2037,190,
4,10_regular,1,2037,190,
12,10_seasonal,1,2037,0,
12,10_regular,1,2037,0,
3,10_seasonal,1,2037,830,
3,10_regular,1,2037,830,
18,10_seasonal,1,2037,120,
18,10_regular,1,2037,120,
11,10_seasonal,1,2037,350,
11,10_regular,1,2037,350,
5,10_seasonal,1,2037,50,
5,10_regular,1,2037,50,
19,10_seasonal,1,2037,940,
19,10_regular,1,2037,940,
9,10_seasonal,1,2037,2240,
9,10_regular,1,2037,2240,
8,10_seasonal,1,2037,0,
8,10_regular,1,2037,0,
14,10_seasonal,1,2037,1640,
14,10_regular,1,2037,1640,
1,10_seasonal,1,2037,270,
1,10_regular,1,2037,270,
15,10_seasonal,1,2038,2250,
15,10_regular,1,2038,2250,
16,10_seasonal,1,2038,2210,
16,10_regular,1,2038,2210,
20,10_seasonal,1,2038,1930,
20,10_regular,1,2038,1930,
6,10_seasonal,1,2038,620,
6,10_regular,1,2038,620,
17,10_seasonal,1,2038,470,
17,10_regular,1,2038,470,
21,10_seasonal,1,2038,4270,
21,10_regular,1,2038,4270,
23,10_seasonal,1,2038,15170,
23,10_regular,1,2038,15170,
22,10_seasonal,1,2038,480,
22,10_regular,1,2038,480,
24,10_seasonal,1,2038,380,
24,10_regular,1,2038,380,
7,10_seasonal,1,2038,960,
7,10_regular,1,2038,960,
10,10_seasonal,1,2038,660,
10,10_regular,1,2038,660,
13,10_seasonal,1,2038,360,
13,10_regular,1,2038,360,
2,10_seasonal,1,2038,20,
2,10_regular,1,2038,20,
25,10_seasonal,1,2038,1120,
25,10_regular,1,2038,1120,
4,10_seasonal,1,2038,190,
4,10_regular,1,2038,190,
12,10_seasonal,1,2038,0,
12,10_regular,1,2038,0,
3,10_seasonal,1,2038,830,
3,10_regular,1,2038,830,
18,10_seasonal,1,2038,120,
18,10_regular,1,2038,120,
11,10_seasonal,1,2038,350,
11,10_regular,1,2038,350,
5,10_seasonal,1,2038,50,
5,10_regular,1,2038,50,
19,10_seasonal,1,2038,940,
19,10_regular,1,2038,940,
9,10_seasonal,1,2038,2240,
9,10_regular,1,2038,2240,
8,10_seasonal,1,2038,0,
8,10_regular,1,2038,0,
14,10_seasonal,1,2038,1640,
14,10_regular,1,2038,1640,
1,10_seasonal,1,2038,270,
1,10_regular,1,2038,270,
15,10_seasonal,1,2039,2250,
15,10_regular,1,2039,2250,
16,10_seasonal,1,2039,2210,
16,10_regular,1,2039,2210,
20,10_seasonal,1,2039,1930,
20,10_regular,1,2039,1930,
6,10_seasonal,1,2039,620,
6,10_regular,1,2039,620,
17,10_seasonal,1,2039,470,
17,10_regular,1,2039,470,
21,10_seasonal,1,2039,4270,
21,10_regular,1,2039,4270,
23,10_seasonal,1,2039,15170,
23,10_regular,1,2039,15170,
22,10_seasonal,1,2039,480,
22,10_regular,1,2039,480,
24,10_seasonal,1,2039,380,
24,10_regular,1,2039,380,
7,10_seasonal,1,2039,960,
7,10_regular,1,2039,960,
10,10_seasonal,1,2039,660,
10,10_regular,1,2039,660,
13,10_seasonal,1,2039,360,
13,10_regular,1,2039,360,
2,10_seasonal,1,2039,20,
2,10_regular,1,2039,20,
25,10_seasonal,1,2039,1120,
25,10_regular,1,2039,1120,
4,10_seasonal,1,2039,190,
4,10_regular,1,2039,190,
12,10_seasonal,1,2039,0,
12,10_regular,1,2039,0,
3,10_seasonal,1,2039,830,
3,10_regular,1,2039,830,
18,10_seasonal,1,2039,120,
18,10_regular,1,2039,120,
11,10_seasonal,1,2039,350,
11,10_regular,1,2039,350,
5,10_seasonal,1,2039,50,
5,10_regular,1,2039,50,
19,10_seasonal,1,2039,940,
19,10_regular,1,2039,940,
9,10_seasonal,1,2039,2240,
9,10_regular,1,2039,2240,
8,10_seasonal,1,2039,0,
8,10_regular,1,2039,0,
14,10_seasonal,1,2039,1640,
14,10_regular,1,2039,1640,
1,10_seasonal,1,2039,270,
1,10_regular,1,2039,270,
15,10_seasonal,1,2040,2250,
15,10_regular,1,2040,2250,
16,10_seasonal,1,2040,2210,
16,10_regular,1,2040,2210,
20,10_seasonal,1,2040,1930,
20,10_regular,1,2040,1930,
6,10_seasonal,1,2040,620,
6,10_regular,1,2040,620,
17,10_seasonal,1,2040,470,
17,10_regular,1,2040,470,
21,10_seasonal,1,2040,4270,
21,10_regular,1,2040,4270,
23,10_seasonal,1,2040,15170,
23,10_regular,1,2040,15170,
22,10_seasonal,1,2040,480,
22,10_regular,1,2040,480,
24,10_seasonal,1,2040,380,
24,10_regular,1,2040,380,
7,10_seasonal,1,2040,960,
7,10_regular,1,2040,960,
10,10_seasonal,1,2040,660,
10,10_regular,1,2040,660,
13,10_seasonal,1,2040,360,
13,10_regular,1,2040,360,
2,10_seasonal,1,2040,20,
2,10_regular,1,2040,20,
25,10_seasonal,1,2040,1120,
25,10_regular,1,2040,1120,
4,10_seasonal,1,2040,190,
4,10_regular,1,2040,190,
12,10_seasonal,1,2040,0,
12,10_regular,1,2040,0,
3,10_seasonal,1,2040,830,
3,10_regular,1,2040,830,
18,10_seasonal,1,2040,120,
18,10_regular,1,2040,120,
11,10_seasonal,1,2040,350,
11,10_regular,1,2040,350,
5,10_seasonal,1,2040,50,
5,10_regular,1,2040,50,
19,10_seasonal,1,2040,940,
19,10_regular,1,2040,940,
9,10_seasonal,1,2040,2240,
9,10_regular,1,2040,2240,
8,10_seasonal,1,2040,0,
8,10_regular,1,2040,0,
14,10_seasonal,1,2040,1640,
14,10_regular,1,2040,1640,
1,10_seasonal,1,2040,270,
1,10_regular,1,2040,270,
15,10_seasonal,1,2041,2250,
15,10_regular,1,2041,2250,
16,10_seasonal,1,2041,2210,
16,10_regular,1,2041,2210,
20,10_seasonal,1,2041,1930,
20,10_regular,1,2041,1930,
6,10_seasonal,1,2041,620,
6,10_regular,1,2041,620,
17,10_seasonal,1,2041,470,
17,10_regular,1,2041,470,
21,10_seasonal,1,2041,4270,
21,10_regular,1,2041,4270,
23,10_seasonal,1,2041,15170,
23,10_regular,1,2041,15170,
22,10_seasonal,1,2041,480,
22,10_regular,1,2041,480,
24,10_seasonal,1,2041,380,
24,10_regular,1,2041,380,
7,10_seasonal,1,2041,960,
7,10_regular,1,2041,960,
10,10_seasonal,1,2041,660,
10,10_regular,1,2041,660,
13,10_seasonal,1,2041,360,
13,10_regular,1,2041,360,
2,10_seasonal,1,2041,20,
2,10_regular,1,2041,20,
25,10_seasonal,1,2041,1120,
25,10_regular,1,2041,1120,
4,10_seasonal,1,2041,190,
4,10_regular,1,2041,190,
12,10_seasonal,1,2041,0,
12,10_regular,1,2041,0,
3,10_seasonal,1,2041,830,
3,10_regular,1,2041,830,
18,10_seasonal,1,2041,120,
18,10_regular,1,2041,120,
11,10_seasonal,1,2041,350,
11,10_regular,1,2041,350,
5,10_seasonal,1,2041,50,
5,10_regular,1,2041,50,
19,10_seasonal,1,2041,940,
19,10_regular,1,2041,940,
9,10_seasonal,1,2041,2240,
9,10_regular,1,2041,2240,
8,10_seasonal,1,2041,0,
8,10_regular,1,2041,0,
14,10_seasonal,1,2041,1640,
14,10_regular,1,2041,1640,
1,10_seasonal,1,2041,270,
1,10_regular,1,2041,270,
15,10_seasonal,1,2042,2250,
15,10_regular,1,2042,2250,
16,10_seasonal,1,2042,2210,
16,10_regular,1,2042,2210,
20,10_seasonal,1,2042,1930,
20,10_regular,1,2042,1930,
6,10_seasonal,1,2042,620,
6,10_regular,1,2042,620,
17,10_seasonal,1,2042,470,
17,10_regular,1,2042,470,
21,10_seasonal,1,2042,4270,
21,10_regular,1,2042,4270,
23,10_seasonal,1,2042,15170,
23,10_regular,1,2042,15170,
22,10_seasonal,1,2042,480,
22,10_regular,1,2042,480,
24,10_seasonal,1,2042,380,
24,10_regular,1,2042,380,
7,10_seasonal,1,2042,960,
7,10_regular,1,2042,960,
10,10_seasonal,1,2042,660,
10,10_regular,1,2042,660,
13,10_seasonal,1,2042,360,
13,10_regular,1,2042,360,
2,10_seasonal,1,2042,20,
2,10_regular,1,2042,20,
25,10_seasonal,1,2042,1120,
25,10_regular,1,2042,1120,
4,10_seasonal,1,2042,190,
4,10_regular,1,2042,190,
12,10_seasonal,1,2042,0,
12,10_regular,1,2042,0,
3,10_seasonal,1,2042,830,
3,10_regular,1,2042,830,
18,10_seasonal,1,2042,120,
18,10_regular,1,2042,120,
11,10_seasonal,1,2042,350,
11,10_regular,1,2042,350,
5,10_seasonal,1,2042,50,
5,10_regular,1,2042,50,
19,10_seasonal,1,2042,940,
19,10_regular,1,2042,940,
9,10_seasonal,1,2042,2240,
9,10_regular,1,2042,2240,
8,10_seasonal,1,2042,0,
8,10_regular,1,2042,0,
14,10_seasonal,1,2042,1640,
14,10_regular,1,2042,1640,
1,10_seasonal,1,2042,270,
1,10_regular,1,2042,270,
15,10_seasonal,1,2043,2250,
15,10_regular,1,2043,2250,
16,10_seasonal,1,2043,2210,
16,10_regular,1,2043,2210,
20,10_seasonal,1,2043,1930,
20,10_regular,1,2043,1930,
6,10_seasonal,1,2043,620,
6,10_regular,1,2043,620,
17,10_seasonal,1,2043,470,
17,10_regular,1,2043,470,
21,10_seasonal,1,2043,4270,
21,10_regular,1,2043,4270,
23,10_seasonal,1,2043,15170,
23,10_regular,1,2043,15170,
22,10_seasonal,1,2043,480,
22,10_regular,1,2043,480,
24,10_seasonal,1,2043,380,
24,10_regular,1,2043,380,
7,10_seasonal,1,2043,960,
7,10_regular,1,2043,960,
10,10_seasonal,1,2043,660,
10,10_regular,1,2043,660,
13,10_seasonal,1,2043,360,
13,10_regular,1,2043,360,
2,10_seasonal,1,2043,20,
2,10_regular,1,2043,20,
25,10_seasonal,1,2043,1120,
25,10_regular,1,2043,1120,
4,10_seasonal,1,2043,190,
4,10_regular,1,2043,190,
12,10_seasonal,1,2043,0,
12,10_regular,1,2043,0,
3,10_seasonal,1,2043,830,
3,10_regular,1,2043,830,
18,10_seasonal,1,2043,120,
18,10_regular,1,2043,120,
11,10_seasonal,1,2043,350,
11,10_regular,1,2043,350,
5,10_seasonal,1,2043,50,
5,10_regular,1,2043,50,
19,10_seasonal,1,2043,940,
19,10_regular,1,2043,940,
9,10_seasonal,1,2043,2240,
9,10_regular,1,2043,2240,
8,10_seasonal,1,2043,0,
8,10_regular,1,2043,0,
14,10_seasonal,1,2043,1640,
14,10_regular,1,2043,1640,
1,10_seasonal,1,2043,270,
1,10_regular,1,2043,270,
15,10_seasonal,1,2044,2250,
15,10_regular,1,2044,2250,
16,10_seasonal,1,2044,2210,
16,10_regular,1,2044,2210,
20,10_seasonal,1,2044,1930,
20,10_regular,1,2044,1930,
6,10_seasonal,1,2044,620,
6,10_regular,1,2044,620,
17,10_seasonal,1,2044,470,
17,10_regular,1,2044,470,
21,10_seasonal,1,2044,4270,
21,10_regular,1,2044,4270,
23,10_seasonal,1,2044,15170,
23,10_regular,1,2044,15170,
22,10_seasonal,1,2044,480,
22,10_regular,1,2044,480,
24,10_seasonal,1,2044,380,
24,10_regular,1,2044,380,
7,10_seasonal,1,2044,960,
7,10_regular,1,2044,960,
10,10_seasonal,1,2044,660,
10,10_regular,1,2044,660,
13,10_seasonal,1,2044,360,
13,10_regular,1,2044,360,
2,10_seasonal,1,2044,20,
2,10_regular,1,2044,20,
25,10_seasonal,1,2044,1120,
25,10_regular,1,2044,1120,
4,10_seasonal,1,2044,190,
4,10_regular,1,2044,190,
12,10_seasonal,1,2044,0,
12,10_regular,1,2044,0,
3,10_seasonal,1,2044,830,
3,10_regular,1,2044,830,
18,10_seasonal,1,2044,120,
18,10_regular,1,2044,120,
11,10_seasonal,1,2044,350,
11,10_regular,1,2044,350,
5,10_seasonal,1,2044,50,
5,10_regular,1,2044,50,
19,10_seasonal,1,2044,940,
19,10_regular,1,2044,940,
9,10_seasonal,1,2044,2240,
9,10_regular,1,2044,2240,
8,10_seasonal,1,2044,0,
8,10_regular,1,2044,0,
14,10_seasonal,1,2044,1640,
14,10_regular,1,2044,1640,
1,10_seasonal,1,2044,270,
1,10_regular,1,2044,270,
15,10_seasonal,1,2045,2250,
15,10_regular,1,2045,2250,
16,10_seasonal,1,2045,2210,
16,10_regular,1,2045,2210,
20,10_seasonal,1,2045,1930,
20,10_regular,1,2045,1930,
6,10_seasonal,1,2045,620,
6,10_regular,1,2045,620,
17,10_seasonal,1,2045,470,
17,10_regular,1,2045,470,
21,10_seasonal,1,2045,4270,
21,10_regular,1,2045,4270,
23,10_seasonal,1,2045,15170,
23,10_regular,1,2045,15170,
22,10_seasonal,1,2045,480,
22,10_regular,1,2045,480,
24,10_seasonal,1,2045,380,
24,10_regular,1,2045,380,
7,10_seasonal,1,2045,960,
7,10_regular,1,2045,960,
10,10_seasonal,1,2045,660,
10,10_regular,1,2045,660,
13,10_seasonal,1,2045,360,
13,10_regular,1,2045,360,
2,10_seasonal,1,2045,20,
2,10_regular,1,2045,20,
25,10_seasonal,1,2045,1120,
25,10_regular,1,2045,1120,
4,10_seasonal,1,2045,190,
4,10_regular,1,2045,190,
12,10_seasonal,1,2045,0,
12,10_regular,1,2045,0,
3,10_seasonal,1,2045,830,
3,10_regular,1,2045,830,
18,10_seasonal,1,2045,120,
18,10_regular,1,2045,120,
11,10_seasonal,1,2045,350,
11,10_regular,1,2045,350,
5,10_seasonal,1,2045,50,
5,10_regular,1,2045,50,
19,10_seasonal,1,2045,940,
19,10_regular,1,2045,940,
9,10_seasonal,1,2045,2240,
9,10_regular,1,2045,2240,
8,10_seasonal,1,2045,0,
8,10_regular,1,2045,0,
14,10_seasonal,1,2045,1640,
14,10_regular,1,2045,1640,
1,10_seasonal,1,2045,270,
1,10_regular,1,2045,270,
15,10_seasonal,1,2046,2250,
15,10_regular,1,2046,2250,
16,10_seasonal,1,2046,2210,
16,10_regular,1,2046,2210,
20,10_seasonal,1,2046,1930,
20,10_regular,1,2046,1930,
6,10_seasonal,1,2046,620,
6,10_regular,1,2046,620,
17,10_seasonal,1,2046,470,
17,10_regular,1,2046,470,
21,10_seasonal,1,2046,4270,
21,10_regular,1,2046,4270,
23,10_seasonal,1,2046,15170,
23,10_regular,1,2046,15170,
22,10_seasonal,1,2046,480,
22,10_regular,1,2046,480,
24,10_seasonal,1,2046,380,
24,10_regular,1,2046,380,
7,10_seasonal,1,2046,960,
7,10_regular,1,2046,960,
10,10_seasonal,1,2046,660,
10,10_regular,1,2046,660,
13,10_seasonal,1,2046,360,
13,10_regular,1,2046,360,
2,10_seasonal,1,2046,20,
2,10_regular,1,2046,20,
25,10_seasonal,1,2046,1120,
25,10_regular,1,2046,1120,
4,10_seasonal,1,2046,190,
4,10_regular,1,2046,190,
12,10_seasonal,1,2046,0,
12,10_regular,1,2046,0,
3,10_seasonal,1,2046,830,
3,10_regular,1,2046,830,
18,10_seasonal,1,2046,120,
18,10_regular,1,2046,120,
11,10_seasonal,1,2046,350,
11,10_regular,1,2046,350,
5,10_seasonal,1,2046,50,
5,10_regular,1,2046,50,
19,10_seasonal,1,2046,940,
19,10_regular,1,2046,940,
9,10_seasonal,1,2046,2240,
9,10_regular,1,2046,2240,
8,10_seasonal,1,2046,0,
8,10_regular,1,2046,0,
14,10_seasonal,1,2046,1640,
14,10_regular,1,2046,1640,
1,10_seasonal,1,2046,270,
1,10_regular,1,2046,270,
15,10_seasonal,1,2047,2250,
15,10_regular,1,2047,2250,
16,10_seasonal,1,2047,2210,
16,10_regular,1,2047,2210,
20,10_seasonal,1,2047,1930,
20,10_regular,1,2047,1930,
6,10_seasonal,1,2047,620,
6,10_regular,1,2047,620,
17,10_seasonal,1,2047,470,
17,10_regular,1,2047,470,
21,10_seasonal,1,2047,4270,
21,10_regular,1,2047,4270,
23,10_seasonal,1,2047,15170,
23,10_regular,1,2047,15170,
22,10_seasonal,1,2047,480,
22,10_regular,1,2047,480,
24,10_seasonal,1,2047,380,
24,10_regular,1,2047,380,
7,10_seasonal,1,2047,960,
7,10_regular,1,2047,960,
10,10_seasonal,1,2047,660,
10,10_regular,1,2047,660,
13,10_seasonal,1,2047,360,
13,10_regular,1,2047,360,
2,10_seasonal,1,2047,20,
2,10_regular,1,2047,20,
25,10_seasonal,1,2047,1120,
25,10_regular,1,2047,1120,
4,10_seasonal,1,2047,190,
4,10_regular,1,2047,190,
12,10_seasonal,1,2047,0,
12,10_regular,1,2047,0,
3,10_seasonal,1,2047,830,
3,10_regular,1,2047,830,
18,10_seasonal,1,2047,120,
18,10_regular,1,2047,120,
11,10_seasonal,1,2047,350,
11,10_regular,1,2047,350,
5,10_seasonal,1,2047,50,
5,10_regular,1,2047,50,
19,10_seasonal,1,2047,940,
19,10_regular,1,2047,940,
9,10_seasonal,1,2047,2240,
9,10_regular,1,2047,2240,
8,10_seasonal,1,2047,0,
8,10_regular,1,2047,0,
14,10_seasonal,1,2047,1640,
14,10_regular,1,2047,1640,
1,10_seasonal,1,2047,270,
1,10_regular,1,2047,270,
15,10_seasonal,1,2048,2250,
15,10_regular,1,2048,2250,
16,10_seasonal,1,2048,2210,
16,10_regular,1,2048,2210,
20,10_seasonal,1,2048,1930,
20,10_regular,1,2048,1930,
6,10_seasonal,1,2048,620,
6,10_regular,1,2048,620,
17,10_seasonal,1,2048,470,
17,10_regular,1,2048,470,
21,10_seasonal,1,2048,4270,
21,10_regular,1,2048,4270,
23,10_seasonal,1,2048,15170,
23,10_regular,1,2048,15170,
22,10_seasonal,1,2048,480,
22,10_regular,1,2048,480,
24,10_seasonal,1,2048,380,
24,10_regular,1,2048,380,
7,10_seasonal,1,2048,960,
7,10_regular,1,2048,960,
10,10_seasonal,1,2048,660,
10,10_regular,1,2048,660,
13,10_seasonal,1,2048,360,
13,10_regular,1,2048,360,
2,10_seasonal,1,2048,20,
2,10_regular,1,2048,20,
25,10_seasonal,1,2048,1120,
25,10_regular,1,2048,1120,
4,10_seasonal,1,2048,190,
4,10_regular,1,2048,190,
12,10_seasonal,1,2048,0,
12,10_regular,1,2048,0,
3,10_seasonal,1,2048,830,
3,10_regular,1,2048,830,
18,10_seasonal,1,2048,120,
18,10_regular,1,2048,120,
11,10_seasonal,1,2048,350,
11,10_regular,1,2048,350,
5,10_seasonal,1,2048,50,
5,10_regular,1,2048,50,
19,10_seasonal,1,2048,940,
19,10_regular,1,2048,940,
9,10_seasonal,1,2048,2240,
9,10_regular,1,2048,2240,
8,10_seasonal,1,2048,0,
8,10_regular,1,2048,0,
14,10_seasonal,1,2048,1640,
14,10_regular,1,2048,1640,
1,10_seasonal,1,2048,270,
1,10_regular,1,2048,270,
15,10_seasonal,1,2049,2250,
15,10_regular,1,2049,2250,
16,10_seasonal,1,2049,2210,
16,10_regular,1,2049,2210,
20,10_seasonal,1,2049,1930,
20,10_regular,1,2049,1930,
6,10_seasonal,1,2049,620,
6,10_regular,1,2049,620,
17,10_seasonal,1,2049,470,
17,10_regular,1,2049,470,
21,10_seasonal,1,2049,4270,
21,10_regular,1,2049,4270,
23,10_seasonal,1,2049,15170,
23,10_regular,1,2049,15170,
22,10_seasonal,1,2049,480,
22,10_regular,1,2049,480,
24,10_seasonal,1,2049,380,
24,10_regular,1,2049,380,
7,10_seasonal,1,2049,960,
7,10_regular,1,2049,960,
10,10_seasonal,1,2049,660,
10,10_regular,1,2049,660,
13,10_seasonal,1,2049,360,
13,10_regular,1,2049,360,
2,10_seasonal,1,2049,20,
2,10_regular,1,2049,20,
25,10_seasonal,1,2049,1120,
25,10_regular,1,2049,1120,
4,10_seasonal,1,2049,190,
4,10_regular,1,2049,190,
12,10_seasonal,1,2049,0,
12,10_regular,1,2049,0,
3,10_seasonal,1,2049,830,
3,10_regular,1,2049,830,
18,10_seasonal,1,2049,120,
18,10_regular,1,2049,120,
11,10_seasonal,1,2049,350,
11,10_regular,1,2049,350,
5,10_seasonal,1,2049,50,
5,10_regular,1,2049,50,
19,10_seasonal,1,2049,940,
19,10_regular,1,2049,940,
9,10_seasonal,1,2049,2240,
9,10_regular,1,2049,2240,
8,10_seasonal,1,2049,0,
8,10_regular,1,2049,0,
14,10_seasonal,1,2049,1640,
14,10_regular,1,2049,1640,
1,10_seasonal,1,2049,270,
1,10_regular,1,2049,270,
15,10_seasonal,1,2050,2250,
15,10_regular,1,2050,2250,
16,10_seasonal,1,2050,2210,
16,10_regular,1,2050,2210,
20,10_seasonal,1,2050,1930,
20,10_regular,1,2050,1930,
6,10_seasonal,1,2050,620,
6,10_regular,1,2050,620,
17,10_seasonal,1,2050,470,
17,10_regular,1,2050,470,
21,10_seasonal,1,2050,4270,
21,10_regular,1,2050,4270,
23,10_seasonal,1,2050,15170,
23,10_regular,1,2050,15170,
22,10_seasonal,1,2050,480,
22,10_regular,1,2050,480,
24,10_seasonal,1,2050,380,
24,10_regular,1,2050,380,
7,10_seasonal,1,2050,960,
7,10_regular,1,2050,960,
10,10_seasonal,1,2050,660,
10,10_regular,1,2050,660,
13,10_seasonal,1,2050,360,
13,10_regular,1,2050,360,
2,10_seasonal,1,2050,20,
2,10_regular,1,2050,20,
25,10_seasonal,1,2050,1120,
25,10_regular,1,2050,1120,
4,10_seasonal,1,2050,190,
4,10_regular,1,2050,190,
12,10_seasonal,1,2050,0,
12,10_regular,1,2050,0,
3,10_seasonal,1,2050,830,
3,10_regular,1,2050,830,
18,10_seasonal,1,2050,120,
18,10_regular,1,2050,120,
11,10_seasonal,1,2050,350,
11,10_regular,1,2050,350,
5,10_seasonal,1,2050,50,
5,10_regular,1,2050,50,
19,10_seasonal,1,2050,940,
19,10_regular,1,2050,940,
9,10_seasonal,1,2050,2240,
9,10_regular,1,2050,2240,
8,10_seasonal,1,2050,0,
8,10_regular,1,2050,0,
14,10_seasonal,1,2050,1640,
14,10_regular,1,2050,1640,
1,10_seasonal,1,2050,270,
1,10_regular,1,2050,270,
15,11,1,2023,1730,
16,11,1,2023,1620,
20,11,1,2023,220,
6,11,1,2023,30,
17,11,1,2023,260,
21,11,1,2023,2050,
23,11,1,2023,310,
22,11,1,2023,1080,
24,11,1,2023,590,
7,11,1,2023,1530,
10,11,1,2023,1910,
13,11,1,2023,3240,
2,11,1,2023,0,
25,11,1,2023,0,
4,11,1,2023,470,
12,11,1,2023,0,
3,11,1,2023,0,
18,11,1,2023,190,
11,11,1,2023,0,
5,11,1,2023,2190,
19,11,1,2023,0,
9,11,1,2023,1390,
8,11,1,2023,0,
14,11,1,2023,3120,
1,11,1,2023,0,
15,11,1,2024,1730,
16,11,1,2024,1620,
20,11,1,2024,220,
6,11,1,2024,30,
17,11,1,2024,260,
21,11,1,2024,2050,
23,11,1,2024,310,
22,11,1,2024,1080,
24,11,1,2024,590,
7,11,1,2024,1530,
10,11,1,2024,1910,
13,11,1,2024,3240,
2,11,1,2024,0,
25,11,1,2024,0,
4,11,1,2024,470,
12,11,1,2024,0,
3,11,1,2024,0,
18,11,1,2024,190,
11,11,1,2024,0,
5,11,1,2024,2190,
19,11,1,2024,0,
9,11,1,2024,1390,
8,11,1,2024,0,
14,11,1,2024,3120,
1,11,1,2024,0,
15,11,1,2025,1730,
16,11,1,2025,1620,
20,11,1,2025,220,
6,11,1,2025,30,
17,11,1,2025,260,
21,11,1,2025,2050,
23,11,1,2025,310,
22,11,1,2025,1080,
24,11,1,2025,590,
7,11,1,2025,1530,
10,11,1,2025,1910,
13,11,1,2025,3240,
2,11,1,2025,0,
25,11,1,2025,0,
4,11,1,2025,470,
12,11,1,2025,0,
3,11,1,2025,0,
18,11,1,2025,190,
11,11,1,2025,0,
5,11,1,2025,2190,
19,11,1,2025,0,
9,11,1,2025,1390,
8,11,1,2025,0,
14,11,1,2025,3120,
1,11,1,2025,0,
15,11,1,2026,1730,
16,11,1,2026,1620,
20,11,1,2026,220,
6,11,1,2026,30,
17,11,1,2026,260,
21,11,1,2026,2050,
23,11,1,2026,310,
22,11,1,2026,1080,
24,11,1,2026,590,
7,11,1,2026,1530,
10,11,1,2026,1910,
13,11,1,2026,3240,
2,11,1,2026,0,
25,11,1,2026,0,
4,11,1,2026,470,
12,11,1,2026,0,
3,11,1,2026,0,
18,11,1,2026,190,
11,11,1,2026,0,
5,11,1,2026,2190,
19,11,1,2026,0,
9,11,1,2026,1390,
8,11,1,2026,0,
14,11,1,2026,3120,
1,11,1,2026,0,
15,11,1,2027,1730,
16,11,1,2027,1620,
20,11,1,2027,220,
6,11,1,2027,30,
17,11,1,2027,260,
21,11,1,2027,2050,
23,11,1,2027,310,
22,11,1,2027,1080,
24,11,1,2027,590,
7,11,1,2027,1530,
10,11,1,2027,1910,
13,11,1,2027,3240,
2,11,1,2027,0,
25,11,1,2027,0,
4,11,1,2027,470,
12,11,1,2027,0,
3,11,1,2027,0,
18,11,1,2027,190,
11,11,1,2027,0,
5,11,1,2027,2190,
19,11,1,2027,0,
9,11,1,2027,1390,
8,11,1,2027,0,
14,11,1,2027,3120,
1,11,1,2027,0,
15,11,1,2028,1730,
16,11,1,2028,1620,
20,11,1,2028,220,
6,11,1,2028,30,
17,11,1,2028,260,
21,11,1,2028,2050,
23,11,1,2028,310,
22,11,1,2028,1080,
24,11,1,2028,590,
7,11,1,2028,1530,
10,11,1,2028,1910,
13,11,1,2028,3240,
2,11,1,2028,0,
25,11,1,2028,0,
4,11,1,2028,470,
12,11,1,2028,0,
3,11,1,2028,0,
18,11,1,2028,190,
11,11,1,2028,0,
5,11,1,2028,2190,
19,11,1,2028,0,
9,11,1,2028,1390,
8,11,1,2028,0,
14,11,1,2028,3120,
1,11,1,2028,0,
15,11,1,2029,1730,
16,11,1,2029,1620,
20,11,1,2029,220,
6,11,1,2029,30,
17,11,1,2029,260,
21,11,1,2029,2050,
23,11,1,2029,310,
22,11,1,2029,1080,
24,11,1,2029,590,
7,11,1,2029,1530,
10,11,1,2029,1910,
13,11,1,2029,3240,
2,11,1,2029,0,
25,11,1,2029,0,
4,11,1,2029,470,
12,11,1,2029,0,
3,11,1,2029,0,
18,11,1,2029,190,
11,11,1,2029,0,
5,11,1,2029,2190,
19,11,1,2029,0,
9,11,1,2029,1390,
8,11,1,2029,0,
14,11,1,2029,3120,
1,11,1,2029,0,
15,11,1,2030,1730,
16,11,1,2030,1620,
20,11,1,2030,220,
6,11,1,2030,30,
17,11,1,2030,260,
21,11,1,2030,2050,
23,11,1,2030,310,
22,11,1,2030,1080,
24,11,1,2030,590,
7,11,1,2030,1530,
10,11,1,2030,1910,
13,11,1,2030,3240,
2,11,1,2030,0,
25,11,1,2030,0,
4,11,1,2030,470,
12,11,1,2030,0,
3,11,1,2030,0,
18,11,1,2030,190,
11,11,1,2030,0,
5,11,1,2030,2190,
19,11,1,2030,0,
9,11,1,2030,1390,
8,11,1,2030,0,
14,11,1,2030,3120,
1,11,1,2030,0,
15,11,1,2031,1730,
16,11,1,2031,1620,
20,11,1,2031,220,
6,11,1,2031,30,
17,11,1,2031,260,
21,11,1,2031,2050,
23,11,1,2031,310,
22,11,1,2031,1080,
24,11,1,2031,590,
7,11,1,2031,1530,
10,11,1,2031,1910,
13,11,1,2031,3240,
2,11,1,2031,0,
25,11,1,2031,0,
4,11,1,2031,470,
12,11,1,2031,0,
3,11,1,2031,0,
18,11,1,2031,190,
11,11,1,2031,0,
5,11,1,2031,2190,
19,11,1,2031,0,
9,11,1,2031,1390,
8,11,1,2031,0,
14,11,1,2031,3120,
1,11,1,2031,0,
15,11,1,2032,1730,
16,11,1,2032,1620,
20,11,1,2032,220,
6,11,1,2032,30,
17,11,1,2032,260,
21,11,1,2032,2050,
23,11,1,2032,310,
22,11,1,2032,1080,
24,11,1,2032,590,
7,11,1,2032,1530,
10,11,1,2032,1910,
13,11,1,2032,3240,
2,11,1,2032,0,
25,11,1,2032,0,
4,11,1,2032,470,
12,11,1,2032,0,
3,11,1,2032,0,
18,11,1,2032,190,
11,11,1,2032,0,
5,11,1,2032,2190,
19,11,1,2032,0,
9,11,1,2032,1390,
8,11,1,2032,0,
14,11,1,2032,3120,
1,11,1,2032,0,
15,11,1,2033,1730,
16,11,1,2033,1620,
20,11,1,2033,220,
6,11,1,2033,30,
17,11,1,2033,260,
21,11,1,2033,2050,
23,11,1,2033,310,
22,11,1,2033,1080,
24,11,1,2033,590,
7,11,1,2033,1530,
10,11,1,2033,1910,
13,11,1,2033,3240,
2,11,1,2033,0,
25,11,1,2033,0,
4,11,1,2033,470,
12,11,1,2033,0,
3,11,1,2033,0,
18,11,1,2033,190,
11,11,1,2033,0,
5,11,1,2033,2190,
19,11,1,2033,0,
9,11,1,2033,1390,
8,11,1,2033,0,
14,11,1,2033,3120,
1,11,1,2033,0,
15,11,1,2034,1730,
16,11,1,2034,1620,
20,11,1,2034,220,
6,11,1,2034,30,
17,11,1,2034,260,
21,11,1,2034,2050,
23,11,1,2034,310,
22,11,1,2034,1080,
24,11,1,2034,590,
7,11,1,2034,1530,
10,11,1,2034,1910,
13,11,1,2034,3240,
2,11,1,2034,0,
25,11,1,2034,0,
4,11,1,2034,470,
12,11,1,2034,0,
3,11,1,2034,0,
18,11,1,2034,190,
11,11,1,2034,0,
5,11,1,2034,2190,
19,11,1,2034,0,
9,11,1,2034,1390,
8,11,1,2034,0,
14,11,1,2034,3120,
1,11,1,2034,0,
15,11,1,2035,1730,
16,11,1,2035,1620,
20,11,1,2035,220,
6,11,1,2035,30,
17,11,1,2035,260,
21,11,1,2035,2050,
23,11,1,2035,310,
22,11,1,2035,1080,
24,11,1,2035,590,
7,11,1,2035,1530,
10,11,1,2035,1910,
13,11,1,2035,3240,
2,11,1,2035,0,
25,11,1,2035,0,
4,11,1,2035,470,
12,11,1,2035,0,
3,11,1,2035,0,
18,11,1,2035,190,
11,11,1,2035,0,
5,11,1,2035,2190,
19,11,1,2035,0,
9,11,1,2035,1390,
8,11,1,2035,0,
14,11,1,2035,3120,
1,11,1,2035,0,
15,11,1,2036,1730,
16,11,1,2036,1620,
20,11,1,2036,220,
6,11,1,2036,30,
17,11,1,2036,260,
21,11,1,2036,2050,
23,11,1,2036,310,
22,11,1,2036,1080,
24,11,1,2036,590,
7,11,1,2036,1530,
10,11,1,2036,1910,
13,11,1,2036,3240,
2,11,1,2036,0,
25,11,1,2036,0,
4,11,1,2036,470,
12,11,1,2036,0,
3,11,1,2036,0,
18,11,1,2036,190,
11,11,1,2036,0,
5,11,1,2036,2190,
19,11,1,2036,0,
9,11,1,2036,1390,
8,11,1,2036,0,
14,11,1,2036,3120,
1,11,1,2036,0,
15,11,1,2037,1730,
16,11,1,2037,1620,
20,11,1,2037,220,
6,11,1,2037,30,
17,11,1,2037,260,
21,11,1,2037,2050,
23,11,1,2037,310,
22,11,1,2037,1080,
24,11,1,2037,590,
7,11,1,2037,1530,
10,11,1,2037,1910,
13,11,1,2037,3240,
2,11,1,2037,0,
25,11,1,2037,0,
4,11,1,2037,470,
12,11,1,2037,0,
3,11,1,2037,0,
18,11,1,2037,190,
11,11,1,2037,0,
5,11,1,2037,2190,
19,11,1,2037,0,
9,11,1,2037,1390,
8,11,1,2037,0,
14,11,1,2037,3120,
1,11,1,2037,0,
15,11,1,2038,1730,
16,11,1,2038,1620,
20,11,1,2038,220,
6,11,1,2038,30,
17,11,1,2038,260,
21,11,1,2038,2050,
23,11,1,2038,310,
22,11,1,2038,1080,
24,11,1,2038,590,
7,11,1,2038,1530,
10,11,1,2038,1910,
13,11,1,2038,3240,
2,11,1,2038,0,
25,11,1,2038,0,
4,11,1,2038,470,
12,11,1,2038,0,
3,11,1,2038,0,
18,11,1,2038,190,
11,11,1,2038,0,
5,11,1,2038,2190,
19,11,1,2038,0,
9,11,1,2038,1390,
8,11,1,2038,0,
14,11,1,2038,3120,
1,11,1,2038,0,
15,11,1,2039,1730,
16,11,1,2039,1620,
20,11,1,2039,220,
6,11,1,2039,30,
17,11,1,2039,260,
21,11,1,2039,2050,
23,11,1,2039,310,
22,11,1,2039,1080,
24,11,1,2039,590,
7,11,1,2039,1530,
10,11,1,2039,1910,
13,11,1,2039,3240,
2,11,1,2039,0,
25,11,1,2039,0,
4,11,1,2039,470,
12,11,1,2039,0,
3,11,1,2039,0,
18,11,1,2039,190,
11,11,1,2039,0,
5,11,1,2039,2190,
19,11,1,2039,0,
9,11,1,2039,1390,
8,11,1,2039,0,
14,11,1,2039,3120,
1,11,1,2039,0,
15,11,1,2040,1730,
16,11,1,2040,1620,
20,11,1,2040,220,
6,11,1,2040,30,
17,11,1,2040,260,
21,11,1,2040,2050,
23,11,1,2040,310,
22,11,1,2040,1080,
24,11,1,2040,590,
7,11,1,2040,1530,
10,11,1,2040,1910,
13,11,1,2040,3240,
2,11,1,2040,0,
25,11,1,2040,0,
4,11,1,2040,470,
12,11,1,2040,0,
3,11,1,2040,0,
18,11,1,2040,190,
11,11,1,2040,0,
5,11,1,2040,2190,
19,11,1,2040,0,
9,11,1,2040,1390,
8,11,1,2040,0,
14,11,1,2040,3120,
1,11,1,2040,0,
15,11,1,2041,1730,
16,11,1,2041,1620,
20,11,1,2041,220,
6,11,1,2041,30,
17,11,1,2041,260,
21,11,1,2041,2050,
23,11,1,2041,310,
22,11,1,2041,1080,
24,11,1,2041,590,
7,11,1,2041,1530,
10,11,1,2041,1910,
13,11,1,2041,3240,
2,11,1,2041,0,
25,11,1,2041,0,
4,11,1,2041,470,
12,11,1,2041,0,
3,11,1,2041,0,
18,11,1,2041,190,
11,11,1,2041,0,
5,11,1,2041,2190,
19,11,1,2041,0,
9,11,1,2041,1390,
8,11,1,2041,0,
14,11,1,2041,3120,
1,11,1,2041,0,
15,11,1,2042,1730,
16,11,1,2042,1620,
20,11,1,2042,220,
6,11,1,2042,30,
17,11,1,2042,260,
21,11,1,2042,2050,
23,11,1,2042,310,
22,11,1,2042,1080,
24,11,1,2042,590,
7,11,1,2042,1530,
10,11,1,2042,1910,
13,11,1,2042,3240,
2,11,1,2042,0,
25,11,1,2042,0,
4,11,1,2042,470,
12,11,1,2042,0,
3,11,1,2042,0,
18,11,1,2042,190,
11,11,1,2042,0,
5,11,1,2042,2190,
19,11,1,2042,0,
9,11,1,2042,1390,
8,11,1,2042,0,
14,11,1,2042,3120,
1,11,1,2042,0,
15,11,1,2043,1730,
16,11,1,2043,1620,
20,11,1,2043,220,
6,11,1,2043,30,
17,11,1,2043,260,
21,11,1,2043,2050,
23,11,1,2043,310,
22,11,1,2043,1080,
24,11,1,2043,590,
7,11,1,2043,1530,
10,11,1,2043,1910,
13,11,1,2043,3240,
2,11,1,2043,0,
25,11,1,2043,0,
4,11,1,2043,470,
12,11,1,2043,0,
3,11,1,2043,0,
18,11,1,2043,190,
11,11,1,2043,0,
5,11,1,2043,2190,
19,11,1,2043,0,
9,11,1,2043,1390,
8,11,1,2043,0,
14,11,1,2043,3120,
1,11,1,2043,0,
15,11,1,2044,1730,
16,11,1,2044,1620,
20,11,1,2044,220,
6,11,1,2044,30,
17,11,1,2044,260,
21,11,1,2044,2050,
23,11,1,2044,310,
22,11,1,2044,1080,
24,11,1,2044,590,
7,11,1,2044,1530,
10,11,1,2044,1910,
13,11,1,2044,3240,
2,11,1,2044,0,
25,11,1,2044,0,
4,11,1,2044,470,
12,11,1,2044,0,
3,11,1,2044,0,
18,11,1,2044,190,
11,11,1,2044,0,
5,11,1,2044,2190,
19,11,1,2044,0,
9,11,1,2044,1390,
8,11,1,2044,0,
14,11,1,2044,3120,
1,11,1,2044,0,
15,11,1,2045,1730,
16,11,1,2045,1620,
20,11,1,2045,220,
6,11,1,2045,30,
17,11,1,2045,260,
21,11,1,2045,2050,
23,11,1,2045,310,
22,11,1,2045,1080,
24,11,1,2045,590,
7,11,1,2045,1530,
10,11,1,2045,1910,
13,11,1,2045,3240,
2,11,1,2045,0,
25,11,1,2045,0,
4,11,1,2045,470,
12,11,1,2045,0,
3,11,1,2045,0,
18,11,1,2045,190,
11,11,1,2045,0,
5,11,1,2045,2190,
19,11,1,2045,0,
9,11,1,2045,1390,
8,11,1,2045,0,
14,11,1,2045,3120,
1,11,1,2045,0,
15,11,1,2046,1730,
16,11,1,2046,1620,
20,11,1,2046,220,
6,11,1,2046,30,
17,11,1,2046,260,
21,11,1,2046,2050,
23,11,1,2046,310,
22,11,1,2046,1080,
24,11,1,2046,590,
7,11,1,2046,1530,
10,11,1,2046,1910,
13,11,1,2046,3240,
2,11,1,2046,0,
25,11,1,2046,0,
4,11,1,2046,470,
12,11,1,2046,0,
3,11,1,2046,0,
18,11,1,2046,190,
11,11,1,2046,0,
5,11,1,2046,2190,
19,11,1,2046,0,
9,11,1,2046,1390,
8,11,1,2046,0,
14,11,1,2046,3120,
1,11,1,2046,0,
15,11,1,2047,1730,
16,11,1,2047,1620,
20,11,1,2047,220,
6,11,1,2047,30,
17,11,1,2047,260,
21,11,1,2047,2050,
23,11,1,2047,310,
22,11,1,2047,1080,
24,11,1,2047,590,
7,11,1,2047,1530,
10,11,1,2047,1910,
13,11,1,2047,3240,
2,11,1,2047,0,
25,11,1,2047,0,
4,11,1,2047,470,
12,11,1,2047,0,
3,11,1,2047,0,
18,11,1,2047,190,
11,11,1,2047,0,
5,11,1,2047,2190,
19,11,1,2047,0,
9,11,1,2047,1390,
8,11,1,2047,0,
14,11,1,2047,3120,
1,11,1,2047,0,
15,11,1,2048,1730,
16,11,1,2048,1620,
20,11,1,2048,220,
6,11,1,2048,30,
17,11,1,2048,260,
21,11,1,2048,2050,
23,11,1,2048,310,
22,11,1,2048,1080,
24,11,1,2048,590,
7,11,1,2048,1530,
10,11,1,2048,1910,
13,11,1,2048,3240,
2,11,1,2048,0,
25,11,1,2048,0,
4,11,1,2048,470,
12,11,1,2048,0,
3,11,1,2048,0,
18,11,1,2048,190,
11,11,1,2048,0,
5,11,1,2048,2190,
19,11,1,2048,0,
9,11,1,2048,1390,
8,11,1,2048,0,
14,11,1,2048,3120,
1,11,1,2048,0,
15,11,1,2049,1730,
16,11,1,2049,1620,
20,11,1,2049,220,
6,11,1,2049,30,
17,11,1,2049,260,
21,11,1,2049,2050,
23,11,1,2049,310,
22,11,1,2049,1080,
24,11,1,2049,590,
7,11,1,2049,1530,
10,11,1,2049,1910,
13,11,1,2049,3240,
2,11,1,2049,0,
25,11,1,2049,0,
4,11,1,2049,470,
12,11,1,2049,0,
3,11,1,2049,0,
18,11,1,2049,190,
11,11,1,2049,0,
5,11,1,2049,2190,
19,11,1,2049,0,
9,11,1,2049,1390,
8,11,1,2049,0,
14,11,1,2049,3120,
1,11,1,2049,0,
15,11,1,2050,1730,
16,11,1,2050,1620,
20,11,1,2050,220,
6,11,1,2050,30,
17,11,1,2050,260,
21,11,1,2050,2050,
23,11,1,2050,310,
22,11,1,2050,1080,
24,11,1,2050,590,
7,11,1,2050,1530,
10,11,1,2050,1910,
13,11,1,2050,3240,
2,11,1,2050,0,
25,11,1,2050,0,
4,11,1,2050,470,
12,11,1,2050,0,
3,11,1,2050,0,
18,11,1,2050,190,
11,11,1,2050,0,
5,11,1,2050,2190,
19,11,1,2050,0,
9,11,1,2050,1390,
8,11,1,2050,0,
14,11,1,2050,3120,
1,11,1,2050,0,
15,12,1,2023,200,
16,12,1,2023,0,
20,12,1,2023,1880,
6,12,1,2023,110,
17,12,1,2023,20,
21,12,1,2023,2130,
23,12,1,2023,30,
22,12,1,2023,5500,
24,12,1,2023,240,
7,12,1,2023,360,
10,12,1,2023,130,
13,12,1,2023,20,
2,12,1,2023,550,
25,12,1,2023,110,
4,12,1,2023,70,
12,12,1,2023,40,
3,12,1,2023,30,
18,12,1,2023,0,
11,12,1,2023,80,
5,12,1,2023,0,
19,12,1,2023,0,
9,12,1,2023,190,
8,12,1,2023,20,
14,12,1,2023,80,
1,12,1,2023,3450,
15,12,1,2024,260,
16,12,1,2024,70,
20,12,1,2024,3740,
6,12,1,2024,210,
17,12,1,2024,220,
21,12,1,2024,3630,
23,12,1,2024,30,
22,12,1,2024,8760,
24,12,1,2024,430,
7,12,1,2024,400,
10,12,1,2024,150,
13,12,1,2024,20,
2,12,1,2024,560,
25,12,1,2024,340,
4,12,1,2024,320,
12,12,1,2024,40,
3,12,1,2024,30,
18,12,1,2024,0,
11,12,1,2024,90,
5,12,1,2024,0,
19,12,1,2024,0,
9,12,1,2024,200,
8,12,1,2024,30,
14,12,1,2024,240,
1,12,1,2024,9000,
15,12,1,2025,260,
16,12,1,2025,120,
20,12,1,2025,5340,
6,12,1,2025,210,
17,12,1,2025,220,
21,12,1,2025,3630,
23,12,1,2025,130,
22,12,1,2025,9240,
24,12,1,2025,430,
7,12,1,2025,750,
10,12,1,2025,150,
13,12,1,2025,20,
2,12,1,2025,640,
25,12,1,2025,410,
4,12,1,2025,320,
12,12,1,2025,40,
3,12,1,2025,30,
18,12,1,2025,0,
11,12,1,2025,90,
5,12,1,2025,0,
19,12,1,2025,0,
9,12,1,2025,200,
8,12,1,2025,30,
14,12,1,2025,240,
1,12,1,2025,9450,
15,12,1,2026,260,
16,12,1,2026,120,
20,12,1,2026,5340,
6,12,1,2026,210,
17,12,1,2026,220,
21,12,1,2026,3670,
23,12,1,2026,130,
22,12,1,2026,9400,
24,12,1,2026,430,
7,12,1,2026,750,
10,12,1,2026,150,
13,12,1,2026,20,
2,12,1,2026,640,
25,12,1,2026,810,
4,12,1,2026,320,
12,12,1,2026,40,
3,12,1,2026,30,
18,12,1,2026,0,
11,12,1,2026,80,
5,12,1,2026,0,
19,12,1,2026,0,
9,12,1,2026,200,
8,12,1,2026,330,
14,12,1,2026,490,
1,12,1,2026,9650,
15,12,1,2027,260,
16,12,1,2027,120,
20,12,1,2027,5340,
6,12,1,2027,210,
17,12,1,2027,220,
21,12,1,2027,3670,
23,12,1,2027,150,
22,12,1,2027,9400,
24,12,1,2027,430,
7,12,1,2027,750,
10,12,1,2027,150,
13,12,1,2027,20,
2,12,1,2027,640,
25,12,1,2027,810,
4,12,1,2027,320,
12,12,1,2027,40,
3,12,1,2027,30,
18,12,1,2027,0,
11,12,1,2027,80,
5,12,1,2027,0,
19,12,1,2027,0,
9,12,1,2027,200,
8,12,1,2027,330,
14,12,1,2027,490,
1,12,1,2027,9650,
15,12,1,2028,260,
16,12,1,2028,120,
20,12,1,2028,5340,
6,12,1,2028,210,
17,12,1,2028,220,
21,12,1,2028,3670,
23,12,1,2028,150,
22,12,1,2028,9400,
24,12,1,2028,430,
7,12,1,2028,750,
10,12,1,2028,150,
13,12,1,2028,20,
2,12,1,2028,640,
25,12,1,2028,810,
4,12,1,2028,320,
12,12,1,2028,40,
3,12,1,2028,30,
18,12,1,2028,0,
11,12,1,2028,80,
5,12,1,2028,0,
19,12,1,2028,0,
9,12,1,2028,200,
8,12,1,2028,330,
14,12,1,2028,490,
1,12,1,2028,9650,
15,12,1,2029,260,
16,12,1,2029,120,
20,12,1,2029,5340,
6,12,1,2029,210,
17,12,1,2029,220,
21,12,1,2029,3670,
23,12,1,2029,150,
22,12,1,2029,9400,
24,12,1,2029,430,
7,12,1,2029,750,
10,12,1,2029,150,
13,12,1,2029,20,
2,12,1,2029,640,
25,12,1,2029,810,
4,12,1,2029,320,
12,12,1,2029,40,
3,12,1,2029,30,
18,12,1,2029,0,
11,12,1,2029,80,
5,12,1,2029,0,
19,12,1,2029,0,
9,12,1,2029,200,
8,12,1,2029,330,
14,12,1,2029,490,
1,12,1,2029,9650,
15,12,1,2030,260,
16,12,1,2030,120,
20,12,1,2030,5340,
6,12,1,2030,210,
17,12,1,2030,220,
21,12,1,2030,3670,
23,12,1,2030,150,
22,12,1,2030,9400,
24,12,1,2030,430,
7,12,1,2030,750,
10,12,1,2030,150,
13,12,1,2030,20,
2,12,1,2030,640,
25,12,1,2030,810,
4,12,1,2030,320,
12,12,1,2030,40,
3,12,1,2030,30,
18,12,1,2030,0,
11,12,1,2030,80,
5,12,1,2030,0,
19,12,1,2030,0,
9,12,1,2030,200,
8,12,1,2030,330,
14,12,1,2030,490,
1,12,1,2030,9650,
15,12,1,2031,260,
16,12,1,2031,120,
20,12,1,2031,5340,
6,12,1,2031,210,
17,12,1,2031,220,
21,12,1,2031,3670,
23,12,1,2031,150,
22,12,1,2031,9400,
24,12,1,2031,430,
7,12,1,2031,750,
10,12,1,2031,150,
13,12,1,2031,20,
2,12,1,2031,640,
25,12,1,2031,810,
4,12,1,2031,320,
12,12,1,2031,40,
3,12,1,2031,30,
18,12,1,2031,0,
11,12,1,2031,80,
5,12,1,2031,0,
19,12,1,2031,0,
9,12,1,2031,200,
8,12,1,2031,330,
14,12,1,2031,490,
1,12,1,2031,9650,
15,12,1,2032,260,
16,12,1,2032,120,
20,12,1,2032,5340,
6,12,1,2032,210,
17,12,1,2032,220,
21,12,1,2032,3670,
23,12,1,2032,150,
22,12,1,2032,9400,
24,12,1,2032,430,
7,12,1,2032,750,
10,12,1,2032,150,
13,12,1,2032,20,
2,12,1,2032,640,
25,12,1,2032,810,
4,12,1,2032,320,
12,12,1,2032,40,
3,12,1,2032,30,
18,12,1,2032,0,
11,12,1,2032,80,
5,12,1,2032,0,
19,12,1,2032,0,
9,12,1,2032,200,
8,12,1,2032,330,
14,12,1,2032,490,
1,12,1,2032,9640,
15,12,1,2033,260,
16,12,1,2033,120,
20,12,1,2033,5340,
6,12,1,2033,210,
17,12,1,2033,220,
21,12,1,2033,3670,
23,12,1,2033,150,
22,12,1,2033,9400,
24,12,1,2033,430,
7,12,1,2033,750,
10,12,1,2033,150,
13,12,1,2033,20,
2,12,1,2033,640,
25,12,1,2033,810,
4,12,1,2033,320,
12,12,1,2033,40,
3,12,1,2033,30,
18,12,1,2033,0,
11,12,1,2033,80,
5,12,1,2033,0,
19,12,1,2033,0,
9,12,1,2033,200,
8,12,1,2033,330,
14,12,1,2033,490,
1,12,1,2033,9640,
15,12,1,2034,260,
16,12,1,2034,120,
20,12,1,2034,5340,
6,12,1,2034,210,
17,12,1,2034,220,
21,12,1,2034,3670,
23,12,1,2034,150,
22,12,1,2034,9400,
24,12,1,2034,430,
7,12,1,2034,750,
10,12,1,2034,150,
13,12,1,2034,20,
2,12,1,2034,640,
25,12,1,2034,810,
4,12,1,2034,320,
12,12,1,2034,40,
3,12,1,2034,30,
18,12,1,2034,0,
11,12,1,2034,80,
5,12,1,2034,0,
19,12,1,2034,0,
9,12,1,2034,200,
8,12,1,2034,330,
14,12,1,2034,490,
1,12,1,2034,9640,
15,12,1,2035,260,
16,12,1,2035,120,
20,12,1,2035,5340,
6,12,1,2035,210,
17,12,1,2035,220,
21,12,1,2035,3670,
23,12,1,2035,150,
22,12,1,2035,9400,
24,12,1,2035,430,
7,12,1,2035,750,
10,12,1,2035,150,
13,12,1,2035,20,
2,12,1,2035,640,
25,12,1,2035,810,
4,12,1,2035,320,
12,12,1,2035,40,
3,12,1,2035,30,
18,12,1,2035,0,
11,12,1,2035,80,
5,12,1,2035,0,
19,12,1,2035,0,
9,12,1,2035,200,
8,12,1,2035,330,
14,12,1,2035,490,
1,12,1,2035,9640,
15,12,1,2036,260,
16,12,1,2036,120,
20,12,1,2036,5340,
6,12,1,2036,210,
17,12,1,2036,220,
21,12,1,2036,3670,
23,12,1,2036,150,
22,12,1,2036,9400,
24,12,1,2036,430,
7,12,1,2036,750,
10,12,1,2036,150,
13,12,1,2036,20,
2,12,1,2036,640,
25,12,1,2036,810,
4,12,1,2036,320,
12,12,1,2036,40,
3,12,1,2036,30,
18,12,1,2036,0,
11,12,1,2036,80,
5,12,1,2036,0,
19,12,1,2036,0,
9,12,1,2036,200,
8,12,1,2036,330,
14,12,1,2036,490,
1,12,1,2036,9640,
15,12,1,2037,260,
16,12,1,2037,120,
20,12,1,2037,5340,
6,12,1,2037,210,
17,12,1,2037,220,
21,12,1,2037,3670,
23,12,1,2037,150,
22,12,1,2037,9400,
24,12,1,2037,430,
7,12,1,2037,750,
10,12,1,2037,150,
13,12,1,2037,20,
2,12,1,2037,640,
25,12,1,2037,810,
4,12,1,2037,320,
12,12,1,2037,40,
3,12,1,2037,30,
18,12,1,2037,0,
11,12,1,2037,80,
5,12,1,2037,0,
19,12,1,2037,0,
9,12,1,2037,200,
8,12,1,2037,330,
14,12,1,2037,490,
1,12,1,2037,9640,
15,12,1,2038,260,
16,12,1,2038,120,
20,12,1,2038,5340,
6,12,1,2038,210,
17,12,1,2038,220,
21,12,1,2038,3670,
23,12,1,2038,150,
22,12,1,2038,9400,
24,12,1,2038,430,
7,12,1,2038,750,
10,12,1,2038,150,
13,12,1,2038,20,
2,12,1,2038,640,
25,12,1,2038,810,
4,12,1,2038,320,
12,12,1,2038,40,
3,12,1,2038,30,
18,12,1,2038,0,
11,12,1,2038,80,
5,12,1,2038,0,
19,12,1,2038,0,
9,12,1,2038,200,
8,12,1,2038,330,
14,12,1,2038,490,
1,12,1,2038,9640,
15,12,1,2039,260,
16,12,1,2039,120,
20,12,1,2039,5340,
6,12,1,2039,210,
17,12,1,2039,220,
21,12,1,2039,3670,
23,12,1,2039,150,
22,12,1,2039,9400,
24,12,1,2039,430,
7,12,1,2039,750,
10,12,1,2039,150,
13,12,1,2039,20,
2,12,1,2039,640,
25,12,1,2039,810,
4,12,1,2039,320,
12,12,1,2039,40,
3,12,1,2039,30,
18,12,1,2039,0,
11,12,1,2039,80,
5,12,1,2039,0,
19,12,1,2039,0,
9,12,1,2039,200,
8,12,1,2039,330,
14,12,1,2039,490,
1,12,1,2039,9640,
15,12,1,2040,260,
16,12,1,2040,120,
20,12,1,2040,5340,
6,12,1,2040,210,
17,12,1,2040,220,
21,12,1,2040,3670,
23,12,1,2040,150,
22,12,1,2040,9400,
24,12,1,2040,430,
7,12,1,2040,750,
10,12,1,2040,150,
13,12,1,2040,20,
2,12,1,2040,640,
25,12,1,2040,810,
4,12,1,2040,320,
12,12,1,2040,40,
3,12,1,2040,30,
18,12,1,2040,0,
11,12,1,2040,80,
5,12,1,2040,0,
19,12,1,2040,0,
9,12,1,2040,200,
8,12,1,2040,330,
14,12,1,2040,490,
1,12,1,2040,9640,
15,12,1,2041,260,
16,12,1,2041,120,
20,12,1,2041,5340,
6,12,1,2041,210,
17,12,1,2041,220,
21,12,1,2041,3670,
23,12,1,2041,150,
22,12,1,2041,9390,
24,12,1,2041,430,
7,12,1,2041,750,
10,12,1,2041,150,
13,12,1,2041,20,
2,12,1,2041,640,
25,12,1,2041,810,
4,12,1,2041,320,
12,12,1,2041,40,
3,12,1,2041,30,
18,12,1,2041,0,
11,12,1,2041,80,
5,12,1,2041,0,
19,12,1,2041,0,
9,12,1,2041,200,
8,12,1,2041,330,
14,12,1,2041,490,
1,12,1,2041,9640,
15,12,1,2042,260,
16,12,1,2042,120,
20,12,1,2042,5340,
6,12,1,2042,210,
17,12,1,2042,220,
21,12,1,2042,3670,
23,12,1,2042,150,
22,12,1,2042,9390,
24,12,1,2042,430,
7,12,1,2042,750,
10,12,1,2042,150,
13,12,1,2042,20,
2,12,1,2042,640,
25,12,1,2042,810,
4,12,1,2042,320,
12,12,1,2042,40,
3,12,1,2042,30,
18,12,1,2042,0,
11,12,1,2042,80,
5,12,1,2042,0,
19,12,1,2042,0,
9,12,1,2042,200,
8,12,1,2042,330,
14,12,1,2042,490,
1,12,1,2042,9440,
15,12,1,2043,260,
16,12,1,2043,120,
20,12,1,2043,5340,
6,12,1,2043,210,
17,12,1,2043,220,
21,12,1,2043,3670,
23,12,1,2043,150,
22,12,1,2043,9390,
24,12,1,2043,430,
7,12,1,2043,750,
10,12,1,2043,150,
13,12,1,2043,20,
2,12,1,2043,640,
25,12,1,2043,810,
4,12,1,2043,320,
12,12,1,2043,40,
3,12,1,2043,30,
18,12,1,2043,0,
11,12,1,2043,80,
5,12,1,2043,0,
19,12,1,2043,0,
9,12,1,2043,200,
8,12,1,2043,330,
14,12,1,2043,490,
1,12,1,2043,9440,
15,12,1,2044,260,
16,12,1,2044,120,
20,12,1,2044,5340,
6,12,1,2044,210,
17,12,1,2044,220,
21,12,1,2044,3670,
23,12,1,2044,150,
22,12,1,2044,9390,
24,12,1,2044,430,
7,12,1,2044,750,
10,12,1,2044,150,
13,12,1,2044,20,
2,12,1,2044,640,
25,12,1,2044,810,
4,12,1,2044,320,
12,12,1,2044,40,
3,12,1,2044,30,
18,12,1,2044,0,
11,12,1,2044,80,
5,12,1,2044,0,
19,12,1,2044,0,
9,12,1,2044,200,
8,12,1,2044,330,
14,12,1,2044,490,
1,12,1,2044,9440,
15,12,1,2045,260,
16,12,1,2045,120,
20,12,1,2045,5340,
6,12,1,2045,210,
17,12,1,2045,220,
21,12,1,2045,3670,
23,12,1,2045,150,
22,12,1,2045,9390,
24,12,1,2045,430,
7,12,1,2045,750,
10,12,1,2045,150,
13,12,1,2045,20,
2,12,1,2045,640,
25,12,1,2045,810,
4,12,1,2045,320,
12,12,1,2045,40,
3,12,1,2045,30,
18,12,1,2045,0,
11,12,1,2045,80,
5,12,1,2045,0,
19,12,1,2045,0,
9,12,1,2045,200,
8,12,1,2045,330,
14,12,1,2045,490,
1,12,1,2045,9440,
15,12,1,2046,260,
16,12,1,2046,120,
20,12,1,2046,5340,
6,12,1,2046,210,
17,12,1,2046,220,
21,12,1,2046,3670,
23,12,1,2046,150,
22,12,1,2046,9390,
24,12,1,2046,430,
7,12,1,2046,750,
10,12,1,2046,150,
13,12,1,2046,20,
2,12,1,2046,640,
25,12,1,2046,810,
4,12,1,2046,320,
12,12,1,2046,40,
3,12,1,2046,30,
18,12,1,2046,0,
11,12,1,2046,80,
5,12,1,2046,0,
19,12,1,2046,0,
9,12,1,2046,200,
8,12,1,2046,330,
14,12,1,2046,490,
1,12,1,2046,9440,
15,12,1,2047,260,
16,12,1,2047,120,
20,12,1,2047,5340,
6,12,1,2047,210,
17,12,1,2047,220,
21,12,1,2047,3670,
23,12,1,2047,150,
22,12,1,2047,9390,
24,12,1,2047,430,
7,12,1,2047,750,
10,12,1,2047,150,
13,12,1,2047,20,
2,12,1,2047,640,
25,12,1,2047,810,
4,12,1,2047,320,
12,12,1,2047,40,
3,12,1,2047,30,
18,12,1,2047,0,
11,12,1,2047,80,
5,12,1,2047,0,
19,12,1,2047,0,
9,12,1,2047,200,
8,12,1,2047,330,
14,12,1,2047,490,
1,12,1,2047,9440,
15,12,1,2048,260,
16,12,1,2048,120,
20,12,1,2048,5340,
6,12,1,2048,210,
17,12,1,2048,220,
21,12,1,2048,3670,
23,12,1,2048,150,
22,12,1,2048,9390,
24,12,1,2048,430,
7,12,1,2048,750,
10,12,1,2048,150,
13,12,1,2048,20,
2,12,1,2048,640,
25,12,1,2048,810,
4,12,1,2048,320,
12,12,1,2048,40,
3,12,1,2048,30,
18,12,1,2048,0,
11,12,1,2048,80,
5,12,1,2048,0,
19,12,1,2048,0,
9,12,1,2048,200,
8,12,1,2048,330,
14,12,1,2048,490,
1,12,1,2048,9440,
15,12,1,2049,260,
16,12,1,2049,120,
20,12,1,2049,5340,
6,12,1,2049,210,
17,12,1,2049,220,
21,12,1,2049,3670,
23,12,1,2049,150,
22,12,1,2049,9390,
24,12,1,2049,430,
7,12,1,2049,750,
10,12,1,2049,150,
13,12,1,2049,20,
2,12,1,2049,640,
25,12,1,2049,810,
4,12,1,2049,320,
12,12,1,2049,40,
3,12,1,2049,30,
18,12,1,2049,0,
11,12,1,2049,80,
5,12,1,2049,0,
19,12,1,2049,0,
9,12,1,2049,200,
8,12,1,2049,330,
14,12,1,2049,490,
1,12,1,2049,9440,
15,12,1,2050,260,
16,12,1,2050,120,
20,12,1,2050,5340,
6,12,1,2050,210,
17,12,1,2050,220,
21,12,1,2050,3670,
23,12,1,2050,150,
22,12,1,2050,9390,
24,12,1,2050,430,
7,12,1,2050,750,
10,12,1,2050,150,
13,12,1,2050,20,
2,12,1,2050,640,
25,12,1,2050,810,
4,12,1,2050,320,
12,12,1,2050,40,
3,12,1,2050,30,
18,12,1,2050,0,
11,12,1,2050,80,
5,12,1,2050,0,
19,12,1,2050,0,
9,12,1,2050,200,
8,12,1,2050,330,
14,12,1,2050,490,
1,12,1,2050,9440,
15,13,1,2023,0,
16,13,1,2023,0,
20,13,1,2023,0,
6,13,1,2023,0,
17,13,1,2023,0,
21,13,1,2023,0,
23,13,1,2023,0,
22,13,1,2023,0,
24,13,1,2023,0,
7,13,1,2023,30,
10,13,1,2023,0,
13,13,1,2023,10,
2,13,1,2023,0,
25,13,1,2023,0,
4,13,1,2023,0,
12,13,1,2023,0,
3,13,1,2023,0,
18,13,1,2023,0,
11,13,1,2023,0,
5,13,1,2023,0,
19,13,1,2023,0,
9,13,1,2023,0,
8,13,1,2023,0,
14,13,1,2023,0,
1,13,1,2023,0,
15,13,1,2024,0,
16,13,1,2024,0,
20,13,1,2024,0,
6,13,1,2024,0,
17,13,1,2024,0,
21,13,1,2024,0,
23,13,1,2024,0,
22,13,1,2024,0,
24,13,1,2024,0,
7,13,1,2024,30,
10,13,1,2024,0,
13,13,1,2024,10,
2,13,1,2024,0,
25,13,1,2024,0,
4,13,1,2024,0,
12,13,1,2024,0,
3,13,1,2024,0,
18,13,1,2024,0,
11,13,1,2024,0,
5,13,1,2024,0,
19,13,1,2024,0,
9,13,1,2024,0,
8,13,1,2024,130,
14,13,1,2024,0,
1,13,1,2024,0,
15,13,1,2025,0,
16,13,1,2025,0,
20,13,1,2025,0,
6,13,1,2025,0,
17,13,1,2025,0,
21,13,1,2025,0,
23,13,1,2025,0,
22,13,1,2025,0,
24,13,1,2025,0,
7,13,1,2025,30,
10,13,1,2025,0,
13,13,1,2025,10,
2,13,1,2025,0,
25,13,1,2025,0,
4,13,1,2025,0,
12,13,1,2025,0,
3,13,1,2025,0,
18,13,1,2025,0,
11,13,1,2025,0,
5,13,1,2025,0,
19,13,1,2025,0,
9,13,1,2025,0,
8,13,1,2025,130,
14,13,1,2025,0,
1,13,1,2025,0,
15,13,1,2026,0,
16,13,1,2026,0,
20,13,1,2026,0,
6,13,1,2026,0,
17,13,1,2026,0,
21,13,1,2026,0,
23,13,1,2026,0,
22,13,1,2026,0,
24,13,1,2026,0,
7,13,1,2026,30,
10,13,1,2026,0,
13,13,1,2026,10,
2,13,1,2026,0,
25,13,1,2026,0,
4,13,1,2026,0,
12,13,1,2026,0,
3,13,1,2026,0,
18,13,1,2026,0,
11,13,1,2026,0,
5,13,1,2026,0,
19,13,1,2026,0,
9,13,1,2026,0,
8,13,1,2026,130,
14,13,1,2026,0,
1,13,1,2026,0,
15,13,1,2027,0,
16,13,1,2027,0,
20,13,1,2027,0,
6,13,1,2027,0,
17,13,1,2027,0,
21,13,1,2027,0,
23,13,1,2027,0,
22,13,1,2027,0,
24,13,1,2027,0,
7,13,1,2027,30,
10,13,1,2027,0,
13,13,1,2027,10,
2,13,1,2027,0,
25,13,1,2027,0,
4,13,1,2027,0,
12,13,1,2027,0,
3,13,1,2027,0,
18,13,1,2027,0,
11,13,1,2027,0,
5,13,1,2027,0,
19,13,1,2027,0,
9,13,1,2027,0,
8,13,1,2027,130,
14,13,1,2027,0,
1,13,1,2027,0,
15,13,1,2028,0,
16,13,1,2028,0,
20,13,1,2028,0,
6,13,1,2028,0,
17,13,1,2028,0,
21,13,1,2028,0,
23,13,1,2028,0,
22,13,1,2028,0,
24,13,1,2028,0,
7,13,1,2028,30,
10,13,1,2028,0,
13,13,1,2028,10,
2,13,1,2028,0,
25,13,1,2028,0,
4,13,1,2028,0,
12,13,1,2028,0,
3,13,1,2028,0,
18,13,1,2028,0,
11,13,1,2028,0,
5,13,1,2028,0,
19,13,1,2028,0,
9,13,1,2028,0,
8,13,1,2028,130,
14,13,1,2028,0,
1,13,1,2028,0,
15,13,1,2029,0,
16,13,1,2029,0,
20,13,1,2029,0,
6,13,1,2029,0,
17,13,1,2029,0,
21,13,1,2029,0,
23,13,1,2029,0,
22,13,1,2029,0,
24,13,1,2029,0,
7,13,1,2029,30,
10,13,1,2029,0,
13,13,1,2029,10,
2,13,1,2029,0,
25,13,1,2029,0,
4,13,1,2029,0,
12,13,1,2029,0,
3,13,1,2029,0,
18,13,1,2029,0,
11,13,1,2029,0,
5,13,1,2029,0,
19,13,1,2029,0,
9,13,1,2029,0,
8,13,1,2029,130,
14,13,1,2029,0,
1,13,1,2029,0,
15,13,1,2030,0,
16,13,1,2030,0,
20,13,1,2030,0,
6,13,1,2030,0,
17,13,1,2030,0,
21,13,1,2030,0,
23,13,1,2030,0,
22,13,1,2030,0,
24,13,1,2030,0,
7,13,1,2030,30,
10,13,1,2030,0,
13,13,1,2030,10,
2,13,1,2030,0,
25,13,1,2030,0,
4,13,1,2030,0,
12,13,1,2030,0,
3,13,1,2030,0,
18,13,1,2030,0,
11,13,1,2030,0,
5,13,1,2030,0,
19,13,1,2030,0,
9,13,1,2030,0,
8,13,1,2030,130,
14,13,1,2030,0,
1,13,1,2030,0,
15,13,1,2031,0,
16,13,1,2031,0,
20,13,1,2031,0,
6,13,1,2031,0,
17,13,1,2031,0,
21,13,1,2031,0,
23,13,1,2031,0,
22,13,1,2031,0,
24,13,1,2031,0,
7,13,1,2031,30,
10,13,1,2031,0,
13,13,1,2031,10,
2,13,1,2031,0,
25,13,1,2031,0,
4,13,1,2031,0,
12,13,1,2031,0,
3,13,1,2031,0,
18,13,1,2031,0,
11,13,1,2031,0,
5,13,1,2031,0,
19,13,1,2031,0,
9,13,1,2031,0,
8,13,1,2031,130,
14,13,1,2031,0,
1,13,1,2031,0,
15,13,1,2032,0,
16,13,1,2032,0,
20,13,1,2032,0,
6,13,1,2032,0,
17,13,1,2032,0,
21,13,1,2032,0,
23,13,1,2032,0,
22,13,1,2032,0,
24,13,1,2032,0,
7,13,1,2032,30,
10,13,1,2032,0,
13,13,1,2032,10,
2,13,1,2032,0,
25,13,1,2032,0,
4,13,1,2032,0,
12,13,1,2032,0,
3,13,1,2032,0,
18,13,1,2032,0,
11,13,1,2032,0,
5,13,1,2032,0,
19,13,1,2032,0,
9,13,1,2032,0,
8,13,1,2032,130,
14,13,1,2032,0,
1,13,1,2032,0,
15,13,1,2033,0,
16,13,1,2033,0,
20,13,1,2033,0,
6,13,1,2033,0,
17,13,1,2033,0,
21,13,1,2033,0,
23,13,1,2033,0,
22,13,1,2033,0,
24,13,1,2033,0,
7,13,1,2033,30,
10,13,1,2033,0,
13,13,1,2033,10,
2,13,1,2033,0,
25,13,1,2033,0,
4,13,1,2033,0,
12,13,1,2033,0,
3,13,1,2033,0,
18,13,1,2033,0,
11,13,1,2033,0,
5,13,1,2033,0,
19,13,1,2033,0,
9,13,1,2033,0,
8,13,1,2033,130,
14,13,1,2033,0,
1,13,1,2033,0,
15,13,1,2034,0,
16,13,1,2034,0,
20,13,1,2034,0,
6,13,1,2034,0,
17,13,1,2034,0,
21,13,1,2034,0,
23,13,1,2034,0,
22,13,1,2034,0,
24,13,1,2034,0,
7,13,1,2034,30,
10,13,1,2034,0,
13,13,1,2034,10,
2,13,1,2034,0,
25,13,1,2034,0,
4,13,1,2034,0,
12,13,1,2034,0,
3,13,1,2034,0,
18,13,1,2034,0,
11,13,1,2034,0,
5,13,1,2034,0,
19,13,1,2034,0,
9,13,1,2034,0,
8,13,1,2034,130,
14,13,1,2034,0,
1,13,1,2034,0,
15,13,1,2035,0,
16,13,1,2035,0,
20,13,1,2035,0,
6,13,1,2035,0,
17,13,1,2035,0,
21,13,1,2035,0,
23,13,1,2035,0,
22,13,1,2035,0,
24,13,1,2035,0,
7,13,1,2035,30,
10,13,1,2035,0,
13,13,1,2035,10,
2,13,1,2035,0,
25,13,1,2035,0,
4,13,1,2035,0,
12,13,1,2035,0,
3,13,1,2035,0,
18,13,1,2035,0,
11,13,1,2035,0,
5,13,1,2035,0,
19,13,1,2035,0,
9,13,1,2035,0,
8,13,1,2035,130,
14,13,1,2035,0,
1,13,1,2035,0,
15,13,1,2036,0,
16,13,1,2036,0,
20,13,1,2036,0,
6,13,1,2036,0,
17,13,1,2036,0,
21,13,1,2036,0,
23,13,1,2036,0,
22,13,1,2036,0,
24,13,1,2036,0,
7,13,1,2036,30,
10,13,1,2036,0,
13,13,1,2036,10,
2,13,1,2036,0,
25,13,1,2036,0,
4,13,1,2036,0,
12,13,1,2036,0,
3,13,1,2036,0,
18,13,1,2036,0,
11,13,1,2036,0,
5,13,1,2036,0,
19,13,1,2036,0,
9,13,1,2036,0,
8,13,1,2036,130,
14,13,1,2036,0,
1,13,1,2036,0,
15,13,1,2037,0,
16,13,1,2037,0,
20,13,1,2037,0,
6,13,1,2037,0,
17,13,1,2037,0,
21,13,1,2037,0,
23,13,1,2037,0,
22,13,1,2037,0,
24,13,1,2037,0,
7,13,1,2037,30,
10,13,1,2037,0,
13,13,1,2037,10,
2,13,1,2037,0,
25,13,1,2037,0,
4,13,1,2037,0,
12,13,1,2037,0,
3,13,1,2037,0,
18,13,1,2037,0,
11,13,1,2037,0,
5,13,1,2037,0,
19,13,1,2037,0,
9,13,1,2037,0,
8,13,1,2037,130,
14,13,1,2037,0,
1,13,1,2037,0,
15,13,1,2038,0,
16,13,1,2038,0,
20,13,1,2038,0,
6,13,1,2038,0,
17,13,1,2038,0,
21,13,1,2038,0,
23,13,1,2038,0,
22,13,1,2038,0,
24,13,1,2038,0,
7,13,1,2038,30,
10,13,1,2038,0,
13,13,1,2038,10,
2,13,1,2038,0,
25,13,1,2038,0,
4,13,1,2038,0,
12,13,1,2038,0,
3,13,1,2038,0,
18,13,1,2038,0,
11,13,1,2038,0,
5,13,1,2038,0,
19,13,1,2038,0,
9,13,1,2038,0,
8,13,1,2038,130,
14,13,1,2038,0,
1,13,1,2038,0,
15,13,1,2039,0,
16,13,1,2039,0,
20,13,1,2039,0,
6,13,1,2039,0,
17,13,1,2039,0,
21,13,1,2039,0,
23,13,1,2039,0,
22,13,1,2039,0,
24,13,1,2039,0,
7,13,1,2039,30,
10,13,1,2039,0,
13,13,1,2039,10,
2,13,1,2039,0,
25,13,1,2039,0,
4,13,1,2039,0,
12,13,1,2039,0,
3,13,1,2039,0,
18,13,1,2039,0,
11,13,1,2039,0,
5,13,1,2039,0,
19,13,1,2039,0,
9,13,1,2039,0,
8,13,1,2039,130,
14,13,1,2039,0,
1,13,1,2039,0,
15,13,1,2040,0,
16,13,1,2040,0,
20,13,1,2040,0,
6,13,1,2040,0,
17,13,1,2040,0,
21,13,1,2040,0,
23,13,1,2040,0,
22,13,1,2040,0,
24,13,1,2040,0,
7,13,1,2040,30,
10,13,1,2040,0,
13,13,1,2040,10,
2,13,1,2040,0,
25,13,1,2040,0,
4,13,1,2040,0,
12,13,1,2040,0,
3,13,1,2040,0,
18,13,1,2040,0,
11,13,1,2040,0,
5,13,1,2040,0,
19,13,1,2040,0,
9,13,1,2040,0,
8,13,1,2040,130,
14,13,1,2040,0,
1,13,1,2040,0,
15,13,1,2041,0,
16,13,1,2041,0,
20,13,1,2041,0,
6,13,1,2041,0,
17,13,1,2041,0,
21,13,1,2041,0,
23,13,1,2041,0,
22,13,1,2041,0,
24,13,1,2041,0,
7,13,1,2041,30,
10,13,1,2041,0,
13,13,1,2041,10,
2,13,1,2041,0,
25,13,1,2041,0,
4,13,1,2041,0,
12,13,1,2041,0,
3,13,1,2041,0,
18,13,1,2041,0,
11,13,1,2041,0,
5,13,1,2041,0,
19,13,1,2041,0,
9,13,1,2041,0,
8,13,1,2041,130,
14,13,1,2041,0,
1,13,1,2041,0,
15,13,1,2042,0,
16,13,1,2042,0,
20,13,1,2042,0,
6,13,1,2042,0,
17,13,1,2042,0,
21,13,1,2042,0,
23,13,1,2042,0,
22,13,1,2042,0,
24,13,1,2042,0,
7,13,1,2042,30,
10,13,1,2042,0,
13,13,1,2042,10,
2,13,1,2042,0,
25,13,1,2042,0,
4,13,1,2042,0,
12,13,1,2042,0,
3,13,1,2042,0,
18,13,1,2042,0,
11,13,1,2042,0,
5,13,1,2042,0,
19,13,1,2042,0,
9,13,1,2042,0,
8,13,1,2042,130,
14,13,1,2042,0,
1,13,1,2042,0,
15,13,1,2043,0,
16,13,1,2043,0,
20,13,1,2043,0,
6,13,1,2043,0,
17,13,1,2043,0,
21,13,1,2043,0,
23,13,1,2043,0,
22,13,1,2043,0,
24,13,1,2043,0,
7,13,1,2043,30,
10,13,1,2043,0,
13,13,1,2043,10,
2,13,1,2043,0,
25,13,1,2043,0,
4,13,1,2043,0,
12,13,1,2043,0,
3,13,1,2043,0,
18,13,1,2043,0,
11,13,1,2043,0,
5,13,1,2043,0,
19,13,1,2043,0,
9,13,1,2043,0,
8,13,1,2043,130,
14,13,1,2043,0,
1,13,1,2043,0,
15,13,1,2044,0,
16,13,1,2044,0,
20,13,1,2044,0,
6,13,1,2044,0,
17,13,1,2044,0,
21,13,1,2044,0,
23,13,1,2044,0,
22,13,1,2044,0,
24,13,1,2044,0,
7,13,1,2044,30,
10,13,1,2044,0,
13,13,1,2044,10,
2,13,1,2044,0,
25,13,1,2044,0,
4,13,1,2044,0,
12,13,1,2044,0,
3,13,1,2044,0,
18,13,1,2044,0,
11,13,1,2044,0,
5,13,1,2044,0,
19,13,1,2044,0,
9,13,1,2044,0,
8,13,1,2044,130,
14,13,1,2044,0,
1,13,1,2044,0,
15,13,1,2045,0,
16,13,1,2045,0,
20,13,1,2045,0,
6,13,1,2045,0,
17,13,1,2045,0,
21,13,1,2045,0,
23,13,1,2045,0,
22,13,1,2045,0,
24,13,1,2045,0,
7,13,1,2045,30,
10,13,1,2045,0,
13,13,1,2045,10,
2,13,1,2045,0,
25,13,1,2045,0,
4,13,1,2045,0,
12,13,1,2045,0,
3,13,1,2045,0,
18,13,1,2045,0,
11,13,1,2045,0,
5,13,1,2045,0,
19,13,1,2045,0,
9,13,1,2045,0,
8,13,1,2045,130,
14,13,1,2045,0,
1,13,1,2045,0,
15,13,1,2046,0,
16,13,1,2046,0,
20,13,1,2046,0,
6,13,1,2046,0,
17,13,1,2046,0,
21,13,1,2046,0,
23,13,1,2046,0,
22,13,1,2046,0,
24,13,1,2046,0,
7,13,1,2046,30,
10,13,1,2046,0,
13,13,1,2046,10,
2,13,1,2046,0,
25,13,1,2046,0,
4,13,1,2046,0,
12,13,1,2046,0,
3,13,1,2046,0,
18,13,1,2046,0,
11,13,1,2046,0,
5,13,1,2046,0,
19,13,1,2046,0,
9,13,1,2046,0,
8,13,1,2046,130,
14,13,1,2046,0,
1,13,1,2046,0,
15,13,1,2047,0,
16,13,1,2047,0,
20,13,1,2047,0,
6,13,1,2047,0,
17,13,1,2047,0,
21,13,1,2047,0,
23,13,1,2047,0,
22,13,1,2047,0,
24,13,1,2047,0,
7,13,1,2047,30,
10,13,1,2047,0,
13,13,1,2047,10,
2,13,1,2047,0,
25,13,1,2047,0,
4,13,1,2047,0,
12,13,1,2047,0,
3,13,1,2047,0,
18,13,1,2047,0,
11,13,1,2047,0,
5,13,1,2047,0,
19,13,1,2047,0,
9,13,1,2047,0,
8,13,1,2047,130,
14,13,1,2047,0,
1,13,1,2047,0,
15,13,1,2048,0,
16,13,1,2048,0,
20,13,1,2048,0,
6,13,1,2048,0,
17,13,1,2048,0,
21,13,1,2048,0,
23,13,1,2048,0,
22,13,1,2048,0,
24,13,1,2048,0,
7,13,1,2048,30,
10,13,1,2048,0,
13,13,1,2048,10,
2,13,1,2048,0,
25,13,1,2048,0,
4,13,1,2048,0,
12,13,1,2048,0,
3,13,1,2048,0,
18,13,1,2048,0,
11,13,1,2048,0,
5,13,1,2048,0,
19,13,1,2048,0,
9,13,1,2048,0,
8,13,1,2048,130,
14,13,1,2048,0,
1,13,1,2048,0,
15,13,1,2049,0,
16,13,1,2049,0,
20,13,1,2049,0,
6,13,1,2049,0,
17,13,1,2049,0,
21,13,1,2049,0,
23,13,1,2049,0,
22,13,1,2049,0,
24,13,1,2049,0,
7,13,1,2049,30,
10,13,1,2049,0,
13,13,1,2049,10,
2,13,1,2049,0,
25,13,1,2049,0,
4,13,1,2049,0,
12,13,1,2049,0,
3,13,1,2049,0,
18,13,1,2049,0,
11,13,1,2049,0,
5,13,1,2049,0,
19,13,1,2049,0,
9,13,1,2049,0,
8,13,1,2049,130,
14,13,1,2049,0,
1,13,1,2049,0,
15,13,1,2050,0,
16,13,1,2050,0,
20,13,1,2050,0,
6,13,1,2050,0,
17,13,1,2050,0,
21,13,1,2050,0,
23,13,1,2050,0,
22,13,1,2050,0,
24,13,1,2050,0,
7,13,1,2050,30,
10,13,1,2050,0,
13,13,1,2050,10,
2,13,1,2050,0,
25,13,1,2050,0,
4,13,1,2050,0,
12,13,1,2050,0,
3,13,1,2050,0,
18,13,1,2050,0,
11,13,1,2050,0,
5,13,1,2050,0,
19,13,1,2050,0,
9,13,1,2050,0,
8,13,1,2050,130,
14,13,1,2050,0,
1,13,1,2050,0,
15,14,1,2023,0,
16,14,1,2023,30,
20,14,1,2023,3360,
6,14,1,2023,0,
17,14,1,2023,22610,
21,14,1,2023,1480,
23,14,1,2023,8900,
22,14,1,2023,4470,
24,14,1,2023,7170,
7,14,1,2023,1540,
10,14,1,2023,1510,
13,14,1,2023,0,
2,14,1,2023,0,
25,14,1,2023,2880,
4,14,1,2023,10370,
12,14,1,2023,890,
3,14,1,2023,22800,
18,14,1,2023,11040,
11,14,1,2023,2130,
5,14,1,2023,3470,
19,14,1,2023,6550,
9,14,1,2023,2750,
8,14,1,2023,0,
14,14,1,2023,210,
1,14,1,2023,32450,
15,14,1,2024,0,
16,14,1,2024,30,
20,14,1,2024,3740,
6,14,1,2024,180,
17,14,1,2024,23280,
21,14,1,2024,1560,
23,14,1,2024,9210,
22,14,1,2024,4530,
24,14,1,2024,7890,
7,14,1,2024,1540,
10,14,1,2024,1510,
13,14,1,2024,0,
2,14,1,2024,0,
25,14,1,2024,3170,
4,14,1,2024,10620,
12,14,1,2024,890,
3,14,1,2024,22850,
18,14,1,2024,11040,
11,14,1,2024,2130,
5,14,1,2024,3670,
19,14,1,2024,6550,
9,14,1,2024,2750,
8,14,1,2024,0,
14,14,1,2024,210,
1,14,1,2024,34600,
15,14,1,2025,0,
16,14,1,2025,30,
20,14,1,2025,3740,
6,14,1,2025,180,
17,14,1,2025,23440,
21,14,1,2025,1560,
23,14,1,2025,9510,
22,14,1,2025,4530,
24,14,1,2025,7890,
7,14,1,2025,1540,
10,14,1,2025,1510,
13,14,1,2025,0,
2,14,1,2025,0,
25,14,1,2025,3170,
4,14,1,2025,10820,
12,14,1,2025,890,
3,14,1,2025,23090,
18,14,1,2025,11040,
11,14,1,2025,2130,
5,14,1,2025,3670,
19,14,1,2025,6550,
9,14,1,2025,3100,
8,14,1,2025,0,
14,14,1,2025,210,
1,14,1,2025,34800,
15,14,1,2026,0,
16,14,1,2026,30,
20,14,1,2026,7260,
6,14,1,2026,180,
17,14,1,2026,23610,
21,14,1,2026,1560,
23,14,1,2026,9510,
22,14,1,2026,4530,
24,14,1,2026,7890,
7,14,1,2026,1540,
10,14,1,2026,1620,
13,14,1,2026,0,
2,14,1,2026,0,
25,14,1,2026,3530,
4,14,1,2026,10970,
12,14,1,2026,890,
3,14,1,2026,23090,
18,14,1,2026,11040,
11,14,1,2026,2270,
5,14,1,2026,3670,
19,14,1,2026,6550,
9,14,1,2026,3390,
8,14,1,2026,0,
14,14,1,2026,210,
1,14,1,2026,34800,
15,14,1,2027,0,
16,14,1,2027,30,
20,14,1,2027,7260,
6,14,1,2027,180,
17,14,1,2027,23610,
21,14,1,2027,1560,
23,14,1,2027,9510,
22,14,1,2027,4530,
24,14,1,2027,7890,
7,14,1,2027,1540,
10,14,1,2027,1620,
13,14,1,2027,0,
2,14,1,2027,0,
25,14,1,2027,3530,
4,14,1,2027,10970,
12,14,1,2027,890,
3,14,1,2027,23090,
18,14,1,2027,11040,
11,14,1,2027,2270,
5,14,1,2027,3670,
19,14,1,2027,6550,
9,14,1,2027,3390,
8,14,1,2027,0,
14,14,1,2027,210,
1,14,1,2027,35070,
15,14,1,2028,0,
16,14,1,2028,30,
20,14,1,2028,7260,
6,14,1,2028,180,
17,14,1,2028,23610,
21,14,1,2028,1560,
23,14,1,2028,9510,
22,14,1,2028,4530,
24,14,1,2028,7890,
7,14,1,2028,1540,
10,14,1,2028,1620,
13,14,1,2028,0,
2,14,1,2028,0,
25,14,1,2028,3530,
4,14,1,2028,10970,
12,14,1,2028,890,
3,14,1,2028,23090,
18,14,1,2028,11040,
11,14,1,2028,2270,
5,14,1,2028,3670,
19,14,1,2028,6550,
9,14,1,2028,3390,
8,14,1,2028,0,
14,14,1,2028,210,
1,14,1,2028,35070,
15,14,1,2029,0,
16,14,1,2029,30,
20,14,1,2029,7260,
6,14,1,2029,180,
17,14,1,2029,23610,
21,14,1,2029,1560,
23,14,1,2029,9510,
22,14,1,2029,4530,
24,14,1,2029,7890,
7,14,1,2029,1540,
10,14,1,2029,1620,
13,14,1,2029,0,
2,14,1,2029,0,
25,14,1,2029,5300,
4,14,1,2029,10970,
12,14,1,2029,890,
3,14,1,2029,23090,
18,14,1,2029,11040,
11,14,1,2029,2270,
5,14,1,2029,3670,
19,14,1,2029,6550,
9,14,1,2029,3390,
8,14,1,2029,0,
14,14,1,2029,210,
1,14,1,2029,35070,
15,14,1,2030,0,
16,14,1,2030,30,
20,14,1,2030,7260,
6,14,1,2030,180,
17,14,1,2030,23610,
21,14,1,2030,1560,
23,14,1,2030,9510,
22,14,1,2030,4530,
24,14,1,2030,7890,
7,14,1,2030,1540,
10,14,1,2030,1620,
13,14,1,2030,0,
2,14,1,2030,0,
25,14,1,2030,6280,
4,14,1,2030,10970,
12,14,1,2030,890,
3,14,1,2030,23090,
18,14,1,2030,11040,
11,14,1,2030,2270,
5,14,1,2030,3670,
19,14,1,2030,6550,
9,14,1,2030,3390,
8,14,1,2030,0,
14,14,1,2030,210,
1,14,1,2030,35070,
15,14,1,2031,0,
16,14,1,2031,30,
20,14,1,2031,7260,
6,14,1,2031,180,
17,14,1,2031,23610,
21,14,1,2031,1560,
23,14,1,2031,9510,
22,14,1,2031,4530,
24,14,1,2031,7890,
7,14,1,2031,1540,
10,14,1,2031,1620,
13,14,1,2031,0,
2,14,1,2031,0,
25,14,1,2031,7080,
4,14,1,2031,10970,
12,14,1,2031,890,
3,14,1,2031,23090,
18,14,1,2031,11040,
11,14,1,2031,2270,
5,14,1,2031,3670,
19,14,1,2031,6550,
9,14,1,2031,3390,
8,14,1,2031,0,
14,14,1,2031,210,
1,14,1,2031,35070,
15,14,1,2032,0,
16,14,1,2032,30,
20,14,1,2032,7260,
6,14,1,2032,180,
17,14,1,2032,23610,
21,14,1,2032,1560,
23,14,1,2032,9510,
22,14,1,2032,4530,
24,14,1,2032,7890,
7,14,1,2032,1540,
10,14,1,2032,1620,
13,14,1,2032,0,
2,14,1,2032,0,
25,14,1,2032,7080,
4,14,1,2032,10970,
12,14,1,2032,890,
3,14,1,2032,23090,
18,14,1,2032,11040,
11,14,1,2032,2270,
5,14,1,2032,3670,
19,14,1,2032,6550,
9,14,1,2032,3390,
8,14,1,2032,0,
14,14,1,2032,210,
1,14,1,2032,35070,
15,14,1,2033,0,
16,14,1,2033,30,
20,14,1,2033,7260,
6,14,1,2033,180,
17,14,1,2033,23610,
21,14,1,2033,1560,
23,14,1,2033,9510,
22,14,1,2033,4530,
24,14,1,2033,7890,
7,14,1,2033,1540,
10,14,1,2033,1620,
13,14,1,2033,0,
2,14,1,2033,0,
25,14,1,2033,7080,
4,14,1,2033,10970,
12,14,1,2033,890,
3,14,1,2033,23090,
18,14,1,2033,11040,
11,14,1,2033,2270,
5,14,1,2033,3670,
19,14,1,2033,6550,
9,14,1,2033,3390,
8,14,1,2033,0,
14,14,1,2033,210,
1,14,1,2033,35070,
15,14,1,2034,0,
16,14,1,2034,30,
20,14,1,2034,7260,
6,14,1,2034,180,
17,14,1,2034,23610,
21,14,1,2034,1560,
23,14,1,2034,9510,
22,14,1,2034,4530,
24,14,1,2034,7890,
7,14,1,2034,1540,
10,14,1,2034,1620,
13,14,1,2034,0,
2,14,1,2034,0,
25,14,1,2034,7080,
4,14,1,2034,10970,
12,14,1,2034,890,
3,14,1,2034,23090,
18,14,1,2034,11040,
11,14,1,2034,2270,
5,14,1,2034,3670,
19,14,1,2034,6550,
9,14,1,2034,3390,
8,14,1,2034,0,
14,14,1,2034,210,
1,14,1,2034,35070,
15,14,1,2035,0,
16,14,1,2035,30,
20,14,1,2035,7260,
6,14,1,2035,180,
17,14,1,2035,23610,
21,14,1,2035,1560,
23,14,1,2035,9510,
22,14,1,2035,4530,
24,14,1,2035,7890,
7,14,1,2035,1540,
10,14,1,2035,1620,
13,14,1,2035,0,
2,14,1,2035,0,
25,14,1,2035,7080,
4,14,1,2035,10970,
12,14,1,2035,890,
3,14,1,2035,23090,
18,14,1,2035,11040,
11,14,1,2035,2270,
5,14,1,2035,3670,
19,14,1,2035,6550,
9,14,1,2035,3390,
8,14,1,2035,0,
14,14,1,2035,210,
1,14,1,2035,35070,
15,14,1,2036,0,
16,14,1,2036,30,
20,14,1,2036,7260,
6,14,1,2036,180,
17,14,1,2036,23610,
21,14,1,2036,1560,
23,14,1,2036,9510,
22,14,1,2036,4530,
24,14,1,2036,7890,
7,14,1,2036,1540,
10,14,1,2036,1620,
13,14,1,2036,0,
2,14,1,2036,0,
25,14,1,2036,7080,
4,14,1,2036,10970,
12,14,1,2036,890,
3,14,1,2036,23090,
18,14,1,2036,11040,
11,14,1,2036,2270,
5,14,1,2036,3670,
19,14,1,2036,6550,
9,14,1,2036,3390,
8,14,1,2036,0,
14,14,1,2036,210,
1,14,1,2036,35070,
15,14,1,2037,0,
16,14,1,2037,30,
20,14,1,2037,7260,
6,14,1,2037,180,
17,14,1,2037,23610,
21,14,1,2037,1560,
23,14,1,2037,9510,
22,14,1,2037,4530,
24,14,1,2037,7890,
7,14,1,2037,1540,
10,14,1,2037,1620,
13,14,1,2037,0,
2,14,1,2037,0,
25,14,1,2037,7080,
4,14,1,2037,10970,
12,14,1,2037,890,
3,14,1,2037,23090,
18,14,1,2037,11040,
11,14,1,2037,2270,
5,14,1,2037,3670,
19,14,1,2037,6550,
9,14,1,2037,3390,
8,14,1,2037,0,
14,14,1,2037,210,
1,14,1,2037,35070,
15,14,1,2038,0,
16,14,1,2038,30,
20,14,1,2038,7260,
6,14,1,2038,180,
17,14,1,2038,23610,
21,14,1,2038,1560,
23,14,1,2038,9510,
22,14,1,2038,4530,
24,14,1,2038,7890,
7,14,1,2038,1540,
10,14,1,2038,1620,
13,14,1,2038,0,
2,14,1,2038,0,
25,14,1,2038,7080,
4,14,1,2038,10970,
12,14,1,2038,890,
3,14,1,2038,23090,
18,14,1,2038,11040,
11,14,1,2038,2270,
5,14,1,2038,3670,
19,14,1,2038,6550,
9,14,1,2038,3390,
8,14,1,2038,0,
14,14,1,2038,210,
1,14,1,2038,35070,
15,14,1,2039,0,
16,14,1,2039,30,
20,14,1,2039,7260,
6,14,1,2039,180,
17,14,1,2039,23610,
21,14,1,2039,1560,
23,14,1,2039,9510,
22,14,1,2039,4530,
24,14,1,2039,7890,
7,14,1,2039,1540,
10,14,1,2039,1620,
13,14,1,2039,0,
2,14,1,2039,0,
25,14,1,2039,7080,
4,14,1,2039,10970,
12,14,1,2039,890,
3,14,1,2039,23090,
18,14,1,2039,11040,
11,14,1,2039,2270,
5,14,1,2039,3670,
19,14,1,2039,6550,
9,14,1,2039,3390,
8,14,1,2039,0,
14,14,1,2039,210,
1,14,1,2039,35070,
15,14,1,2040,0,
16,14,1,2040,30,
20,14,1,2040,7260,
6,14,1,2040,180,
17,14,1,2040,23610,
21,14,1,2040,1560,
23,14,1,2040,9510,
22,14,1,2040,4530,
24,14,1,2040,7890,
7,14,1,2040,1540,
10,14,1,2040,1620,
13,14,1,2040,0,
2,14,1,2040,0,
25,14,1,2040,7080,
4,14,1,2040,10970,
12,14,1,2040,890,
3,14,1,2040,23090,
18,14,1,2040,11040,
11,14,1,2040,2270,
5,14,1,2040,3670,
19,14,1,2040,6550,
9,14,1,2040,3390,
8,14,1,2040,0,
14,14,1,2040,210,
1,14,1,2040,35070,
15,14,1,2041,0,
16,14,1,2041,30,
20,14,1,2041,7260,
6,14,1,2041,180,
17,14,1,2041,23610,
21,14,1,2041,1560,
23,14,1,2041,9510,
22,14,1,2041,4530,
24,14,1,2041,7890,
7,14,1,2041,1540,
10,14,1,2041,1620,
13,14,1,2041,0,
2,14,1,2041,0,
25,14,1,2041,7080,
4,14,1,2041,10970,
12,14,1,2041,890,
3,14,1,2041,23090,
18,14,1,2041,11040,
11,14,1,2041,2270,
5,14,1,2041,3670,
19,14,1,2041,6550,
9,14,1,2041,3390,
8,14,1,2041,0,
14,14,1,2041,210,
1,14,1,2041,35070,
15,14,1,2042,0,
16,14,1,2042,30,
20,14,1,2042,7260,
6,14,1,2042,180,
17,14,1,2042,23610,
21,14,1,2042,1560,
23,14,1,2042,9510,
22,14,1,2042,4530,
24,14,1,2042,7890,
7,14,1,2042,1540,
10,14,1,2042,1620,
13,14,1,2042,0,
2,14,1,2042,0,
25,14,1,2042,7080,
4,14,1,2042,10970,
12,14,1,2042,890,
3,14,1,2042,23090,
18,14,1,2042,11040,
11,14,1,2042,2270,
5,14,1,2042,3670,
19,14,1,2042,6550,
9,14,1,2042,3390,
8,14,1,2042,0,
14,14,1,2042,210,
1,14,1,2042,35070,
15,14,1,2043,0,
16,14,1,2043,30,
20,14,1,2043,7260,
6,14,1,2043,180,
17,14,1,2043,23610,
21,14,1,2043,1560,
23,14,1,2043,9510,
22,14,1,2043,4530,
24,14,1,2043,7890,
7,14,1,2043,1540,
10,14,1,2043,1620,
13,14,1,2043,0,
2,14,1,2043,0,
25,14,1,2043,7080,
4,14,1,2043,10970,
12,14,1,2043,890,
3,14,1,2043,23090,
18,14,1,2043,11040,
11,14,1,2043,2270,
5,14,1,2043,3670,
19,14,1,2043,6550,
9,14,1,2043,3310,
8,14,1,2043,0,
14,14,1,2043,210,
1,14,1,2043,35070,
15,14,1,2044,0,
16,14,1,2044,30,
20,14,1,2044,7260,
6,14,1,2044,180,
17,14,1,2044,23610,
21,14,1,2044,1560,
23,14,1,2044,9510,
22,14,1,2044,4530,
24,14,1,2044,7890,
7,14,1,2044,1540,
10,14,1,2044,1620,
13,14,1,2044,0,
2,14,1,2044,0,
25,14,1,2044,7080,
4,14,1,2044,10970,
12,14,1,2044,890,
3,14,1,2044,23090,
18,14,1,2044,11040,
11,14,1,2044,2270,
5,14,1,2044,3670,
19,14,1,2044,6550,
9,14,1,2044,3310,
8,14,1,2044,0,
14,14,1,2044,210,
1,14,1,2044,35070,
15,14,1,2045,0,
16,14,1,2045,30,
20,14,1,2045,7260,
6,14,1,2045,180,
17,14,1,2045,23610,
21,14,1,2045,1560,
23,14,1,2045,9510,
22,14,1,2045,4530,
24,14,1,2045,7890,
7,14,1,2045,1540,
10,14,1,2045,1620,
13,14,1,2045,0,
2,14,1,2045,0,
25,14,1,2045,7080,
4,14,1,2045,10970,
12,14,1,2045,890,
3,14,1,2045,23090,
18,14,1,2045,11040,
11,14,1,2045,2270,
5,14,1,2045,3670,
19,14,1,2045,6550,
9,14,1,2045,3310,
8,14,1,2045,0,
14,14,1,2045,210,
1,14,1,2045,35070,
15,14,1,2046,0,
16,14,1,2046,30,
20,14,1,2046,7260,
6,14,1,2046,180,
17,14,1,2046,23610,
21,14,1,2046,1560,
23,14,1,2046,9510,
22,14,1,2046,4530,
24,14,1,2046,7890,
7,14,1,2046,1540,
10,14,1,2046,1620,
13,14,1,2046,0,
2,14,1,2046,0,
25,14,1,2046,7080,
4,14,1,2046,10970,
12,14,1,2046,890,
3,14,1,2046,23090,
18,14,1,2046,11040,
11,14,1,2046,2270,
5,14,1,2046,3670,
19,14,1,2046,6550,
9,14,1,2046,3310,
8,14,1,2046,0,
14,14,1,2046,210,
1,14,1,2046,35070,
15,14,1,2047,0,
16,14,1,2047,30,
20,14,1,2047,7260,
6,14,1,2047,180,
17,14,1,2047,23610,
21,14,1,2047,1560,
23,14,1,2047,9510,
22,14,1,2047,4530,
24,14,1,2047,7890,
7,14,1,2047,1540,
10,14,1,2047,1620,
13,14,1,2047,0,
2,14,1,2047,0,
25,14,1,2047,7080,
4,14,1,2047,10970,
12,14,1,2047,890,
3,14,1,2047,23090,
18,14,1,2047,11040,
11,14,1,2047,2270,
5,14,1,2047,3670,
19,14,1,2047,6550,
9,14,1,2047,3310,
8,14,1,2047,0,
14,14,1,2047,210,
1,14,1,2047,35070,
15,14,1,2048,0,
16,14,1,2048,30,
20,14,1,2048,7260,
6,14,1,2048,180,
17,14,1,2048,23610,
21,14,1,2048,1560,
23,14,1,2048,9510,
22,14,1,2048,4530,
24,14,1,2048,7890,
7,14,1,2048,1540,
10,14,1,2048,1620,
13,14,1,2048,0,
2,14,1,2048,0,
25,14,1,2048,7080,
4,14,1,2048,10970,
12,14,1,2048,890,
3,14,1,2048,23090,
18,14,1,2048,11040,
11,14,1,2048,2270,
5,14,1,2048,3670,
19,14,1,2048,6550,
9,14,1,2048,3310,
8,14,1,2048,0,
14,14,1,2048,210,
1,14,1,2048,35070,
15,14,1,2049,0,
16,14,1,2049,30,
20,14,1,2049,7260,
6,14,1,2049,180,
17,14,1,2049,23610,
21,14,1,2049,1560,
23,14,1,2049,9510,
22,14,1,2049,4530,
24,14,1,2049,7890,
7,14,1,2049,1540,
10,14,1,2049,1620,
13,14,1,2049,0,
2,14,1,2049,0,
25,14,1,2049,7080,
4,14,1,2049,10970,
12,14,1,2049,890,
3,14,1,2049,23090,
18,14,1,2049,11040,
11,14,1,2049,2270,
5,14,1,2049,3670,
19,14,1,2049,6550,
9,14,1,2049,3310,
8,14,1,2049,0,
14,14,1,2049,210,
1,14,1,2049,35070,
15,14,1,2050,0,
16,14,1,2050,30,
20,14,1,2050,7260,
6,14,1,2050,180,
17,14,1,2050,23610,
21,14,1,2050,1560,
23,14,1,2050,9510,
22,14,1,2050,4530,
24,14,1,2050,7890,
7,14,1,2050,1540,
10,14,1,2050,1620,
13,14,1,2050,0,
2,14,1,2050,0,
25,14,1,2050,7080,
4,14,1,2050,10970,
12,14,1,2050,890,
3,14,1,2050,23090,
18,14,1,2050,11040,
11,14,1,2050,2270,
5,14,1,2050,3670,
19,14,1,2050,6550,
9,14,1,2050,3310,
8,14,1,2050,0,
14,14,1,2050,210,
1,14,1,2050,35070,
15,15_utility,1,2023,6010,
16,15_utility,1,2023,760,
20,15_utility,1,2023,9610,
6,15_utility,1,2023,1480,
17,15_utility,1,2023,620,
21,15_utility,1,2023,5650,
23,15_utility,1,2023,1390,
22,15_utility,1,2023,12190,
24,15_utility,1,2023,2250,
7,15_utility,1,2023,2650,
10,15_utility,1,2023,2140,
13,15_utility,1,2023,2980,
2,15_utility,1,2023,6410,
25,15_utility,1,2023,3000,
4,15_utility,1,2023,2320,
12,15_utility,1,2023,220,
3,15_utility,1,2023,3190,
18,15_utility,1,2023,100,
11,15_utility,1,2023,2520,
5,15_utility,1,2023,950,
19,15_utility,1,2023,40,
9,15_utility,1,2023,1540,
8,15_utility,1,2023,170,
14,15_utility,1,2023,8220,
1,15_utility,1,2023,15080,
15,15_utility,1,2024,8220,
16,15_utility,1,2024,1770,
20,15_utility,1,2024,13270,
6,15_utility,1,2024,4700,
17,15_utility,1,2024,1460,
21,15_utility,1,2024,6630,
23,15_utility,1,2024,1480,
22,15_utility,1,2024,13750,
24,15_utility,1,2024,2800,
7,15_utility,1,2024,3100,
10,15_utility,1,2024,2360,
13,15_utility,1,2024,3830,
2,15_utility,1,2024,8810,
25,15_utility,1,2024,3880,
4,15_utility,1,2024,3830,
12,15_utility,1,2024,250,
3,15_utility,1,2024,4140,
18,15_utility,1,2024,100,
11,15_utility,1,2024,4610,
5,15_utility,1,2024,1290,
19,15_utility,1,2024,250,
9,15_utility,1,2024,2060,
8,15_utility,1,2024,170,
14,15_utility,1,2024,8550,
1,15_utility,1,2024,24880,
15,15_utility,1,2025,8220,
16,15_utility,1,2025,2000,
20,15_utility,1,2025,14280,
6,15_utility,1,2025,5010,
17,15_utility,1,2025,2650,
21,15_utility,1,2025,7180,
23,15_utility,1,2025,1680,
22,15_utility,1,2025,14360,
24,15_utility,1,2025,2800,
7,15_utility,1,2025,3170,
10,15_utility,1,2025,2720,
13,15_utility,1,2025,4190,
2,15_utility,1,2025,9490,
25,15_utility,1,2025,4520,
4,15_utility,1,2025,5420,
12,15_utility,1,2025,260,
3,15_utility,1,2025,4150,
18,15_utility,1,2025,120,
11,15_utility,1,2025,5190,
5,15_utility,1,2025,1540,
19,15_utility,1,2025,250,
9,15_utility,1,2025,2480,
8,15_utility,1,2025,170,
14,15_utility,1,2025,8630,
1,15_utility,1,2025,26510,
15,15_utility,1,2026,8520,
16,15_utility,1,2026,2000,
20,15_utility,1,2026,14280,
6,15_utility,1,2026,5010,
17,15_utility,1,2026,2650,
21,15_utility,1,2026,7380,
23,15_utility,1,2026,1760,
22,15_utility,1,2026,14360,
24,15_utility,1,2026,2800,
7,15_utility,1,2026,3170,
10,15_utility,1,2026,2720,
13,15_utility,1,2026,4280,
2,15_utility,1,2026,9860,
25,15_utility,1,2026,4920,
4,15_utility,1,2026,5420,
12,15_utility,1,2026,260,
3,15_utility,1,2026,4150,
18,15_utility,1,2026,120,
11,15_utility,1,2026,5190,
5,15_utility,1,2026,1540,
19,15_utility,1,2026,250,
9,15_utility,1,2026,2480,
8,15_utility,1,2026,170,
14,15_utility,1,2026,9700,
1,15_utility,1,2026,26920,
15,15_utility,1,2027,8520,
16,15_utility,1,2027,2000,
20,15_utility,1,2027,14280,
6,15_utility,1,2027,5160,
17,15_utility,1,2027,2650,
21,15_utility,1,2027,7380,
23,15_utility,1,2027,1820,
22,15_utility,1,2027,14360,
24,15_utility,1,2027,2800,
7,15_utility,1,2027,3170,
10,15_utility,1,2027,2720,
13,15_utility,1,2027,4280,
2,15_utility,1,2027,9860,
25,15_utility,1,2027,5240,
4,15_utility,1,2027,6320,
12,15_utility,1,2027,260,
3,15_utility,1,2027,4150,
18,15_utility,1,2027,120,
11,15_utility,1,2027,5190,
5,15_utility,1,2027,1540,
19,15_utility,1,2027,250,
9,15_utility,1,2027,2480,
8,15_utility,1,2027,170,
14,15_utility,1,2027,9700,
1,15_utility,1,2027,27310,
15,15_utility,1,2028,8520,
16,15_utility,1,2028,2000,
20,15_utility,1,2028,14280,
6,15_utility,1,2028,5160,
17,15_utility,1,2028,2650,
21,15_utility,1,2028,7380,
23,15_utility,1,2028,1820,
22,15_utility,1,2028,14360,
24,15_utility,1,2028,2800,
7,15_utility,1,2028,3170,
10,15_utility,1,2028,2710,
13,15_utility,1,2028,4280,
2,15_utility,1,2028,9860,
25,15_utility,1,2028,5240,
4,15_utility,1,2028,6320,
12,15_utility,1,2028,260,
3,15_utility,1,2028,4150,
18,15_utility,1,2028,120,
11,15_utility,1,2028,5190,
5,15_utility,1,2028,1540,
19,15_utility,1,2028,250,
9,15_utility,1,2028,2480,
8,15_utility,1,2028,170,
14,15_utility,1,2028,9700,
1,15_utility,1,2028,27310,
15,15_utility,1,2029,8520,
16,15_utility,1,2029,2000,
20,15_utility,1,2029,14280,
6,15_utility,1,2029,5160,
17,15_utility,1,2029,2650,
21,15_utility,1,2029,7380,
23,15_utility,1,2029,1820,
22,15_utility,1,2029,14360,
24,15_utility,1,2029,2800,
7,15_utility,1,2029,3170,
10,15_utility,1,2029,2710,
13,15_utility,1,2029,4280,
2,15_utility,1,2029,9860,
25,15_utility,1,2029,5240,
4,15_utility,1,2029,6320,
12,15_utility,1,2029,260,
3,15_utility,1,2029,4150,
18,15_utility,1,2029,120,
11,15_utility,1,2029,5190,
5,15_utility,1,2029,1540,
19,15_utility,1,2029,250,
9,15_utility,1,2029,2480,
8,15_utility,1,2029,170,
14,15_utility,1,2029,9700,
1,15_utility,1,2029,27310,
15,15_utility,1,2030,8520,
16,15_utility,1,2030,2000,
20,15_utility,1,2030,14280,
6,15_utility,1,2030,5160,
17,15_utility,1,2030,2650,
21,15_utility,1,2030,7380,
23,15_utility,1,2030,1820,
22,15_utility,1,2030,14360,
24,15_utility,1,2030,2800,
7,15_utility,1,2030,3170,
10,15_utility,1,2030,2710,
13,15_utility,1,2030,4280,
2,15_utility,1,2030,9860,
25,15_utility,1,2030,5240,
4,15_utility,1,2030,6320,
12,15_utility,1,2030,260,
3,15_utility,1,2030,4150,
18,15_utility,1,2030,120,
11,15_utility,1,2030,5190,
5,15_utility,1,2030,1540,
19,15_utility,1,2030,250,
9,15_utility,1,2030,2480,
8,15_utility,1,2030,170,
14,15_utility,1,2030,9700,
1,15_utility,1,2030,27310,
15,15_utility,1,2031,8520,
16,15_utility,1,2031,2000,
20,15_utility,1,2031,14280,
6,15_utility,1,2031,5160,
17,15_utility,1,2031,2650,
21,15_utility,1,2031,7380,
23,15_utility,1,2031,1820,
22,15_utility,1,2031,14360,
24,15_utility,1,2031,2800,
7,15_utility,1,2031,3170,
10,15_utility,1,2031,2710,
13,15_utility,1,2031,4280,
2,15_utility,1,2031,9860,
25,15_utility,1,2031,5240,
4,15_utility,1,2031,6320,
12,15_utility,1,2031,260,
3,15_utility,1,2031,4150,
18,15_utility,1,2031,120,
11,15_utility,1,2031,5190,
5,15_utility,1,2031,1540,
19,15_utility,1,2031,250,
9,15_utility,1,2031,2480,
8,15_utility,1,2031,170,
14,15_utility,1,2031,9700,
1,15_utility,1,2031,27310,
15,15_utility,1,2032,8520,
16,15_utility,1,2032,2000,
20,15_utility,1,2032,14280,
6,15_utility,1,2032,5160,
17,15_utility,1,2032,2650,
21,15_utility,1,2032,7380,
23,15_utility,1,2032,1820,
22,15_utility,1,2032,14360,
24,15_utility,1,2032,2800,
7,15_utility,1,2032,3170,
10,15_utility,1,2032,2710,
13,15_utility,1,2032,4280,
2,15_utility,1,2032,9860,
25,15_utility,1,2032,5240,
4,15_utility,1,2032,6320,
12,15_utility,1,2032,260,
3,15_utility,1,2032,4150,
18,15_utility,1,2032,120,
11,15_utility,1,2032,5190,
5,15_utility,1,2032,1540,
19,15_utility,1,2032,250,
9,15_utility,1,2032,2480,
8,15_utility,1,2032,170,
14,15_utility,1,2032,9700,
1,15_utility,1,2032,27310,
15,15_utility,1,2033,8520,
16,15_utility,1,2033,2000,
20,15_utility,1,2033,14280,
6,15_utility,1,2033,5160,
17,15_utility,1,2033,2650,
21,15_utility,1,2033,7380,
23,15_utility,1,2033,1820,
22,15_utility,1,2033,14360,
24,15_utility,1,2033,2800,
7,15_utility,1,2033,3170,
10,15_utility,1,2033,2710,
13,15_utility,1,2033,4280,
2,15_utility,1,2033,9860,
25,15_utility,1,2033,5240,
4,15_utility,1,2033,6320,
12,15_utility,1,2033,260,
3,15_utility,1,2033,4150,
18,15_utility,1,2033,120,
11,15_utility,1,2033,5190,
5,15_utility,1,2033,1540,
19,15_utility,1,2033,250,
9,15_utility,1,2033,2480,
8,15_utility,1,2033,170,
14,15_utility,1,2033,9700,
1,15_utility,1,2033,27310,
15,15_utility,1,2034,8520,
16,15_utility,1,2034,2000,
20,15_utility,1,2034,14280,
6,15_utility,1,2034,5160,
17,15_utility,1,2034,2650,
21,15_utility,1,2034,7380,
23,15_utility,1,2034,1820,
22,15_utility,1,2034,14360,
24,15_utility,1,2034,2800,
7,15_utility,1,2034,3170,
10,15_utility,1,2034,2710,
13,15_utility,1,2034,4280,
2,15_utility,1,2034,9860,
25,15_utility,1,2034,5240,
4,15_utility,1,2034,6320,
12,15_utility,1,2034,260,
3,15_utility,1,2034,4150,
18,15_utility,1,2034,120,
11,15_utility,1,2034,5190,
5,15_utility,1,2034,1540,
19,15_utility,1,2034,250,
9,15_utility,1,2034,2480,
8,15_utility,1,2034,170,
14,15_utility,1,2034,9700,
1,15_utility,1,2034,27310,
15,15_utility,1,2035,8520,
16,15_utility,1,2035,2000,
20,15_utility,1,2035,14280,
6,15_utility,1,2035,5160,
17,15_utility,1,2035,2650,
21,15_utility,1,2035,7380,
23,15_utility,1,2035,1820,
22,15_utility,1,2035,14360,
24,15_utility,1,2035,2800,
7,15_utility,1,2035,3170,
10,15_utility,1,2035,2710,
13,15_utility,1,2035,4280,
2,15_utility,1,2035,9860,
25,15_utility,1,2035,5240,
4,15_utility,1,2035,6320,
12,15_utility,1,2035,260,
3,15_utility,1,2035,4150,
18,15_utility,1,2035,120,
11,15_utility,1,2035,5190,
5,15_utility,1,2035,1540,
19,15_utility,1,2035,250,
9,15_utility,1,2035,2480,
8,15_utility,1,2035,170,
14,15_utility,1,2035,9700,
1,15_utility,1,2035,27310,
15,15_utility,1,2036,8520,
16,15_utility,1,2036,2000,
20,15_utility,1,2036,14280,
6,15_utility,1,2036,5160,
17,15_utility,1,2036,2650,
21,15_utility,1,2036,7380,
23,15_utility,1,2036,1820,
22,15_utility,1,2036,14360,
24,15_utility,1,2036,2800,
7,15_utility,1,2036,3170,
10,15_utility,1,2036,2710,
13,15_utility,1,2036,4280,
2,15_utility,1,2036,9860,
25,15_utility,1,2036,5240,
4,15_utility,1,2036,6320,
12,15_utility,1,2036,260,
3,15_utility,1,2036,4150,
18,15_utility,1,2036,120,
11,15_utility,1,2036,5190,
5,15_utility,1,2036,1540,
19,15_utility,1,2036,250,
9,15_utility,1,2036,2480,
8,15_utility,1,2036,170,
14,15_utility,1,2036,9700,
1,15_utility,1,2036,27310,
15,15_utility,1,2037,8520,
16,15_utility,1,2037,2000,
20,15_utility,1,2037,14280,
6,15_utility,1,2037,5160,
17,15_utility,1,2037,2650,
21,15_utility,1,2037,7380,
23,15_utility,1,2037,1820,
22,15_utility,1,2037,14360,
24,15_utility,1,2037,2800,
7,15_utility,1,2037,3170,
10,15_utility,1,2037,2710,
13,15_utility,1,2037,4280,
2,15_utility,1,2037,9860,
25,15_utility,1,2037,5240,
4,15_utility,1,2037,6320,
12,15_utility,1,2037,260,
3,15_utility,1,2037,4150,
18,15_utility,1,2037,120,
11,15_utility,1,2037,5190,
5,15_utility,1,2037,1540,
19,15_utility,1,2037,250,
9,15_utility,1,2037,2480,
8,15_utility,1,2037,170,
14,15_utility,1,2037,9700,
1,15_utility,1,2037,27310,
15,15_utility,1,2038,8520,
16,15_utility,1,2038,2000,
20,15_utility,1,2038,14280,
6,15_utility,1,2038,5160,
17,15_utility,1,2038,2650,
21,15_utility,1,2038,7380,
23,15_utility,1,2038,1820,
22,15_utility,1,2038,14360,
24,15_utility,1,2038,2800,
7,15_utility,1,2038,3170,
10,15_utility,1,2038,2710,
13,15_utility,1,2038,4280,
2,15_utility,1,2038,9860,
25,15_utility,1,2038,5240,
4,15_utility,1,2038,6320,
12,15_utility,1,2038,260,
3,15_utility,1,2038,4150,
18,15_utility,1,2038,120,
11,15_utility,1,2038,5190,
5,15_utility,1,2038,1540,
19,15_utility,1,2038,250,
9,15_utility,1,2038,2480,
8,15_utility,1,2038,170,
14,15_utility,1,2038,9700,
1,15_utility,1,2038,27310,
15,15_utility,1,2039,8520,
16,15_utility,1,2039,2000,
20,15_utility,1,2039,14280,
6,15_utility,1,2039,5160,
17,15_utility,1,2039,2650,
21,15_utility,1,2039,7380,
23,15_utility,1,2039,1820,
22,15_utility,1,2039,14360,
24,15_utility,1,2039,2800,
7,15_utility,1,2039,3170,
10,15_utility,1,2039,2710,
13,15_utility,1,2039,4280,
2,15_utility,1,2039,9860,
25,15_utility,1,2039,5240,
4,15_utility,1,2039,6320,
12,15_utility,1,2039,260,
3,15_utility,1,2039,4150,
18,15_utility,1,2039,120,
11,15_utility,1,2039,5190,
5,15_utility,1,2039,1540,
19,15_utility,1,2039,250,
9,15_utility,1,2039,2480,
8,15_utility,1,2039,170,
14,15_utility,1,2039,9700,
1,15_utility,1,2039,27310,
15,15_utility,1,2040,8520,
16,15_utility,1,2040,2000,
20,15_utility,1,2040,14280,
6,15_utility,1,2040,5160,
17,15_utility,1,2040,2650,
21,15_utility,1,2040,7380,
23,15_utility,1,2040,1820,
22,15_utility,1,2040,14360,
24,15_utility,1,2040,2800,
7,15_utility,1,2040,3170,
10,15_utility,1,2040,2710,
13,15_utility,1,2040,4280,
2,15_utility,1,2040,9860,
25,15_utility,1,2040,5240,
4,15_utility,1,2040,6320,
12,15_utility,1,2040,260,
3,15_utility,1,2040,4150,
18,15_utility,1,2040,120,
11,15_utility,1,2040,5190,
5,15_utility,1,2040,1540,
19,15_utility,1,2040,250,
9,15_utility,1,2040,2480,
8,15_utility,1,2040,170,
14,15_utility,1,2040,9700,
1,15_utility,1,2040,27310,
15,15_utility,1,2041,8520,
16,15_utility,1,2041,2000,
20,15_utility,1,2041,14280,
6,15_utility,1,2041,5160,
17,15_utility,1,2041,2650,
21,15_utility,1,2041,7380,
23,15_utility,1,2041,1820,
22,15_utility,1,2041,14360,
24,15_utility,1,2041,2800,
7,15_utility,1,2041,3170,
10,15_utility,1,2041,2710,
13,15_utility,1,2041,4280,
2,15_utility,1,2041,9860,
25,15_utility,1,2041,5240,
4,15_utility,1,2041,6320,
12,15_utility,1,2041,260,
3,15_utility,1,2041,4150,
18,15_utility,1,2041,120,
11,15_utility,1,2041,5190,
5,15_utility,1,2041,1540,
19,15_utility,1,2041,250,
9,15_utility,1,2041,2480,
8,15_utility,1,2041,170,
14,15_utility,1,2041,9700,
1,15_utility,1,2041,27310,
15,15_utility,1,2042,8520,
16,15_utility,1,2042,2000,
20,15_utility,1,2042,14280,
6,15_utility,1,2042,5160,
17,15_utility,1,2042,2650,
21,15_utility,1,2042,7380,
23,15_utility,1,2042,1820,
22,15_utility,1,2042,14360,
24,15_utility,1,2042,2800,
7,15_utility,1,2042,3170,
10,15_utility,1,2042,2710,
13,15_utility,1,2042,4280,
2,15_utility,1,2042,9860,
25,15_utility,1,2042,5240,
4,15_utility,1,2042,6320,
12,15_utility,1,2042,260,
3,15_utility,1,2042,4150,
18,15_utility,1,2042,120,
11,15_utility,1,2042,5190,
5,15_utility,1,2042,1540,
19,15_utility,1,2042,250,
9,15_utility,1,2042,2480,
8,15_utility,1,2042,170,
14,15_utility,1,2042,9700,
1,15_utility,1,2042,27310,
15,15_utility,1,2043,8520,
16,15_utility,1,2043,2000,
20,15_utility,1,2043,14280,
6,15_utility,1,2043,5160,
17,15_utility,1,2043,2650,
21,15_utility,1,2043,7380,
23,15_utility,1,2043,1820,
22,15_utility,1,2043,14360,
24,15_utility,1,2043,2800,
7,15_utility,1,2043,3170,
10,15_utility,1,2043,2710,
13,15_utility,1,2043,4280,
2,15_utility,1,2043,9860,
25,15_utility,1,2043,5240,
4,15_utility,1,2043,6320,
12,15_utility,1,2043,260,
3,15_utility,1,2043,4150,
18,15_utility,1,2043,120,
11,15_utility,1,2043,5190,
5,15_utility,1,2043,1540,
19,15_utility,1,2043,250,
9,15_utility,1,2043,2480,
8,15_utility,1,2043,170,
14,15_utility,1,2043,9700,
1,15_utility,1,2043,27310,
15,15_utility,1,2044,8520,
16,15_utility,1,2044,2000,
20,15_utility,1,2044,14280,
6,15_utility,1,2044,5160,
17,15_utility,1,2044,2650,
21,15_utility,1,2044,7380,
23,15_utility,1,2044,1820,
22,15_utility,1,2044,14360,
24,15_utility,1,2044,2800,
7,15_utility,1,2044,3170,
10,15_utility,1,2044,2710,
13,15_utility,1,2044,4280,
2,15_utility,1,2044,9860,
25,15_utility,1,2044,5240,
4,15_utility,1,2044,6320,
12,15_utility,1,2044,260,
3,15_utility,1,2044,4150,
18,15_utility,1,2044,120,
11,15_utility,1,2044,5190,
5,15_utility,1,2044,1540,
19,15_utility,1,2044,250,
9,15_utility,1,2044,2480,
8,15_utility,1,2044,170,
14,15_utility,1,2044,9700,
1,15_utility,1,2044,27310,
15,15_utility,1,2045,8520,
16,15_utility,1,2045,2000,
20,15_utility,1,2045,14280,
6,15_utility,1,2045,5160,
17,15_utility,1,2045,2650,
21,15_utility,1,2045,7380,
23,15_utility,1,2045,1820,
22,15_utility,1,2045,14360,
24,15_utility,1,2045,2800,
7,15_utility,1,2045,3170,
10,15_utility,1,2045,2710,
13,15_utility,1,2045,4280,
2,15_utility,1,2045,9860,
25,15_utility,1,2045,5240,
4,15_utility,1,2045,6320,
12,15_utility,1,2045,260,
3,15_utility,1,2045,4150,
18,15_utility,1,2045,120,
11,15_utility,1,2045,5190,
5,15_utility,1,2045,1540,
19,15_utility,1,2045,250,
9,15_utility,1,2045,2480,
8,15_utility,1,2045,170,
14,15_utility,1,2045,9700,
1,15_utility,1,2045,27310,
15,15_utility,1,2046,8520,
16,15_utility,1,2046,2000,
20,15_utility,1,2046,14280,
6,15_utility,1,2046,5160,
17,15_utility,1,2046,2650,
21,15_utility,1,2046,7380,
23,15_utility,1,2046,1820,
22,15_utility,1,2046,14360,
24,15_utility,1,2046,2800,
7,15_utility,1,2046,3170,
10,15_utility,1,2046,2710,
13,15_utility,1,2046,4280,
2,15_utility,1,2046,9860,
25,15_utility,1,2046,5240,
4,15_utility,1,2046,6320,
12,15_utility,1,2046,260,
3,15_utility,1,2046,4150,
18,15_utility,1,2046,120,
11,15_utility,1,2046,5190,
5,15_utility,1,2046,1540,
19,15_utility,1,2046,250,
9,15_utility,1,2046,2480,
8,15_utility,1,2046,170,
14,15_utility,1,2046,9700,
1,15_utility,1,2046,27310,
15,15_utility,1,2047,8520,
16,15_utility,1,2047,2000,
20,15_utility,1,2047,14280,
6,15_utility,1,2047,5160,
17,15_utility,1,2047,2650,
21,15_utility,1,2047,7380,
23,15_utility,1,2047,1820,
22,15_utility,1,2047,14360,
24,15_utility,1,2047,2800,
7,15_utility,1,2047,3170,
10,15_utility,1,2047,2710,
13,15_utility,1,2047,4280,
2,15_utility,1,2047,9860,
25,15_utility,1,2047,5240,
4,15_utility,1,2047,6320,
12,15_utility,1,2047,260,
3,15_utility,1,2047,4150,
18,15_utility,1,2047,120,
11,15_utility,1,2047,5190,
5,15_utility,1,2047,1540,
19,15_utility,1,2047,250,
9,15_utility,1,2047,2480,
8,15_utility,1,2047,170,
14,15_utility,1,2047,9700,
1,15_utility,1,2047,27310,
15,15_utility,1,2048,8520,
16,15_utility,1,2048,2000,
20,15_utility,1,2048,14280,
6,15_utility,1,2048,5160,
17,15_utility,1,2048,2650,
21,15_utility,1,2048,7380,
23,15_utility,1,2048,1820,
22,15_utility,1,2048,14360,
24,15_utility,1,2048,2800,
7,15_utility,1,2048,3170,
10,15_utility,1,2048,2710,
13,15_utility,1,2048,4280,
2,15_utility,1,2048,9860,
25,15_utility,1,2048,5240,
4,15_utility,1,2048,6320,
12,15_utility,1,2048,260,
3,15_utility,1,2048,4150,
18,15_utility,1,2048,120,
11,15_utility,1,2048,5190,
5,15_utility,1,2048,1540,
19,15_utility,1,2048,250,
9,15_utility,1,2048,2480,
8,15_utility,1,2048,170,
14,15_utility,1,2048,9700,
1,15_utility,1,2048,27310,
15,15_utility,1,2049,8520,
16,15_utility,1,2049,2000,
20,15_utility,1,2049,14280,
6,15_utility,1,2049,5160,
17,15_utility,1,2049,2650,
21,15_utility,1,2049,7380,
23,15_utility,1,2049,1820,
22,15_utility,1,2049,14360,
24,15_utility,1,2049,2800,
7,15_utility,1,2049,3170,
10,15_utility,1,2049,2710,
13,15_utility,1,2049,4280,
2,15_utility,1,2049,9860,
25,15_utility,1,2049,5240,
4,15_utility,1,2049,6320,
12,15_utility,1,2049,260,
3,15_utility,1,2049,4150,
18,15_utility,1,2049,120,
11,15_utility,1,2049,5190,
5,15_utility,1,2049,1540,
19,15_utility,1,2049,250,
9,15_utility,1,2049,2480,
8,15_utility,1,2049,170,
14,15_utility,1,2049,9680,
1,15_utility,1,2049,27310,
15,15_utility,1,2050,8520,
16,15_utility,1,2050,2000,
20,15_utility,1,2050,14280,
6,15_utility,1,2050,5160,
17,15_utility,1,2050,2650,
21,15_utility,1,2050,7380,
23,15_utility,1,2050,1820,
22,15_utility,1,2050,14360,
24,15_utility,1,2050,2800,
7,15_utility,1,2050,3170,
10,15_utility,1,2050,2710,
13,15_utility,1,2050,4280,
2,15_utility,1,2050,9860,
25,15_utility,1,2050,5240,
4,15_utility,1,2050,6320,
12,15_utility,1,2050,260,
3,15_utility,1,2050,4150,
18,15_utility,1,2050,120,
11,15_utility,1,2050,5190,
5,15_utility,1,2050,1540,
19,15_utility,1,2050,250,
9,15_utility,1,2050,2480,
8,15_utility,1,2050,170,
14,15_utility,1,2050,9680,
1,15_utility,1,2050,27310,
1,15_end_use,1,2023,800,
1,15_end_use,1,2024,1100,
1,15_end_use,1,2025,1200,
1,15_end_use,1,2026,1500,
1,15_end_use,1,2027,1800,
1,15_end_use,1,2028,2100,
1,15_end_use,1,2029,2300,
1,15_end_use,1,2030,2600,
1,15_end_use,1,2031,2900,
1,15_end_use,1,2032,3100,
1,15_end_use,1,2033,3300,
1,15_end_use,1,2034,3600,
1,15_end_use,1,2035,3800,
1,15_end_use,1,2036,4000,
1,15_end_use,1,2037,4200,
1,15_end_use,1,2038,4500,
1,15_end_use,1,2039,4700,
1,15_end_use,1,2040,5000,
1,15_end_use,1,2041,5200,
1,15_end_use,1,2042,5400,
1,15_end_use,1,2043,5700,
1,15_end_use,1,2044,6000,
1,15_end_use,1,2045,6200,
1,15_end_use,1,2046,6500,
1,15_end_use,1,2047,6800,
1,15_end_use,1,2048,7100,
1,15_end_use,1,2049,7400,
1,15_end_use,1,2050,7600,
2,15_end_use,1,2023,800,
2,15_end_use,1,2024,1000,
2,15_end_use,1,2025,1200,
2,15_end_use,1,2026,1400,
2,15_end_use,1,2027,1600,
2,15_end_use,1,2028,1800,
2,15_end_use,1,2029,2100,
2,15_end_use,1,2030,2300,
2,15_end_use,1,2031,2500,
2,15_end_use,1,2032,2700,
2,15_end_use,1,2033,2900,
2,15_end_use,1,2034,3100,
2,15_end_use,1,2035,3300,
2,15_end_use,1,2036,3500,
2,15_end_use,1,2037,3600,
2,15_end_use,1,2038,3800,
2,15_end_use,1,2039,4000,
2,15_end_use,1,2040,4200,
2,15_end_use,1,2041,4400,
2,15_end_use,1,2042,4600,
2,15_end_use,1,2043,4700,
2,15_end_use,1,2044,5000,
2,15_end_use,1,2045,5100,
2,15_end_use,1,2046,5400,
2,15_end_use,1,2047,5600,
2,15_end_use,1,2048,5800,
2,15_end_use,1,2049,6000,
2,15_end_use,1,2050,6300,
3,15_end_use,1,2023,500,
3,15_end_use,1,2024,700,
3,15_end_use,1,2025,800,
3,15_end_use,1,2026,1100,
3,15_end_use,1,2027,1300,
3,15_end_use,1,2028,1500,
3,15_end_use,1,2029,1800,
3,15_end_use,1,2030,2000,
3,15_end_use,1,2031,2200,
3,15_end_use,1,2032,2300,
3,15_end_use,1,2033,2400,
3,15_end_use,1,2034,2500,
3,15_end_use,1,2035,2600,
3,15_end_use,1,2036,2700,
3,15_end_use,1,2037,2800,
3,15_end_use,1,2038,2800,
3,15_end_use,1,2039,2900,
3,15_end_use,1,2040,3100,
3,15_end_use,1,2041,3200,
3,15_end_use,1,2042,3400,
3,15_end_use,1,2043,3500,
3,15_end_use,1,2044,3600,
3,15_end_use,1,2045,3700,
3,15_end_use,1,2046,3800,
3,15_end_use,1,2047,3900,
3,15_end_use,1,2048,4000,
3,15_end_use,1,2049,4100,
3,15_end_use,1,2050,4100,
4,15_end_use,1,2023,300,
4,15_end_use,1,2024,400,
4,15_end_use,1,2025,500,
4,15_end_use,1,2026,800,
4,15_end_use,1,2027,1000,
4,15_end_use,1,2028,1100,
4,15_end_use,1,2029,1300,
4,15_end_use,1,2030,1500,
4,15_end_use,1,2031,1600,
4,15_end_use,1,2032,1700,
4,15_end_use,1,2033,1800,
4,15_end_use,1,2034,1900,
4,15_end_use,1,2035,1900,
4,15_end_use,1,2036,2000,
4,15_end_use,1,2037,2100,
4,15_end_use,1,2038,2200,
4,15_end_use,1,2039,2200,
4,15_end_use,1,2040,2300,
4,15_end_use,1,2041,2500,
4,15_end_use,1,2042,2600,
4,15_end_use,1,2043,2700,
4,15_end_use,1,2044,2800,
4,15_end_use,1,2045,2900,
4,15_end_use,1,2046,3000,
4,15_end_use,1,2047,3100,
4,15_end_use,1,2048,3100,
4,15_end_use,1,2049,3200,
4,15_end_use,1,2050,3200,
5,15_end_use,1,2023,100,
5,15_end_use,1,2024,200,
5,15_end_use,1,2025,200,
5,15_end_use,1,2026,300,
5,15_end_use,1,2027,500,
5,15_end_use,1,2028,600,
5,15_end_use,1,2029,700,
5,15_end_use,1,2030,800,
5,15_end_use,1,2031,800,
5,15_end_use,1,2032,900,
5,15_end_use,1,2033,1000,
5,15_end_use,1,2034,1000,
5,15_end_use,1,2035,1100,
5,15_end_use,1,2036,1100,
5,15_end_use,1,2037,1100,
5,15_end_use,1,2038,1200,
5,15_end_use,1,2039,1200,
5,15_end_use,1,2040,1300,
5,15_end_use,1,2041,1300,
5,15_end_use,1,2042,1400,
5,15_end_use,1,2043,1500,
5,15_end_use,1,2044,1600,
5,15_end_use,1,2045,1600,
5,15_end_use,1,2046,1700,
5,15_end_use,1,2047,1800,
5,15_end_use,1,2048,1800,
5,15_end_use,1,2049,1800,
5,15_end_use,1,2050,1800,
6,15_end_use,1,2023,300,
6,15_end_use,1,2024,400,
6,15_end_use,1,2025,400,
6,15_end_use,1,2026,500,
6,15_end_use,1,2027,600,
6,15_end_use,1,2028,700,
6,15_end_use,1,2029,800,
6,15_end_use,1,2030,900,
6,15_end_use,1,2031,1000,
6,15_end_use,1,2032,1000,
6,15_end_use,1,2033,1100,
6,15_end_use,1,2034,1200,
6,15_end_use,1,2035,1300,
6,15_end_use,1,2036,1400,
6,15_end_use,1,2037,1400,
6,15_end_use,1,2038,1500,
6,15_end_use,1,2039,1600,
6,15_end_use,1,2040,1700,
6,15_end_use,1,2041,1800,
6,15_end_use,1,2042,1900,
6,15_end_use,1,2043,1900,
6,15_end_use,1,2044,2000,
6,15_end_use,1,2045,2100,
6,15_end_use,1,2046,2200,
6,15_end_use,1,2047,2300,
6,15_end_use,1,2048,2400,
6,15_end_use,1,2049,2500,
6,15_end_use,1,2050,2600,
7,15_end_use,1,2023,3200,
7,15_end_use,1,2024,3500,
7,15_end_use,1,2025,3900,
7,15_end_use,1,2026,4500,
7,15_end_use,1,2027,5000,
7,15_end_use,1,2028,5500,
7,15_end_use,1,2029,6200,
7,15_end_use,1,2030,6800,
7,15_end_use,1,2031,7300,
7,15_end_use,1,2032,7600,
7,15_end_use,1,2033,7800,
7,15_end_use,1,2034,8000,
7,15_end_use,1,2035,8100,
7,15_end_use,1,2036,8300,
7,15_end_use,1,2037,8400,
7,15_end_use,1,2038,8600,
7,15_end_use,1,2039,8800,
7,15_end_use,1,2040,8900,
7,15_end_use,1,2041,9100,
7,15_end_use,1,2042,9300,
7,15_end_use,1,2043,9400,
7,15_end_use,1,2044,9600,
7,15_end_use,1,2045,9700,
7,15_end_use,1,2046,9800,
7,15_end_use,1,2047,10000,
7,15_end_use,1,2048,10100,
7,15_end_use,1,2049,10200,
7,15_end_use,1,2050,10300,
8,15_end_use,1,2023,800,
8,15_end_use,1,2024,900,
8,15_end_use,1,2025,1000,
8,15_end_use,1,2026,1300,
8,15_end_use,1,2027,1500,
8,15_end_use,1,2028,1700,
8,15_end_use,1,2029,1900,
8,15_end_use,1,2030,2100,
8,15_end_use,1,2031,2300,
8,15_end_use,1,2032,2400,
8,15_end_use,1,2033,2500,
8,15_end_use,1,2034,2600,
8,15_end_use,1,2035,2600,
8,15_end_use,1,2036,2700,
8,15_end_use,1,2037,2700,
8,15_end_use,1,2038,2800,
8,15_end_use,1,2039,2800,
8,15_end_use,1,2040,2900,
8,15_end_use,1,2041,3000,
8,15_end_use,1,2042,3100,
8,15_end_use,1,2043,3100,
8,15_end_use,1,2044,3200,
8,15_end_use,1,2045,3300,
8,15_end_use,1,2046,3400,
8,15_end_use,1,2047,3400,
8,15_end_use,1,2048,3500,
8,15_end_use,1,2049,3500,
8,15_end_use,1,2050,3600,
9,15_end_use,1,2023,700,
9,15_end_use,1,2024,800,
9,15_end_use,1,2025,900,
9,15_end_use,1,2026,1100,
9,15_end_use,1,2027,1300,
9,15_end_use,1,2028,1500,
9,15_end_use,1,2029,1700,
9,15_end_use,1,2030,1900,
9,15_end_use,1,2031,2000,
9,15_end_use,1,2032,2100,
9,15_end_use,1,2033,2200,
9,15_end_use,1,2034,2300,
9,15_end_use,1,2035,2300,
9,15_end_use,1,2036,2400,
9,15_end_use,1,2037,2400,
9,15_end_use,1,2038,2400,
9,15_end_use,1,2039,2500,
9,15_end_use,1,2040,2600,
9,15_end_use,1,2041,2600,
9,15_end_use,1,2042,2700,
9,15_end_use,1,2043,2800,
9,15_end_use,1,2044,2800,
9,15_end_use,1,2045,2900,
9,15_end_use,1,2046,3000,
9,15_end_use,1,2047,3000,
9,15_end_use,1,2048,3100,
9,15_end_use,1,2049,3100,
9,15_end_use,1,2050,3100,
10,15_end_use,1,2023,1800,
10,15_end_use,1,2024,2000,
10,15_end_use,1,2025,2400,
10,15_end_use,1,2026,2800,
10,15_end_use,1,2027,3300,
10,15_end_use,1,2028,3800,
10,15_end_use,1,2029,4300,
10,15_end_use,1,2030,4700,
10,15_end_use,1,2031,5100,
10,15_end_use,1,2032,5400,
10,15_end_use,1,2033,5700,
10,15_end_use,1,2034,5900,
10,15_end_use,1,2035,6000,
10,15_end_use,1,2036,6200,
10,15_end_use,1,2037,6400,
10,15_end_use,1,2038,6500,
10,15_end_use,1,2039,6700,
10,15_end_use,1,2040,6900,
10,15_end_use,1,2041,7100,
10,15_end_use,1,2042,7400,
10,15_end_use,1,2043,7500,
10,15_end_use,1,2044,7800,
10,15_end_use,1,2045,7900,
10,15_end_use,1,2046,8200,
10,15_end_use,1,2047,8400,
10,15_end_use,1,2048,8600,
10,15_end_use,1,2049,8700,
10,15_end_use,1,2050,8900,
11,15_end_use,1,2023,600,
11,15_end_use,1,2024,700,
11,15_end_use,1,2025,900,
11,15_end_use,1,2026,1200,
11,15_end_use,1,2027,1500,
11,15_end_use,1,2028,1800,
11,15_end_use,1,2029,2100,
11,15_end_use,1,2030,2300,
11,15_end_use,1,2031,2500,
11,15_end_use,1,2032,2700,
11,15_end_use,1,2033,2900,
11,15_end_use,1,2034,3000,
11,15_end_use,1,2035,3500,
11,15_end_use,1,2036,3600,
11,15_end_use,1,2037,3700,
11,15_end_use,1,2038,3800,
11,15_end_use,1,2039,3900,
11,15_end_use,1,2040,4100,
11,15_end_use,1,2041,4300,
11,15_end_use,1,2042,4600,
11,15_end_use,1,2043,4700,
11,15_end_use,1,2044,4900,
11,15_end_use,1,2045,5100,
11,15_end_use,1,2046,5300,
11,15_end_use,1,2047,5500,
11,15_end_use,1,2048,5600,
11,15_end_use,1,2049,5700,
11,15_end_use,1,2050,5800,
12,15_end_use,1,2023,100,
12,15_end_use,1,2024,100,
12,15_end_use,1,2025,200,
12,15_end_use,1,2026,300,
12,15_end_use,1,2027,400,
12,15_end_use,1,2028,500,
12,15_end_use,1,2029,600,
12,15_end_use,1,2030,700,
12,15_end_use,1,2031,800,
12,15_end_use,1,2032,800,
12,15_end_use,1,2033,900,
12,15_end_use,1,2034,900,
12,15_end_use,1,2035,1000,
12,15_end_use,1,2036,1000,
12,15_end_use,1,2037,1000,
12,15_end_use,1,2038,1100,
12,15_end_use,1,2039,1100,
12,15_end_use,1,2040,1100,
12,15_end_use,1,2041,1200,
12,15_end_use,1,2042,1300,
12,15_end_use,1,2043,1400,
12,15_end_use,1,2044,1400,
12,15_end_use,1,2045,1500,
12,15_end_use,1,2046,1500,
12,15_end_use,1,2047,1600,
12,15_end_use,1,2048,1600,
12,15_end_use,1,2049,1600,
12,15_end_use,1,2050,1700,
13,15_end_use,1,2023,400,
13,15_end_use,1,2024,500,
13,15_end_use,1,2025,600,
13,15_end_use,1,2026,700,
13,15_end_use,1,2027,800,
13,15_end_use,1,2028,900,
13,15_end_use,1,2029,1000,
13,15_end_use,1,2030,1100,
13,15_end_use,1,2031,1200,
13,15_end_use,1,2032,1300,
13,15_end_use,1,2033,1400,
13,15_end_use,1,2034,1500,
13,15_end_use,1,2035,1600,
13,15_end_use,1,2036,1600,
13,15_end_use,1,2037,1700,
13,15_end_use,1,2038,1800,
13,15_end_use,1,2039,1900,
13,15_end_use,1,2040,2000,
13,15_end_use,1,2041,2100,
13,15_end_use,1,2042,2200,
13,15_end_use,1,2043,2300,
13,15_end_use,1,2044,2400,
13,15_end_use,1,2045,2400,
13,15_end_use,1,2046,2600,
13,15_end_use,1,2047,2700,
13,15_end_use,1,2048,2800,
13,15_end_use,1,2049,2900,
13,15_end_use,1,2050,3000,
14,15_end_use,1,2023,700,
14,15_end_use,1,2024,800,
14,15_end_use,1,2025,900,
14,15_end_use,1,2026,1100,
14,15_end_use,1,2027,1300,
14,15_end_use,1,2028,1400,
14,15_end_use,1,2029,1600,
14,15_end_use,1,2030,1800,
14,15_end_use,1,2031,2000,
14,15_end_use,1,2032,2200,
14,15_end_use,1,2033,2300,
14,15_end_use,1,2034,2500,
14,15_end_use,1,2035,2600,
14,15_end_use,1,2036,2800,
14,15_end_use,1,2037,2900,
14,15_end_use,1,2038,3100,
14,15_end_use,1,2039,3200,
14,15_end_use,1,2040,3300,
14,15_end_use,1,2041,3500,
14,15_end_use,1,2042,3600,
14,15_end_use,1,2043,3800,
14,15_end_use,1,2044,4000,
14,15_end_use,1,2045,4100,
14,15_end_use,1,2046,4300,
14,15_end_use,1,2047,4500,
14,15_end_use,1,2048,4700,
14,15_end_use,1,2049,4800,
14,15_end_use,1,2050,5000,
15,15_end_use,1,2023,500,
15,15_end_use,1,2024,500,
15,15_end_use,1,2025,600,
15,15_end_use,1,2026,800,
15,15_end_use,1,2027,900,
15,15_end_use,1,2028,1000,
15,15_end_use,1,2029,1100,
15,15_end_use,1,2030,1300,
15,15_end_use,1,2031,1400,
15,15_end_use,1,2032,1500,
15,15_end_use,1,2033,1600,
15,15_end_use,1,2034,1700,
15,15_end_use,1,2035,1800,
15,15_end_use,1,2036,1900,
15,15_end_use,1,2037,2000,
15,15_end_use,1,2038,2100,
15,15_end_use,1,2039,2200,
15,15_end_use,1,2040,2300,
15,15_end_use,1,2041,2400,
15,15_end_use,1,2042,2500,
15,15_end_use,1,2043,2600,
15,15_end_use,1,2044,2800,
15,15_end_use,1,2045,2900,
15,15_end_use,1,2046,3000,
15,15_end_use,1,2047,3100,
15,15_end_use,1,2048,3300,
15,15_end_use,1,2049,3400,
15,15_end_use,1,2050,3500,
16,15_end_use,1,2023,100,
16,15_end_use,1,2024,100,
16,15_end_use,1,2025,100,
16,15_end_use,1,2026,100,
16,15_end_use,1,2027,200,
16,15_end_use,1,2028,200,
16,15_end_use,1,2029,200,
16,15_end_use,1,2030,200,
16,15_end_use,1,2031,300,
16,15_end_use,1,2032,300,
16,15_end_use,1,2033,300,
16,15_end_use,1,2034,300,
16,15_end_use,1,2035,400,
16,15_end_use,1,2036,400,
16,15_end_use,1,2037,400,
16,15_end_use,1,2038,400,
16,15_end_use,1,2039,400,
16,15_end_use,1,2040,500,
16,15_end_use,1,2041,500,
16,15_end_use,1,2042,500,
16,15_end_use,1,2043,500,
16,15_end_use,1,2044,600,
16,15_end_use,1,2045,600,
16,15_end_use,1,2046,600,
16,15_end_use,1,2047,700,
16,15_end_use,1,2048,700,
16,15_end_use,1,2049,700,
16,15_end_use,1,2050,800,
17,15_end_use,1,2023,300,
17,15_end_use,1,2024,400,
17,15_end_use,1,2025,400,
17,15_end_use,1,2026,500,
17,15_end_use,1,2027,600,
17,15_end_use,1,2028,700,
17,15_end_use,1,2029,800,
17,15_end_use,1,2030,900,
17,15_end_use,1,2031,1000,
17,15_end_use,1,2032,1100,
17,15_end_use,1,2033,1200,
17,15_end_use,1,2034,1200,
17,15_end_use,1,2035,1300,
17,15_end_use,1,2036,1400,
17,15_end_use,1,2037,1500,
17,15_end_use,1,2038,1600,
17,15_end_use,1,2039,1600,
17,15_end_use,1,2040,1700,
17,15_end_use,1,2041,1800,
17,15_end_use,1,2042,1900,
17,15_end_use,1,2043,2000,
17,15_end_use,1,2044,2100,
17,15_end_use,1,2045,2200,
17,15_end_use,1,2046,2300,
17,15_end_use,1,2047,2300,
17,15_end_use,1,2048,2400,
17,15_end_use,1,2049,2500,
17,15_end_use,1,2050,2600,
18,15_end_use,1,2023,200,
18,15_end_use,1,2024,300,
18,15_end_use,1,2025,400,
18,15_end_use,1,2026,500,
18,15_end_use,1,2027,500,
18,15_end_use,1,2028,600,
18,15_end_use,1,2029,700,
18,15_end_use,1,2030,800,
18,15_end_use,1,2031,800,
18,15_end_use,1,2032,900,
18,15_end_use,1,2033,900,
18,15_end_use,1,2034,900,
18,15_end_use,1,2035,1000,
18,15_end_use,1,2036,1000,
18,15_end_use,1,2037,1000,
18,15_end_use,1,2038,1100,
18,15_end_use,1,2039,1100,
18,15_end_use,1,2040,1200,
18,15_end_use,1,2041,1200,
18,15_end_use,1,2042,1200,
18,15_end_use,1,2043,1300,
18,15_end_use,1,2044,1300,
18,15_end_use,1,2045,1300,
18,15_end_use,1,2046,1400,
18,15_end_use,1,2047,1400,
18,15_end_use,1,2048,1400,
18,15_end_use,1,2049,1500,
18,15_end_use,1,2050,1500,
19,15_end_use,1,2023,200,
19,15_end_use,1,2024,200,
19,15_end_use,1,2025,200,
19,15_end_use,1,2026,300,
19,15_end_use,1,2027,400,
19,15_end_use,1,2028,400,
19,15_end_use,1,2029,500,
19,15_end_use,1,2030,500,
19,15_end_use,1,2031,600,
19,15_end_use,1,2032,600,
19,15_end_use,1,2033,600,
19,15_end_use,1,2034,600,
19,15_end_use,1,2035,700,
19,15_end_use,1,2036,700,
19,15_end_use,1,2037,700,
19,15_end_use,1,2038,700,
19,15_end_use,1,2039,800,
19,15_end_use,1,2040,800,
19,15_end_use,1,2041,800,
19,15_end_use,1,2042,800,
19,15_end_use,1,2043,900,
19,15_end_use,1,2044,900,
19,15_end_use,1,2045,900,
19,15_end_use,1,2046,900,
19,15_end_use,1,2047,1000,
19,15_end_use,1,2048,1000,
19,15_end_use,1,2049,1000,
19,15_end_use,1,2050,1000,
20,15_end_use,1,2023,1500,
20,15_end_use,1,2024,1700,
20,15_end_use,1,2025,1900,
20,15_end_use,1,2026,2200,
20,15_end_use,1,2027,2500,
20,15_end_use,1,2028,2700,
20,15_end_use,1,2029,3000,
20,15_end_use,1,2030,3400,
20,15_end_use,1,2031,3700,
20,15_end_use,1,2032,3900,
20,15_end_use,1,2033,4200,
20,15_end_use,1,2034,4500,
20,15_end_use,1,2035,4700,
20,15_end_use,1,2036,5000,
20,15_end_use,1,2037,5300,
20,15_end_use,1,2038,5500,
20,15_end_use,1,2039,5800,
20,15_end_use,1,2040,6100,
20,15_end_use,1,2041,6400,
20,15_end_use,1,2042,6600,
20,15_end_use,1,2043,6900,
20,15_end_use,1,2044,7200,
20,15_end_use,1,2045,7500,
20,15_end_use,1,2046,7800,
20,15_end_use,1,2047,8100,
20,15_end_use,1,2048,8300,
20,15_end_use,1,2049,8600,
20,15_end_use,1,2050,8900,
21,15_end_use,1,2023,2700,
21,15_end_use,1,2024,3000,
21,15_end_use,1,2025,3200,
21,15_end_use,1,2026,3500,
21,15_end_use,1,2027,3900,
21,15_end_use,1,2028,4200,
21,15_end_use,1,2029,4700,
21,15_end_use,1,2030,5100,
21,15_end_use,1,2031,5500,
21,15_end_use,1,2032,5700,
21,15_end_use,1,2033,6000,
21,15_end_use,1,2034,6200,
21,15_end_use,1,2035,6400,
21,15_end_use,1,2036,6600,
21,15_end_use,1,2037,6700,
21,15_end_use,1,2038,6900,
21,15_end_use,1,2039,7100,
21,15_end_use,1,2040,7200,
21,15_end_use,1,2041,7400,
21,15_end_use,1,2042,7600,
21,15_end_use,1,2043,7800,
21,15_end_use,1,2044,8000,
21,15_end_use,1,2045,8200,
21,15_end_use,1,2046,8400,
21,15_end_use,1,2047,8600,
21,15_end_use,1,2048,8800,
21,15_end_use,1,2049,9000,
21,15_end_use,1,2050,9200,
22,15_end_use,1,2023,3800,
22,15_end_use,1,2024,4200,
22,15_end_use,1,2025,4500,
22,15_end_use,1,2026,4900,
22,15_end_use,1,2027,5400,
22,15_end_use,1,2028,5900,
22,15_end_use,1,2029,6500,
22,15_end_use,1,2030,7100,
22,15_end_use,1,2031,7600,
22,15_end_use,1,2032,8000,
22,15_end_use,1,2033,8300,
22,15_end_use,1,2034,8600,
22,15_end_use,1,2035,8900,
22,15_end_use,1,2036,9200,
22,15_end_use,1,2037,9400,
22,15_end_use,1,2038,9600,
22,15_end_use,1,2039,9800,
22,15_end_use,1,2040,10000,
22,15_end_use,1,2041,10300,
22,15_end_use,1,2042,10600,
22,15_end_use,1,2043,10800,
22,15_end_use,1,2044,11100,
22,15_end_use,1,2045,11400,
22,15_end_use,1,2046,11600,
22,15_end_use,1,2047,12000,
22,15_end_use,1,2048,12200,
22,15_end_use,1,2049,12500,
22,15_end_use,1,2050,12800,
23,15_end_use,1,2023,4000,
23,15_end_use,1,2024,4400,
23,15_end_use,1,2025,4700,
23,15_end_use,1,2026,5200,
23,15_end_use,1,2027,5700,
23,15_end_use,1,2028,6300,
23,15_end_use,1,2029,7000,
23,15_end_use,1,2030,7600,
23,15_end_use,1,2031,8200,
23,15_end_use,1,2032,8600,
23,15_end_use,1,2033,9000,
23,15_end_use,1,2034,9300,
23,15_end_use,1,2035,9600,
23,15_end_use,1,2036,10000,
23,15_end_use,1,2037,10200,
23,15_end_use,1,2038,10500,
23,15_end_use,1,2039,10800,
23,15_end_use,1,2040,11000,
23,15_end_use,1,2041,11300,
23,15_end_use,1,2042,11700,
23,15_end_use,1,2043,12000,
23,15_end_use,1,2044,12300,
23,15_end_use,1,2045,12600,
23,15_end_use,1,2046,12900,
23,15_end_use,1,2047,13300,
23,15_end_use,1,2048,13600,
23,15_end_use,1,2049,14000,
23,15_end_use,1,2050,14300,
24,15_end_use,1,2023,800,
24,15_end_use,1,2024,900,
24,15_end_use,1,2025,1000,
24,15_end_use,1,2026,1200,
24,15_end_use,1,2027,1300,
24,15_end_use,1,2028,1500,
24,15_end_use,1,2029,1600,
24,15_end_use,1,2030,1800,
24,15_end_use,1,2031,2000,
24,15_end_use,1,2032,2100,
24,15_end_use,1,2033,2300,
24,15_end_use,1,2034,2400,
24,15_end_use,1,2035,2600,
24,15_end_use,1,2036,2700,
24,15_end_use,1,2037,2900,
24,15_end_use,1,2038,3000,
24,15_end_use,1,2039,3200,
24,15_end_use,1,2040,3300,
24,15_end_use,1,2041,3500,
24,15_end_use,1,2042,3700,
24,15_end_use,1,2043,3800,
24,15_end_use,1,2044,4000,
24,15_end_use,1,2045,4100,
24,15_end_use,1,2046,4300,
24,15_end_use,1,2047,4400,
24,15_end_use,1,2048,4600,
24,15_end_use,1,2049,4800,
24,15_end_use,1,2050,4900,
25,15_end_use,1,2023,1100,
25,15_end_use,1,2024,1200,
25,15_end_use,1,2025,1400,
25,15_end_use,1,2026,1600,
25,15_end_use,1,2027,1800,
25,15_end_use,1,2028,2000,
25,15_end_use,1,2029,2200,
25,15_end_use,1,2030,2500,
25,15_end_use,1,2031,2700,
25,15_end_use,1,2032,2900,
25,15_end_use,1,2033,3100,
25,15_end_use,1,2034,3300,
25,15_end_use,1,2035,3500,
25,15_end_use,1,2036,3700,
25,15_end_use,1,2037,3900,
25,15_end_use,1,2038,4100,
25,15_end_use,1,2039,4300,
25,15_end_use,1,2040,4500,
25,15_end_use,1,2041,4800,
25,15_end_use,1,2042,5000,
25,15_end_use,1,2043,5200,
25,15_end_use,1,2044,5400,
25,15_end_use,1,2045,5600,
25,15_end_use,1,2046,5800,
25,15_end_use,1,2047,6100,
25,15_end_use,1,2048,6300,
25,15_end_use,1,2049,6500,
25,15_end_use,1,2050,6700,
