region_dest,region_source,year,season,tran_limit_mw,notes
1,17,2023,1,820,
1,17,2024,1,820,
1,17,2025,1,820,
1,17,2026,1,820,
1,17,2027,1,820,
1,17,2028,1,820,
1,17,2029,1,820,
1,17,2030,1,820,
1,17,2031,1,820,
1,17,2032,1,820,
1,17,2033,1,820,
1,17,2034,1,820,
1,17,2035,1,820,
1,17,2036,1,820,
1,17,2037,1,820,
1,17,2038,1,820,
1,17,2039,1,820,
1,17,2040,1,820,
1,17,2041,1,820,
1,17,2042,1,820,
1,17,2043,1,820,
1,17,2044,1,820,
1,17,2045,1,820,
1,17,2046,1,820,
1,17,2047,1,820,
1,17,2048,1,820,
1,17,2049,1,820,
1,17,2050,1,820,
1,17,2023,2,820,
1,17,2024,2,820,
1,17,2025,2,820,
1,17,2026,2,820,
1,17,2027,2,820,
1,17,2028,2,820,
1,17,2029,2,820,
1,17,2030,2,820,
1,17,2031,2,820,
1,17,2032,2,820,
1,17,2033,2,820,
1,17,2034,2,820,
1,17,2035,2,820,
1,17,2036,2,820,
1,17,2037,2,820,
1,17,2038,2,820,
1,17,2039,2,820,
1,17,2040,2,820,
1,17,2041,2,820,
1,17,2042,2,820,
1,17,2043,2,820,
1,17,2044,2,820,
1,17,2045,2,820,
1,17,2046,2,820,
1,17,2047,2,820,
1,17,2048,2,820,
1,17,2049,2,820,
1,17,2050,2,820,
1,17,2023,3,820,
1,17,2024,3,820,
1,17,2025,3,820,
1,17,2026,3,820,
1,17,2027,3,820,
1,17,2028,3,820,
1,17,2029,3,820,
1,17,2030,3,820,
1,17,2031,3,820,
1,17,2032,3,820,
1,17,2033,3,820,
1,17,2034,3,820,
1,17,2035,3,820,
1,17,2036,3,820,
1,17,2037,3,820,
1,17,2038,3,820,
1,17,2039,3,820,
1,17,2040,3,820,
1,17,2041,3,820,
1,17,2042,3,820,
1,17,2043,3,820,
1,17,2044,3,820,
1,17,2045,3,820,
1,17,2046,3,820,
1,17,2047,3,820,
1,17,2048,3,820,
1,17,2049,3,820,
1,17,2050,3,820,
2,15,2023,1,3600,
2,15,2024,1,3600,
2,15,2025,1,3600,
2,15,2026,1,3600,
2,15,2027,1,3600,
2,15,2028,1,3600,
2,15,2029,1,3600,
2,15,2030,1,3600,
2,15,2031,1,3600,
2,15,2032,1,3600,
2,15,2033,1,3600,
2,15,2034,1,3600,
2,15,2035,1,3600,
2,15,2036,1,3600,
2,15,2037,1,3600,
2,15,2038,1,3600,
2,15,2039,1,3600,
2,15,2040,1,3600,
2,15,2041,1,3600,
2,15,2042,1,3600,
2,15,2043,1,3600,
2,15,2044,1,3600,
2,15,2045,1,3600,
2,15,2046,1,3600,
2,15,2047,1,3600,
2,15,2048,1,3600,
2,15,2049,1,3600,
2,15,2050,1,3600,
2,15,2023,2,3600,
2,15,2024,2,3600,
2,15,2025,2,3600,
2,15,2026,2,3600,
2,15,2027,2,3600,
2,15,2028,2,3600,
2,15,2029,2,3600,
2,15,2030,2,3600,
2,15,2031,2,3600,
2,15,2032,2,3600,
2,15,2033,2,3600,
2,15,2034,2,3600,
2,15,2035,2,3600,
2,15,2036,2,3600,
2,15,2037,2,3600,
2,15,2038,2,3600,
2,15,2039,2,3600,
2,15,2040,2,3600,
2,15,2041,2,3600,
2,15,2042,2,3600,
2,15,2043,2,3600,
2,15,2044,2,3600,
2,15,2045,2,3600,
2,15,2046,2,3600,
2,15,2047,2,3600,
2,15,2048,2,3600,
2,15,2049,2,3600,
2,15,2050,2,3600,
2,15,2023,3,3600,
2,15,2024,3,3600,
2,15,2025,3,3600,
2,15,2026,3,3600,
2,15,2027,3,3600,
2,15,2028,3,3600,
2,15,2029,3,3600,
2,15,2030,3,3600,
2,15,2031,3,3600,
2,15,2032,3,3600,
2,15,2033,3,3600,
2,15,2034,3,3600,
2,15,2035,3,3600,
2,15,2036,3,3600,
2,15,2037,3,3600,
2,15,2038,3,3600,
2,15,2039,3,3600,
2,15,2040,3,3600,
2,15,2041,3,3600,
2,15,2042,3,3600,
2,15,2043,3,3600,
2,15,2044,3,3600,
2,15,2045,3,3600,
2,15,2046,3,3600,
2,15,2047,3,3600,
2,15,2048,3,3600,
2,15,2049,3,3600,
2,15,2050,3,3600,
3,4,2023,1,888,
3,4,2024,1,888,
3,4,2025,1,888,
3,4,2026,1,888,
3,4,2027,1,888,
3,4,2028,1,888,
3,4,2029,1,888,
3,4,2030,1,888,
3,4,2031,1,888,
3,4,2032,1,888,
3,4,2033,1,888,
3,4,2034,1,888,
3,4,2035,1,888,
3,4,2036,1,888,
3,4,2037,1,888,
3,4,2038,1,888,
3,4,2039,1,888,
3,4,2040,1,888,
3,4,2041,1,888,
3,4,2042,1,888,
3,4,2043,1,888,
3,4,2044,1,888,
3,4,2045,1,888,
3,4,2046,1,888,
3,4,2047,1,888,
3,4,2048,1,888,
3,4,2049,1,888,
3,4,2050,1,888,
3,4,2023,2,888,
3,4,2024,2,888,
3,4,2025,2,888,
3,4,2026,2,888,
3,4,2027,2,888,
3,4,2028,2,888,
3,4,2029,2,888,
3,4,2030,2,888,
3,4,2031,2,888,
3,4,2032,2,888,
3,4,2033,2,888,
3,4,2034,2,888,
3,4,2035,2,888,
3,4,2036,2,888,
3,4,2037,2,888,
3,4,2038,2,888,
3,4,2039,2,888,
3,4,2040,2,888,
3,4,2041,2,888,
3,4,2042,2,888,
3,4,2043,2,888,
3,4,2044,2,888,
3,4,2045,2,888,
3,4,2046,2,888,
3,4,2047,2,888,
3,4,2048,2,888,
3,4,2049,2,888,
3,4,2050,2,888,
3,4,2023,3,888,
3,4,2024,3,888,
3,4,2025,3,888,
3,4,2026,3,888,
3,4,2027,3,888,
3,4,2028,3,888,
3,4,2029,3,888,
3,4,2030,3,888,
3,4,2031,3,888,
3,4,2032,3,888,
3,4,2033,3,888,
3,4,2034,3,888,
3,4,2035,3,888,
3,4,2036,3,888,
3,4,2037,3,888,
3,4,2038,3,888,
3,4,2039,3,888,
3,4,2040,3,888,
3,4,2041,3,888,
3,4,2042,3,888,
3,4,2043,3,888,
3,4,2044,3,888,
3,4,2045,3,888,
3,4,2046,3,888,
3,4,2047,3,888,
3,4,2048,3,888,
3,4,2049,3,888,
3,4,2050,3,888,
3,12,2023,1,1996,
3,12,2024,1,1996,
3,12,2025,1,1996,
3,12,2026,1,1996,
3,12,2027,1,1996,
3,12,2028,1,1996,
3,12,2029,1,1996,
3,12,2030,1,1996,
3,12,2031,1,1996,
3,12,2032,1,1996,
3,12,2033,1,1996,
3,12,2034,1,1996,
3,12,2035,1,1996,
3,12,2036,1,1996,
3,12,2037,1,1996,
3,12,2038,1,1996,
3,12,2039,1,1996,
3,12,2040,1,1996,
3,12,2041,1,1996,
3,12,2042,1,1996,
3,12,2043,1,1996,
3,12,2044,1,1996,
3,12,2045,1,1996,
3,12,2046,1,1996,
3,12,2047,1,1996,
3,12,2048,1,1996,
3,12,2049,1,1996,
3,12,2050,1,1996,
3,12,2023,2,1996,
3,12,2024,2,1996,
3,12,2025,2,1996,
3,12,2026,2,1996,
3,12,2027,2,1996,
3,12,2028,2,1996,
3,12,2029,2,1996,
3,12,2030,2,1996,
3,12,2031,2,1996,
3,12,2032,2,1996,
3,12,2033,2,1996,
3,12,2034,2,1996,
3,12,2035,2,1996,
3,12,2036,2,1996,
3,12,2037,2,1996,
3,12,2038,2,1996,
3,12,2039,2,1996,
3,12,2040,2,1996,
3,12,2041,2,1996,
3,12,2042,2,1996,
3,12,2043,2,1996,
3,12,2044,2,1996,
3,12,2045,2,1996,
3,12,2046,2,1996,
3,12,2047,2,1996,
3,12,2048,2,1996,
3,12,2049,2,1996,
3,12,2050,2,1996,
3,12,2023,3,1996,
3,12,2024,3,1996,
3,12,2025,3,1996,
3,12,2026,3,1996,
3,12,2027,3,1996,
3,12,2028,3,1996,
3,12,2029,3,1996,
3,12,2030,3,1996,
3,12,2031,3,1996,
3,12,2032,3,1996,
3,12,2033,3,1996,
3,12,2034,3,1996,
3,12,2035,3,1996,
3,12,2036,3,1996,
3,12,2037,3,1996,
3,12,2038,3,1996,
3,12,2039,3,1996,
3,12,2040,3,1996,
3,12,2041,3,1996,
3,12,2042,3,1996,
3,12,2043,3,1996,
3,12,2044,3,1996,
3,12,2045,3,1996,
3,12,2046,3,1996,
3,12,2047,3,1996,
3,12,2048,3,1996,
3,12,2049,3,1996,
3,12,2050,3,1996,
3,18,2023,1,429,
3,18,2024,1,429,
3,18,2025,1,429,
3,18,2026,1,429,
3,18,2027,1,429,
3,18,2028,1,429,
3,18,2029,1,429,
3,18,2030,1,429,
3,18,2031,1,429,
3,18,2032,1,429,
3,18,2033,1,429,
3,18,2034,1,429,
3,18,2035,1,429,
3,18,2036,1,429,
3,18,2037,1,429,
3,18,2038,1,429,
3,18,2039,1,429,
3,18,2040,1,429,
3,18,2041,1,429,
3,18,2042,1,429,
3,18,2043,1,429,
3,18,2044,1,429,
3,18,2045,1,429,
3,18,2046,1,429,
3,18,2047,1,429,
3,18,2048,1,429,
3,18,2049,1,429,
3,18,2050,1,429,
3,18,2023,2,429,
3,18,2024,2,429,
3,18,2025,2,429,
3,18,2026,2,429,
3,18,2027,2,429,
3,18,2028,2,429,
3,18,2029,2,429,
3,18,2030,2,429,
3,18,2031,2,429,
3,18,2032,2,429,
3,18,2033,2,429,
3,18,2034,2,429,
3,18,2035,2,429,
3,18,2036,2,429,
3,18,2037,2,429,
3,18,2038,2,429,
3,18,2039,2,429,
3,18,2040,2,429,
3,18,2041,2,429,
3,18,2042,2,429,
3,18,2043,2,429,
3,18,2044,2,429,
3,18,2045,2,429,
3,18,2046,2,429,
3,18,2047,2,429,
3,18,2048,2,429,
3,18,2049,2,429,
3,18,2050,2,429,
3,18,2023,3,429,
3,18,2024,3,429,
3,18,2025,3,429,
3,18,2026,3,429,
3,18,2027,3,429,
3,18,2028,3,429,
3,18,2029,3,429,
3,18,2030,3,429,
3,18,2031,3,429,
3,18,2032,3,429,
3,18,2033,3,429,
3,18,2034,3,429,
3,18,2035,3,429,
3,18,2036,3,429,
3,18,2037,3,429,
3,18,2038,3,429,
3,18,2039,3,429,
3,18,2040,3,429,
3,18,2041,3,429,
3,18,2042,3,429,
3,18,2043,3,429,
3,18,2044,3,429,
3,18,2045,3,429,
3,18,2046,3,429,
3,18,2047,3,429,
3,18,2048,3,429,
3,18,2049,3,429,
3,18,2050,3,429,
3,19,2023,1,9521,
3,19,2024,1,9521,
3,19,2025,1,9521,
3,19,2026,1,9521,
3,19,2027,1,9521,
3,19,2028,1,9521,
3,19,2029,1,9521,
3,19,2030,1,9521,
3,19,2031,1,9521,
3,19,2032,1,9521,
3,19,2033,1,9521,
3,19,2034,1,9521,
3,19,2035,1,9521,
3,19,2036,1,9521,
3,19,2037,1,9521,
3,19,2038,1,9521,
3,19,2039,1,9521,
3,19,2040,1,9521,
3,19,2041,1,9521,
3,19,2042,1,9521,
3,19,2043,1,9521,
3,19,2044,1,9521,
3,19,2045,1,9521,
3,19,2046,1,9521,
3,19,2047,1,9521,
3,19,2048,1,9521,
3,19,2049,1,9521,
3,19,2050,1,9521,
3,19,2023,2,9521,
3,19,2024,2,9521,
3,19,2025,2,9521,
3,19,2026,2,9521,
3,19,2027,2,9521,
3,19,2028,2,9521,
3,19,2029,2,9521,
3,19,2030,2,9521,
3,19,2031,2,9521,
3,19,2032,2,9521,
3,19,2033,2,9521,
3,19,2034,2,9521,
3,19,2035,2,9521,
3,19,2036,2,9521,
3,19,2037,2,9521,
3,19,2038,2,9521,
3,19,2039,2,9521,
3,19,2040,2,9521,
3,19,2041,2,9521,
3,19,2042,2,9521,
3,19,2043,2,9521,
3,19,2044,2,9521,
3,19,2045,2,9521,
3,19,2046,2,9521,
3,19,2047,2,9521,
3,19,2048,2,9521,
3,19,2049,2,9521,
3,19,2050,2,9521,
3,19,2023,3,9521,
3,19,2024,3,9521,
3,19,2025,3,9521,
3,19,2026,3,9521,
3,19,2027,3,9521,
3,19,2028,3,9521,
3,19,2029,3,9521,
3,19,2030,3,9521,
3,19,2031,3,9521,
3,19,2032,3,9521,
3,19,2033,3,9521,
3,19,2034,3,9521,
3,19,2035,3,9521,
3,19,2036,3,9521,
3,19,2037,3,9521,
3,19,2038,3,9521,
3,19,2039,3,9521,
3,19,2040,3,9521,
3,19,2041,3,9521,
3,19,2042,3,9521,
3,19,2043,3,9521,
3,19,2044,3,9521,
3,19,2045,3,9521,
3,19,2046,3,9521,
3,19,2047,3,9521,
3,19,2048,3,9521,
3,19,2049,3,9521,
3,19,2050,3,9521,
4,3,2023,1,888,
4,3,2024,1,888,
4,3,2025,1,888,
4,3,2026,1,888,
4,3,2027,1,888,
4,3,2028,1,888,
4,3,2029,1,888,
4,3,2030,1,888,
4,3,2031,1,888,
4,3,2032,1,888,
4,3,2033,1,888,
4,3,2034,1,888,
4,3,2035,1,888,
4,3,2036,1,888,
4,3,2037,1,888,
4,3,2038,1,888,
4,3,2039,1,888,
4,3,2040,1,888,
4,3,2041,1,888,
4,3,2042,1,888,
4,3,2043,1,888,
4,3,2044,1,888,
4,3,2045,1,888,
4,3,2046,1,888,
4,3,2047,1,888,
4,3,2048,1,888,
4,3,2049,1,888,
4,3,2050,1,888,
4,3,2023,2,888,
4,3,2024,2,888,
4,3,2025,2,888,
4,3,2026,2,888,
4,3,2027,2,888,
4,3,2028,2,888,
4,3,2029,2,888,
4,3,2030,2,888,
4,3,2031,2,888,
4,3,2032,2,888,
4,3,2033,2,888,
4,3,2034,2,888,
4,3,2035,2,888,
4,3,2036,2,888,
4,3,2037,2,888,
4,3,2038,2,888,
4,3,2039,2,888,
4,3,2040,2,888,
4,3,2041,2,888,
4,3,2042,2,888,
4,3,2043,2,888,
4,3,2044,2,888,
4,3,2045,2,888,
4,3,2046,2,888,
4,3,2047,2,888,
4,3,2048,2,888,
4,3,2049,2,888,
4,3,2050,2,888,
4,3,2023,3,888,
4,3,2024,3,888,
4,3,2025,3,888,
4,3,2026,3,888,
4,3,2027,3,888,
4,3,2028,3,888,
4,3,2029,3,888,
4,3,2030,3,888,
4,3,2031,3,888,
4,3,2032,3,888,
4,3,2033,3,888,
4,3,2034,3,888,
4,3,2035,3,888,
4,3,2036,3,888,
4,3,2037,3,888,
4,3,2038,3,888,
4,3,2039,3,888,
4,3,2040,3,888,
4,3,2041,3,888,
4,3,2042,3,888,
4,3,2043,3,888,
4,3,2044,3,888,
4,3,2045,3,888,
4,3,2046,3,888,
4,3,2047,3,888,
4,3,2048,3,888,
4,3,2049,3,888,
4,3,2050,3,888,
4,5,2023,1,378,
4,5,2024,1,378,
4,5,2025,1,378,
4,5,2026,1,378,
4,5,2027,1,378,
4,5,2028,1,378,
4,5,2029,1,378,
4,5,2030,1,378,
4,5,2031,1,378,
4,5,2032,1,378,
4,5,2033,1,378,
4,5,2034,1,378,
4,5,2035,1,378,
4,5,2036,1,378,
4,5,2037,1,378,
4,5,2038,1,378,
4,5,2039,1,378,
4,5,2040,1,378,
4,5,2041,1,378,
4,5,2042,1,378,
4,5,2043,1,378,
4,5,2044,1,378,
4,5,2045,1,378,
4,5,2046,1,378,
4,5,2047,1,378,
4,5,2048,1,378,
4,5,2049,1,378,
4,5,2050,1,378,
4,5,2023,2,378,
4,5,2024,2,378,
4,5,2025,2,378,
4,5,2026,2,378,
4,5,2027,2,378,
4,5,2028,2,378,
4,5,2029,2,378,
4,5,2030,2,378,
4,5,2031,2,378,
4,5,2032,2,378,
4,5,2033,2,378,
4,5,2034,2,378,
4,5,2035,2,378,
4,5,2036,2,378,
4,5,2037,2,378,
4,5,2038,2,378,
4,5,2039,2,378,
4,5,2040,2,378,
4,5,2041,2,378,
4,5,2042,2,378,
4,5,2043,2,378,
4,5,2044,2,378,
4,5,2045,2,378,
4,5,2046,2,378,
4,5,2047,2,378,
4,5,2048,2,378,
4,5,2049,2,378,
4,5,2050,2,378,
4,5,2023,3,378,
4,5,2024,3,378,
4,5,2025,3,378,
4,5,2026,3,378,
4,5,2027,3,378,
4,5,2028,3,378,
4,5,2029,3,378,
4,5,2030,3,378,
4,5,2031,3,378,
4,5,2032,3,378,
4,5,2033,3,378,
4,5,2034,3,378,
4,5,2035,3,378,
4,5,2036,3,378,
4,5,2037,3,378,
4,5,2038,3,378,
4,5,2039,3,378,
4,5,2040,3,378,
4,5,2041,3,378,
4,5,2042,3,378,
4,5,2043,3,378,
4,5,2044,3,378,
4,5,2045,3,378,
4,5,2046,3,378,
4,5,2047,3,378,
4,5,2048,3,378,
4,5,2049,3,378,
4,5,2050,3,378,
4,11,2023,1,10262,
4,11,2024,1,10262,
4,11,2025,1,10262,
4,11,2026,1,10262,
4,11,2027,1,10262,
4,11,2028,1,10262,
4,11,2029,1,10262,
4,11,2030,1,10262,
4,11,2031,1,10262,
4,11,2032,1,10262,
4,11,2033,1,10262,
4,11,2034,1,10262,
4,11,2035,1,10262,
4,11,2036,1,10262,
4,11,2037,1,10262,
4,11,2038,1,10262,
4,11,2039,1,10262,
4,11,2040,1,10262,
4,11,2041,1,10262,
4,11,2042,1,10262,
4,11,2043,1,10262,
4,11,2044,1,10262,
4,11,2045,1,10262,
4,11,2046,1,10262,
4,11,2047,1,10262,
4,11,2048,1,10262,
4,11,2049,1,10262,
4,11,2050,1,10262,
4,11,2023,2,10262,
4,11,2024,2,10262,
4,11,2025,2,10262,
4,11,2026,2,10262,
4,11,2027,2,10262,
4,11,2028,2,10262,
4,11,2029,2,10262,
4,11,2030,2,10262,
4,11,2031,2,10262,
4,11,2032,2,10262,
4,11,2033,2,10262,
4,11,2034,2,10262,
4,11,2035,2,10262,
4,11,2036,2,10262,
4,11,2037,2,10262,
4,11,2038,2,10262,
4,11,2039,2,10262,
4,11,2040,2,10262,
4,11,2041,2,10262,
4,11,2042,2,10262,
4,11,2043,2,10262,
4,11,2044,2,10262,
4,11,2045,2,10262,
4,11,2046,2,10262,
4,11,2047,2,10262,
4,11,2048,2,10262,
4,11,2049,2,10262,
4,11,2050,2,10262,
4,11,2023,3,10262,
4,11,2024,3,10262,
4,11,2025,3,10262,
4,11,2026,3,10262,
4,11,2027,3,10262,
4,11,2028,3,10262,
4,11,2029,3,10262,
4,11,2030,3,10262,
4,11,2031,3,10262,
4,11,2032,3,10262,
4,11,2033,3,10262,
4,11,2034,3,10262,
4,11,2035,3,10262,
4,11,2036,3,10262,
4,11,2037,3,10262,
4,11,2038,3,10262,
4,11,2039,3,10262,
4,11,2040,3,10262,
4,11,2041,3,10262,
4,11,2042,3,10262,
4,11,2043,3,10262,
4,11,2044,3,10262,
4,11,2045,3,10262,
4,11,2046,3,10262,
4,11,2047,3,10262,
4,11,2048,3,10262,
4,11,2049,3,10262,
4,11,2050,3,10262,
4,12,2023,1,8746,
4,12,2024,1,8746,
4,12,2025,1,8746,
4,12,2026,1,8746,
4,12,2027,1,8746,
4,12,2028,1,8746,
4,12,2029,1,8746,
4,12,2030,1,8746,
4,12,2031,1,8746,
4,12,2032,1,8746,
4,12,2033,1,8746,
4,12,2034,1,8746,
4,12,2035,1,8746,
4,12,2036,1,8746,
4,12,2037,1,8746,
4,12,2038,1,8746,
4,12,2039,1,8746,
4,12,2040,1,8746,
4,12,2041,1,8746,
4,12,2042,1,8746,
4,12,2043,1,8746,
4,12,2044,1,8746,
4,12,2045,1,8746,
4,12,2046,1,8746,
4,12,2047,1,8746,
4,12,2048,1,8746,
4,12,2049,1,8746,
4,12,2050,1,8746,
4,12,2023,2,8746,
4,12,2024,2,8746,
4,12,2025,2,8746,
4,12,2026,2,8746,
4,12,2027,2,8746,
4,12,2028,2,8746,
4,12,2029,2,8746,
4,12,2030,2,8746,
4,12,2031,2,8746,
4,12,2032,2,8746,
4,12,2033,2,8746,
4,12,2034,2,8746,
4,12,2035,2,8746,
4,12,2036,2,8746,
4,12,2037,2,8746,
4,12,2038,2,8746,
4,12,2039,2,8746,
4,12,2040,2,8746,
4,12,2041,2,8746,
4,12,2042,2,8746,
4,12,2043,2,8746,
4,12,2044,2,8746,
4,12,2045,2,8746,
4,12,2046,2,8746,
4,12,2047,2,8746,
4,12,2048,2,8746,
4,12,2049,2,8746,
4,12,2050,2,8746,
4,12,2023,3,8746,
4,12,2024,3,8746,
4,12,2025,3,8746,
4,12,2026,3,8746,
4,12,2027,3,8746,
4,12,2028,3,8746,
4,12,2029,3,8746,
4,12,2030,3,8746,
4,12,2031,3,8746,
4,12,2032,3,8746,
4,12,2033,3,8746,
4,12,2034,3,8746,
4,12,2035,3,8746,
4,12,2036,3,8746,
4,12,2037,3,8746,
4,12,2038,3,8746,
4,12,2039,3,8746,
4,12,2040,3,8746,
4,12,2041,3,8746,
4,12,2042,3,8746,
4,12,2043,3,8746,
4,12,2044,3,8746,
4,12,2045,3,8746,
4,12,2046,3,8746,
4,12,2047,3,8746,
4,12,2048,3,8746,
4,12,2049,3,8746,
4,12,2050,3,8746,
4,16,2023,1,8367,
4,16,2024,1,8367,
4,16,2025,1,8367,
4,16,2026,1,8367,
4,16,2027,1,8367,
4,16,2028,1,8367,
4,16,2029,1,8367,
4,16,2030,1,8367,
4,16,2031,1,8367,
4,16,2032,1,8367,
4,16,2033,1,8367,
4,16,2034,1,8367,
4,16,2035,1,8367,
4,16,2036,1,8367,
4,16,2037,1,8367,
4,16,2038,1,8367,
4,16,2039,1,8367,
4,16,2040,1,8367,
4,16,2041,1,8367,
4,16,2042,1,8367,
4,16,2043,1,8367,
4,16,2044,1,8367,
4,16,2045,1,8367,
4,16,2046,1,8367,
4,16,2047,1,8367,
4,16,2048,1,8367,
4,16,2049,1,8367,
4,16,2050,1,8367,
4,16,2023,2,8367,
4,16,2024,2,8367,
4,16,2025,2,8367,
4,16,2026,2,8367,
4,16,2027,2,8367,
4,16,2028,2,8367,
4,16,2029,2,8367,
4,16,2030,2,8367,
4,16,2031,2,8367,
4,16,2032,2,8367,
4,16,2033,2,8367,
4,16,2034,2,8367,
4,16,2035,2,8367,
4,16,2036,2,8367,
4,16,2037,2,8367,
4,16,2038,2,8367,
4,16,2039,2,8367,
4,16,2040,2,8367,
4,16,2041,2,8367,
4,16,2042,2,8367,
4,16,2043,2,8367,
4,16,2044,2,8367,
4,16,2045,2,8367,
4,16,2046,2,8367,
4,16,2047,2,8367,
4,16,2048,2,8367,
4,16,2049,2,8367,
4,16,2050,2,8367,
4,16,2023,3,8367,
4,16,2024,3,8367,
4,16,2025,3,8367,
4,16,2026,3,8367,
4,16,2027,3,8367,
4,16,2028,3,8367,
4,16,2029,3,8367,
4,16,2030,3,8367,
4,16,2031,3,8367,
4,16,2032,3,8367,
4,16,2033,3,8367,
4,16,2034,3,8367,
4,16,2035,3,8367,
4,16,2036,3,8367,
4,16,2037,3,8367,
4,16,2038,3,8367,
4,16,2039,3,8367,
4,16,2040,3,8367,
4,16,2041,3,8367,
4,16,2042,3,8367,
4,16,2043,3,8367,
4,16,2044,3,8367,
4,16,2045,3,8367,
4,16,2046,3,8367,
4,16,2047,3,8367,
4,16,2048,3,8367,
4,16,2049,3,8367,
4,16,2050,3,8367,
4,17,2023,1,3000,
4,17,2024,1,3000,
4,17,2025,1,3000,
4,17,2026,1,3000,
4,17,2027,1,3000,
4,17,2028,1,3000,
4,17,2029,1,3000,
4,17,2030,1,3000,
4,17,2031,1,3000,
4,17,2032,1,3000,
4,17,2033,1,3000,
4,17,2034,1,3000,
4,17,2035,1,3000,
4,17,2036,1,3000,
4,17,2037,1,3000,
4,17,2038,1,3000,
4,17,2039,1,3000,
4,17,2040,1,3000,
4,17,2041,1,3000,
4,17,2042,1,3000,
4,17,2043,1,3000,
4,17,2044,1,3000,
4,17,2045,1,3000,
4,17,2046,1,3000,
4,17,2047,1,3000,
4,17,2048,1,3000,
4,17,2049,1,3000,
4,17,2050,1,3000,
4,17,2023,2,3000,
4,17,2024,2,3000,
4,17,2025,2,3000,
4,17,2026,2,3000,
4,17,2027,2,3000,
4,17,2028,2,3000,
4,17,2029,2,3000,
4,17,2030,2,3000,
4,17,2031,2,3000,
4,17,2032,2,3000,
4,17,2033,2,3000,
4,17,2034,2,3000,
4,17,2035,2,3000,
4,17,2036,2,3000,
4,17,2037,2,3000,
4,17,2038,2,3000,
4,17,2039,2,3000,
4,17,2040,2,3000,
4,17,2041,2,3000,
4,17,2042,2,3000,
4,17,2043,2,3000,
4,17,2044,2,3000,
4,17,2045,2,3000,
4,17,2046,2,3000,
4,17,2047,2,3000,
4,17,2048,2,3000,
4,17,2049,2,3000,
4,17,2050,2,3000,
4,17,2023,3,3000,
4,17,2024,3,3000,
4,17,2025,3,3000,
4,17,2026,3,3000,
4,17,2027,3,3000,
4,17,2028,3,3000,
4,17,2029,3,3000,
4,17,2030,3,3000,
4,17,2031,3,3000,
4,17,2032,3,3000,
4,17,2033,3,3000,
4,17,2034,3,3000,
4,17,2035,3,3000,
4,17,2036,3,3000,
4,17,2037,3,3000,
4,17,2038,3,3000,
4,17,2039,3,3000,
4,17,2040,3,3000,
4,17,2041,3,3000,
4,17,2042,3,3000,
4,17,2043,3,3000,
4,17,2044,3,3000,
4,17,2045,3,3000,
4,17,2046,3,3000,
4,17,2047,3,3000,
4,17,2048,3,3000,
4,17,2049,3,3000,
4,17,2050,3,3000,
4,18,2023,1,1138,
4,18,2024,1,1138,
4,18,2025,1,1138,
4,18,2026,1,1138,
4,18,2027,1,1138,
4,18,2028,1,1138,
4,18,2029,1,1138,
4,18,2030,1,1138,
4,18,2031,1,1138,
4,18,2032,1,1138,
4,18,2033,1,1138,
4,18,2034,1,1138,
4,18,2035,1,1138,
4,18,2036,1,1138,
4,18,2037,1,1138,
4,18,2038,1,1138,
4,18,2039,1,1138,
4,18,2040,1,1138,
4,18,2041,1,1138,
4,18,2042,1,1138,
4,18,2043,1,1138,
4,18,2044,1,1138,
4,18,2045,1,1138,
4,18,2046,1,1138,
4,18,2047,1,1138,
4,18,2048,1,1138,
4,18,2049,1,1138,
4,18,2050,1,1138,
4,18,2023,2,1138,
4,18,2024,2,1138,
4,18,2025,2,1138,
4,18,2026,2,1138,
4,18,2027,2,1138,
4,18,2028,2,1138,
4,18,2029,2,1138,
4,18,2030,2,1138,
4,18,2031,2,1138,
4,18,2032,2,1138,
4,18,2033,2,1138,
4,18,2034,2,1138,
4,18,2035,2,1138,
4,18,2036,2,1138,
4,18,2037,2,1138,
4,18,2038,2,1138,
4,18,2039,2,1138,
4,18,2040,2,1138,
4,18,2041,2,1138,
4,18,2042,2,1138,
4,18,2043,2,1138,
4,18,2044,2,1138,
4,18,2045,2,1138,
4,18,2046,2,1138,
4,18,2047,2,1138,
4,18,2048,2,1138,
4,18,2049,2,1138,
4,18,2050,2,1138,
4,18,2023,3,1138,
4,18,2024,3,1138,
4,18,2025,3,1138,
4,18,2026,3,1138,
4,18,2027,3,1138,
4,18,2028,3,1138,
4,18,2029,3,1138,
4,18,2030,3,1138,
4,18,2031,3,1138,
4,18,2032,3,1138,
4,18,2033,3,1138,
4,18,2034,3,1138,
4,18,2035,3,1138,
4,18,2036,3,1138,
4,18,2037,3,1138,
4,18,2038,3,1138,
4,18,2039,3,1138,
4,18,2040,3,1138,
4,18,2041,3,1138,
4,18,2042,3,1138,
4,18,2043,3,1138,
4,18,2044,3,1138,
4,18,2045,3,1138,
4,18,2046,3,1138,
4,18,2047,3,1138,
4,18,2048,3,1138,
4,18,2049,3,1138,
4,18,2050,3,1138,
5,4,2023,1,378,
5,4,2024,1,378,
5,4,2025,1,378,
5,4,2026,1,378,
5,4,2027,1,378,
5,4,2028,1,378,
5,4,2029,1,378,
5,4,2030,1,378,
5,4,2031,1,378,
5,4,2032,1,378,
5,4,2033,1,378,
5,4,2034,1,378,
5,4,2035,1,378,
5,4,2036,1,378,
5,4,2037,1,378,
5,4,2038,1,378,
5,4,2039,1,378,
5,4,2040,1,378,
5,4,2041,1,378,
5,4,2042,1,378,
5,4,2043,1,378,
5,4,2044,1,378,
5,4,2045,1,378,
5,4,2046,1,378,
5,4,2047,1,378,
5,4,2048,1,378,
5,4,2049,1,378,
5,4,2050,1,378,
5,4,2023,2,378,
5,4,2024,2,378,
5,4,2025,2,378,
5,4,2026,2,378,
5,4,2027,2,378,
5,4,2028,2,378,
5,4,2029,2,378,
5,4,2030,2,378,
5,4,2031,2,378,
5,4,2032,2,378,
5,4,2033,2,378,
5,4,2034,2,378,
5,4,2035,2,378,
5,4,2036,2,378,
5,4,2037,2,378,
5,4,2038,2,378,
5,4,2039,2,378,
5,4,2040,2,378,
5,4,2041,2,378,
5,4,2042,2,378,
5,4,2043,2,378,
5,4,2044,2,378,
5,4,2045,2,378,
5,4,2046,2,378,
5,4,2047,2,378,
5,4,2048,2,378,
5,4,2049,2,378,
5,4,2050,2,378,
5,4,2023,3,378,
5,4,2024,3,378,
5,4,2025,3,378,
5,4,2026,3,378,
5,4,2027,3,378,
5,4,2028,3,378,
5,4,2029,3,378,
5,4,2030,3,378,
5,4,2031,3,378,
5,4,2032,3,378,
5,4,2033,3,378,
5,4,2034,3,378,
5,4,2035,3,378,
5,4,2036,3,378,
5,4,2037,3,378,
5,4,2038,3,378,
5,4,2039,3,378,
5,4,2040,3,378,
5,4,2041,3,378,
5,4,2042,3,378,
5,4,2043,3,378,
5,4,2044,3,378,
5,4,2045,3,378,
5,4,2046,3,378,
5,4,2047,3,378,
5,4,2048,3,378,
5,4,2049,3,378,
5,4,2050,3,378,
5,11,2023,1,1526,
5,11,2024,1,1526,
5,11,2025,1,1526,
5,11,2026,1,1526,
5,11,2027,1,1526,
5,11,2028,1,1526,
5,11,2029,1,1526,
5,11,2030,1,1526,
5,11,2031,1,1526,
5,11,2032,1,1526,
5,11,2033,1,1526,
5,11,2034,1,1526,
5,11,2035,1,1526,
5,11,2036,1,1526,
5,11,2037,1,1526,
5,11,2038,1,1526,
5,11,2039,1,1526,
5,11,2040,1,1526,
5,11,2041,1,1526,
5,11,2042,1,1526,
5,11,2043,1,1526,
5,11,2044,1,1526,
5,11,2045,1,1526,
5,11,2046,1,1526,
5,11,2047,1,1526,
5,11,2048,1,1526,
5,11,2049,1,1526,
5,11,2050,1,1526,
5,11,2023,2,1526,
5,11,2024,2,1526,
5,11,2025,2,1526,
5,11,2026,2,1526,
5,11,2027,2,1526,
5,11,2028,2,1526,
5,11,2029,2,1526,
5,11,2030,2,1526,
5,11,2031,2,1526,
5,11,2032,2,1526,
5,11,2033,2,1526,
5,11,2034,2,1526,
5,11,2035,2,1526,
5,11,2036,2,1526,
5,11,2037,2,1526,
5,11,2038,2,1526,
5,11,2039,2,1526,
5,11,2040,2,1526,
5,11,2041,2,1526,
5,11,2042,2,1526,
5,11,2043,2,1526,
5,11,2044,2,1526,
5,11,2045,2,1526,
5,11,2046,2,1526,
5,11,2047,2,1526,
5,11,2048,2,1526,
5,11,2049,2,1526,
5,11,2050,2,1526,
5,11,2023,3,1526,
5,11,2024,3,1526,
5,11,2025,3,1526,
5,11,2026,3,1526,
5,11,2027,3,1526,
5,11,2028,3,1526,
5,11,2029,3,1526,
5,11,2030,3,1526,
5,11,2031,3,1526,
5,11,2032,3,1526,
5,11,2033,3,1526,
5,11,2034,3,1526,
5,11,2035,3,1526,
5,11,2036,3,1526,
5,11,2037,3,1526,
5,11,2038,3,1526,
5,11,2039,3,1526,
5,11,2040,3,1526,
5,11,2041,3,1526,
5,11,2042,3,1526,
5,11,2043,3,1526,
5,11,2044,3,1526,
5,11,2045,3,1526,
5,11,2046,3,1526,
5,11,2047,3,1526,
5,11,2048,3,1526,
5,11,2049,3,1526,
5,11,2050,3,1526,
6,15,2023,1,3000,
6,15,2024,1,3000,
6,15,2025,1,3000,
6,15,2026,1,3000,
6,15,2027,1,3000,
6,15,2028,1,3000,
6,15,2029,1,3000,
6,15,2030,1,3000,
6,15,2031,1,3000,
6,15,2032,1,3000,
6,15,2033,1,3000,
6,15,2034,1,3000,
6,15,2035,1,3000,
6,15,2036,1,3000,
6,15,2037,1,3000,
6,15,2038,1,3000,
6,15,2039,1,3000,
6,15,2040,1,3000,
6,15,2041,1,3000,
6,15,2042,1,3000,
6,15,2043,1,3000,
6,15,2044,1,3000,
6,15,2045,1,3000,
6,15,2046,1,3000,
6,15,2047,1,3000,
6,15,2048,1,3000,
6,15,2049,1,3000,
6,15,2050,1,3000,
6,15,2023,2,3000,
6,15,2024,2,3000,
6,15,2025,2,3000,
6,15,2026,2,3000,
6,15,2027,2,3000,
6,15,2028,2,3000,
6,15,2029,2,3000,
6,15,2030,2,3000,
6,15,2031,2,3000,
6,15,2032,2,3000,
6,15,2033,2,3000,
6,15,2034,2,3000,
6,15,2035,2,3000,
6,15,2036,2,3000,
6,15,2037,2,3000,
6,15,2038,2,3000,
6,15,2039,2,3000,
6,15,2040,2,3000,
6,15,2041,2,3000,
6,15,2042,2,3000,
6,15,2043,2,3000,
6,15,2044,2,3000,
6,15,2045,2,3000,
6,15,2046,2,3000,
6,15,2047,2,3000,
6,15,2048,2,3000,
6,15,2049,2,3000,
6,15,2050,2,3000,
6,15,2023,3,3000,
6,15,2024,3,3000,
6,15,2025,3,3000,
6,15,2026,3,3000,
6,15,2027,3,3000,
6,15,2028,3,3000,
6,15,2029,3,3000,
6,15,2030,3,3000,
6,15,2031,3,3000,
6,15,2032,3,3000,
6,15,2033,3,3000,
6,15,2034,3,3000,
6,15,2035,3,3000,
6,15,2036,3,3000,
6,15,2037,3,3000,
6,15,2038,3,3000,
6,15,2039,3,3000,
6,15,2040,3,3000,
6,15,2041,3,3000,
6,15,2042,3,3000,
6,15,2043,3,3000,
6,15,2044,3,3000,
6,15,2045,3,3000,
6,15,2046,3,3000,
6,15,2047,3,3000,
6,15,2048,3,3000,
6,15,2049,3,3000,
6,15,2050,3,3000,
6,16,2023,1,2919,
6,16,2024,1,2919,
6,16,2025,1,2919,
6,16,2026,1,2919,
6,16,2027,1,2919,
6,16,2028,1,2919,
6,16,2029,1,2919,
6,16,2030,1,2919,
6,16,2031,1,2919,
6,16,2032,1,2919,
6,16,2033,1,2919,
6,16,2034,1,2919,
6,16,2035,1,2919,
6,16,2036,1,2919,
6,16,2037,1,2919,
6,16,2038,1,2919,
6,16,2039,1,2919,
6,16,2040,1,2919,
6,16,2041,1,2919,
6,16,2042,1,2919,
6,16,2043,1,2919,
6,16,2044,1,2919,
6,16,2045,1,2919,
6,16,2046,1,2919,
6,16,2047,1,2919,
6,16,2048,1,2919,
6,16,2049,1,2919,
6,16,2050,1,2919,
6,16,2023,2,2919,
6,16,2024,2,2919,
6,16,2025,2,2919,
6,16,2026,2,2919,
6,16,2027,2,2919,
6,16,2028,2,2919,
6,16,2029,2,2919,
6,16,2030,2,2919,
6,16,2031,2,2919,
6,16,2032,2,2919,
6,16,2033,2,2919,
6,16,2034,2,2919,
6,16,2035,2,2919,
6,16,2036,2,2919,
6,16,2037,2,2919,
6,16,2038,2,2919,
6,16,2039,2,2919,
6,16,2040,2,2919,
6,16,2041,2,2919,
6,16,2042,2,2919,
6,16,2043,2,2919,
6,16,2044,2,2919,
6,16,2045,2,2919,
6,16,2046,2,2919,
6,16,2047,2,2919,
6,16,2048,2,2919,
6,16,2049,2,2919,
6,16,2050,2,2919,
6,16,2023,3,2919,
6,16,2024,3,2919,
6,16,2025,3,2919,
6,16,2026,3,2919,
6,16,2027,3,2919,
6,16,2028,3,2919,
6,16,2029,3,2919,
6,16,2030,3,2919,
6,16,2031,3,2919,
6,16,2032,3,2919,
6,16,2033,3,2919,
6,16,2034,3,2919,
6,16,2035,3,2919,
6,16,2036,3,2919,
6,16,2037,3,2919,
6,16,2038,3,2919,
6,16,2039,3,2919,
6,16,2040,3,2919,
6,16,2041,3,2919,
6,16,2042,3,2919,
6,16,2043,3,2919,
6,16,2044,3,2919,
6,16,2045,3,2919,
6,16,2046,3,2919,
6,16,2047,3,2919,
6,16,2048,3,2919,
6,16,2049,3,2919,
6,16,2050,3,2919,
6,17,2023,1,1736,
6,17,2024,1,1736,
6,17,2025,1,1736,
6,17,2026,1,1736,
6,17,2027,1,1736,
6,17,2028,1,1736,
6,17,2029,1,1736,
6,17,2030,1,1736,
6,17,2031,1,1736,
6,17,2032,1,1736,
6,17,2033,1,1736,
6,17,2034,1,1736,
6,17,2035,1,1736,
6,17,2036,1,1736,
6,17,2037,1,1736,
6,17,2038,1,1736,
6,17,2039,1,1736,
6,17,2040,1,1736,
6,17,2041,1,1736,
6,17,2042,1,1736,
6,17,2043,1,1736,
6,17,2044,1,1736,
6,17,2045,1,1736,
6,17,2046,1,1736,
6,17,2047,1,1736,
6,17,2048,1,1736,
6,17,2049,1,1736,
6,17,2050,1,1736,
6,17,2023,2,1736,
6,17,2024,2,1736,
6,17,2025,2,1736,
6,17,2026,2,1736,
6,17,2027,2,1736,
6,17,2028,2,1736,
6,17,2029,2,1736,
6,17,2030,2,1736,
6,17,2031,2,1736,
6,17,2032,2,1736,
6,17,2033,2,1736,
6,17,2034,2,1736,
6,17,2035,2,1736,
6,17,2036,2,1736,
6,17,2037,2,1736,
6,17,2038,2,1736,
6,17,2039,2,1736,
6,17,2040,2,1736,
6,17,2041,2,1736,
6,17,2042,2,1736,
6,17,2043,2,1736,
6,17,2044,2,1736,
6,17,2045,2,1736,
6,17,2046,2,1736,
6,17,2047,2,1736,
6,17,2048,2,1736,
6,17,2049,2,1736,
6,17,2050,2,1736,
6,17,2023,3,1736,
6,17,2024,3,1736,
6,17,2025,3,1736,
6,17,2026,3,1736,
6,17,2027,3,1736,
6,17,2028,3,1736,
6,17,2029,3,1736,
6,17,2030,3,1736,
6,17,2031,3,1736,
6,17,2032,3,1736,
6,17,2033,3,1736,
6,17,2034,3,1736,
6,17,2035,3,1736,
6,17,2036,3,1736,
6,17,2037,3,1736,
6,17,2038,3,1736,
6,17,2039,3,1736,
6,17,2040,3,1736,
6,17,2041,3,1736,
6,17,2042,3,1736,
6,17,2043,3,1736,
6,17,2044,3,1736,
6,17,2045,3,1736,
6,17,2046,3,1736,
6,17,2047,3,1736,
6,17,2048,3,1736,
6,17,2049,3,1736,
6,17,2050,3,1736,
6,18,2023,1,490,
6,18,2024,1,490,
6,18,2025,1,490,
6,18,2026,1,490,
6,18,2027,1,490,
6,18,2028,1,490,
6,18,2029,1,490,
6,18,2030,1,490,
6,18,2031,1,490,
6,18,2032,1,490,
6,18,2033,1,490,
6,18,2034,1,490,
6,18,2035,1,490,
6,18,2036,1,490,
6,18,2037,1,490,
6,18,2038,1,490,
6,18,2039,1,490,
6,18,2040,1,490,
6,18,2041,1,490,
6,18,2042,1,490,
6,18,2043,1,490,
6,18,2044,1,490,
6,18,2045,1,490,
6,18,2046,1,490,
6,18,2047,1,490,
6,18,2048,1,490,
6,18,2049,1,490,
6,18,2050,1,490,
6,18,2023,2,490,
6,18,2024,2,490,
6,18,2025,2,490,
6,18,2026,2,490,
6,18,2027,2,490,
6,18,2028,2,490,
6,18,2029,2,490,
6,18,2030,2,490,
6,18,2031,2,490,
6,18,2032,2,490,
6,18,2033,2,490,
6,18,2034,2,490,
6,18,2035,2,490,
6,18,2036,2,490,
6,18,2037,2,490,
6,18,2038,2,490,
6,18,2039,2,490,
6,18,2040,2,490,
6,18,2041,2,490,
6,18,2042,2,490,
6,18,2043,2,490,
6,18,2044,2,490,
6,18,2045,2,490,
6,18,2046,2,490,
6,18,2047,2,490,
6,18,2048,2,490,
6,18,2049,2,490,
6,18,2050,2,490,
6,18,2023,3,490,
6,18,2024,3,490,
6,18,2025,3,490,
6,18,2026,3,490,
6,18,2027,3,490,
6,18,2028,3,490,
6,18,2029,3,490,
6,18,2030,3,490,
6,18,2031,3,490,
6,18,2032,3,490,
6,18,2033,3,490,
6,18,2034,3,490,
6,18,2035,3,490,
6,18,2036,3,490,
6,18,2037,3,490,
6,18,2038,3,490,
6,18,2039,3,490,
6,18,2040,3,490,
6,18,2041,3,490,
6,18,2042,3,490,
6,18,2043,3,490,
6,18,2044,3,490,
6,18,2045,3,490,
6,18,2046,3,490,
6,18,2047,3,490,
6,18,2048,3,490,
6,18,2049,3,490,
6,18,2050,3,490,
7,8,2023,1,634,
7,8,2024,1,634,
7,8,2025,1,634,
7,8,2026,1,634,
7,8,2027,1,634,
7,8,2028,1,634,
7,8,2029,1,634,
7,8,2030,1,634,
7,8,2031,1,634,
7,8,2032,1,634,
7,8,2033,1,634,
7,8,2034,1,634,
7,8,2035,1,634,
7,8,2036,1,634,
7,8,2037,1,634,
7,8,2038,1,634,
7,8,2039,1,634,
7,8,2040,1,634,
7,8,2041,1,634,
7,8,2042,1,634,
7,8,2043,1,634,
7,8,2044,1,634,
7,8,2045,1,634,
7,8,2046,1,634,
7,8,2047,1,634,
7,8,2048,1,634,
7,8,2049,1,634,
7,8,2050,1,634,
7,8,2023,2,634,
7,8,2024,2,634,
7,8,2025,2,634,
7,8,2026,2,634,
7,8,2027,2,634,
7,8,2028,2,634,
7,8,2029,2,634,
7,8,2030,2,634,
7,8,2031,2,634,
7,8,2032,2,634,
7,8,2033,2,634,
7,8,2034,2,634,
7,8,2035,2,634,
7,8,2036,2,634,
7,8,2037,2,634,
7,8,2038,2,634,
7,8,2039,2,634,
7,8,2040,2,634,
7,8,2041,2,634,
7,8,2042,2,634,
7,8,2043,2,634,
7,8,2044,2,634,
7,8,2045,2,634,
7,8,2046,2,634,
7,8,2047,2,634,
7,8,2048,2,634,
7,8,2049,2,634,
7,8,2050,2,634,
7,8,2023,3,634,
7,8,2024,3,634,
7,8,2025,3,634,
7,8,2026,3,634,
7,8,2027,3,634,
7,8,2028,3,634,
7,8,2029,3,634,
7,8,2030,3,634,
7,8,2031,3,634,
7,8,2032,3,634,
7,8,2033,3,634,
7,8,2034,3,634,
7,8,2035,3,634,
7,8,2036,3,634,
7,8,2037,3,634,
7,8,2038,3,634,
7,8,2039,3,634,
7,8,2040,3,634,
7,8,2041,3,634,
7,8,2042,3,634,
7,8,2043,3,634,
7,8,2044,3,634,
7,8,2045,3,634,
7,8,2046,3,634,
7,8,2047,3,634,
7,8,2048,3,634,
7,8,2049,3,634,
7,8,2050,3,634,
7,9,2023,1,1400,
7,9,2024,1,1400,
7,9,2025,1,1400,
7,9,2026,1,1400,
7,9,2027,1,1400,
7,9,2028,1,1400,
7,9,2029,1,1400,
7,9,2030,1,1400,
7,9,2031,1,1400,
7,9,2032,1,1400,
7,9,2033,1,1400,
7,9,2034,1,1400,
7,9,2035,1,1400,
7,9,2036,1,1400,
7,9,2037,1,1400,
7,9,2038,1,1400,
7,9,2039,1,1400,
7,9,2040,1,1400,
7,9,2041,1,1400,
7,9,2042,1,1400,
7,9,2043,1,1400,
7,9,2044,1,1400,
7,9,2045,1,1400,
7,9,2046,1,1400,
7,9,2047,1,1400,
7,9,2048,1,1400,
7,9,2049,1,1400,
7,9,2050,1,1400,
7,9,2023,2,1400,
7,9,2024,2,1400,
7,9,2025,2,1400,
7,9,2026,2,1400,
7,9,2027,2,1400,
7,9,2028,2,1400,
7,9,2029,2,1400,
7,9,2030,2,1400,
7,9,2031,2,1400,
7,9,2032,2,1400,
7,9,2033,2,1400,
7,9,2034,2,1400,
7,9,2035,2,1400,
7,9,2036,2,1400,
7,9,2037,2,1400,
7,9,2038,2,1400,
7,9,2039,2,1400,
7,9,2040,2,1400,
7,9,2041,2,1400,
7,9,2042,2,1400,
7,9,2043,2,1400,
7,9,2044,2,1400,
7,9,2045,2,1400,
7,9,2046,2,1400,
7,9,2047,2,1400,
7,9,2048,2,1400,
7,9,2049,2,1400,
7,9,2050,2,1400,
7,9,2023,3,1400,
7,9,2024,3,1400,
7,9,2025,3,1400,
7,9,2026,3,1400,
7,9,2027,3,1400,
7,9,2028,3,1400,
7,9,2029,3,1400,
7,9,2030,3,1400,
7,9,2031,3,1400,
7,9,2032,3,1400,
7,9,2033,3,1400,
7,9,2034,3,1400,
7,9,2035,3,1400,
7,9,2036,3,1400,
7,9,2037,3,1400,
7,9,2038,3,1400,
7,9,2039,3,1400,
7,9,2040,3,1400,
7,9,2041,3,1400,
7,9,2042,3,1400,
7,9,2043,3,1400,
7,9,2044,3,1400,
7,9,2045,3,1400,
7,9,2046,3,1400,
7,9,2047,3,1400,
7,9,2048,3,1400,
7,9,2049,3,1400,
7,9,2050,3,1400,
8,7,2023,1,634,
8,7,2024,1,634,
8,7,2025,1,634,
8,7,2026,1,634,
8,7,2027,1,634,
8,7,2028,1,634,
8,7,2029,1,634,
8,7,2030,1,634,
8,7,2031,1,634,
8,7,2032,1,634,
8,7,2033,1,634,
8,7,2034,1,634,
8,7,2035,1,634,
8,7,2036,1,634,
8,7,2037,1,634,
8,7,2038,1,634,
8,7,2039,1,634,
8,7,2040,1,634,
8,7,2041,1,634,
8,7,2042,1,634,
8,7,2043,1,634,
8,7,2044,1,634,
8,7,2045,1,634,
8,7,2046,1,634,
8,7,2047,1,634,
8,7,2048,1,634,
8,7,2049,1,634,
8,7,2050,1,634,
8,7,2023,2,634,
8,7,2024,2,634,
8,7,2025,2,634,
8,7,2026,2,634,
8,7,2027,2,634,
8,7,2028,2,634,
8,7,2029,2,634,
8,7,2030,2,634,
8,7,2031,2,634,
8,7,2032,2,634,
8,7,2033,2,634,
8,7,2034,2,634,
8,7,2035,2,634,
8,7,2036,2,634,
8,7,2037,2,634,
8,7,2038,2,634,
8,7,2039,2,634,
8,7,2040,2,634,
8,7,2041,2,634,
8,7,2042,2,634,
8,7,2043,2,634,
8,7,2044,2,634,
8,7,2045,2,634,
8,7,2046,2,634,
8,7,2047,2,634,
8,7,2048,2,634,
8,7,2049,2,634,
8,7,2050,2,634,
8,7,2023,3,634,
8,7,2024,3,634,
8,7,2025,3,634,
8,7,2026,3,634,
8,7,2027,3,634,
8,7,2028,3,634,
8,7,2029,3,634,
8,7,2030,3,634,
8,7,2031,3,634,
8,7,2032,3,634,
8,7,2033,3,634,
8,7,2034,3,634,
8,7,2035,3,634,
8,7,2036,3,634,
8,7,2037,3,634,
8,7,2038,3,634,
8,7,2039,3,634,
8,7,2040,3,634,
8,7,2041,3,634,
8,7,2042,3,634,
8,7,2043,3,634,
8,7,2044,3,634,
8,7,2045,3,634,
8,7,2046,3,634,
8,7,2047,3,634,
8,7,2048,3,634,
8,7,2049,3,634,
8,7,2050,3,634,
8,9,2023,1,5700,
8,9,2024,1,5700,
8,9,2025,1,5700,
8,9,2026,1,5700,
8,9,2027,1,5700,
8,9,2028,1,5700,
8,9,2029,1,5700,
8,9,2030,1,5700,
8,9,2031,1,5700,
8,9,2032,1,5700,
8,9,2033,1,5700,
8,9,2034,1,5700,
8,9,2035,1,5700,
8,9,2036,1,5700,
8,9,2037,1,5700,
8,9,2038,1,5700,
8,9,2039,1,5700,
8,9,2040,1,5700,
8,9,2041,1,5700,
8,9,2042,1,5700,
8,9,2043,1,5700,
8,9,2044,1,5700,
8,9,2045,1,5700,
8,9,2046,1,5700,
8,9,2047,1,5700,
8,9,2048,1,5700,
8,9,2049,1,5700,
8,9,2050,1,5700,
8,9,2023,2,5700,
8,9,2024,2,5700,
8,9,2025,2,5700,
8,9,2026,2,5700,
8,9,2027,2,5700,
8,9,2028,2,5700,
8,9,2029,2,5700,
8,9,2030,2,5700,
8,9,2031,2,5700,
8,9,2032,2,5700,
8,9,2033,2,5700,
8,9,2034,2,5700,
8,9,2035,2,5700,
8,9,2036,2,5700,
8,9,2037,2,5700,
8,9,2038,2,5700,
8,9,2039,2,5700,
8,9,2040,2,5700,
8,9,2041,2,5700,
8,9,2042,2,5700,
8,9,2043,2,5700,
8,9,2044,2,5700,
8,9,2045,2,5700,
8,9,2046,2,5700,
8,9,2047,2,5700,
8,9,2048,2,5700,
8,9,2049,2,5700,
8,9,2050,2,5700,
8,9,2023,3,5700,
8,9,2024,3,5700,
8,9,2025,3,5700,
8,9,2026,3,5700,
8,9,2027,3,5700,
8,9,2028,3,5700,
8,9,2029,3,5700,
8,9,2030,3,5700,
8,9,2031,3,5700,
8,9,2032,3,5700,
8,9,2033,3,5700,
8,9,2034,3,5700,
8,9,2035,3,5700,
8,9,2036,3,5700,
8,9,2037,3,5700,
8,9,2038,3,5700,
8,9,2039,3,5700,
8,9,2040,3,5700,
8,9,2041,3,5700,
8,9,2042,3,5700,
8,9,2043,3,5700,
8,9,2044,3,5700,
8,9,2045,3,5700,
8,9,2046,3,5700,
8,9,2047,3,5700,
8,9,2048,3,5700,
8,9,2049,3,5700,
8,9,2050,3,5700,
8,10,2023,1,1640,
8,10,2024,1,1640,
8,10,2025,1,1640,
8,10,2026,1,1640,
8,10,2027,1,1640,
8,10,2028,1,1640,
8,10,2029,1,1640,
8,10,2030,1,1640,
8,10,2031,1,1640,
8,10,2032,1,1640,
8,10,2033,1,1640,
8,10,2034,1,1640,
8,10,2035,1,1640,
8,10,2036,1,1640,
8,10,2037,1,1640,
8,10,2038,1,1640,
8,10,2039,1,1640,
8,10,2040,1,1640,
8,10,2041,1,1640,
8,10,2042,1,1640,
8,10,2043,1,1640,
8,10,2044,1,1640,
8,10,2045,1,1640,
8,10,2046,1,1640,
8,10,2047,1,1640,
8,10,2048,1,1640,
8,10,2049,1,1640,
8,10,2050,1,1640,
8,10,2023,2,1640,
8,10,2024,2,1640,
8,10,2025,2,1640,
8,10,2026,2,1640,
8,10,2027,2,1640,
8,10,2028,2,1640,
8,10,2029,2,1640,
8,10,2030,2,1640,
8,10,2031,2,1640,
8,10,2032,2,1640,
8,10,2033,2,1640,
8,10,2034,2,1640,
8,10,2035,2,1640,
8,10,2036,2,1640,
8,10,2037,2,1640,
8,10,2038,2,1640,
8,10,2039,2,1640,
8,10,2040,2,1640,
8,10,2041,2,1640,
8,10,2042,2,1640,
8,10,2043,2,1640,
8,10,2044,2,1640,
8,10,2045,2,1640,
8,10,2046,2,1640,
8,10,2047,2,1640,
8,10,2048,2,1640,
8,10,2049,2,1640,
8,10,2050,2,1640,
8,10,2023,3,1640,
8,10,2024,3,1640,
8,10,2025,3,1640,
8,10,2026,3,1640,
8,10,2027,3,1640,
8,10,2028,3,1640,
8,10,2029,3,1640,
8,10,2030,3,1640,
8,10,2031,3,1640,
8,10,2032,3,1640,
8,10,2033,3,1640,
8,10,2034,3,1640,
8,10,2035,3,1640,
8,10,2036,3,1640,
8,10,2037,3,1640,
8,10,2038,3,1640,
8,10,2039,3,1640,
8,10,2040,3,1640,
8,10,2041,3,1640,
8,10,2042,3,1640,
8,10,2043,3,1640,
8,10,2044,3,1640,
8,10,2045,3,1640,
8,10,2046,3,1640,
8,10,2047,3,1640,
8,10,2048,3,1640,
8,10,2049,3,1640,
8,10,2050,3,1640,
9,7,2023,1,1400,
9,7,2024,1,1400,
9,7,2025,1,1400,
9,7,2026,1,1400,
9,7,2027,1,1400,
9,7,2028,1,1400,
9,7,2029,1,1400,
9,7,2030,1,1400,
9,7,2031,1,1400,
9,7,2032,1,1400,
9,7,2033,1,1400,
9,7,2034,1,1400,
9,7,2035,1,1400,
9,7,2036,1,1400,
9,7,2037,1,1400,
9,7,2038,1,1400,
9,7,2039,1,1400,
9,7,2040,1,1400,
9,7,2041,1,1400,
9,7,2042,1,1400,
9,7,2043,1,1400,
9,7,2044,1,1400,
9,7,2045,1,1400,
9,7,2046,1,1400,
9,7,2047,1,1400,
9,7,2048,1,1400,
9,7,2049,1,1400,
9,7,2050,1,1400,
9,7,2023,2,1400,
9,7,2024,2,1400,
9,7,2025,2,1400,
9,7,2026,2,1400,
9,7,2027,2,1400,
9,7,2028,2,1400,
9,7,2029,2,1400,
9,7,2030,2,1400,
9,7,2031,2,1400,
9,7,2032,2,1400,
9,7,2033,2,1400,
9,7,2034,2,1400,
9,7,2035,2,1400,
9,7,2036,2,1400,
9,7,2037,2,1400,
9,7,2038,2,1400,
9,7,2039,2,1400,
9,7,2040,2,1400,
9,7,2041,2,1400,
9,7,2042,2,1400,
9,7,2043,2,1400,
9,7,2044,2,1400,
9,7,2045,2,1400,
9,7,2046,2,1400,
9,7,2047,2,1400,
9,7,2048,2,1400,
9,7,2049,2,1400,
9,7,2050,2,1400,
9,7,2023,3,1400,
9,7,2024,3,1400,
9,7,2025,3,1400,
9,7,2026,3,1400,
9,7,2027,3,1400,
9,7,2028,3,1400,
9,7,2029,3,1400,
9,7,2030,3,1400,
9,7,2031,3,1400,
9,7,2032,3,1400,
9,7,2033,3,1400,
9,7,2034,3,1400,
9,7,2035,3,1400,
9,7,2036,3,1400,
9,7,2037,3,1400,
9,7,2038,3,1400,
9,7,2039,3,1400,
9,7,2040,3,1400,
9,7,2041,3,1400,
9,7,2042,3,1400,
9,7,2043,3,1400,
9,7,2044,3,1400,
9,7,2045,3,1400,
9,7,2046,3,1400,
9,7,2047,3,1400,
9,7,2048,3,1400,
9,7,2049,3,1400,
9,7,2050,3,1400,
9,8,2023,1,4000,
9,8,2024,1,4000,
9,8,2025,1,4000,
9,8,2026,1,4000,
9,8,2027,1,4000,
9,8,2028,1,4000,
9,8,2029,1,4000,
9,8,2030,1,4000,
9,8,2031,1,4000,
9,8,2032,1,4000,
9,8,2033,1,4000,
9,8,2034,1,4000,
9,8,2035,1,4000,
9,8,2036,1,4000,
9,8,2037,1,4000,
9,8,2038,1,4000,
9,8,2039,1,4000,
9,8,2040,1,4000,
9,8,2041,1,4000,
9,8,2042,1,4000,
9,8,2043,1,4000,
9,8,2044,1,4000,
9,8,2045,1,4000,
9,8,2046,1,4000,
9,8,2047,1,4000,
9,8,2048,1,4000,
9,8,2049,1,4000,
9,8,2050,1,4000,
9,8,2023,2,4000,
9,8,2024,2,4000,
9,8,2025,2,4000,
9,8,2026,2,4000,
9,8,2027,2,4000,
9,8,2028,2,4000,
9,8,2029,2,4000,
9,8,2030,2,4000,
9,8,2031,2,4000,
9,8,2032,2,4000,
9,8,2033,2,4000,
9,8,2034,2,4000,
9,8,2035,2,4000,
9,8,2036,2,4000,
9,8,2037,2,4000,
9,8,2038,2,4000,
9,8,2039,2,4000,
9,8,2040,2,4000,
9,8,2041,2,4000,
9,8,2042,2,4000,
9,8,2043,2,4000,
9,8,2044,2,4000,
9,8,2045,2,4000,
9,8,2046,2,4000,
9,8,2047,2,4000,
9,8,2048,2,4000,
9,8,2049,2,4000,
9,8,2050,2,4000,
9,8,2023,3,4000,
9,8,2024,3,4000,
9,8,2025,3,4000,
9,8,2026,3,4000,
9,8,2027,3,4000,
9,8,2028,3,4000,
9,8,2029,3,4000,
9,8,2030,3,4000,
9,8,2031,3,4000,
9,8,2032,3,4000,
9,8,2033,3,4000,
9,8,2034,3,4000,
9,8,2035,3,4000,
9,8,2036,3,4000,
9,8,2037,3,4000,
9,8,2038,3,4000,
9,8,2039,3,4000,
9,8,2040,3,4000,
9,8,2041,3,4000,
9,8,2042,3,4000,
9,8,2043,3,4000,
9,8,2044,3,4000,
9,8,2045,3,4000,
9,8,2046,3,4000,
9,8,2047,3,4000,
9,8,2048,3,4000,
9,8,2049,3,4000,
9,8,2050,3,4000,
9,10,2023,1,2000,
9,10,2024,1,2000,
9,10,2025,1,2000,
9,10,2026,1,2000,
9,10,2027,1,2000,
9,10,2028,1,2000,
9,10,2029,1,2000,
9,10,2030,1,2000,
9,10,2031,1,2000,
9,10,2032,1,2000,
9,10,2033,1,2000,
9,10,2034,1,2000,
9,10,2035,1,2000,
9,10,2036,1,2000,
9,10,2037,1,2000,
9,10,2038,1,2000,
9,10,2039,1,2000,
9,10,2040,1,2000,
9,10,2041,1,2000,
9,10,2042,1,2000,
9,10,2043,1,2000,
9,10,2044,1,2000,
9,10,2045,1,2000,
9,10,2046,1,2000,
9,10,2047,1,2000,
9,10,2048,1,2000,
9,10,2049,1,2000,
9,10,2050,1,2000,
9,10,2023,2,2000,
9,10,2024,2,2000,
9,10,2025,2,2000,
9,10,2026,2,2000,
9,10,2027,2,2000,
9,10,2028,2,2000,
9,10,2029,2,2000,
9,10,2030,2,2000,
9,10,2031,2,2000,
9,10,2032,2,2000,
9,10,2033,2,2000,
9,10,2034,2,2000,
9,10,2035,2,2000,
9,10,2036,2,2000,
9,10,2037,2,2000,
9,10,2038,2,2000,
9,10,2039,2,2000,
9,10,2040,2,2000,
9,10,2041,2,2000,
9,10,2042,2,2000,
9,10,2043,2,2000,
9,10,2044,2,2000,
9,10,2045,2,2000,
9,10,2046,2,2000,
9,10,2047,2,2000,
9,10,2048,2,2000,
9,10,2049,2,2000,
9,10,2050,2,2000,
9,10,2023,3,2000,
9,10,2024,3,2000,
9,10,2025,3,2000,
9,10,2026,3,2000,
9,10,2027,3,2000,
9,10,2028,3,2000,
9,10,2029,3,2000,
9,10,2030,3,2000,
9,10,2031,3,2000,
9,10,2032,3,2000,
9,10,2033,3,2000,
9,10,2034,3,2000,
9,10,2035,3,2000,
9,10,2036,3,2000,
9,10,2037,3,2000,
9,10,2038,3,2000,
9,10,2039,3,2000,
9,10,2040,3,2000,
9,10,2041,3,2000,
9,10,2042,3,2000,
9,10,2043,3,2000,
9,10,2044,3,2000,
9,10,2045,3,2000,
9,10,2046,3,2000,
9,10,2047,3,2000,
9,10,2048,3,2000,
9,10,2049,3,2000,
9,10,2050,3,2000,
10,8,2023,1,340,
10,8,2024,1,340,
10,8,2025,1,340,
10,8,2026,1,340,
10,8,2027,1,340,
10,8,2028,1,340,
10,8,2029,1,340,
10,8,2030,1,340,
10,8,2031,1,340,
10,8,2032,1,340,
10,8,2033,1,340,
10,8,2034,1,340,
10,8,2035,1,340,
10,8,2036,1,340,
10,8,2037,1,340,
10,8,2038,1,340,
10,8,2039,1,340,
10,8,2040,1,340,
10,8,2041,1,340,
10,8,2042,1,340,
10,8,2043,1,340,
10,8,2044,1,340,
10,8,2045,1,340,
10,8,2046,1,340,
10,8,2047,1,340,
10,8,2048,1,340,
10,8,2049,1,340,
10,8,2050,1,340,
10,8,2023,2,340,
10,8,2024,2,340,
10,8,2025,2,340,
10,8,2026,2,340,
10,8,2027,2,340,
10,8,2028,2,340,
10,8,2029,2,340,
10,8,2030,2,340,
10,8,2031,2,340,
10,8,2032,2,340,
10,8,2033,2,340,
10,8,2034,2,340,
10,8,2035,2,340,
10,8,2036,2,340,
10,8,2037,2,340,
10,8,2038,2,340,
10,8,2039,2,340,
10,8,2040,2,340,
10,8,2041,2,340,
10,8,2042,2,340,
10,8,2043,2,340,
10,8,2044,2,340,
10,8,2045,2,340,
10,8,2046,2,340,
10,8,2047,2,340,
10,8,2048,2,340,
10,8,2049,2,340,
10,8,2050,2,340,
10,8,2023,3,340,
10,8,2024,3,340,
10,8,2025,3,340,
10,8,2026,3,340,
10,8,2027,3,340,
10,8,2028,3,340,
10,8,2029,3,340,
10,8,2030,3,340,
10,8,2031,3,340,
10,8,2032,3,340,
10,8,2033,3,340,
10,8,2034,3,340,
10,8,2035,3,340,
10,8,2036,3,340,
10,8,2037,3,340,
10,8,2038,3,340,
10,8,2039,3,340,
10,8,2040,3,340,
10,8,2041,3,340,
10,8,2042,3,340,
10,8,2043,3,340,
10,8,2044,3,340,
10,8,2045,3,340,
10,8,2046,3,340,
10,8,2047,3,340,
10,8,2048,3,340,
10,8,2049,3,340,
10,8,2050,3,340,
10,9,2023,1,2000,
10,9,2024,1,2000,
10,9,2025,1,2000,
10,9,2026,1,2000,
10,9,2027,1,2000,
10,9,2028,1,2000,
10,9,2029,1,2000,
10,9,2030,1,2000,
10,9,2031,1,2000,
10,9,2032,1,2000,
10,9,2033,1,2000,
10,9,2034,1,2000,
10,9,2035,1,2000,
10,9,2036,1,2000,
10,9,2037,1,2000,
10,9,2038,1,2000,
10,9,2039,1,2000,
10,9,2040,1,2000,
10,9,2041,1,2000,
10,9,2042,1,2000,
10,9,2043,1,2000,
10,9,2044,1,2000,
10,9,2045,1,2000,
10,9,2046,1,2000,
10,9,2047,1,2000,
10,9,2048,1,2000,
10,9,2049,1,2000,
10,9,2050,1,2000,
10,9,2023,2,2000,
10,9,2024,2,2000,
10,9,2025,2,2000,
10,9,2026,2,2000,
10,9,2027,2,2000,
10,9,2028,2,2000,
10,9,2029,2,2000,
10,9,2030,2,2000,
10,9,2031,2,2000,
10,9,2032,2,2000,
10,9,2033,2,2000,
10,9,2034,2,2000,
10,9,2035,2,2000,
10,9,2036,2,2000,
10,9,2037,2,2000,
10,9,2038,2,2000,
10,9,2039,2,2000,
10,9,2040,2,2000,
10,9,2041,2,2000,
10,9,2042,2,2000,
10,9,2043,2,2000,
10,9,2044,2,2000,
10,9,2045,2,2000,
10,9,2046,2,2000,
10,9,2047,2,2000,
10,9,2048,2,2000,
10,9,2049,2,2000,
10,9,2050,2,2000,
10,9,2023,3,2000,
10,9,2024,3,2000,
10,9,2025,3,2000,
10,9,2026,3,2000,
10,9,2027,3,2000,
10,9,2028,3,2000,
10,9,2029,3,2000,
10,9,2030,3,2000,
10,9,2031,3,2000,
10,9,2032,3,2000,
10,9,2033,3,2000,
10,9,2034,3,2000,
10,9,2035,3,2000,
10,9,2036,3,2000,
10,9,2037,3,2000,
10,9,2038,3,2000,
10,9,2039,3,2000,
10,9,2040,3,2000,
10,9,2041,3,2000,
10,9,2042,3,2000,
10,9,2043,3,2000,
10,9,2044,3,2000,
10,9,2045,3,2000,
10,9,2046,3,2000,
10,9,2047,3,2000,
10,9,2048,3,2000,
10,9,2049,3,2000,
10,9,2050,3,2000,
10,11,2023,1,6133,
10,11,2024,1,6133,
10,11,2025,1,6133,
10,11,2026,1,6133,
10,11,2027,1,6133,
10,11,2028,1,6133,
10,11,2029,1,6133,
10,11,2030,1,6133,
10,11,2031,1,6133,
10,11,2032,1,6133,
10,11,2033,1,6133,
10,11,2034,1,6133,
10,11,2035,1,6133,
10,11,2036,1,6133,
10,11,2037,1,6133,
10,11,2038,1,6133,
10,11,2039,1,6133,
10,11,2040,1,6133,
10,11,2041,1,6133,
10,11,2042,1,6133,
10,11,2043,1,6133,
10,11,2044,1,6133,
10,11,2045,1,6133,
10,11,2046,1,6133,
10,11,2047,1,6133,
10,11,2048,1,6133,
10,11,2049,1,6133,
10,11,2050,1,6133,
10,11,2023,2,6133,
10,11,2024,2,6133,
10,11,2025,2,6133,
10,11,2026,2,6133,
10,11,2027,2,6133,
10,11,2028,2,6133,
10,11,2029,2,6133,
10,11,2030,2,6133,
10,11,2031,2,6133,
10,11,2032,2,6133,
10,11,2033,2,6133,
10,11,2034,2,6133,
10,11,2035,2,6133,
10,11,2036,2,6133,
10,11,2037,2,6133,
10,11,2038,2,6133,
10,11,2039,2,6133,
10,11,2040,2,6133,
10,11,2041,2,6133,
10,11,2042,2,6133,
10,11,2043,2,6133,
10,11,2044,2,6133,
10,11,2045,2,6133,
10,11,2046,2,6133,
10,11,2047,2,6133,
10,11,2048,2,6133,
10,11,2049,2,6133,
10,11,2050,2,6133,
10,11,2023,3,6133,
10,11,2024,3,6133,
10,11,2025,3,6133,
10,11,2026,3,6133,
10,11,2027,3,6133,
10,11,2028,3,6133,
10,11,2029,3,6133,
10,11,2030,3,6133,
10,11,2031,3,6133,
10,11,2032,3,6133,
10,11,2033,3,6133,
10,11,2034,3,6133,
10,11,2035,3,6133,
10,11,2036,3,6133,
10,11,2037,3,6133,
10,11,2038,3,6133,
10,11,2039,3,6133,
10,11,2040,3,6133,
10,11,2041,3,6133,
10,11,2042,3,6133,
10,11,2043,3,6133,
10,11,2044,3,6133,
10,11,2045,3,6133,
10,11,2046,3,6133,
10,11,2047,3,6133,
10,11,2048,3,6133,
10,11,2049,3,6133,
10,11,2050,3,6133,
10,13,2023,1,3900,
10,13,2024,1,3900,
10,13,2025,1,3900,
10,13,2026,1,3900,
10,13,2027,1,3900,
10,13,2028,1,3900,
10,13,2029,1,3900,
10,13,2030,1,3900,
10,13,2031,1,3900,
10,13,2032,1,3900,
10,13,2033,1,3900,
10,13,2034,1,3900,
10,13,2035,1,3900,
10,13,2036,1,3900,
10,13,2037,1,3900,
10,13,2038,1,3900,
10,13,2039,1,3900,
10,13,2040,1,3900,
10,13,2041,1,3900,
10,13,2042,1,3900,
10,13,2043,1,3900,
10,13,2044,1,3900,
10,13,2045,1,3900,
10,13,2046,1,3900,
10,13,2047,1,3900,
10,13,2048,1,3900,
10,13,2049,1,3900,
10,13,2050,1,3900,
10,13,2023,2,3900,
10,13,2024,2,3900,
10,13,2025,2,3900,
10,13,2026,2,3900,
10,13,2027,2,3900,
10,13,2028,2,3900,
10,13,2029,2,3900,
10,13,2030,2,3900,
10,13,2031,2,3900,
10,13,2032,2,3900,
10,13,2033,2,3900,
10,13,2034,2,3900,
10,13,2035,2,3900,
10,13,2036,2,3900,
10,13,2037,2,3900,
10,13,2038,2,3900,
10,13,2039,2,3900,
10,13,2040,2,3900,
10,13,2041,2,3900,
10,13,2042,2,3900,
10,13,2043,2,3900,
10,13,2044,2,3900,
10,13,2045,2,3900,
10,13,2046,2,3900,
10,13,2047,2,3900,
10,13,2048,2,3900,
10,13,2049,2,3900,
10,13,2050,2,3900,
10,13,2023,3,3900,
10,13,2024,3,3900,
10,13,2025,3,3900,
10,13,2026,3,3900,
10,13,2027,3,3900,
10,13,2028,3,3900,
10,13,2029,3,3900,
10,13,2030,3,3900,
10,13,2031,3,3900,
10,13,2032,3,3900,
10,13,2033,3,3900,
10,13,2034,3,3900,
10,13,2035,3,3900,
10,13,2036,3,3900,
10,13,2037,3,3900,
10,13,2038,3,3900,
10,13,2039,3,3900,
10,13,2040,3,3900,
10,13,2041,3,3900,
10,13,2042,3,3900,
10,13,2043,3,3900,
10,13,2044,3,3900,
10,13,2045,3,3900,
10,13,2046,3,3900,
10,13,2047,3,3900,
10,13,2048,3,3900,
10,13,2049,3,3900,
10,13,2050,3,3900,
11,4,2023,1,10262,
11,4,2024,1,10262,
11,4,2025,1,10262,
11,4,2026,1,10262,
11,4,2027,1,10262,
11,4,2028,1,10262,
11,4,2029,1,10262,
11,4,2030,1,10262,
11,4,2031,1,10262,
11,4,2032,1,10262,
11,4,2033,1,10262,
11,4,2034,1,10262,
11,4,2035,1,10262,
11,4,2036,1,10262,
11,4,2037,1,10262,
11,4,2038,1,10262,
11,4,2039,1,10262,
11,4,2040,1,10262,
11,4,2041,1,10262,
11,4,2042,1,10262,
11,4,2043,1,10262,
11,4,2044,1,10262,
11,4,2045,1,10262,
11,4,2046,1,10262,
11,4,2047,1,10262,
11,4,2048,1,10262,
11,4,2049,1,10262,
11,4,2050,1,10262,
11,4,2023,2,10262,
11,4,2024,2,10262,
11,4,2025,2,10262,
11,4,2026,2,10262,
11,4,2027,2,10262,
11,4,2028,2,10262,
11,4,2029,2,10262,
11,4,2030,2,10262,
11,4,2031,2,10262,
11,4,2032,2,10262,
11,4,2033,2,10262,
11,4,2034,2,10262,
11,4,2035,2,10262,
11,4,2036,2,10262,
11,4,2037,2,10262,
11,4,2038,2,10262,
11,4,2039,2,10262,
11,4,2040,2,10262,
11,4,2041,2,10262,
11,4,2042,2,10262,
11,4,2043,2,10262,
11,4,2044,2,10262,
11,4,2045,2,10262,
11,4,2046,2,10262,
11,4,2047,2,10262,
11,4,2048,2,10262,
11,4,2049,2,10262,
11,4,2050,2,10262,
11,4,2023,3,10262,
11,4,2024,3,10262,
11,4,2025,3,10262,
11,4,2026,3,10262,
11,4,2027,3,10262,
11,4,2028,3,10262,
11,4,2029,3,10262,
11,4,2030,3,10262,
11,4,2031,3,10262,
11,4,2032,3,10262,
11,4,2033,3,10262,
11,4,2034,3,10262,
11,4,2035,3,10262,
11,4,2036,3,10262,
11,4,2037,3,10262,
11,4,2038,3,10262,
11,4,2039,3,10262,
11,4,2040,3,10262,
11,4,2041,3,10262,
11,4,2042,3,10262,
11,4,2043,3,10262,
11,4,2044,3,10262,
11,4,2045,3,10262,
11,4,2046,3,10262,
11,4,2047,3,10262,
11,4,2048,3,10262,
11,4,2049,3,10262,
11,4,2050,3,10262,
11,5,2023,1,1526,
11,5,2024,1,1526,
11,5,2025,1,1526,
11,5,2026,1,1526,
11,5,2027,1,1526,
11,5,2028,1,1526,
11,5,2029,1,1526,
11,5,2030,1,1526,
11,5,2031,1,1526,
11,5,2032,1,1526,
11,5,2033,1,1526,
11,5,2034,1,1526,
11,5,2035,1,1526,
11,5,2036,1,1526,
11,5,2037,1,1526,
11,5,2038,1,1526,
11,5,2039,1,1526,
11,5,2040,1,1526,
11,5,2041,1,1526,
11,5,2042,1,1526,
11,5,2043,1,1526,
11,5,2044,1,1526,
11,5,2045,1,1526,
11,5,2046,1,1526,
11,5,2047,1,1526,
11,5,2048,1,1526,
11,5,2049,1,1526,
11,5,2050,1,1526,
11,5,2023,2,1526,
11,5,2024,2,1526,
11,5,2025,2,1526,
11,5,2026,2,1526,
11,5,2027,2,1526,
11,5,2028,2,1526,
11,5,2029,2,1526,
11,5,2030,2,1526,
11,5,2031,2,1526,
11,5,2032,2,1526,
11,5,2033,2,1526,
11,5,2034,2,1526,
11,5,2035,2,1526,
11,5,2036,2,1526,
11,5,2037,2,1526,
11,5,2038,2,1526,
11,5,2039,2,1526,
11,5,2040,2,1526,
11,5,2041,2,1526,
11,5,2042,2,1526,
11,5,2043,2,1526,
11,5,2044,2,1526,
11,5,2045,2,1526,
11,5,2046,2,1526,
11,5,2047,2,1526,
11,5,2048,2,1526,
11,5,2049,2,1526,
11,5,2050,2,1526,
11,5,2023,3,1526,
11,5,2024,3,1526,
11,5,2025,3,1526,
11,5,2026,3,1526,
11,5,2027,3,1526,
11,5,2028,3,1526,
11,5,2029,3,1526,
11,5,2030,3,1526,
11,5,2031,3,1526,
11,5,2032,3,1526,
11,5,2033,3,1526,
11,5,2034,3,1526,
11,5,2035,3,1526,
11,5,2036,3,1526,
11,5,2037,3,1526,
11,5,2038,3,1526,
11,5,2039,3,1526,
11,5,2040,3,1526,
11,5,2041,3,1526,
11,5,2042,3,1526,
11,5,2043,3,1526,
11,5,2044,3,1526,
11,5,2045,3,1526,
11,5,2046,3,1526,
11,5,2047,3,1526,
11,5,2048,3,1526,
11,5,2049,3,1526,
11,5,2050,3,1526,
11,10,2023,1,5983,
11,10,2024,1,5983,
11,10,2025,1,5983,
11,10,2026,1,5983,
11,10,2027,1,5983,
11,10,2028,1,5983,
11,10,2029,1,5983,
11,10,2030,1,5983,
11,10,2031,1,5983,
11,10,2032,1,5983,
11,10,2033,1,5983,
11,10,2034,1,5983,
11,10,2035,1,5983,
11,10,2036,1,5983,
11,10,2037,1,5983,
11,10,2038,1,5983,
11,10,2039,1,5983,
11,10,2040,1,5983,
11,10,2041,1,5983,
11,10,2042,1,5983,
11,10,2043,1,5983,
11,10,2044,1,5983,
11,10,2045,1,5983,
11,10,2046,1,5983,
11,10,2047,1,5983,
11,10,2048,1,5983,
11,10,2049,1,5983,
11,10,2050,1,5983,
11,10,2023,2,5982.999,
11,10,2024,2,5982.999,
11,10,2025,2,5982.999,
11,10,2026,2,5982.999,
11,10,2027,2,5982.999,
11,10,2028,2,5982.999,
11,10,2029,2,5982.999,
11,10,2030,2,5982.999,
11,10,2031,2,5982.999,
11,10,2032,2,5982.999,
11,10,2033,2,5982.999,
11,10,2034,2,5982.999,
11,10,2035,2,5982.999,
11,10,2036,2,5982.999,
11,10,2037,2,5982.999,
11,10,2038,2,5982.999,
11,10,2039,2,5982.999,
11,10,2040,2,5982.999,
11,10,2041,2,5982.999,
11,10,2042,2,5982.999,
11,10,2043,2,5982.999,
11,10,2044,2,5982.999,
11,10,2045,2,5982.999,
11,10,2046,2,5982.999,
11,10,2047,2,5982.999,
11,10,2048,2,5982.999,
11,10,2049,2,5982.999,
11,10,2050,2,5982.999,
11,10,2023,3,5982.999,
11,10,2024,3,5982.999,
11,10,2025,3,5982.999,
11,10,2026,3,5982.999,
11,10,2027,3,5982.999,
11,10,2028,3,5982.999,
11,10,2029,3,5982.999,
11,10,2030,3,5982.999,
11,10,2031,3,5982.999,
11,10,2032,3,5982.999,
11,10,2033,3,5982.999,
11,10,2034,3,5982.999,
11,10,2035,3,5982.999,
11,10,2036,3,5982.999,
11,10,2037,3,5982.999,
11,10,2038,3,5982.999,
11,10,2039,3,5982.999,
11,10,2040,3,5982.999,
11,10,2041,3,5982.999,
11,10,2042,3,5982.999,
11,10,2043,3,5982.999,
11,10,2044,3,5982.999,
11,10,2045,3,5982.999,
11,10,2046,3,5982.999,
11,10,2047,3,5982.999,
11,10,2048,3,5982.999,
11,10,2049,3,5982.999,
11,10,2050,3,5982.999,
11,13,2023,1,4098,
11,13,2024,1,4098,
11,13,2025,1,4098,
11,13,2026,1,4098,
11,13,2027,1,4098,
11,13,2028,1,4098,
11,13,2029,1,4098,
11,13,2030,1,4098,
11,13,2031,1,4098,
11,13,2032,1,4098,
11,13,2033,1,4098,
11,13,2034,1,4098,
11,13,2035,1,4098,
11,13,2036,1,4098,
11,13,2037,1,4098,
11,13,2038,1,4098,
11,13,2039,1,4098,
11,13,2040,1,4098,
11,13,2041,1,4098,
11,13,2042,1,4098,
11,13,2043,1,4098,
11,13,2044,1,4098,
11,13,2045,1,4098,
11,13,2046,1,4098,
11,13,2047,1,4098,
11,13,2048,1,4098,
11,13,2049,1,4098,
11,13,2050,1,4098,
11,13,2023,2,4098,
11,13,2024,2,4098,
11,13,2025,2,4098,
11,13,2026,2,4098,
11,13,2027,2,4098,
11,13,2028,2,4098,
11,13,2029,2,4098,
11,13,2030,2,4098,
11,13,2031,2,4098,
11,13,2032,2,4098,
11,13,2033,2,4098,
11,13,2034,2,4098,
11,13,2035,2,4098,
11,13,2036,2,4098,
11,13,2037,2,4098,
11,13,2038,2,4098,
11,13,2039,2,4098,
11,13,2040,2,4098,
11,13,2041,2,4098,
11,13,2042,2,4098,
11,13,2043,2,4098,
11,13,2044,2,4098,
11,13,2045,2,4098,
11,13,2046,2,4098,
11,13,2047,2,4098,
11,13,2048,2,4098,
11,13,2049,2,4098,
11,13,2050,2,4098,
11,13,2023,3,4098,
11,13,2024,3,4098,
11,13,2025,3,4098,
11,13,2026,3,4098,
11,13,2027,3,4098,
11,13,2028,3,4098,
11,13,2029,3,4098,
11,13,2030,3,4098,
11,13,2031,3,4098,
11,13,2032,3,4098,
11,13,2033,3,4098,
11,13,2034,3,4098,
11,13,2035,3,4098,
11,13,2036,3,4098,
11,13,2037,3,4098,
11,13,2038,3,4098,
11,13,2039,3,4098,
11,13,2040,3,4098,
11,13,2041,3,4098,
11,13,2042,3,4098,
11,13,2043,3,4098,
11,13,2044,3,4098,
11,13,2045,3,4098,
11,13,2046,3,4098,
11,13,2047,3,4098,
11,13,2048,3,4098,
11,13,2049,3,4098,
11,13,2050,3,4098,
11,14,2023,1,902,
11,14,2024,1,902,
11,14,2025,1,902,
11,14,2026,1,902,
11,14,2027,1,902,
11,14,2028,1,902,
11,14,2029,1,902,
11,14,2030,1,902,
11,14,2031,1,902,
11,14,2032,1,902,
11,14,2033,1,902,
11,14,2034,1,902,
11,14,2035,1,902,
11,14,2036,1,902,
11,14,2037,1,902,
11,14,2038,1,902,
11,14,2039,1,902,
11,14,2040,1,902,
11,14,2041,1,902,
11,14,2042,1,902,
11,14,2043,1,902,
11,14,2044,1,902,
11,14,2045,1,902,
11,14,2046,1,902,
11,14,2047,1,902,
11,14,2048,1,902,
11,14,2049,1,902,
11,14,2050,1,902,
11,14,2023,2,902,
11,14,2024,2,902,
11,14,2025,2,902,
11,14,2026,2,902,
11,14,2027,2,902,
11,14,2028,2,902,
11,14,2029,2,902,
11,14,2030,2,902,
11,14,2031,2,902,
11,14,2032,2,902,
11,14,2033,2,902,
11,14,2034,2,902,
11,14,2035,2,902,
11,14,2036,2,902,
11,14,2037,2,902,
11,14,2038,2,902,
11,14,2039,2,902,
11,14,2040,2,902,
11,14,2041,2,902,
11,14,2042,2,902,
11,14,2043,2,902,
11,14,2044,2,902,
11,14,2045,2,902,
11,14,2046,2,902,
11,14,2047,2,902,
11,14,2048,2,902,
11,14,2049,2,902,
11,14,2050,2,902,
11,14,2023,3,902,
11,14,2024,3,902,
11,14,2025,3,902,
11,14,2026,3,902,
11,14,2027,3,902,
11,14,2028,3,902,
11,14,2029,3,902,
11,14,2030,3,902,
11,14,2031,3,902,
11,14,2032,3,902,
11,14,2033,3,902,
11,14,2034,3,902,
11,14,2035,3,902,
11,14,2036,3,902,
11,14,2037,3,902,
11,14,2038,3,902,
11,14,2039,3,902,
11,14,2040,3,902,
11,14,2041,3,902,
11,14,2042,3,902,
11,14,2043,3,902,
11,14,2044,3,902,
11,14,2045,3,902,
11,14,2046,3,902,
11,14,2047,3,902,
11,14,2048,3,902,
11,14,2049,3,902,
11,14,2050,3,902,
11,16,2023,1,1816,
11,16,2024,1,1816,
11,16,2025,1,1816,
11,16,2026,1,1816,
11,16,2027,1,1816,
11,16,2028,1,1816,
11,16,2029,1,1816,
11,16,2030,1,1816,
11,16,2031,1,1816,
11,16,2032,1,1816,
11,16,2033,1,1816,
11,16,2034,1,1816,
11,16,2035,1,1816,
11,16,2036,1,1816,
11,16,2037,1,1816,
11,16,2038,1,1816,
11,16,2039,1,1816,
11,16,2040,1,1816,
11,16,2041,1,1816,
11,16,2042,1,1816,
11,16,2043,1,1816,
11,16,2044,1,1816,
11,16,2045,1,1816,
11,16,2046,1,1816,
11,16,2047,1,1816,
11,16,2048,1,1816,
11,16,2049,1,1816,
11,16,2050,1,1816,
11,16,2023,2,1816,
11,16,2024,2,1816,
11,16,2025,2,1816,
11,16,2026,2,1816,
11,16,2027,2,1816,
11,16,2028,2,1816,
11,16,2029,2,1816,
11,16,2030,2,1816,
11,16,2031,2,1816,
11,16,2032,2,1816,
11,16,2033,2,1816,
11,16,2034,2,1816,
11,16,2035,2,1816,
11,16,2036,2,1816,
11,16,2037,2,1816,
11,16,2038,2,1816,
11,16,2039,2,1816,
11,16,2040,2,1816,
11,16,2041,2,1816,
11,16,2042,2,1816,
11,16,2043,2,1816,
11,16,2044,2,1816,
11,16,2045,2,1816,
11,16,2046,2,1816,
11,16,2047,2,1816,
11,16,2048,2,1816,
11,16,2049,2,1816,
11,16,2050,2,1816,
11,16,2023,3,1816,
11,16,2024,3,1816,
11,16,2025,3,1816,
11,16,2026,3,1816,
11,16,2027,3,1816,
11,16,2028,3,1816,
11,16,2029,3,1816,
11,16,2030,3,1816,
11,16,2031,3,1816,
11,16,2032,3,1816,
11,16,2033,3,1816,
11,16,2034,3,1816,
11,16,2035,3,1816,
11,16,2036,3,1816,
11,16,2037,3,1816,
11,16,2038,3,1816,
11,16,2039,3,1816,
11,16,2040,3,1816,
11,16,2041,3,1816,
11,16,2042,3,1816,
11,16,2043,3,1816,
11,16,2044,3,1816,
11,16,2045,3,1816,
11,16,2046,3,1816,
11,16,2047,3,1816,
11,16,2048,3,1816,
11,16,2049,3,1816,
11,16,2050,3,1816,
12,3,2023,1,2006,
12,3,2024,1,2006,
12,3,2025,1,2006,
12,3,2026,1,2006,
12,3,2027,1,2006,
12,3,2028,1,2006,
12,3,2029,1,2006,
12,3,2030,1,2006,
12,3,2031,1,2006,
12,3,2032,1,2006,
12,3,2033,1,2006,
12,3,2034,1,2006,
12,3,2035,1,2006,
12,3,2036,1,2006,
12,3,2037,1,2006,
12,3,2038,1,2006,
12,3,2039,1,2006,
12,3,2040,1,2006,
12,3,2041,1,2006,
12,3,2042,1,2006,
12,3,2043,1,2006,
12,3,2044,1,2006,
12,3,2045,1,2006,
12,3,2046,1,2006,
12,3,2047,1,2006,
12,3,2048,1,2006,
12,3,2049,1,2006,
12,3,2050,1,2006,
12,3,2023,2,2006,
12,3,2024,2,2006,
12,3,2025,2,2006,
12,3,2026,2,2006,
12,3,2027,2,2006,
12,3,2028,2,2006,
12,3,2029,2,2006,
12,3,2030,2,2006,
12,3,2031,2,2006,
12,3,2032,2,2006,
12,3,2033,2,2006,
12,3,2034,2,2006,
12,3,2035,2,2006,
12,3,2036,2,2006,
12,3,2037,2,2006,
12,3,2038,2,2006,
12,3,2039,2,2006,
12,3,2040,2,2006,
12,3,2041,2,2006,
12,3,2042,2,2006,
12,3,2043,2,2006,
12,3,2044,2,2006,
12,3,2045,2,2006,
12,3,2046,2,2006,
12,3,2047,2,2006,
12,3,2048,2,2006,
12,3,2049,2,2006,
12,3,2050,2,2006,
12,3,2023,3,2006,
12,3,2024,3,2006,
12,3,2025,3,2006,
12,3,2026,3,2006,
12,3,2027,3,2006,
12,3,2028,3,2006,
12,3,2029,3,2006,
12,3,2030,3,2006,
12,3,2031,3,2006,
12,3,2032,3,2006,
12,3,2033,3,2006,
12,3,2034,3,2006,
12,3,2035,3,2006,
12,3,2036,3,2006,
12,3,2037,3,2006,
12,3,2038,3,2006,
12,3,2039,3,2006,
12,3,2040,3,2006,
12,3,2041,3,2006,
12,3,2042,3,2006,
12,3,2043,3,2006,
12,3,2044,3,2006,
12,3,2045,3,2006,
12,3,2046,3,2006,
12,3,2047,3,2006,
12,3,2048,3,2006,
12,3,2049,3,2006,
12,3,2050,3,2006,
12,4,2023,1,8746,
12,4,2024,1,8746,
12,4,2025,1,8746,
12,4,2026,1,8746,
12,4,2027,1,8746,
12,4,2028,1,8746,
12,4,2029,1,8746,
12,4,2030,1,8746,
12,4,2031,1,8746,
12,4,2032,1,8746,
12,4,2033,1,8746,
12,4,2034,1,8746,
12,4,2035,1,8746,
12,4,2036,1,8746,
12,4,2037,1,8746,
12,4,2038,1,8746,
12,4,2039,1,8746,
12,4,2040,1,8746,
12,4,2041,1,8746,
12,4,2042,1,8746,
12,4,2043,1,8746,
12,4,2044,1,8746,
12,4,2045,1,8746,
12,4,2046,1,8746,
12,4,2047,1,8746,
12,4,2048,1,8746,
12,4,2049,1,8746,
12,4,2050,1,8746,
12,4,2023,2,8746,
12,4,2024,2,8746,
12,4,2025,2,8746,
12,4,2026,2,8746,
12,4,2027,2,8746,
12,4,2028,2,8746,
12,4,2029,2,8746,
12,4,2030,2,8746,
12,4,2031,2,8746,
12,4,2032,2,8746,
12,4,2033,2,8746,
12,4,2034,2,8746,
12,4,2035,2,8746,
12,4,2036,2,8746,
12,4,2037,2,8746,
12,4,2038,2,8746,
12,4,2039,2,8746,
12,4,2040,2,8746,
12,4,2041,2,8746,
12,4,2042,2,8746,
12,4,2043,2,8746,
12,4,2044,2,8746,
12,4,2045,2,8746,
12,4,2046,2,8746,
12,4,2047,2,8746,
12,4,2048,2,8746,
12,4,2049,2,8746,
12,4,2050,2,8746,
12,4,2023,3,8746,
12,4,2024,3,8746,
12,4,2025,3,8746,
12,4,2026,3,8746,
12,4,2027,3,8746,
12,4,2028,3,8746,
12,4,2029,3,8746,
12,4,2030,3,8746,
12,4,2031,3,8746,
12,4,2032,3,8746,
12,4,2033,3,8746,
12,4,2034,3,8746,
12,4,2035,3,8746,
12,4,2036,3,8746,
12,4,2037,3,8746,
12,4,2038,3,8746,
12,4,2039,3,8746,
12,4,2040,3,8746,
12,4,2041,3,8746,
12,4,2042,3,8746,
12,4,2043,3,8746,
12,4,2044,3,8746,
12,4,2045,3,8746,
12,4,2046,3,8746,
12,4,2047,3,8746,
12,4,2048,3,8746,
12,4,2049,3,8746,
12,4,2050,3,8746,
13,10,2023,1,3900,
13,10,2024,1,3900,
13,10,2025,1,3900,
13,10,2026,1,3900,
13,10,2027,1,3900,
13,10,2028,1,3900,
13,10,2029,1,3900,
13,10,2030,1,3900,
13,10,2031,1,3900,
13,10,2032,1,3900,
13,10,2033,1,3900,
13,10,2034,1,3900,
13,10,2035,1,3900,
13,10,2036,1,3900,
13,10,2037,1,3900,
13,10,2038,1,3900,
13,10,2039,1,3900,
13,10,2040,1,3900,
13,10,2041,1,3900,
13,10,2042,1,3900,
13,10,2043,1,3900,
13,10,2044,1,3900,
13,10,2045,1,3900,
13,10,2046,1,3900,
13,10,2047,1,3900,
13,10,2048,1,3900,
13,10,2049,1,3900,
13,10,2050,1,3900,
13,10,2023,2,3900,
13,10,2024,2,3900,
13,10,2025,2,3900,
13,10,2026,2,3900,
13,10,2027,2,3900,
13,10,2028,2,3900,
13,10,2029,2,3900,
13,10,2030,2,3900,
13,10,2031,2,3900,
13,10,2032,2,3900,
13,10,2033,2,3900,
13,10,2034,2,3900,
13,10,2035,2,3900,
13,10,2036,2,3900,
13,10,2037,2,3900,
13,10,2038,2,3900,
13,10,2039,2,3900,
13,10,2040,2,3900,
13,10,2041,2,3900,
13,10,2042,2,3900,
13,10,2043,2,3900,
13,10,2044,2,3900,
13,10,2045,2,3900,
13,10,2046,2,3900,
13,10,2047,2,3900,
13,10,2048,2,3900,
13,10,2049,2,3900,
13,10,2050,2,3900,
13,10,2023,3,3900,
13,10,2024,3,3900,
13,10,2025,3,3900,
13,10,2026,3,3900,
13,10,2027,3,3900,
13,10,2028,3,3900,
13,10,2029,3,3900,
13,10,2030,3,3900,
13,10,2031,3,3900,
13,10,2032,3,3900,
13,10,2033,3,3900,
13,10,2034,3,3900,
13,10,2035,3,3900,
13,10,2036,3,3900,
13,10,2037,3,3900,
13,10,2038,3,3900,
13,10,2039,3,3900,
13,10,2040,3,3900,
13,10,2041,3,3900,
13,10,2042,3,3900,
13,10,2043,3,3900,
13,10,2044,3,3900,
13,10,2045,3,3900,
13,10,2046,3,3900,
13,10,2047,3,3900,
13,10,2048,3,3900,
13,10,2049,3,3900,
13,10,2050,3,3900,
13,11,2023,1,4098,
13,11,2024,1,4098,
13,11,2025,1,4098,
13,11,2026,1,4098,
13,11,2027,1,4098,
13,11,2028,1,4098,
13,11,2029,1,4098,
13,11,2030,1,4098,
13,11,2031,1,4098,
13,11,2032,1,4098,
13,11,2033,1,4098,
13,11,2034,1,4098,
13,11,2035,1,4098,
13,11,2036,1,4098,
13,11,2037,1,4098,
13,11,2038,1,4098,
13,11,2039,1,4098,
13,11,2040,1,4098,
13,11,2041,1,4098,
13,11,2042,1,4098,
13,11,2043,1,4098,
13,11,2044,1,4098,
13,11,2045,1,4098,
13,11,2046,1,4098,
13,11,2047,1,4098,
13,11,2048,1,4098,
13,11,2049,1,4098,
13,11,2050,1,4098,
13,11,2023,2,4098,
13,11,2024,2,4098,
13,11,2025,2,4098,
13,11,2026,2,4098,
13,11,2027,2,4098,
13,11,2028,2,4098,
13,11,2029,2,4098,
13,11,2030,2,4098,
13,11,2031,2,4098,
13,11,2032,2,4098,
13,11,2033,2,4098,
13,11,2034,2,4098,
13,11,2035,2,4098,
13,11,2036,2,4098,
13,11,2037,2,4098,
13,11,2038,2,4098,
13,11,2039,2,4098,
13,11,2040,2,4098,
13,11,2041,2,4098,
13,11,2042,2,4098,
13,11,2043,2,4098,
13,11,2044,2,4098,
13,11,2045,2,4098,
13,11,2046,2,4098,
13,11,2047,2,4098,
13,11,2048,2,4098,
13,11,2049,2,4098,
13,11,2050,2,4098,
13,11,2023,3,4098,
13,11,2024,3,4098,
13,11,2025,3,4098,
13,11,2026,3,4098,
13,11,2027,3,4098,
13,11,2028,3,4098,
13,11,2029,3,4098,
13,11,2030,3,4098,
13,11,2031,3,4098,
13,11,2032,3,4098,
13,11,2033,3,4098,
13,11,2034,3,4098,
13,11,2035,3,4098,
13,11,2036,3,4098,
13,11,2037,3,4098,
13,11,2038,3,4098,
13,11,2039,3,4098,
13,11,2040,3,4098,
13,11,2041,3,4098,
13,11,2042,3,4098,
13,11,2043,3,4098,
13,11,2044,3,4098,
13,11,2045,3,4098,
13,11,2046,3,4098,
13,11,2047,3,4098,
13,11,2048,3,4098,
13,11,2049,3,4098,
13,11,2050,3,4098,
13,14,2023,1,4316,
13,14,2024,1,4316,
13,14,2025,1,4316,
13,14,2026,1,4316,
13,14,2027,1,4316,
13,14,2028,1,4316,
13,14,2029,1,4316,
13,14,2030,1,4316,
13,14,2031,1,4316,
13,14,2032,1,4316,
13,14,2033,1,4316,
13,14,2034,1,4316,
13,14,2035,1,4316,
13,14,2036,1,4316,
13,14,2037,1,4316,
13,14,2038,1,4316,
13,14,2039,1,4316,
13,14,2040,1,4316,
13,14,2041,1,4316,
13,14,2042,1,4316,
13,14,2043,1,4316,
13,14,2044,1,4316,
13,14,2045,1,4316,
13,14,2046,1,4316,
13,14,2047,1,4316,
13,14,2048,1,4316,
13,14,2049,1,4316,
13,14,2050,1,4316,
13,14,2023,2,4316,
13,14,2024,2,4316,
13,14,2025,2,4316,
13,14,2026,2,4316,
13,14,2027,2,4316,
13,14,2028,2,4316,
13,14,2029,2,4316,
13,14,2030,2,4316,
13,14,2031,2,4316,
13,14,2032,2,4316,
13,14,2033,2,4316,
13,14,2034,2,4316,
13,14,2035,2,4316,
13,14,2036,2,4316,
13,14,2037,2,4316,
13,14,2038,2,4316,
13,14,2039,2,4316,
13,14,2040,2,4316,
13,14,2041,2,4316,
13,14,2042,2,4316,
13,14,2043,2,4316,
13,14,2044,2,4316,
13,14,2045,2,4316,
13,14,2046,2,4316,
13,14,2047,2,4316,
13,14,2048,2,4316,
13,14,2049,2,4316,
13,14,2050,2,4316,
13,14,2023,3,4316,
13,14,2024,3,4316,
13,14,2025,3,4316,
13,14,2026,3,4316,
13,14,2027,3,4316,
13,14,2028,3,4316,
13,14,2029,3,4316,
13,14,2030,3,4316,
13,14,2031,3,4316,
13,14,2032,3,4316,
13,14,2033,3,4316,
13,14,2034,3,4316,
13,14,2035,3,4316,
13,14,2036,3,4316,
13,14,2037,3,4316,
13,14,2038,3,4316,
13,14,2039,3,4316,
13,14,2040,3,4316,
13,14,2041,3,4316,
13,14,2042,3,4316,
13,14,2043,3,4316,
13,14,2044,3,4316,
13,14,2045,3,4316,
13,14,2046,3,4316,
13,14,2047,3,4316,
13,14,2048,3,4316,
13,14,2049,3,4316,
13,14,2050,3,4316,
14,11,2023,1,902,
14,11,2024,1,902,
14,11,2025,1,902,
14,11,2026,1,902,
14,11,2027,1,902,
14,11,2028,1,902,
14,11,2029,1,902,
14,11,2030,1,902,
14,11,2031,1,902,
14,11,2032,1,902,
14,11,2033,1,902,
14,11,2034,1,902,
14,11,2035,1,902,
14,11,2036,1,902,
14,11,2037,1,902,
14,11,2038,1,902,
14,11,2039,1,902,
14,11,2040,1,902,
14,11,2041,1,902,
14,11,2042,1,902,
14,11,2043,1,902,
14,11,2044,1,902,
14,11,2045,1,902,
14,11,2046,1,902,
14,11,2047,1,902,
14,11,2048,1,902,
14,11,2049,1,902,
14,11,2050,1,902,
14,11,2023,2,902,
14,11,2024,2,902,
14,11,2025,2,902,
14,11,2026,2,902,
14,11,2027,2,902,
14,11,2028,2,902,
14,11,2029,2,902,
14,11,2030,2,902,
14,11,2031,2,902,
14,11,2032,2,902,
14,11,2033,2,902,
14,11,2034,2,902,
14,11,2035,2,902,
14,11,2036,2,902,
14,11,2037,2,902,
14,11,2038,2,902,
14,11,2039,2,902,
14,11,2040,2,902,
14,11,2041,2,902,
14,11,2042,2,902,
14,11,2043,2,902,
14,11,2044,2,902,
14,11,2045,2,902,
14,11,2046,2,902,
14,11,2047,2,902,
14,11,2048,2,902,
14,11,2049,2,902,
14,11,2050,2,902,
14,11,2023,3,902,
14,11,2024,3,902,
14,11,2025,3,902,
14,11,2026,3,902,
14,11,2027,3,902,
14,11,2028,3,902,
14,11,2029,3,902,
14,11,2030,3,902,
14,11,2031,3,902,
14,11,2032,3,902,
14,11,2033,3,902,
14,11,2034,3,902,
14,11,2035,3,902,
14,11,2036,3,902,
14,11,2037,3,902,
14,11,2038,3,902,
14,11,2039,3,902,
14,11,2040,3,902,
14,11,2041,3,902,
14,11,2042,3,902,
14,11,2043,3,902,
14,11,2044,3,902,
14,11,2045,3,902,
14,11,2046,3,902,
14,11,2047,3,902,
14,11,2048,3,902,
14,11,2049,3,902,
14,11,2050,3,902,
14,13,2023,1,4350,
14,13,2024,1,4350,
14,13,2025,1,4350,
14,13,2026,1,4350,
14,13,2027,1,4350,
14,13,2028,1,4350,
14,13,2029,1,4350,
14,13,2030,1,4350,
14,13,2031,1,4350,
14,13,2032,1,4350,
14,13,2033,1,4350,
14,13,2034,1,4350,
14,13,2035,1,4350,
14,13,2036,1,4350,
14,13,2037,1,4350,
14,13,2038,1,4350,
14,13,2039,1,4350,
14,13,2040,1,4350,
14,13,2041,1,4350,
14,13,2042,1,4350,
14,13,2043,1,4350,
14,13,2044,1,4350,
14,13,2045,1,4350,
14,13,2046,1,4350,
14,13,2047,1,4350,
14,13,2048,1,4350,
14,13,2049,1,4350,
14,13,2050,1,4350,
14,13,2023,2,4350,
14,13,2024,2,4350,
14,13,2025,2,4350,
14,13,2026,2,4350,
14,13,2027,2,4350,
14,13,2028,2,4350,
14,13,2029,2,4350,
14,13,2030,2,4350,
14,13,2031,2,4350,
14,13,2032,2,4350,
14,13,2033,2,4350,
14,13,2034,2,4350,
14,13,2035,2,4350,
14,13,2036,2,4350,
14,13,2037,2,4350,
14,13,2038,2,4350,
14,13,2039,2,4350,
14,13,2040,2,4350,
14,13,2041,2,4350,
14,13,2042,2,4350,
14,13,2043,2,4350,
14,13,2044,2,4350,
14,13,2045,2,4350,
14,13,2046,2,4350,
14,13,2047,2,4350,
14,13,2048,2,4350,
14,13,2049,2,4350,
14,13,2050,2,4350,
14,13,2023,3,4350,
14,13,2024,3,4350,
14,13,2025,3,4350,
14,13,2026,3,4350,
14,13,2027,3,4350,
14,13,2028,3,4350,
14,13,2029,3,4350,
14,13,2030,3,4350,
14,13,2031,3,4350,
14,13,2032,3,4350,
14,13,2033,3,4350,
14,13,2034,3,4350,
14,13,2035,3,4350,
14,13,2036,3,4350,
14,13,2037,3,4350,
14,13,2038,3,4350,
14,13,2039,3,4350,
14,13,2040,3,4350,
14,13,2041,3,4350,
14,13,2042,3,4350,
14,13,2043,3,4350,
14,13,2044,3,4350,
14,13,2045,3,4350,
14,13,2046,3,4350,
14,13,2047,3,4350,
14,13,2048,3,4350,
14,13,2049,3,4350,
14,13,2050,3,4350,
14,15,2023,1,3242,
14,15,2024,1,3242,
14,15,2025,1,3242,
14,15,2026,1,3242,
14,15,2027,1,3242,
14,15,2028,1,3242,
14,15,2029,1,3242,
14,15,2030,1,3242,
14,15,2031,1,3242,
14,15,2032,1,3242,
14,15,2033,1,3242,
14,15,2034,1,3242,
14,15,2035,1,3242,
14,15,2036,1,3242,
14,15,2037,1,3242,
14,15,2038,1,3242,
14,15,2039,1,3242,
14,15,2040,1,3242,
14,15,2041,1,3242,
14,15,2042,1,3242,
14,15,2043,1,3242,
14,15,2044,1,3242,
14,15,2045,1,3242,
14,15,2046,1,3242,
14,15,2047,1,3242,
14,15,2048,1,3242,
14,15,2049,1,3242,
14,15,2050,1,3242,
14,15,2023,2,3242,
14,15,2024,2,3242,
14,15,2025,2,3242,
14,15,2026,2,3242,
14,15,2027,2,3242,
14,15,2028,2,3242,
14,15,2029,2,3242,
14,15,2030,2,3242,
14,15,2031,2,3242,
14,15,2032,2,3242,
14,15,2033,2,3242,
14,15,2034,2,3242,
14,15,2035,2,3242,
14,15,2036,2,3242,
14,15,2037,2,3242,
14,15,2038,2,3242,
14,15,2039,2,3242,
14,15,2040,2,3242,
14,15,2041,2,3242,
14,15,2042,2,3242,
14,15,2043,2,3242,
14,15,2044,2,3242,
14,15,2045,2,3242,
14,15,2046,2,3242,
14,15,2047,2,3242,
14,15,2048,2,3242,
14,15,2049,2,3242,
14,15,2050,2,3242,
14,15,2023,3,3242,
14,15,2024,3,3242,
14,15,2025,3,3242,
14,15,2026,3,3242,
14,15,2027,3,3242,
14,15,2028,3,3242,
14,15,2029,3,3242,
14,15,2030,3,3242,
14,15,2031,3,3242,
14,15,2032,3,3242,
14,15,2033,3,3242,
14,15,2034,3,3242,
14,15,2035,3,3242,
14,15,2036,3,3242,
14,15,2037,3,3242,
14,15,2038,3,3242,
14,15,2039,3,3242,
14,15,2040,3,3242,
14,15,2041,3,3242,
14,15,2042,3,3242,
14,15,2043,3,3242,
14,15,2044,3,3242,
14,15,2045,3,3242,
14,15,2046,3,3242,
14,15,2047,3,3242,
14,15,2048,3,3242,
14,15,2049,3,3242,
14,15,2050,3,3242,
14,16,2023,1,3600,
14,16,2024,1,3600,
14,16,2025,1,3600,
14,16,2026,1,3600,
14,16,2027,1,3600,
14,16,2028,1,3600,
14,16,2029,1,3600,
14,16,2030,1,3600,
14,16,2031,1,3600,
14,16,2032,1,3600,
14,16,2033,1,3600,
14,16,2034,1,3600,
14,16,2035,1,3600,
14,16,2036,1,3600,
14,16,2037,1,3600,
14,16,2038,1,3600,
14,16,2039,1,3600,
14,16,2040,1,3600,
14,16,2041,1,3600,
14,16,2042,1,3600,
14,16,2043,1,3600,
14,16,2044,1,3600,
14,16,2045,1,3600,
14,16,2046,1,3600,
14,16,2047,1,3600,
14,16,2048,1,3600,
14,16,2049,1,3600,
14,16,2050,1,3600,
14,16,2023,2,3600,
14,16,2024,2,3600,
14,16,2025,2,3600,
14,16,2026,2,3600,
14,16,2027,2,3600,
14,16,2028,2,3600,
14,16,2029,2,3600,
14,16,2030,2,3600,
14,16,2031,2,3600,
14,16,2032,2,3600,
14,16,2033,2,3600,
14,16,2034,2,3600,
14,16,2035,2,3600,
14,16,2036,2,3600,
14,16,2037,2,3600,
14,16,2038,2,3600,
14,16,2039,2,3600,
14,16,2040,2,3600,
14,16,2041,2,3600,
14,16,2042,2,3600,
14,16,2043,2,3600,
14,16,2044,2,3600,
14,16,2045,2,3600,
14,16,2046,2,3600,
14,16,2047,2,3600,
14,16,2048,2,3600,
14,16,2049,2,3600,
14,16,2050,2,3600,
14,16,2023,3,3600,
14,16,2024,3,3600,
14,16,2025,3,3600,
14,16,2026,3,3600,
14,16,2027,3,3600,
14,16,2028,3,3600,
14,16,2029,3,3600,
14,16,2030,3,3600,
14,16,2031,3,3600,
14,16,2032,3,3600,
14,16,2033,3,3600,
14,16,2034,3,3600,
14,16,2035,3,3600,
14,16,2036,3,3600,
14,16,2037,3,3600,
14,16,2038,3,3600,
14,16,2039,3,3600,
14,16,2040,3,3600,
14,16,2041,3,3600,
14,16,2042,3,3600,
14,16,2043,3,3600,
14,16,2044,3,3600,
14,16,2045,3,3600,
14,16,2046,3,3600,
14,16,2047,3,3600,
14,16,2048,3,3600,
14,16,2049,3,3600,
14,16,2050,3,3600,
15,2,2023,1,3600,
15,2,2024,1,3600,
15,2,2025,1,3600,
15,2,2026,1,3600,
15,2,2027,1,3600,
15,2,2028,1,3600,
15,2,2029,1,3600,
15,2,2030,1,3600,
15,2,2031,1,3600,
15,2,2032,1,3600,
15,2,2033,1,3600,
15,2,2034,1,3600,
15,2,2035,1,3600,
15,2,2036,1,3600,
15,2,2037,1,3600,
15,2,2038,1,3600,
15,2,2039,1,3600,
15,2,2040,1,3600,
15,2,2041,1,3600,
15,2,2042,1,3600,
15,2,2043,1,3600,
15,2,2044,1,3600,
15,2,2045,1,3600,
15,2,2046,1,3600,
15,2,2047,1,3600,
15,2,2048,1,3600,
15,2,2049,1,3600,
15,2,2050,1,3600,
15,2,2023,2,3600,
15,2,2024,2,3600,
15,2,2025,2,3600,
15,2,2026,2,3600,
15,2,2027,2,3600,
15,2,2028,2,3600,
15,2,2029,2,3600,
15,2,2030,2,3600,
15,2,2031,2,3600,
15,2,2032,2,3600,
15,2,2033,2,3600,
15,2,2034,2,3600,
15,2,2035,2,3600,
15,2,2036,2,3600,
15,2,2037,2,3600,
15,2,2038,2,3600,
15,2,2039,2,3600,
15,2,2040,2,3600,
15,2,2041,2,3600,
15,2,2042,2,3600,
15,2,2043,2,3600,
15,2,2044,2,3600,
15,2,2045,2,3600,
15,2,2046,2,3600,
15,2,2047,2,3600,
15,2,2048,2,3600,
15,2,2049,2,3600,
15,2,2050,2,3600,
15,2,2023,3,3600,
15,2,2024,3,3600,
15,2,2025,3,3600,
15,2,2026,3,3600,
15,2,2027,3,3600,
15,2,2028,3,3600,
15,2,2029,3,3600,
15,2,2030,3,3600,
15,2,2031,3,3600,
15,2,2032,3,3600,
15,2,2033,3,3600,
15,2,2034,3,3600,
15,2,2035,3,3600,
15,2,2036,3,3600,
15,2,2037,3,3600,
15,2,2038,3,3600,
15,2,2039,3,3600,
15,2,2040,3,3600,
15,2,2041,3,3600,
15,2,2042,3,3600,
15,2,2043,3,3600,
15,2,2044,3,3600,
15,2,2045,3,3600,
15,2,2046,3,3600,
15,2,2047,3,3600,
15,2,2048,3,3600,
15,2,2049,3,3600,
15,2,2050,3,3600,
15,6,2023,1,3000,
15,6,2024,1,3000,
15,6,2025,1,3000,
15,6,2026,1,3000,
15,6,2027,1,3000,
15,6,2028,1,3000,
15,6,2029,1,3000,
15,6,2030,1,3000,
15,6,2031,1,3000,
15,6,2032,1,3000,
15,6,2033,1,3000,
15,6,2034,1,3000,
15,6,2035,1,3000,
15,6,2036,1,3000,
15,6,2037,1,3000,
15,6,2038,1,3000,
15,6,2039,1,3000,
15,6,2040,1,3000,
15,6,2041,1,3000,
15,6,2042,1,3000,
15,6,2043,1,3000,
15,6,2044,1,3000,
15,6,2045,1,3000,
15,6,2046,1,3000,
15,6,2047,1,3000,
15,6,2048,1,3000,
15,6,2049,1,3000,
15,6,2050,1,3000,
15,6,2023,2,3000,
15,6,2024,2,3000,
15,6,2025,2,3000,
15,6,2026,2,3000,
15,6,2027,2,3000,
15,6,2028,2,3000,
15,6,2029,2,3000,
15,6,2030,2,3000,
15,6,2031,2,3000,
15,6,2032,2,3000,
15,6,2033,2,3000,
15,6,2034,2,3000,
15,6,2035,2,3000,
15,6,2036,2,3000,
15,6,2037,2,3000,
15,6,2038,2,3000,
15,6,2039,2,3000,
15,6,2040,2,3000,
15,6,2041,2,3000,
15,6,2042,2,3000,
15,6,2043,2,3000,
15,6,2044,2,3000,
15,6,2045,2,3000,
15,6,2046,2,3000,
15,6,2047,2,3000,
15,6,2048,2,3000,
15,6,2049,2,3000,
15,6,2050,2,3000,
15,6,2023,3,3000,
15,6,2024,3,3000,
15,6,2025,3,3000,
15,6,2026,3,3000,
15,6,2027,3,3000,
15,6,2028,3,3000,
15,6,2029,3,3000,
15,6,2030,3,3000,
15,6,2031,3,3000,
15,6,2032,3,3000,
15,6,2033,3,3000,
15,6,2034,3,3000,
15,6,2035,3,3000,
15,6,2036,3,3000,
15,6,2037,3,3000,
15,6,2038,3,3000,
15,6,2039,3,3000,
15,6,2040,3,3000,
15,6,2041,3,3000,
15,6,2042,3,3000,
15,6,2043,3,3000,
15,6,2044,3,3000,
15,6,2045,3,3000,
15,6,2046,3,3000,
15,6,2047,3,3000,
15,6,2048,3,3000,
15,6,2049,3,3000,
15,6,2050,3,3000,
15,14,2023,1,3242,
15,14,2024,1,3242,
15,14,2025,1,3242,
15,14,2026,1,3242,
15,14,2027,1,3242,
15,14,2028,1,3242,
15,14,2029,1,3242,
15,14,2030,1,3242,
15,14,2031,1,3242,
15,14,2032,1,3242,
15,14,2033,1,3242,
15,14,2034,1,3242,
15,14,2035,1,3242,
15,14,2036,1,3242,
15,14,2037,1,3242,
15,14,2038,1,3242,
15,14,2039,1,3242,
15,14,2040,1,3242,
15,14,2041,1,3242,
15,14,2042,1,3242,
15,14,2043,1,3242,
15,14,2044,1,3242,
15,14,2045,1,3242,
15,14,2046,1,3242,
15,14,2047,1,3242,
15,14,2048,1,3242,
15,14,2049,1,3242,
15,14,2050,1,3242,
15,14,2023,2,3242,
15,14,2024,2,3242,
15,14,2025,2,3242,
15,14,2026,2,3242,
15,14,2027,2,3242,
15,14,2028,2,3242,
15,14,2029,2,3242,
15,14,2030,2,3242,
15,14,2031,2,3242,
15,14,2032,2,3242,
15,14,2033,2,3242,
15,14,2034,2,3242,
15,14,2035,2,3242,
15,14,2036,2,3242,
15,14,2037,2,3242,
15,14,2038,2,3242,
15,14,2039,2,3242,
15,14,2040,2,3242,
15,14,2041,2,3242,
15,14,2042,2,3242,
15,14,2043,2,3242,
15,14,2044,2,3242,
15,14,2045,2,3242,
15,14,2046,2,3242,
15,14,2047,2,3242,
15,14,2048,2,3242,
15,14,2049,2,3242,
15,14,2050,2,3242,
15,14,2023,3,3242,
15,14,2024,3,3242,
15,14,2025,3,3242,
15,14,2026,3,3242,
15,14,2027,3,3242,
15,14,2028,3,3242,
15,14,2029,3,3242,
15,14,2030,3,3242,
15,14,2031,3,3242,
15,14,2032,3,3242,
15,14,2033,3,3242,
15,14,2034,3,3242,
15,14,2035,3,3242,
15,14,2036,3,3242,
15,14,2037,3,3242,
15,14,2038,3,3242,
15,14,2039,3,3242,
15,14,2040,3,3242,
15,14,2041,3,3242,
15,14,2042,3,3242,
15,14,2043,3,3242,
15,14,2044,3,3242,
15,14,2045,3,3242,
15,14,2046,3,3242,
15,14,2047,3,3242,
15,14,2048,3,3242,
15,14,2049,3,3242,
15,14,2050,3,3242,
15,16,2023,1,1713,
15,16,2024,1,1713,
15,16,2025,1,1713,
15,16,2026,1,1713,
15,16,2027,1,1713,
15,16,2028,1,1713,
15,16,2029,1,1713,
15,16,2030,1,1713,
15,16,2031,1,1713,
15,16,2032,1,1713,
15,16,2033,1,1713,
15,16,2034,1,1713,
15,16,2035,1,1713,
15,16,2036,1,1713,
15,16,2037,1,1713,
15,16,2038,1,1713,
15,16,2039,1,1713,
15,16,2040,1,1713,
15,16,2041,1,1713,
15,16,2042,1,1713,
15,16,2043,1,1713,
15,16,2044,1,1713,
15,16,2045,1,1713,
15,16,2046,1,1713,
15,16,2047,1,1713,
15,16,2048,1,1713,
15,16,2049,1,1713,
15,16,2050,1,1713,
15,16,2023,2,1713,
15,16,2024,2,1713,
15,16,2025,2,1713,
15,16,2026,2,1713,
15,16,2027,2,1713,
15,16,2028,2,1713,
15,16,2029,2,1713,
15,16,2030,2,1713,
15,16,2031,2,1713,
15,16,2032,2,1713,
15,16,2033,2,1713,
15,16,2034,2,1713,
15,16,2035,2,1713,
15,16,2036,2,1713,
15,16,2037,2,1713,
15,16,2038,2,1713,
15,16,2039,2,1713,
15,16,2040,2,1713,
15,16,2041,2,1713,
15,16,2042,2,1713,
15,16,2043,2,1713,
15,16,2044,2,1713,
15,16,2045,2,1713,
15,16,2046,2,1713,
15,16,2047,2,1713,
15,16,2048,2,1713,
15,16,2049,2,1713,
15,16,2050,2,1713,
15,16,2023,3,1713,
15,16,2024,3,1713,
15,16,2025,3,1713,
15,16,2026,3,1713,
15,16,2027,3,1713,
15,16,2028,3,1713,
15,16,2029,3,1713,
15,16,2030,3,1713,
15,16,2031,3,1713,
15,16,2032,3,1713,
15,16,2033,3,1713,
15,16,2034,3,1713,
15,16,2035,3,1713,
15,16,2036,3,1713,
15,16,2037,3,1713,
15,16,2038,3,1713,
15,16,2039,3,1713,
15,16,2040,3,1713,
15,16,2041,3,1713,
15,16,2042,3,1713,
15,16,2043,3,1713,
15,16,2044,3,1713,
15,16,2045,3,1713,
15,16,2046,3,1713,
15,16,2047,3,1713,
15,16,2048,3,1713,
15,16,2049,3,1713,
15,16,2050,3,1713,
16,4,2023,1,8367,
16,4,2024,1,8367,
16,4,2025,1,8367,
16,4,2026,1,8367,
16,4,2027,1,8367,
16,4,2028,1,8367,
16,4,2029,1,8367,
16,4,2030,1,8367,
16,4,2031,1,8367,
16,4,2032,1,8367,
16,4,2033,1,8367,
16,4,2034,1,8367,
16,4,2035,1,8367,
16,4,2036,1,8367,
16,4,2037,1,8367,
16,4,2038,1,8367,
16,4,2039,1,8367,
16,4,2040,1,8367,
16,4,2041,1,8367,
16,4,2042,1,8367,
16,4,2043,1,8367,
16,4,2044,1,8367,
16,4,2045,1,8367,
16,4,2046,1,8367,
16,4,2047,1,8367,
16,4,2048,1,8367,
16,4,2049,1,8367,
16,4,2050,1,8367,
16,4,2023,2,8367,
16,4,2024,2,8367,
16,4,2025,2,8367,
16,4,2026,2,8367,
16,4,2027,2,8367,
16,4,2028,2,8367,
16,4,2029,2,8367,
16,4,2030,2,8367,
16,4,2031,2,8367,
16,4,2032,2,8367,
16,4,2033,2,8367,
16,4,2034,2,8367,
16,4,2035,2,8367,
16,4,2036,2,8367,
16,4,2037,2,8367,
16,4,2038,2,8367,
16,4,2039,2,8367,
16,4,2040,2,8367,
16,4,2041,2,8367,
16,4,2042,2,8367,
16,4,2043,2,8367,
16,4,2044,2,8367,
16,4,2045,2,8367,
16,4,2046,2,8367,
16,4,2047,2,8367,
16,4,2048,2,8367,
16,4,2049,2,8367,
16,4,2050,2,8367,
16,4,2023,3,8367,
16,4,2024,3,8367,
16,4,2025,3,8367,
16,4,2026,3,8367,
16,4,2027,3,8367,
16,4,2028,3,8367,
16,4,2029,3,8367,
16,4,2030,3,8367,
16,4,2031,3,8367,
16,4,2032,3,8367,
16,4,2033,3,8367,
16,4,2034,3,8367,
16,4,2035,3,8367,
16,4,2036,3,8367,
16,4,2037,3,8367,
16,4,2038,3,8367,
16,4,2039,3,8367,
16,4,2040,3,8367,
16,4,2041,3,8367,
16,4,2042,3,8367,
16,4,2043,3,8367,
16,4,2044,3,8367,
16,4,2045,3,8367,
16,4,2046,3,8367,
16,4,2047,3,8367,
16,4,2048,3,8367,
16,4,2049,3,8367,
16,4,2050,3,8367,
16,6,2023,1,2919,
16,6,2024,1,2919,
16,6,2025,1,2919,
16,6,2026,1,2919,
16,6,2027,1,2919,
16,6,2028,1,2919,
16,6,2029,1,2919,
16,6,2030,1,2919,
16,6,2031,1,2919,
16,6,2032,1,2919,
16,6,2033,1,2919,
16,6,2034,1,2919,
16,6,2035,1,2919,
16,6,2036,1,2919,
16,6,2037,1,2919,
16,6,2038,1,2919,
16,6,2039,1,2919,
16,6,2040,1,2919,
16,6,2041,1,2919,
16,6,2042,1,2919,
16,6,2043,1,2919,
16,6,2044,1,2919,
16,6,2045,1,2919,
16,6,2046,1,2919,
16,6,2047,1,2919,
16,6,2048,1,2919,
16,6,2049,1,2919,
16,6,2050,1,2919,
16,6,2023,2,2919,
16,6,2024,2,2919,
16,6,2025,2,2919,
16,6,2026,2,2919,
16,6,2027,2,2919,
16,6,2028,2,2919,
16,6,2029,2,2919,
16,6,2030,2,2919,
16,6,2031,2,2919,
16,6,2032,2,2919,
16,6,2033,2,2919,
16,6,2034,2,2919,
16,6,2035,2,2919,
16,6,2036,2,2919,
16,6,2037,2,2919,
16,6,2038,2,2919,
16,6,2039,2,2919,
16,6,2040,2,2919,
16,6,2041,2,2919,
16,6,2042,2,2919,
16,6,2043,2,2919,
16,6,2044,2,2919,
16,6,2045,2,2919,
16,6,2046,2,2919,
16,6,2047,2,2919,
16,6,2048,2,2919,
16,6,2049,2,2919,
16,6,2050,2,2919,
16,6,2023,3,2919,
16,6,2024,3,2919,
16,6,2025,3,2919,
16,6,2026,3,2919,
16,6,2027,3,2919,
16,6,2028,3,2919,
16,6,2029,3,2919,
16,6,2030,3,2919,
16,6,2031,3,2919,
16,6,2032,3,2919,
16,6,2033,3,2919,
16,6,2034,3,2919,
16,6,2035,3,2919,
16,6,2036,3,2919,
16,6,2037,3,2919,
16,6,2038,3,2919,
16,6,2039,3,2919,
16,6,2040,3,2919,
16,6,2041,3,2919,
16,6,2042,3,2919,
16,6,2043,3,2919,
16,6,2044,3,2919,
16,6,2045,3,2919,
16,6,2046,3,2919,
16,6,2047,3,2919,
16,6,2048,3,2919,
16,6,2049,3,2919,
16,6,2050,3,2919,
16,11,2023,1,1816,
16,11,2024,1,1816,
16,11,2025,1,1816,
16,11,2026,1,1816,
16,11,2027,1,1816,
16,11,2028,1,1816,
16,11,2029,1,1816,
16,11,2030,1,1816,
16,11,2031,1,1816,
16,11,2032,1,1816,
16,11,2033,1,1816,
16,11,2034,1,1816,
16,11,2035,1,1816,
16,11,2036,1,1816,
16,11,2037,1,1816,
16,11,2038,1,1816,
16,11,2039,1,1816,
16,11,2040,1,1816,
16,11,2041,1,1816,
16,11,2042,1,1816,
16,11,2043,1,1816,
16,11,2044,1,1816,
16,11,2045,1,1816,
16,11,2046,1,1816,
16,11,2047,1,1816,
16,11,2048,1,1816,
16,11,2049,1,1816,
16,11,2050,1,1816,
16,11,2023,2,1816,
16,11,2024,2,1816,
16,11,2025,2,1816,
16,11,2026,2,1816,
16,11,2027,2,1816,
16,11,2028,2,1816,
16,11,2029,2,1816,
16,11,2030,2,1816,
16,11,2031,2,1816,
16,11,2032,2,1816,
16,11,2033,2,1816,
16,11,2034,2,1816,
16,11,2035,2,1816,
16,11,2036,2,1816,
16,11,2037,2,1816,
16,11,2038,2,1816,
16,11,2039,2,1816,
16,11,2040,2,1816,
16,11,2041,2,1816,
16,11,2042,2,1816,
16,11,2043,2,1816,
16,11,2044,2,1816,
16,11,2045,2,1816,
16,11,2046,2,1816,
16,11,2047,2,1816,
16,11,2048,2,1816,
16,11,2049,2,1816,
16,11,2050,2,1816,
16,11,2023,3,1816,
16,11,2024,3,1816,
16,11,2025,3,1816,
16,11,2026,3,1816,
16,11,2027,3,1816,
16,11,2028,3,1816,
16,11,2029,3,1816,
16,11,2030,3,1816,
16,11,2031,3,1816,
16,11,2032,3,1816,
16,11,2033,3,1816,
16,11,2034,3,1816,
16,11,2035,3,1816,
16,11,2036,3,1816,
16,11,2037,3,1816,
16,11,2038,3,1816,
16,11,2039,3,1816,
16,11,2040,3,1816,
16,11,2041,3,1816,
16,11,2042,3,1816,
16,11,2043,3,1816,
16,11,2044,3,1816,
16,11,2045,3,1816,
16,11,2046,3,1816,
16,11,2047,3,1816,
16,11,2048,3,1816,
16,11,2049,3,1816,
16,11,2050,3,1816,
16,14,2023,1,3600,
16,14,2024,1,3600,
16,14,2025,1,3600,
16,14,2026,1,3600,
16,14,2027,1,3600,
16,14,2028,1,3600,
16,14,2029,1,3600,
16,14,2030,1,3600,
16,14,2031,1,3600,
16,14,2032,1,3600,
16,14,2033,1,3600,
16,14,2034,1,3600,
16,14,2035,1,3600,
16,14,2036,1,3600,
16,14,2037,1,3600,
16,14,2038,1,3600,
16,14,2039,1,3600,
16,14,2040,1,3600,
16,14,2041,1,3600,
16,14,2042,1,3600,
16,14,2043,1,3600,
16,14,2044,1,3600,
16,14,2045,1,3600,
16,14,2046,1,3600,
16,14,2047,1,3600,
16,14,2048,1,3600,
16,14,2049,1,3600,
16,14,2050,1,3600,
16,14,2023,2,3600,
16,14,2024,2,3600,
16,14,2025,2,3600,
16,14,2026,2,3600,
16,14,2027,2,3600,
16,14,2028,2,3600,
16,14,2029,2,3600,
16,14,2030,2,3600,
16,14,2031,2,3600,
16,14,2032,2,3600,
16,14,2033,2,3600,
16,14,2034,2,3600,
16,14,2035,2,3600,
16,14,2036,2,3600,
16,14,2037,2,3600,
16,14,2038,2,3600,
16,14,2039,2,3600,
16,14,2040,2,3600,
16,14,2041,2,3600,
16,14,2042,2,3600,
16,14,2043,2,3600,
16,14,2044,2,3600,
16,14,2045,2,3600,
16,14,2046,2,3600,
16,14,2047,2,3600,
16,14,2048,2,3600,
16,14,2049,2,3600,
16,14,2050,2,3600,
16,14,2023,3,3600,
16,14,2024,3,3600,
16,14,2025,3,3600,
16,14,2026,3,3600,
16,14,2027,3,3600,
16,14,2028,3,3600,
16,14,2029,3,3600,
16,14,2030,3,3600,
16,14,2031,3,3600,
16,14,2032,3,3600,
16,14,2033,3,3600,
16,14,2034,3,3600,
16,14,2035,3,3600,
16,14,2036,3,3600,
16,14,2037,3,3600,
16,14,2038,3,3600,
16,14,2039,3,3600,
16,14,2040,3,3600,
16,14,2041,3,3600,
16,14,2042,3,3600,
16,14,2043,3,3600,
16,14,2044,3,3600,
16,14,2045,3,3600,
16,14,2046,3,3600,
16,14,2047,3,3600,
16,14,2048,3,3600,
16,14,2049,3,3600,
16,14,2050,3,3600,
16,15,2023,1,1713,
16,15,2024,1,1713,
16,15,2025,1,1713,
16,15,2026,1,1713,
16,15,2027,1,1713,
16,15,2028,1,1713,
16,15,2029,1,1713,
16,15,2030,1,1713,
16,15,2031,1,1713,
16,15,2032,1,1713,
16,15,2033,1,1713,
16,15,2034,1,1713,
16,15,2035,1,1713,
16,15,2036,1,1713,
16,15,2037,1,1713,
16,15,2038,1,1713,
16,15,2039,1,1713,
16,15,2040,1,1713,
16,15,2041,1,1713,
16,15,2042,1,1713,
16,15,2043,1,1713,
16,15,2044,1,1713,
16,15,2045,1,1713,
16,15,2046,1,1713,
16,15,2047,1,1713,
16,15,2048,1,1713,
16,15,2049,1,1713,
16,15,2050,1,1713,
16,15,2023,2,1713,
16,15,2024,2,1713,
16,15,2025,2,1713,
16,15,2026,2,1713,
16,15,2027,2,1713,
16,15,2028,2,1713,
16,15,2029,2,1713,
16,15,2030,2,1713,
16,15,2031,2,1713,
16,15,2032,2,1713,
16,15,2033,2,1713,
16,15,2034,2,1713,
16,15,2035,2,1713,
16,15,2036,2,1713,
16,15,2037,2,1713,
16,15,2038,2,1713,
16,15,2039,2,1713,
16,15,2040,2,1713,
16,15,2041,2,1713,
16,15,2042,2,1713,
16,15,2043,2,1713,
16,15,2044,2,1713,
16,15,2045,2,1713,
16,15,2046,2,1713,
16,15,2047,2,1713,
16,15,2048,2,1713,
16,15,2049,2,1713,
16,15,2050,2,1713,
16,15,2023,3,1713,
16,15,2024,3,1713,
16,15,2025,3,1713,
16,15,2026,3,1713,
16,15,2027,3,1713,
16,15,2028,3,1713,
16,15,2029,3,1713,
16,15,2030,3,1713,
16,15,2031,3,1713,
16,15,2032,3,1713,
16,15,2033,3,1713,
16,15,2034,3,1713,
16,15,2035,3,1713,
16,15,2036,3,1713,
16,15,2037,3,1713,
16,15,2038,3,1713,
16,15,2039,3,1713,
16,15,2040,3,1713,
16,15,2041,3,1713,
16,15,2042,3,1713,
16,15,2043,3,1713,
16,15,2044,3,1713,
16,15,2045,3,1713,
16,15,2046,3,1713,
16,15,2047,3,1713,
16,15,2048,3,1713,
16,15,2049,3,1713,
16,15,2050,3,1713,
17,1,2023,1,820,
17,1,2024,1,820,
17,1,2025,1,820,
17,1,2026,1,820,
17,1,2027,1,820,
17,1,2028,1,820,
17,1,2029,1,820,
17,1,2030,1,820,
17,1,2031,1,820,
17,1,2032,1,820,
17,1,2033,1,820,
17,1,2034,1,820,
17,1,2035,1,820,
17,1,2036,1,820,
17,1,2037,1,820,
17,1,2038,1,820,
17,1,2039,1,820,
17,1,2040,1,820,
17,1,2041,1,820,
17,1,2042,1,820,
17,1,2043,1,820,
17,1,2044,1,820,
17,1,2045,1,820,
17,1,2046,1,820,
17,1,2047,1,820,
17,1,2048,1,820,
17,1,2049,1,820,
17,1,2050,1,820,
17,1,2023,2,820,
17,1,2024,2,820,
17,1,2025,2,820,
17,1,2026,2,820,
17,1,2027,2,820,
17,1,2028,2,820,
17,1,2029,2,820,
17,1,2030,2,820,
17,1,2031,2,820,
17,1,2032,2,820,
17,1,2033,2,820,
17,1,2034,2,820,
17,1,2035,2,820,
17,1,2036,2,820,
17,1,2037,2,820,
17,1,2038,2,820,
17,1,2039,2,820,
17,1,2040,2,820,
17,1,2041,2,820,
17,1,2042,2,820,
17,1,2043,2,820,
17,1,2044,2,820,
17,1,2045,2,820,
17,1,2046,2,820,
17,1,2047,2,820,
17,1,2048,2,820,
17,1,2049,2,820,
17,1,2050,2,820,
17,1,2023,3,820,
17,1,2024,3,820,
17,1,2025,3,820,
17,1,2026,3,820,
17,1,2027,3,820,
17,1,2028,3,820,
17,1,2029,3,820,
17,1,2030,3,820,
17,1,2031,3,820,
17,1,2032,3,820,
17,1,2033,3,820,
17,1,2034,3,820,
17,1,2035,3,820,
17,1,2036,3,820,
17,1,2037,3,820,
17,1,2038,3,820,
17,1,2039,3,820,
17,1,2040,3,820,
17,1,2041,3,820,
17,1,2042,3,820,
17,1,2043,3,820,
17,1,2044,3,820,
17,1,2045,3,820,
17,1,2046,3,820,
17,1,2047,3,820,
17,1,2048,3,820,
17,1,2049,3,820,
17,1,2050,3,820,
17,4,2023,1,3000,
17,4,2024,1,3000,
17,4,2025,1,3000,
17,4,2026,1,3000,
17,4,2027,1,3000,
17,4,2028,1,3000,
17,4,2029,1,3000,
17,4,2030,1,3000,
17,4,2031,1,3000,
17,4,2032,1,3000,
17,4,2033,1,3000,
17,4,2034,1,3000,
17,4,2035,1,3000,
17,4,2036,1,3000,
17,4,2037,1,3000,
17,4,2038,1,3000,
17,4,2039,1,3000,
17,4,2040,1,3000,
17,4,2041,1,3000,
17,4,2042,1,3000,
17,4,2043,1,3000,
17,4,2044,1,3000,
17,4,2045,1,3000,
17,4,2046,1,3000,
17,4,2047,1,3000,
17,4,2048,1,3000,
17,4,2049,1,3000,
17,4,2050,1,3000,
17,4,2023,2,3000,
17,4,2024,2,3000,
17,4,2025,2,3000,
17,4,2026,2,3000,
17,4,2027,2,3000,
17,4,2028,2,3000,
17,4,2029,2,3000,
17,4,2030,2,3000,
17,4,2031,2,3000,
17,4,2032,2,3000,
17,4,2033,2,3000,
17,4,2034,2,3000,
17,4,2035,2,3000,
17,4,2036,2,3000,
17,4,2037,2,3000,
17,4,2038,2,3000,
17,4,2039,2,3000,
17,4,2040,2,3000,
17,4,2041,2,3000,
17,4,2042,2,3000,
17,4,2043,2,3000,
17,4,2044,2,3000,
17,4,2045,2,3000,
17,4,2046,2,3000,
17,4,2047,2,3000,
17,4,2048,2,3000,
17,4,2049,2,3000,
17,4,2050,2,3000,
17,4,2023,3,3000,
17,4,2024,3,3000,
17,4,2025,3,3000,
17,4,2026,3,3000,
17,4,2027,3,3000,
17,4,2028,3,3000,
17,4,2029,3,3000,
17,4,2030,3,3000,
17,4,2031,3,3000,
17,4,2032,3,3000,
17,4,2033,3,3000,
17,4,2034,3,3000,
17,4,2035,3,3000,
17,4,2036,3,3000,
17,4,2037,3,3000,
17,4,2038,3,3000,
17,4,2039,3,3000,
17,4,2040,3,3000,
17,4,2041,3,3000,
17,4,2042,3,3000,
17,4,2043,3,3000,
17,4,2044,3,3000,
17,4,2045,3,3000,
17,4,2046,3,3000,
17,4,2047,3,3000,
17,4,2048,3,3000,
17,4,2049,3,3000,
17,4,2050,3,3000,
17,6,2023,1,1736,
17,6,2024,1,1736,
17,6,2025,1,1736,
17,6,2026,1,1736,
17,6,2027,1,1736,
17,6,2028,1,1736,
17,6,2029,1,1736,
17,6,2030,1,1736,
17,6,2031,1,1736,
17,6,2032,1,1736,
17,6,2033,1,1736,
17,6,2034,1,1736,
17,6,2035,1,1736,
17,6,2036,1,1736,
17,6,2037,1,1736,
17,6,2038,1,1736,
17,6,2039,1,1736,
17,6,2040,1,1736,
17,6,2041,1,1736,
17,6,2042,1,1736,
17,6,2043,1,1736,
17,6,2044,1,1736,
17,6,2045,1,1736,
17,6,2046,1,1736,
17,6,2047,1,1736,
17,6,2048,1,1736,
17,6,2049,1,1736,
17,6,2050,1,1736,
17,6,2023,2,1736,
17,6,2024,2,1736,
17,6,2025,2,1736,
17,6,2026,2,1736,
17,6,2027,2,1736,
17,6,2028,2,1736,
17,6,2029,2,1736,
17,6,2030,2,1736,
17,6,2031,2,1736,
17,6,2032,2,1736,
17,6,2033,2,1736,
17,6,2034,2,1736,
17,6,2035,2,1736,
17,6,2036,2,1736,
17,6,2037,2,1736,
17,6,2038,2,1736,
17,6,2039,2,1736,
17,6,2040,2,1736,
17,6,2041,2,1736,
17,6,2042,2,1736,
17,6,2043,2,1736,
17,6,2044,2,1736,
17,6,2045,2,1736,
17,6,2046,2,1736,
17,6,2047,2,1736,
17,6,2048,2,1736,
17,6,2049,2,1736,
17,6,2050,2,1736,
17,6,2023,3,1736,
17,6,2024,3,1736,
17,6,2025,3,1736,
17,6,2026,3,1736,
17,6,2027,3,1736,
17,6,2028,3,1736,
17,6,2029,3,1736,
17,6,2030,3,1736,
17,6,2031,3,1736,
17,6,2032,3,1736,
17,6,2033,3,1736,
17,6,2034,3,1736,
17,6,2035,3,1736,
17,6,2036,3,1736,
17,6,2037,3,1736,
17,6,2038,3,1736,
17,6,2039,3,1736,
17,6,2040,3,1736,
17,6,2041,3,1736,
17,6,2042,3,1736,
17,6,2043,3,1736,
17,6,2044,3,1736,
17,6,2045,3,1736,
17,6,2046,3,1736,
17,6,2047,3,1736,
17,6,2048,3,1736,
17,6,2049,3,1736,
17,6,2050,3,1736,
17,18,2023,1,572,
17,18,2024,1,572,
17,18,2025,1,572,
17,18,2026,1,572,
17,18,2027,1,572,
17,18,2028,1,572,
17,18,2029,1,572,
17,18,2030,1,572,
17,18,2031,1,572,
17,18,2032,1,572,
17,18,2033,1,572,
17,18,2034,1,572,
17,18,2035,1,572,
17,18,2036,1,572,
17,18,2037,1,572,
17,18,2038,1,572,
17,18,2039,1,572,
17,18,2040,1,572,
17,18,2041,1,572,
17,18,2042,1,572,
17,18,2043,1,572,
17,18,2044,1,572,
17,18,2045,1,572,
17,18,2046,1,572,
17,18,2047,1,572,
17,18,2048,1,572,
17,18,2049,1,572,
17,18,2050,1,572,
17,18,2023,2,572,
17,18,2024,2,572,
17,18,2025,2,572,
17,18,2026,2,572,
17,18,2027,2,572,
17,18,2028,2,572,
17,18,2029,2,572,
17,18,2030,2,572,
17,18,2031,2,572,
17,18,2032,2,572,
17,18,2033,2,572,
17,18,2034,2,572,
17,18,2035,2,572,
17,18,2036,2,572,
17,18,2037,2,572,
17,18,2038,2,572,
17,18,2039,2,572,
17,18,2040,2,572,
17,18,2041,2,572,
17,18,2042,2,572,
17,18,2043,2,572,
17,18,2044,2,572,
17,18,2045,2,572,
17,18,2046,2,572,
17,18,2047,2,572,
17,18,2048,2,572,
17,18,2049,2,572,
17,18,2050,2,572,
17,18,2023,3,572,
17,18,2024,3,572,
17,18,2025,3,572,
17,18,2026,3,572,
17,18,2027,3,572,
17,18,2028,3,572,
17,18,2029,3,572,
17,18,2030,3,572,
17,18,2031,3,572,
17,18,2032,3,572,
17,18,2033,3,572,
17,18,2034,3,572,
17,18,2035,3,572,
17,18,2036,3,572,
17,18,2037,3,572,
17,18,2038,3,572,
17,18,2039,3,572,
17,18,2040,3,572,
17,18,2041,3,572,
17,18,2042,3,572,
17,18,2043,3,572,
17,18,2044,3,572,
17,18,2045,3,572,
17,18,2046,3,572,
17,18,2047,3,572,
17,18,2048,3,572,
17,18,2049,3,572,
17,18,2050,3,572,
17,20,2023,1,400,
17,20,2024,1,400,
17,20,2025,1,400,
17,20,2026,1,400,
17,20,2027,1,400,
17,20,2028,1,400,
17,20,2029,1,400,
17,20,2030,1,400,
17,20,2031,1,400,
17,20,2032,1,400,
17,20,2033,1,400,
17,20,2034,1,400,
17,20,2035,1,400,
17,20,2036,1,400,
17,20,2037,1,400,
17,20,2038,1,400,
17,20,2039,1,400,
17,20,2040,1,400,
17,20,2041,1,400,
17,20,2042,1,400,
17,20,2043,1,400,
17,20,2044,1,400,
17,20,2045,1,400,
17,20,2046,1,400,
17,20,2047,1,400,
17,20,2048,1,400,
17,20,2049,1,400,
17,20,2050,1,400,
17,20,2023,2,400,
17,20,2024,2,400,
17,20,2025,2,400,
17,20,2026,2,400,
17,20,2027,2,400,
17,20,2028,2,400,
17,20,2029,2,400,
17,20,2030,2,400,
17,20,2031,2,400,
17,20,2032,2,400,
17,20,2033,2,400,
17,20,2034,2,400,
17,20,2035,2,400,
17,20,2036,2,400,
17,20,2037,2,400,
17,20,2038,2,400,
17,20,2039,2,400,
17,20,2040,2,400,
17,20,2041,2,400,
17,20,2042,2,400,
17,20,2043,2,400,
17,20,2044,2,400,
17,20,2045,2,400,
17,20,2046,2,400,
17,20,2047,2,400,
17,20,2048,2,400,
17,20,2049,2,400,
17,20,2050,2,400,
17,20,2023,3,400,
17,20,2024,3,400,
17,20,2025,3,400,
17,20,2026,3,400,
17,20,2027,3,400,
17,20,2028,3,400,
17,20,2029,3,400,
17,20,2030,3,400,
17,20,2031,3,400,
17,20,2032,3,400,
17,20,2033,3,400,
17,20,2034,3,400,
17,20,2035,3,400,
17,20,2036,3,400,
17,20,2037,3,400,
17,20,2038,3,400,
17,20,2039,3,400,
17,20,2040,3,400,
17,20,2041,3,400,
17,20,2042,3,400,
17,20,2043,3,400,
17,20,2044,3,400,
17,20,2045,3,400,
17,20,2046,3,400,
17,20,2047,3,400,
17,20,2048,3,400,
17,20,2049,3,400,
17,20,2050,3,400,
18,3,2023,1,429,
18,3,2024,1,429,
18,3,2025,1,429,
18,3,2026,1,429,
18,3,2027,1,429,
18,3,2028,1,429,
18,3,2029,1,429,
18,3,2030,1,429,
18,3,2031,1,429,
18,3,2032,1,429,
18,3,2033,1,429,
18,3,2034,1,429,
18,3,2035,1,429,
18,3,2036,1,429,
18,3,2037,1,429,
18,3,2038,1,429,
18,3,2039,1,429,
18,3,2040,1,429,
18,3,2041,1,429,
18,3,2042,1,429,
18,3,2043,1,429,
18,3,2044,1,429,
18,3,2045,1,429,
18,3,2046,1,429,
18,3,2047,1,429,
18,3,2048,1,429,
18,3,2049,1,429,
18,3,2050,1,429,
18,3,2023,2,429,
18,3,2024,2,429,
18,3,2025,2,429,
18,3,2026,2,429,
18,3,2027,2,429,
18,3,2028,2,429,
18,3,2029,2,429,
18,3,2030,2,429,
18,3,2031,2,429,
18,3,2032,2,429,
18,3,2033,2,429,
18,3,2034,2,429,
18,3,2035,2,429,
18,3,2036,2,429,
18,3,2037,2,429,
18,3,2038,2,429,
18,3,2039,2,429,
18,3,2040,2,429,
18,3,2041,2,429,
18,3,2042,2,429,
18,3,2043,2,429,
18,3,2044,2,429,
18,3,2045,2,429,
18,3,2046,2,429,
18,3,2047,2,429,
18,3,2048,2,429,
18,3,2049,2,429,
18,3,2050,2,429,
18,3,2023,3,429,
18,3,2024,3,429,
18,3,2025,3,429,
18,3,2026,3,429,
18,3,2027,3,429,
18,3,2028,3,429,
18,3,2029,3,429,
18,3,2030,3,429,
18,3,2031,3,429,
18,3,2032,3,429,
18,3,2033,3,429,
18,3,2034,3,429,
18,3,2035,3,429,
18,3,2036,3,429,
18,3,2037,3,429,
18,3,2038,3,429,
18,3,2039,3,429,
18,3,2040,3,429,
18,3,2041,3,429,
18,3,2042,3,429,
18,3,2043,3,429,
18,3,2044,3,429,
18,3,2045,3,429,
18,3,2046,3,429,
18,3,2047,3,429,
18,3,2048,3,429,
18,3,2049,3,429,
18,3,2050,3,429,
18,4,2023,1,1138,
18,4,2024,1,1138,
18,4,2025,1,1138,
18,4,2026,1,1138,
18,4,2027,1,1138,
18,4,2028,1,1138,
18,4,2029,1,1138,
18,4,2030,1,1138,
18,4,2031,1,1138,
18,4,2032,1,1138,
18,4,2033,1,1138,
18,4,2034,1,1138,
18,4,2035,1,1138,
18,4,2036,1,1138,
18,4,2037,1,1138,
18,4,2038,1,1138,
18,4,2039,1,1138,
18,4,2040,1,1138,
18,4,2041,1,1138,
18,4,2042,1,1138,
18,4,2043,1,1138,
18,4,2044,1,1138,
18,4,2045,1,1138,
18,4,2046,1,1138,
18,4,2047,1,1138,
18,4,2048,1,1138,
18,4,2049,1,1138,
18,4,2050,1,1138,
18,4,2023,2,1138,
18,4,2024,2,1138,
18,4,2025,2,1138,
18,4,2026,2,1138,
18,4,2027,2,1138,
18,4,2028,2,1138,
18,4,2029,2,1138,
18,4,2030,2,1138,
18,4,2031,2,1138,
18,4,2032,2,1138,
18,4,2033,2,1138,
18,4,2034,2,1138,
18,4,2035,2,1138,
18,4,2036,2,1138,
18,4,2037,2,1138,
18,4,2038,2,1138,
18,4,2039,2,1138,
18,4,2040,2,1138,
18,4,2041,2,1138,
18,4,2042,2,1138,
18,4,2043,2,1138,
18,4,2044,2,1138,
18,4,2045,2,1138,
18,4,2046,2,1138,
18,4,2047,2,1138,
18,4,2048,2,1138,
18,4,2049,2,1138,
18,4,2050,2,1138,
18,4,2023,3,1138,
18,4,2024,3,1138,
18,4,2025,3,1138,
18,4,2026,3,1138,
18,4,2027,3,1138,
18,4,2028,3,1138,
18,4,2029,3,1138,
18,4,2030,3,1138,
18,4,2031,3,1138,
18,4,2032,3,1138,
18,4,2033,3,1138,
18,4,2034,3,1138,
18,4,2035,3,1138,
18,4,2036,3,1138,
18,4,2037,3,1138,
18,4,2038,3,1138,
18,4,2039,3,1138,
18,4,2040,3,1138,
18,4,2041,3,1138,
18,4,2042,3,1138,
18,4,2043,3,1138,
18,4,2044,3,1138,
18,4,2045,3,1138,
18,4,2046,3,1138,
18,4,2047,3,1138,
18,4,2048,3,1138,
18,4,2049,3,1138,
18,4,2050,3,1138,
18,6,2023,1,490,
18,6,2024,1,490,
18,6,2025,1,490,
18,6,2026,1,490,
18,6,2027,1,490,
18,6,2028,1,490,
18,6,2029,1,490,
18,6,2030,1,490,
18,6,2031,1,490,
18,6,2032,1,490,
18,6,2033,1,490,
18,6,2034,1,490,
18,6,2035,1,490,
18,6,2036,1,490,
18,6,2037,1,490,
18,6,2038,1,490,
18,6,2039,1,490,
18,6,2040,1,490,
18,6,2041,1,490,
18,6,2042,1,490,
18,6,2043,1,490,
18,6,2044,1,490,
18,6,2045,1,490,
18,6,2046,1,490,
18,6,2047,1,490,
18,6,2048,1,490,
18,6,2049,1,490,
18,6,2050,1,490,
18,6,2023,2,490,
18,6,2024,2,490,
18,6,2025,2,490,
18,6,2026,2,490,
18,6,2027,2,490,
18,6,2028,2,490,
18,6,2029,2,490,
18,6,2030,2,490,
18,6,2031,2,490,
18,6,2032,2,490,
18,6,2033,2,490,
18,6,2034,2,490,
18,6,2035,2,490,
18,6,2036,2,490,
18,6,2037,2,490,
18,6,2038,2,490,
18,6,2039,2,490,
18,6,2040,2,490,
18,6,2041,2,490,
18,6,2042,2,490,
18,6,2043,2,490,
18,6,2044,2,490,
18,6,2045,2,490,
18,6,2046,2,490,
18,6,2047,2,490,
18,6,2048,2,490,
18,6,2049,2,490,
18,6,2050,2,490,
18,6,2023,3,490,
18,6,2024,3,490,
18,6,2025,3,490,
18,6,2026,3,490,
18,6,2027,3,490,
18,6,2028,3,490,
18,6,2029,3,490,
18,6,2030,3,490,
18,6,2031,3,490,
18,6,2032,3,490,
18,6,2033,3,490,
18,6,2034,3,490,
18,6,2035,3,490,
18,6,2036,3,490,
18,6,2037,3,490,
18,6,2038,3,490,
18,6,2039,3,490,
18,6,2040,3,490,
18,6,2041,3,490,
18,6,2042,3,490,
18,6,2043,3,490,
18,6,2044,3,490,
18,6,2045,3,490,
18,6,2046,3,490,
18,6,2047,3,490,
18,6,2048,3,490,
18,6,2049,3,490,
18,6,2050,3,490,
18,17,2023,1,373,
18,17,2024,1,373,
18,17,2025,1,373,
18,17,2026,1,373,
18,17,2027,1,373,
18,17,2028,1,373,
18,17,2029,1,373,
18,17,2030,1,373,
18,17,2031,1,373,
18,17,2032,1,373,
18,17,2033,1,373,
18,17,2034,1,373,
18,17,2035,1,373,
18,17,2036,1,373,
18,17,2037,1,373,
18,17,2038,1,373,
18,17,2039,1,373,
18,17,2040,1,373,
18,17,2041,1,373,
18,17,2042,1,373,
18,17,2043,1,373,
18,17,2044,1,373,
18,17,2045,1,373,
18,17,2046,1,373,
18,17,2047,1,373,
18,17,2048,1,373,
18,17,2049,1,373,
18,17,2050,1,373,
18,17,2023,2,373,
18,17,2024,2,373,
18,17,2025,2,373,
18,17,2026,2,373,
18,17,2027,2,373,
18,17,2028,2,373,
18,17,2029,2,373,
18,17,2030,2,373,
18,17,2031,2,373,
18,17,2032,2,373,
18,17,2033,2,373,
18,17,2034,2,373,
18,17,2035,2,373,
18,17,2036,2,373,
18,17,2037,2,373,
18,17,2038,2,373,
18,17,2039,2,373,
18,17,2040,2,373,
18,17,2041,2,373,
18,17,2042,2,373,
18,17,2043,2,373,
18,17,2044,2,373,
18,17,2045,2,373,
18,17,2046,2,373,
18,17,2047,2,373,
18,17,2048,2,373,
18,17,2049,2,373,
18,17,2050,2,373,
18,17,2023,3,373,
18,17,2024,3,373,
18,17,2025,3,373,
18,17,2026,3,373,
18,17,2027,3,373,
18,17,2028,3,373,
18,17,2029,3,373,
18,17,2030,3,373,
18,17,2031,3,373,
18,17,2032,3,373,
18,17,2033,3,373,
18,17,2034,3,373,
18,17,2035,3,373,
18,17,2036,3,373,
18,17,2037,3,373,
18,17,2038,3,373,
18,17,2039,3,373,
18,17,2040,3,373,
18,17,2041,3,373,
18,17,2042,3,373,
18,17,2043,3,373,
18,17,2044,3,373,
18,17,2045,3,373,
18,17,2046,3,373,
18,17,2047,3,373,
18,17,2048,3,373,
18,17,2049,3,373,
18,17,2050,3,373,
18,19,2023,1,2878,
18,19,2024,1,2878,
18,19,2025,1,2878,
18,19,2026,1,2878,
18,19,2027,1,2878,
18,19,2028,1,2878,
18,19,2029,1,2878,
18,19,2030,1,2878,
18,19,2031,1,2878,
18,19,2032,1,2878,
18,19,2033,1,2878,
18,19,2034,1,2878,
18,19,2035,1,2878,
18,19,2036,1,2878,
18,19,2037,1,2878,
18,19,2038,1,2878,
18,19,2039,1,2878,
18,19,2040,1,2878,
18,19,2041,1,2878,
18,19,2042,1,2878,
18,19,2043,1,2878,
18,19,2044,1,2878,
18,19,2045,1,2878,
18,19,2046,1,2878,
18,19,2047,1,2878,
18,19,2048,1,2878,
18,19,2049,1,2878,
18,19,2050,1,2878,
18,19,2023,2,2878,
18,19,2024,2,2878,
18,19,2025,2,2878,
18,19,2026,2,2878,
18,19,2027,2,2878,
18,19,2028,2,2878,
18,19,2029,2,2878,
18,19,2030,2,2878,
18,19,2031,2,2878,
18,19,2032,2,2878,
18,19,2033,2,2878,
18,19,2034,2,2878,
18,19,2035,2,2878,
18,19,2036,2,2878,
18,19,2037,2,2878,
18,19,2038,2,2878,
18,19,2039,2,2878,
18,19,2040,2,2878,
18,19,2041,2,2878,
18,19,2042,2,2878,
18,19,2043,2,2878,
18,19,2044,2,2878,
18,19,2045,2,2878,
18,19,2046,2,2878,
18,19,2047,2,2878,
18,19,2048,2,2878,
18,19,2049,2,2878,
18,19,2050,2,2878,
18,19,2023,3,2878,
18,19,2024,3,2878,
18,19,2025,3,2878,
18,19,2026,3,2878,
18,19,2027,3,2878,
18,19,2028,3,2878,
18,19,2029,3,2878,
18,19,2030,3,2878,
18,19,2031,3,2878,
18,19,2032,3,2878,
18,19,2033,3,2878,
18,19,2034,3,2878,
18,19,2035,3,2878,
18,19,2036,3,2878,
18,19,2037,3,2878,
18,19,2038,3,2878,
18,19,2039,3,2878,
18,19,2040,3,2878,
18,19,2041,3,2878,
18,19,2042,3,2878,
18,19,2043,3,2878,
18,19,2044,3,2878,
18,19,2045,3,2878,
18,19,2046,3,2878,
18,19,2047,3,2878,
18,19,2048,3,2878,
18,19,2049,3,2878,
18,19,2050,3,2878,
18,24,2023,1,210,
18,24,2024,1,210,
18,24,2025,1,210,
18,24,2026,1,210,
18,24,2027,1,210,
18,24,2028,1,210,
18,24,2029,1,210,
18,24,2030,1,210,
18,24,2031,1,210,
18,24,2032,1,210,
18,24,2033,1,210,
18,24,2034,1,210,
18,24,2035,1,210,
18,24,2036,1,210,
18,24,2037,1,210,
18,24,2038,1,210,
18,24,2039,1,210,
18,24,2040,1,210,
18,24,2041,1,210,
18,24,2042,1,210,
18,24,2043,1,210,
18,24,2044,1,210,
18,24,2045,1,210,
18,24,2046,1,210,
18,24,2047,1,210,
18,24,2048,1,210,
18,24,2049,1,210,
18,24,2050,1,210,
18,24,2023,2,210,
18,24,2024,2,210,
18,24,2025,2,210,
18,24,2026,2,210,
18,24,2027,2,210,
18,24,2028,2,210,
18,24,2029,2,210,
18,24,2030,2,210,
18,24,2031,2,210,
18,24,2032,2,210,
18,24,2033,2,210,
18,24,2034,2,210,
18,24,2035,2,210,
18,24,2036,2,210,
18,24,2037,2,210,
18,24,2038,2,210,
18,24,2039,2,210,
18,24,2040,2,210,
18,24,2041,2,210,
18,24,2042,2,210,
18,24,2043,2,210,
18,24,2044,2,210,
18,24,2045,2,210,
18,24,2046,2,210,
18,24,2047,2,210,
18,24,2048,2,210,
18,24,2049,2,210,
18,24,2050,2,210,
18,24,2023,3,210,
18,24,2024,3,210,
18,24,2025,3,210,
18,24,2026,3,210,
18,24,2027,3,210,
18,24,2028,3,210,
18,24,2029,3,210,
18,24,2030,3,210,
18,24,2031,3,210,
18,24,2032,3,210,
18,24,2033,3,210,
18,24,2034,3,210,
18,24,2035,3,210,
18,24,2036,3,210,
18,24,2037,3,210,
18,24,2038,3,210,
18,24,2039,3,210,
18,24,2040,3,210,
18,24,2041,3,210,
18,24,2042,3,210,
18,24,2043,3,210,
18,24,2044,3,210,
18,24,2045,3,210,
18,24,2046,3,210,
18,24,2047,3,210,
18,24,2048,3,210,
18,24,2049,3,210,
18,24,2050,3,210,
19,3,2023,1,9521,
19,3,2024,1,9521,
19,3,2025,1,9521,
19,3,2026,1,9521,
19,3,2027,1,9521,
19,3,2028,1,9521,
19,3,2029,1,9521,
19,3,2030,1,9521,
19,3,2031,1,9521,
19,3,2032,1,9521,
19,3,2033,1,9521,
19,3,2034,1,9521,
19,3,2035,1,9521,
19,3,2036,1,9521,
19,3,2037,1,9521,
19,3,2038,1,9521,
19,3,2039,1,9521,
19,3,2040,1,9521,
19,3,2041,1,9521,
19,3,2042,1,9521,
19,3,2043,1,9521,
19,3,2044,1,9521,
19,3,2045,1,9521,
19,3,2046,1,9521,
19,3,2047,1,9521,
19,3,2048,1,9521,
19,3,2049,1,9521,
19,3,2050,1,9521,
19,3,2023,2,9521,
19,3,2024,2,9521,
19,3,2025,2,9521,
19,3,2026,2,9521,
19,3,2027,2,9521,
19,3,2028,2,9521,
19,3,2029,2,9521,
19,3,2030,2,9521,
19,3,2031,2,9521,
19,3,2032,2,9521,
19,3,2033,2,9521,
19,3,2034,2,9521,
19,3,2035,2,9521,
19,3,2036,2,9521,
19,3,2037,2,9521,
19,3,2038,2,9521,
19,3,2039,2,9521,
19,3,2040,2,9521,
19,3,2041,2,9521,
19,3,2042,2,9521,
19,3,2043,2,9521,
19,3,2044,2,9521,
19,3,2045,2,9521,
19,3,2046,2,9521,
19,3,2047,2,9521,
19,3,2048,2,9521,
19,3,2049,2,9521,
19,3,2050,2,9521,
19,3,2023,3,9521,
19,3,2024,3,9521,
19,3,2025,3,9521,
19,3,2026,3,9521,
19,3,2027,3,9521,
19,3,2028,3,9521,
19,3,2029,3,9521,
19,3,2030,3,9521,
19,3,2031,3,9521,
19,3,2032,3,9521,
19,3,2033,3,9521,
19,3,2034,3,9521,
19,3,2035,3,9521,
19,3,2036,3,9521,
19,3,2037,3,9521,
19,3,2038,3,9521,
19,3,2039,3,9521,
19,3,2040,3,9521,
19,3,2041,3,9521,
19,3,2042,3,9521,
19,3,2043,3,9521,
19,3,2044,3,9521,
19,3,2045,3,9521,
19,3,2046,3,9521,
19,3,2047,3,9521,
19,3,2048,3,9521,
19,3,2049,3,9521,
19,3,2050,3,9521,
19,18,2023,1,2878,
19,18,2024,1,2878,
19,18,2025,1,2878,
19,18,2026,1,2878,
19,18,2027,1,2878,
19,18,2028,1,2878,
19,18,2029,1,2878,
19,18,2030,1,2878,
19,18,2031,1,2878,
19,18,2032,1,2878,
19,18,2033,1,2878,
19,18,2034,1,2878,
19,18,2035,1,2878,
19,18,2036,1,2878,
19,18,2037,1,2878,
19,18,2038,1,2878,
19,18,2039,1,2878,
19,18,2040,1,2878,
19,18,2041,1,2878,
19,18,2042,1,2878,
19,18,2043,1,2878,
19,18,2044,1,2878,
19,18,2045,1,2878,
19,18,2046,1,2878,
19,18,2047,1,2878,
19,18,2048,1,2878,
19,18,2049,1,2878,
19,18,2050,1,2878,
19,18,2023,2,2878,
19,18,2024,2,2878,
19,18,2025,2,2878,
19,18,2026,2,2878,
19,18,2027,2,2878,
19,18,2028,2,2878,
19,18,2029,2,2878,
19,18,2030,2,2878,
19,18,2031,2,2878,
19,18,2032,2,2878,
19,18,2033,2,2878,
19,18,2034,2,2878,
19,18,2035,2,2878,
19,18,2036,2,2878,
19,18,2037,2,2878,
19,18,2038,2,2878,
19,18,2039,2,2878,
19,18,2040,2,2878,
19,18,2041,2,2878,
19,18,2042,2,2878,
19,18,2043,2,2878,
19,18,2044,2,2878,
19,18,2045,2,2878,
19,18,2046,2,2878,
19,18,2047,2,2878,
19,18,2048,2,2878,
19,18,2049,2,2878,
19,18,2050,2,2878,
19,18,2023,3,2878,
19,18,2024,3,2878,
19,18,2025,3,2878,
19,18,2026,3,2878,
19,18,2027,3,2878,
19,18,2028,3,2878,
19,18,2029,3,2878,
19,18,2030,3,2878,
19,18,2031,3,2878,
19,18,2032,3,2878,
19,18,2033,3,2878,
19,18,2034,3,2878,
19,18,2035,3,2878,
19,18,2036,3,2878,
19,18,2037,3,2878,
19,18,2038,3,2878,
19,18,2039,3,2878,
19,18,2040,3,2878,
19,18,2041,3,2878,
19,18,2042,3,2878,
19,18,2043,3,2878,
19,18,2044,3,2878,
19,18,2045,3,2878,
19,18,2046,3,2878,
19,18,2047,3,2878,
19,18,2048,3,2878,
19,18,2049,3,2878,
19,18,2050,3,2878,
19,23,2023,1,200,
19,23,2024,1,200,
19,23,2025,1,200,
19,23,2026,1,200,
19,23,2027,1,200,
19,23,2028,1,200,
19,23,2029,1,200,
19,23,2030,1,200,
19,23,2031,1,200,
19,23,2032,1,200,
19,23,2033,1,200,
19,23,2034,1,200,
19,23,2035,1,200,
19,23,2036,1,200,
19,23,2037,1,200,
19,23,2038,1,200,
19,23,2039,1,200,
19,23,2040,1,200,
19,23,2041,1,200,
19,23,2042,1,200,
19,23,2043,1,200,
19,23,2044,1,200,
19,23,2045,1,200,
19,23,2046,1,200,
19,23,2047,1,200,
19,23,2048,1,200,
19,23,2049,1,200,
19,23,2050,1,200,
19,23,2023,2,200,
19,23,2024,2,200,
19,23,2025,2,200,
19,23,2026,2,200,
19,23,2027,2,200,
19,23,2028,2,200,
19,23,2029,2,200,
19,23,2030,2,200,
19,23,2031,2,200,
19,23,2032,2,200,
19,23,2033,2,200,
19,23,2034,2,200,
19,23,2035,2,200,
19,23,2036,2,200,
19,23,2037,2,200,
19,23,2038,2,200,
19,23,2039,2,200,
19,23,2040,2,200,
19,23,2041,2,200,
19,23,2042,2,200,
19,23,2043,2,200,
19,23,2044,2,200,
19,23,2045,2,200,
19,23,2046,2,200,
19,23,2047,2,200,
19,23,2048,2,200,
19,23,2049,2,200,
19,23,2050,2,200,
19,23,2023,3,200,
19,23,2024,3,200,
19,23,2025,3,200,
19,23,2026,3,200,
19,23,2027,3,200,
19,23,2028,3,200,
19,23,2029,3,200,
19,23,2030,3,200,
19,23,2031,3,200,
19,23,2032,3,200,
19,23,2033,3,200,
19,23,2034,3,200,
19,23,2035,3,200,
19,23,2036,3,200,
19,23,2037,3,200,
19,23,2038,3,200,
19,23,2039,3,200,
19,23,2040,3,200,
19,23,2041,3,200,
19,23,2042,3,200,
19,23,2043,3,200,
19,23,2044,3,200,
19,23,2045,3,200,
19,23,2046,3,200,
19,23,2047,3,200,
19,23,2048,3,200,
19,23,2049,3,200,
19,23,2050,3,200,
19,24,2023,1,255,
19,24,2024,1,255,
19,24,2025,1,255,
19,24,2026,1,255,
19,24,2027,1,255,
19,24,2028,1,255,
19,24,2029,1,255,
19,24,2030,1,255,
19,24,2031,1,255,
19,24,2032,1,255,
19,24,2033,1,255,
19,24,2034,1,255,
19,24,2035,1,255,
19,24,2036,1,255,
19,24,2037,1,255,
19,24,2038,1,255,
19,24,2039,1,255,
19,24,2040,1,255,
19,24,2041,1,255,
19,24,2042,1,255,
19,24,2043,1,255,
19,24,2044,1,255,
19,24,2045,1,255,
19,24,2046,1,255,
19,24,2047,1,255,
19,24,2048,1,255,
19,24,2049,1,255,
19,24,2050,1,255,
19,24,2023,2,255,
19,24,2024,2,255,
19,24,2025,2,255,
19,24,2026,2,255,
19,24,2027,2,255,
19,24,2028,2,255,
19,24,2029,2,255,
19,24,2030,2,255,
19,24,2031,2,255,
19,24,2032,2,255,
19,24,2033,2,255,
19,24,2034,2,255,
19,24,2035,2,255,
19,24,2036,2,255,
19,24,2037,2,255,
19,24,2038,2,255,
19,24,2039,2,255,
19,24,2040,2,255,
19,24,2041,2,255,
19,24,2042,2,255,
19,24,2043,2,255,
19,24,2044,2,255,
19,24,2045,2,255,
19,24,2046,2,255,
19,24,2047,2,255,
19,24,2048,2,255,
19,24,2049,2,255,
19,24,2050,2,255,
19,24,2023,3,255,
19,24,2024,3,255,
19,24,2025,3,255,
19,24,2026,3,255,
19,24,2027,3,255,
19,24,2028,3,255,
19,24,2029,3,255,
19,24,2030,3,255,
19,24,2031,3,255,
19,24,2032,3,255,
19,24,2033,3,255,
19,24,2034,3,255,
19,24,2035,3,255,
19,24,2036,3,255,
19,24,2037,3,255,
19,24,2038,3,255,
19,24,2039,3,255,
19,24,2040,3,255,
19,24,2041,3,255,
19,24,2042,3,255,
19,24,2043,3,255,
19,24,2044,3,255,
19,24,2045,3,255,
19,24,2046,3,255,
19,24,2047,3,255,
19,24,2048,3,255,
19,24,2049,3,255,
19,24,2050,3,255,
20,17,2023,1,400,
20,17,2024,1,400,
20,17,2025,1,400,
20,17,2026,1,400,
20,17,2027,1,400,
20,17,2028,1,400,
20,17,2029,1,400,
20,17,2030,1,400,
20,17,2031,1,400,
20,17,2032,1,400,
20,17,2033,1,400,
20,17,2034,1,400,
20,17,2035,1,400,
20,17,2036,1,400,
20,17,2037,1,400,
20,17,2038,1,400,
20,17,2039,1,400,
20,17,2040,1,400,
20,17,2041,1,400,
20,17,2042,1,400,
20,17,2043,1,400,
20,17,2044,1,400,
20,17,2045,1,400,
20,17,2046,1,400,
20,17,2047,1,400,
20,17,2048,1,400,
20,17,2049,1,400,
20,17,2050,1,400,
20,17,2023,2,400,
20,17,2024,2,400,
20,17,2025,2,400,
20,17,2026,2,400,
20,17,2027,2,400,
20,17,2028,2,400,
20,17,2029,2,400,
20,17,2030,2,400,
20,17,2031,2,400,
20,17,2032,2,400,
20,17,2033,2,400,
20,17,2034,2,400,
20,17,2035,2,400,
20,17,2036,2,400,
20,17,2037,2,400,
20,17,2038,2,400,
20,17,2039,2,400,
20,17,2040,2,400,
20,17,2041,2,400,
20,17,2042,2,400,
20,17,2043,2,400,
20,17,2044,2,400,
20,17,2045,2,400,
20,17,2046,2,400,
20,17,2047,2,400,
20,17,2048,2,400,
20,17,2049,2,400,
20,17,2050,2,400,
20,17,2023,3,400,
20,17,2024,3,400,
20,17,2025,3,400,
20,17,2026,3,400,
20,17,2027,3,400,
20,17,2028,3,400,
20,17,2029,3,400,
20,17,2030,3,400,
20,17,2031,3,400,
20,17,2032,3,400,
20,17,2033,3,400,
20,17,2034,3,400,
20,17,2035,3,400,
20,17,2036,3,400,
20,17,2037,3,400,
20,17,2038,3,400,
20,17,2039,3,400,
20,17,2040,3,400,
20,17,2041,3,400,
20,17,2042,3,400,
20,17,2043,3,400,
20,17,2044,3,400,
20,17,2045,3,400,
20,17,2046,3,400,
20,17,2047,3,400,
20,17,2048,3,400,
20,17,2049,3,400,
20,17,2050,3,400,
20,22,2023,1,2996,
20,22,2024,1,2996,
20,22,2025,1,2996,
20,22,2026,1,2996,
20,22,2027,1,2996,
20,22,2028,1,2996,
20,22,2029,1,2996,
20,22,2030,1,2996,
20,22,2031,1,2996,
20,22,2032,1,2996,
20,22,2033,1,2996,
20,22,2034,1,2996,
20,22,2035,1,2996,
20,22,2036,1,2996,
20,22,2037,1,2996,
20,22,2038,1,2996,
20,22,2039,1,2996,
20,22,2040,1,2996,
20,22,2041,1,2996,
20,22,2042,1,2996,
20,22,2043,1,2996,
20,22,2044,1,2996,
20,22,2045,1,2996,
20,22,2046,1,2996,
20,22,2047,1,2996,
20,22,2048,1,2996,
20,22,2049,1,2996,
20,22,2050,1,2996,
20,22,2023,2,2996,
20,22,2024,2,2996,
20,22,2025,2,2996,
20,22,2026,2,2996,
20,22,2027,2,2996,
20,22,2028,2,2996,
20,22,2029,2,2996,
20,22,2030,2,2996,
20,22,2031,2,2996,
20,22,2032,2,2996,
20,22,2033,2,2996,
20,22,2034,2,2996,
20,22,2035,2,2996,
20,22,2036,2,2996,
20,22,2037,2,2996,
20,22,2038,2,2996,
20,22,2039,2,2996,
20,22,2040,2,2996,
20,22,2041,2,2996,
20,22,2042,2,2996,
20,22,2043,2,2996,
20,22,2044,2,2996,
20,22,2045,2,2996,
20,22,2046,2,2996,
20,22,2047,2,2996,
20,22,2048,2,2996,
20,22,2049,2,2996,
20,22,2050,2,2996,
20,22,2023,3,2996,
20,22,2024,3,2996,
20,22,2025,3,2996,
20,22,2026,3,2996,
20,22,2027,3,2996,
20,22,2028,3,2996,
20,22,2029,3,2996,
20,22,2030,3,2996,
20,22,2031,3,2996,
20,22,2032,3,2996,
20,22,2033,3,2996,
20,22,2034,3,2996,
20,22,2035,3,2996,
20,22,2036,3,2996,
20,22,2037,3,2996,
20,22,2038,3,2996,
20,22,2039,3,2996,
20,22,2040,3,2996,
20,22,2041,3,2996,
20,22,2042,3,2996,
20,22,2043,3,2996,
20,22,2044,3,2996,
20,22,2045,3,2996,
20,22,2046,3,2996,
20,22,2047,3,2996,
20,22,2048,3,2996,
20,22,2049,3,2996,
20,22,2050,3,2996,
20,24,2023,1,442,
20,24,2024,1,442,
20,24,2025,1,442,
20,24,2026,1,442,
20,24,2027,1,442,
20,24,2028,1,442,
20,24,2029,1,442,
20,24,2030,1,442,
20,24,2031,1,442,
20,24,2032,1,442,
20,24,2033,1,442,
20,24,2034,1,442,
20,24,2035,1,442,
20,24,2036,1,442,
20,24,2037,1,442,
20,24,2038,1,442,
20,24,2039,1,442,
20,24,2040,1,442,
20,24,2041,1,442,
20,24,2042,1,442,
20,24,2043,1,442,
20,24,2044,1,442,
20,24,2045,1,442,
20,24,2046,1,442,
20,24,2047,1,442,
20,24,2048,1,442,
20,24,2049,1,442,
20,24,2050,1,442,
20,24,2023,2,442,
20,24,2024,2,442,
20,24,2025,2,442,
20,24,2026,2,442,
20,24,2027,2,442,
20,24,2028,2,442,
20,24,2029,2,442,
20,24,2030,2,442,
20,24,2031,2,442,
20,24,2032,2,442,
20,24,2033,2,442,
20,24,2034,2,442,
20,24,2035,2,442,
20,24,2036,2,442,
20,24,2037,2,442,
20,24,2038,2,442,
20,24,2039,2,442,
20,24,2040,2,442,
20,24,2041,2,442,
20,24,2042,2,442,
20,24,2043,2,442,
20,24,2044,2,442,
20,24,2045,2,442,
20,24,2046,2,442,
20,24,2047,2,442,
20,24,2048,2,442,
20,24,2049,2,442,
20,24,2050,2,442,
20,24,2023,3,442,
20,24,2024,3,442,
20,24,2025,3,442,
20,24,2026,3,442,
20,24,2027,3,442,
20,24,2028,3,442,
20,24,2029,3,442,
20,24,2030,3,442,
20,24,2031,3,442,
20,24,2032,3,442,
20,24,2033,3,442,
20,24,2034,3,442,
20,24,2035,3,442,
20,24,2036,3,442,
20,24,2037,3,442,
20,24,2038,3,442,
20,24,2039,3,442,
20,24,2040,3,442,
20,24,2041,3,442,
20,24,2042,3,442,
20,24,2043,3,442,
20,24,2044,3,442,
20,24,2045,3,442,
20,24,2046,3,442,
20,24,2047,3,442,
20,24,2048,3,442,
20,24,2049,3,442,
20,24,2050,3,442,
20,25,2023,1,4589,
20,25,2024,1,4589,
20,25,2025,1,4589,
20,25,2026,1,4589,
20,25,2027,1,4589,
20,25,2028,1,4589,
20,25,2029,1,4589,
20,25,2030,1,4589,
20,25,2031,1,4589,
20,25,2032,1,4589,
20,25,2033,1,4589,
20,25,2034,1,4589,
20,25,2035,1,4589,
20,25,2036,1,4589,
20,25,2037,1,4589,
20,25,2038,1,4589,
20,25,2039,1,4589,
20,25,2040,1,4589,
20,25,2041,1,4589,
20,25,2042,1,4589,
20,25,2043,1,4589,
20,25,2044,1,4589,
20,25,2045,1,4589,
20,25,2046,1,4589,
20,25,2047,1,4589,
20,25,2048,1,4589,
20,25,2049,1,4589,
20,25,2050,1,4589,
20,25,2023,2,4589,
20,25,2024,2,4589,
20,25,2025,2,4589,
20,25,2026,2,4589,
20,25,2027,2,4589,
20,25,2028,2,4589,
20,25,2029,2,4589,
20,25,2030,2,4589,
20,25,2031,2,4589,
20,25,2032,2,4589,
20,25,2033,2,4589,
20,25,2034,2,4589,
20,25,2035,2,4589,
20,25,2036,2,4589,
20,25,2037,2,4589,
20,25,2038,2,4589,
20,25,2039,2,4589,
20,25,2040,2,4589,
20,25,2041,2,4589,
20,25,2042,2,4589,
20,25,2043,2,4589,
20,25,2044,2,4589,
20,25,2045,2,4589,
20,25,2046,2,4589,
20,25,2047,2,4589,
20,25,2048,2,4589,
20,25,2049,2,4589,
20,25,2050,2,4589,
20,25,2023,3,4589,
20,25,2024,3,4589,
20,25,2025,3,4589,
20,25,2026,3,4589,
20,25,2027,3,4589,
20,25,2028,3,4589,
20,25,2029,3,4589,
20,25,2030,3,4589,
20,25,2031,3,4589,
20,25,2032,3,4589,
20,25,2033,3,4589,
20,25,2034,3,4589,
20,25,2035,3,4589,
20,25,2036,3,4589,
20,25,2037,3,4589,
20,25,2038,3,4589,
20,25,2039,3,4589,
20,25,2040,3,4589,
20,25,2041,3,4589,
20,25,2042,3,4589,
20,25,2043,3,4589,
20,25,2044,3,4589,
20,25,2045,3,4589,
20,25,2046,3,4589,
20,25,2047,3,4589,
20,25,2048,3,4589,
20,25,2049,3,4589,
20,25,2050,3,4589,
21,22,2023,1,8242,
21,22,2024,1,8242,
21,22,2025,1,8242,
21,22,2026,1,8242,
21,22,2027,1,8242,
21,22,2028,1,8242,
21,22,2029,1,8242,
21,22,2030,1,8242,
21,22,2031,1,8242,
21,22,2032,1,8242,
21,22,2033,1,8242,
21,22,2034,1,8242,
21,22,2035,1,8242,
21,22,2036,1,8242,
21,22,2037,1,8242,
21,22,2038,1,8242,
21,22,2039,1,8242,
21,22,2040,1,8242,
21,22,2041,1,8242,
21,22,2042,1,8242,
21,22,2043,1,8242,
21,22,2044,1,8242,
21,22,2045,1,8242,
21,22,2046,1,8242,
21,22,2047,1,8242,
21,22,2048,1,8242,
21,22,2049,1,8242,
21,22,2050,1,8242,
21,22,2023,2,8242,
21,22,2024,2,8242,
21,22,2025,2,8242,
21,22,2026,2,8242,
21,22,2027,2,8242,
21,22,2028,2,8242,
21,22,2029,2,8242,
21,22,2030,2,8242,
21,22,2031,2,8242,
21,22,2032,2,8242,
21,22,2033,2,8242,
21,22,2034,2,8242,
21,22,2035,2,8242,
21,22,2036,2,8242,
21,22,2037,2,8242,
21,22,2038,2,8242,
21,22,2039,2,8242,
21,22,2040,2,8242,
21,22,2041,2,8242,
21,22,2042,2,8242,
21,22,2043,2,8242,
21,22,2044,2,8242,
21,22,2045,2,8242,
21,22,2046,2,8242,
21,22,2047,2,8242,
21,22,2048,2,8242,
21,22,2049,2,8242,
21,22,2050,2,8242,
21,22,2023,3,8242,
21,22,2024,3,8242,
21,22,2025,3,8242,
21,22,2026,3,8242,
21,22,2027,3,8242,
21,22,2028,3,8242,
21,22,2029,3,8242,
21,22,2030,3,8242,
21,22,2031,3,8242,
21,22,2032,3,8242,
21,22,2033,3,8242,
21,22,2034,3,8242,
21,22,2035,3,8242,
21,22,2036,3,8242,
21,22,2037,3,8242,
21,22,2038,3,8242,
21,22,2039,3,8242,
21,22,2040,3,8242,
21,22,2041,3,8242,
21,22,2042,3,8242,
21,22,2043,3,8242,
21,22,2044,3,8242,
21,22,2045,3,8242,
21,22,2046,3,8242,
21,22,2047,3,8242,
21,22,2048,3,8242,
21,22,2049,3,8242,
21,22,2050,3,8242,
21,23,2023,1,4441,
21,23,2024,1,4441,
21,23,2025,1,4441,
21,23,2026,1,4441,
21,23,2027,1,4441,
21,23,2028,1,4441,
21,23,2029,1,4441,
21,23,2030,1,4441,
21,23,2031,1,4441,
21,23,2032,1,4441,
21,23,2033,1,4441,
21,23,2034,1,4441,
21,23,2035,1,4441,
21,23,2036,1,4441,
21,23,2037,1,4441,
21,23,2038,1,4441,
21,23,2039,1,4441,
21,23,2040,1,4441,
21,23,2041,1,4441,
21,23,2042,1,4441,
21,23,2043,1,4441,
21,23,2044,1,4441,
21,23,2045,1,4441,
21,23,2046,1,4441,
21,23,2047,1,4441,
21,23,2048,1,4441,
21,23,2049,1,4441,
21,23,2050,1,4441,
21,23,2023,2,4441,
21,23,2024,2,4441,
21,23,2025,2,4441,
21,23,2026,2,4441,
21,23,2027,2,4441,
21,23,2028,2,4441,
21,23,2029,2,4441,
21,23,2030,2,4441,
21,23,2031,2,4441,
21,23,2032,2,4441,
21,23,2033,2,4441,
21,23,2034,2,4441,
21,23,2035,2,4441,
21,23,2036,2,4441,
21,23,2037,2,4441,
21,23,2038,2,4441,
21,23,2039,2,4441,
21,23,2040,2,4441,
21,23,2041,2,4441,
21,23,2042,2,4441,
21,23,2043,2,4441,
21,23,2044,2,4441,
21,23,2045,2,4441,
21,23,2046,2,4441,
21,23,2047,2,4441,
21,23,2048,2,4441,
21,23,2049,2,4441,
21,23,2050,2,4441,
21,23,2023,3,4441,
21,23,2024,3,4441,
21,23,2025,3,4441,
21,23,2026,3,4441,
21,23,2027,3,4441,
21,23,2028,3,4441,
21,23,2029,3,4441,
21,23,2030,3,4441,
21,23,2031,3,4441,
21,23,2032,3,4441,
21,23,2033,3,4441,
21,23,2034,3,4441,
21,23,2035,3,4441,
21,23,2036,3,4441,
21,23,2037,3,4441,
21,23,2038,3,4441,
21,23,2039,3,4441,
21,23,2040,3,4441,
21,23,2041,3,4441,
21,23,2042,3,4441,
21,23,2043,3,4441,
21,23,2044,3,4441,
21,23,2045,3,4441,
21,23,2046,3,4441,
21,23,2047,3,4441,
21,23,2048,3,4441,
21,23,2049,3,4441,
21,23,2050,3,4441,
21,25,2023,1,106,
21,25,2024,1,106,
21,25,2025,1,106,
21,25,2026,1,106,
21,25,2027,1,106,
21,25,2028,1,106,
21,25,2029,1,106,
21,25,2030,1,106,
21,25,2031,1,106,
21,25,2032,1,106,
21,25,2033,1,106,
21,25,2034,1,106,
21,25,2035,1,106,
21,25,2036,1,106,
21,25,2037,1,106,
21,25,2038,1,106,
21,25,2039,1,106,
21,25,2040,1,106,
21,25,2041,1,106,
21,25,2042,1,106,
21,25,2043,1,106,
21,25,2044,1,106,
21,25,2045,1,106,
21,25,2046,1,106,
21,25,2047,1,106,
21,25,2048,1,106,
21,25,2049,1,106,
21,25,2050,1,106,
21,25,2023,2,106,
21,25,2024,2,106,
21,25,2025,2,106,
21,25,2026,2,106,
21,25,2027,2,106,
21,25,2028,2,106,
21,25,2029,2,106,
21,25,2030,2,106,
21,25,2031,2,106,
21,25,2032,2,106,
21,25,2033,2,106,
21,25,2034,2,106,
21,25,2035,2,106,
21,25,2036,2,106,
21,25,2037,2,106,
21,25,2038,2,106,
21,25,2039,2,106,
21,25,2040,2,106,
21,25,2041,2,106,
21,25,2042,2,106,
21,25,2043,2,106,
21,25,2044,2,106,
21,25,2045,2,106,
21,25,2046,2,106,
21,25,2047,2,106,
21,25,2048,2,106,
21,25,2049,2,106,
21,25,2050,2,106,
21,25,2023,3,106,
21,25,2024,3,106,
21,25,2025,3,106,
21,25,2026,3,106,
21,25,2027,3,106,
21,25,2028,3,106,
21,25,2029,3,106,
21,25,2030,3,106,
21,25,2031,3,106,
21,25,2032,3,106,
21,25,2033,3,106,
21,25,2034,3,106,
21,25,2035,3,106,
21,25,2036,3,106,
21,25,2037,3,106,
21,25,2038,3,106,
21,25,2039,3,106,
21,25,2040,3,106,
21,25,2041,3,106,
21,25,2042,3,106,
21,25,2043,3,106,
21,25,2044,3,106,
21,25,2045,3,106,
21,25,2046,3,106,
21,25,2047,3,106,
21,25,2048,3,106,
21,25,2049,3,106,
21,25,2050,3,106,
22,20,2023,1,489,
22,20,2024,1,489,
22,20,2025,1,489,
22,20,2026,1,489,
22,20,2027,1,489,
22,20,2028,1,489,
22,20,2029,1,489,
22,20,2030,1,489,
22,20,2031,1,489,
22,20,2032,1,489,
22,20,2033,1,489,
22,20,2034,1,489,
22,20,2035,1,489,
22,20,2036,1,489,
22,20,2037,1,489,
22,20,2038,1,489,
22,20,2039,1,489,
22,20,2040,1,489,
22,20,2041,1,489,
22,20,2042,1,489,
22,20,2043,1,489,
22,20,2044,1,489,
22,20,2045,1,489,
22,20,2046,1,489,
22,20,2047,1,489,
22,20,2048,1,489,
22,20,2049,1,489,
22,20,2050,1,489,
22,20,2023,2,489,
22,20,2024,2,489,
22,20,2025,2,489,
22,20,2026,2,489,
22,20,2027,2,489,
22,20,2028,2,489,
22,20,2029,2,489,
22,20,2030,2,489,
22,20,2031,2,489,
22,20,2032,2,489,
22,20,2033,2,489,
22,20,2034,2,489,
22,20,2035,2,489,
22,20,2036,2,489,
22,20,2037,2,489,
22,20,2038,2,489,
22,20,2039,2,489,
22,20,2040,2,489,
22,20,2041,2,489,
22,20,2042,2,489,
22,20,2043,2,489,
22,20,2044,2,489,
22,20,2045,2,489,
22,20,2046,2,489,
22,20,2047,2,489,
22,20,2048,2,489,
22,20,2049,2,489,
22,20,2050,2,489,
22,20,2023,3,489,
22,20,2024,3,489,
22,20,2025,3,489,
22,20,2026,3,489,
22,20,2027,3,489,
22,20,2028,3,489,
22,20,2029,3,489,
22,20,2030,3,489,
22,20,2031,3,489,
22,20,2032,3,489,
22,20,2033,3,489,
22,20,2034,3,489,
22,20,2035,3,489,
22,20,2036,3,489,
22,20,2037,3,489,
22,20,2038,3,489,
22,20,2039,3,489,
22,20,2040,3,489,
22,20,2041,3,489,
22,20,2042,3,489,
22,20,2043,3,489,
22,20,2044,3,489,
22,20,2045,3,489,
22,20,2046,3,489,
22,20,2047,3,489,
22,20,2048,3,489,
22,20,2049,3,489,
22,20,2050,3,489,
22,21,2023,1,7918,
22,21,2024,1,7918,
22,21,2025,1,7918,
22,21,2026,1,7918,
22,21,2027,1,7918,
22,21,2028,1,7918,
22,21,2029,1,7918,
22,21,2030,1,7918,
22,21,2031,1,7918,
22,21,2032,1,7918,
22,21,2033,1,7918,
22,21,2034,1,7918,
22,21,2035,1,7918,
22,21,2036,1,7918,
22,21,2037,1,7918,
22,21,2038,1,7918,
22,21,2039,1,7918,
22,21,2040,1,7918,
22,21,2041,1,7918,
22,21,2042,1,7918,
22,21,2043,1,7918,
22,21,2044,1,7918,
22,21,2045,1,7918,
22,21,2046,1,7918,
22,21,2047,1,7918,
22,21,2048,1,7918,
22,21,2049,1,7918,
22,21,2050,1,7918,
22,21,2023,2,7918,
22,21,2024,2,7918,
22,21,2025,2,7918,
22,21,2026,2,7918,
22,21,2027,2,7918,
22,21,2028,2,7918,
22,21,2029,2,7918,
22,21,2030,2,7918,
22,21,2031,2,7918,
22,21,2032,2,7918,
22,21,2033,2,7918,
22,21,2034,2,7918,
22,21,2035,2,7918,
22,21,2036,2,7918,
22,21,2037,2,7918,
22,21,2038,2,7918,
22,21,2039,2,7918,
22,21,2040,2,7918,
22,21,2041,2,7918,
22,21,2042,2,7918,
22,21,2043,2,7918,
22,21,2044,2,7918,
22,21,2045,2,7918,
22,21,2046,2,7918,
22,21,2047,2,7918,
22,21,2048,2,7918,
22,21,2049,2,7918,
22,21,2050,2,7918,
22,21,2023,3,7918,
22,21,2024,3,7918,
22,21,2025,3,7918,
22,21,2026,3,7918,
22,21,2027,3,7918,
22,21,2028,3,7918,
22,21,2029,3,7918,
22,21,2030,3,7918,
22,21,2031,3,7918,
22,21,2032,3,7918,
22,21,2033,3,7918,
22,21,2034,3,7918,
22,21,2035,3,7918,
22,21,2036,3,7918,
22,21,2037,3,7918,
22,21,2038,3,7918,
22,21,2039,3,7918,
22,21,2040,3,7918,
22,21,2041,3,7918,
22,21,2042,3,7918,
22,21,2043,3,7918,
22,21,2044,3,7918,
22,21,2045,3,7918,
22,21,2046,3,7918,
22,21,2047,3,7918,
22,21,2048,3,7918,
22,21,2049,3,7918,
22,21,2050,3,7918,
22,23,2023,1,2381,
22,23,2024,1,2381,
22,23,2025,1,2381,
22,23,2026,1,2381,
22,23,2027,1,2381,
22,23,2028,1,2381,
22,23,2029,1,2381,
22,23,2030,1,2381,
22,23,2031,1,2381,
22,23,2032,1,2381,
22,23,2033,1,2381,
22,23,2034,1,2381,
22,23,2035,1,2381,
22,23,2036,1,2381,
22,23,2037,1,2381,
22,23,2038,1,2381,
22,23,2039,1,2381,
22,23,2040,1,2381,
22,23,2041,1,2381,
22,23,2042,1,2381,
22,23,2043,1,2381,
22,23,2044,1,2381,
22,23,2045,1,2381,
22,23,2046,1,2381,
22,23,2047,1,2381,
22,23,2048,1,2381,
22,23,2049,1,2381,
22,23,2050,1,2381,
22,23,2023,2,2381,
22,23,2024,2,2381,
22,23,2025,2,2381,
22,23,2026,2,2381,
22,23,2027,2,2381,
22,23,2028,2,2381,
22,23,2029,2,2381,
22,23,2030,2,2381,
22,23,2031,2,2381,
22,23,2032,2,2381,
22,23,2033,2,2381,
22,23,2034,2,2381,
22,23,2035,2,2381,
22,23,2036,2,2381,
22,23,2037,2,2381,
22,23,2038,2,2381,
22,23,2039,2,2381,
22,23,2040,2,2381,
22,23,2041,2,2381,
22,23,2042,2,2381,
22,23,2043,2,2381,
22,23,2044,2,2381,
22,23,2045,2,2381,
22,23,2046,2,2381,
22,23,2047,2,2381,
22,23,2048,2,2381,
22,23,2049,2,2381,
22,23,2050,2,2381,
22,23,2023,3,2381,
22,23,2024,3,2381,
22,23,2025,3,2381,
22,23,2026,3,2381,
22,23,2027,3,2381,
22,23,2028,3,2381,
22,23,2029,3,2381,
22,23,2030,3,2381,
22,23,2031,3,2381,
22,23,2032,3,2381,
22,23,2033,3,2381,
22,23,2034,3,2381,
22,23,2035,3,2381,
22,23,2036,3,2381,
22,23,2037,3,2381,
22,23,2038,3,2381,
22,23,2039,3,2381,
22,23,2040,3,2381,
22,23,2041,3,2381,
22,23,2042,3,2381,
22,23,2043,3,2381,
22,23,2044,3,2381,
22,23,2045,3,2381,
22,23,2046,3,2381,
22,23,2047,3,2381,
22,23,2048,3,2381,
22,23,2049,3,2381,
22,23,2050,3,2381,
22,25,2023,1,2291,
22,25,2024,1,2291,
22,25,2025,1,2291,
22,25,2026,1,2291,
22,25,2027,1,2291,
22,25,2028,1,2291,
22,25,2029,1,2291,
22,25,2030,1,2291,
22,25,2031,1,2291,
22,25,2032,1,2291,
22,25,2033,1,2291,
22,25,2034,1,2291,
22,25,2035,1,2291,
22,25,2036,1,2291,
22,25,2037,1,2291,
22,25,2038,1,2291,
22,25,2039,1,2291,
22,25,2040,1,2291,
22,25,2041,1,2291,
22,25,2042,1,2291,
22,25,2043,1,2291,
22,25,2044,1,2291,
22,25,2045,1,2291,
22,25,2046,1,2291,
22,25,2047,1,2291,
22,25,2048,1,2291,
22,25,2049,1,2291,
22,25,2050,1,2291,
22,25,2023,2,2291,
22,25,2024,2,2291,
22,25,2025,2,2291,
22,25,2026,2,2291,
22,25,2027,2,2291,
22,25,2028,2,2291,
22,25,2029,2,2291,
22,25,2030,2,2291,
22,25,2031,2,2291,
22,25,2032,2,2291,
22,25,2033,2,2291,
22,25,2034,2,2291,
22,25,2035,2,2291,
22,25,2036,2,2291,
22,25,2037,2,2291,
22,25,2038,2,2291,
22,25,2039,2,2291,
22,25,2040,2,2291,
22,25,2041,2,2291,
22,25,2042,2,2291,
22,25,2043,2,2291,
22,25,2044,2,2291,
22,25,2045,2,2291,
22,25,2046,2,2291,
22,25,2047,2,2291,
22,25,2048,2,2291,
22,25,2049,2,2291,
22,25,2050,2,2291,
22,25,2023,3,2291,
22,25,2024,3,2291,
22,25,2025,3,2291,
22,25,2026,3,2291,
22,25,2027,3,2291,
22,25,2028,3,2291,
22,25,2029,3,2291,
22,25,2030,3,2291,
22,25,2031,3,2291,
22,25,2032,3,2291,
22,25,2033,3,2291,
22,25,2034,3,2291,
22,25,2035,3,2291,
22,25,2036,3,2291,
22,25,2037,3,2291,
22,25,2038,3,2291,
22,25,2039,3,2291,
22,25,2040,3,2291,
22,25,2041,3,2291,
22,25,2042,3,2291,
22,25,2043,3,2291,
22,25,2044,3,2291,
22,25,2045,3,2291,
22,25,2046,3,2291,
22,25,2047,3,2291,
22,25,2048,3,2291,
22,25,2049,3,2291,
22,25,2050,3,2291,
23,19,2023,1,200,
23,19,2024,1,200,
23,19,2025,1,200,
23,19,2026,1,200,
23,19,2027,1,200,
23,19,2028,1,200,
23,19,2029,1,200,
23,19,2030,1,200,
23,19,2031,1,200,
23,19,2032,1,200,
23,19,2033,1,200,
23,19,2034,1,200,
23,19,2035,1,200,
23,19,2036,1,200,
23,19,2037,1,200,
23,19,2038,1,200,
23,19,2039,1,200,
23,19,2040,1,200,
23,19,2041,1,200,
23,19,2042,1,200,
23,19,2043,1,200,
23,19,2044,1,200,
23,19,2045,1,200,
23,19,2046,1,200,
23,19,2047,1,200,
23,19,2048,1,200,
23,19,2049,1,200,
23,19,2050,1,200,
23,19,2023,2,200,
23,19,2024,2,200,
23,19,2025,2,200,
23,19,2026,2,200,
23,19,2027,2,200,
23,19,2028,2,200,
23,19,2029,2,200,
23,19,2030,2,200,
23,19,2031,2,200,
23,19,2032,2,200,
23,19,2033,2,200,
23,19,2034,2,200,
23,19,2035,2,200,
23,19,2036,2,200,
23,19,2037,2,200,
23,19,2038,2,200,
23,19,2039,2,200,
23,19,2040,2,200,
23,19,2041,2,200,
23,19,2042,2,200,
23,19,2043,2,200,
23,19,2044,2,200,
23,19,2045,2,200,
23,19,2046,2,200,
23,19,2047,2,200,
23,19,2048,2,200,
23,19,2049,2,200,
23,19,2050,2,200,
23,19,2023,3,200,
23,19,2024,3,200,
23,19,2025,3,200,
23,19,2026,3,200,
23,19,2027,3,200,
23,19,2028,3,200,
23,19,2029,3,200,
23,19,2030,3,200,
23,19,2031,3,200,
23,19,2032,3,200,
23,19,2033,3,200,
23,19,2034,3,200,
23,19,2035,3,200,
23,19,2036,3,200,
23,19,2037,3,200,
23,19,2038,3,200,
23,19,2039,3,200,
23,19,2040,3,200,
23,19,2041,3,200,
23,19,2042,3,200,
23,19,2043,3,200,
23,19,2044,3,200,
23,19,2045,3,200,
23,19,2046,3,200,
23,19,2047,3,200,
23,19,2048,3,200,
23,19,2049,3,200,
23,19,2050,3,200,
23,21,2023,1,4441,
23,21,2024,1,4441,
23,21,2025,1,4441,
23,21,2026,1,4441,
23,21,2027,1,4441,
23,21,2028,1,4441,
23,21,2029,1,4441,
23,21,2030,1,4441,
23,21,2031,1,4441,
23,21,2032,1,4441,
23,21,2033,1,4441,
23,21,2034,1,4441,
23,21,2035,1,4441,
23,21,2036,1,4441,
23,21,2037,1,4441,
23,21,2038,1,4441,
23,21,2039,1,4441,
23,21,2040,1,4441,
23,21,2041,1,4441,
23,21,2042,1,4441,
23,21,2043,1,4441,
23,21,2044,1,4441,
23,21,2045,1,4441,
23,21,2046,1,4441,
23,21,2047,1,4441,
23,21,2048,1,4441,
23,21,2049,1,4441,
23,21,2050,1,4441,
23,21,2023,2,4441,
23,21,2024,2,4441,
23,21,2025,2,4441,
23,21,2026,2,4441,
23,21,2027,2,4441,
23,21,2028,2,4441,
23,21,2029,2,4441,
23,21,2030,2,4441,
23,21,2031,2,4441,
23,21,2032,2,4441,
23,21,2033,2,4441,
23,21,2034,2,4441,
23,21,2035,2,4441,
23,21,2036,2,4441,
23,21,2037,2,4441,
23,21,2038,2,4441,
23,21,2039,2,4441,
23,21,2040,2,4441,
23,21,2041,2,4441,
23,21,2042,2,4441,
23,21,2043,2,4441,
23,21,2044,2,4441,
23,21,2045,2,4441,
23,21,2046,2,4441,
23,21,2047,2,4441,
23,21,2048,2,4441,
23,21,2049,2,4441,
23,21,2050,2,4441,
23,21,2023,3,4441,
23,21,2024,3,4441,
23,21,2025,3,4441,
23,21,2026,3,4441,
23,21,2027,3,4441,
23,21,2028,3,4441,
23,21,2029,3,4441,
23,21,2030,3,4441,
23,21,2031,3,4441,
23,21,2032,3,4441,
23,21,2033,3,4441,
23,21,2034,3,4441,
23,21,2035,3,4441,
23,21,2036,3,4441,
23,21,2037,3,4441,
23,21,2038,3,4441,
23,21,2039,3,4441,
23,21,2040,3,4441,
23,21,2041,3,4441,
23,21,2042,3,4441,
23,21,2043,3,4441,
23,21,2044,3,4441,
23,21,2045,3,4441,
23,21,2046,3,4441,
23,21,2047,3,4441,
23,21,2048,3,4441,
23,21,2049,3,4441,
23,21,2050,3,4441,
23,22,2023,1,2780,
23,22,2024,1,2780,
23,22,2025,1,2780,
23,22,2026,1,2780,
23,22,2027,1,2780,
23,22,2028,1,2780,
23,22,2029,1,2780,
23,22,2030,1,2780,
23,22,2031,1,2780,
23,22,2032,1,2780,
23,22,2033,1,2780,
23,22,2034,1,2780,
23,22,2035,1,2780,
23,22,2036,1,2780,
23,22,2037,1,2780,
23,22,2038,1,2780,
23,22,2039,1,2780,
23,22,2040,1,2780,
23,22,2041,1,2780,
23,22,2042,1,2780,
23,22,2043,1,2780,
23,22,2044,1,2780,
23,22,2045,1,2780,
23,22,2046,1,2780,
23,22,2047,1,2780,
23,22,2048,1,2780,
23,22,2049,1,2780,
23,22,2050,1,2780,
23,22,2023,2,2780,
23,22,2024,2,2780,
23,22,2025,2,2780,
23,22,2026,2,2780,
23,22,2027,2,2780,
23,22,2028,2,2780,
23,22,2029,2,2780,
23,22,2030,2,2780,
23,22,2031,2,2780,
23,22,2032,2,2780,
23,22,2033,2,2780,
23,22,2034,2,2780,
23,22,2035,2,2780,
23,22,2036,2,2780,
23,22,2037,2,2780,
23,22,2038,2,2780,
23,22,2039,2,2780,
23,22,2040,2,2780,
23,22,2041,2,2780,
23,22,2042,2,2780,
23,22,2043,2,2780,
23,22,2044,2,2780,
23,22,2045,2,2780,
23,22,2046,2,2780,
23,22,2047,2,2780,
23,22,2048,2,2780,
23,22,2049,2,2780,
23,22,2050,2,2780,
23,22,2023,3,2780,
23,22,2024,3,2780,
23,22,2025,3,2780,
23,22,2026,3,2780,
23,22,2027,3,2780,
23,22,2028,3,2780,
23,22,2029,3,2780,
23,22,2030,3,2780,
23,22,2031,3,2780,
23,22,2032,3,2780,
23,22,2033,3,2780,
23,22,2034,3,2780,
23,22,2035,3,2780,
23,22,2036,3,2780,
23,22,2037,3,2780,
23,22,2038,3,2780,
23,22,2039,3,2780,
23,22,2040,3,2780,
23,22,2041,3,2780,
23,22,2042,3,2780,
23,22,2043,3,2780,
23,22,2044,3,2780,
23,22,2045,3,2780,
23,22,2046,3,2780,
23,22,2047,3,2780,
23,22,2048,3,2780,
23,22,2049,3,2780,
23,22,2050,3,2780,
23,24,2023,1,95,
23,24,2024,1,95,
23,24,2025,1,95,
23,24,2026,1,95,
23,24,2027,1,95,
23,24,2028,1,95,
23,24,2029,1,95,
23,24,2030,1,95,
23,24,2031,1,95,
23,24,2032,1,95,
23,24,2033,1,95,
23,24,2034,1,95,
23,24,2035,1,95,
23,24,2036,1,95,
23,24,2037,1,95,
23,24,2038,1,95,
23,24,2039,1,95,
23,24,2040,1,95,
23,24,2041,1,95,
23,24,2042,1,95,
23,24,2043,1,95,
23,24,2044,1,95,
23,24,2045,1,95,
23,24,2046,1,95,
23,24,2047,1,95,
23,24,2048,1,95,
23,24,2049,1,95,
23,24,2050,1,95,
23,24,2023,2,95,
23,24,2024,2,95,
23,24,2025,2,95,
23,24,2026,2,95,
23,24,2027,2,95,
23,24,2028,2,95,
23,24,2029,2,95,
23,24,2030,2,95,
23,24,2031,2,95,
23,24,2032,2,95,
23,24,2033,2,95,
23,24,2034,2,95,
23,24,2035,2,95,
23,24,2036,2,95,
23,24,2037,2,95,
23,24,2038,2,95,
23,24,2039,2,95,
23,24,2040,2,95,
23,24,2041,2,95,
23,24,2042,2,95,
23,24,2043,2,95,
23,24,2044,2,95,
23,24,2045,2,95,
23,24,2046,2,95,
23,24,2047,2,95,
23,24,2048,2,95,
23,24,2049,2,95,
23,24,2050,2,95,
23,24,2023,3,95,
23,24,2024,3,95,
23,24,2025,3,95,
23,24,2026,3,95,
23,24,2027,3,95,
23,24,2028,3,95,
23,24,2029,3,95,
23,24,2030,3,95,
23,24,2031,3,95,
23,24,2032,3,95,
23,24,2033,3,95,
23,24,2034,3,95,
23,24,2035,3,95,
23,24,2036,3,95,
23,24,2037,3,95,
23,24,2038,3,95,
23,24,2039,3,95,
23,24,2040,3,95,
23,24,2041,3,95,
23,24,2042,3,95,
23,24,2043,3,95,
23,24,2044,3,95,
23,24,2045,3,95,
23,24,2046,3,95,
23,24,2047,3,95,
23,24,2048,3,95,
23,24,2049,3,95,
23,24,2050,3,95,
23,25,2023,1,3670,
23,25,2024,1,3670,
23,25,2025,1,3670,
23,25,2026,1,3670,
23,25,2027,1,3670,
23,25,2028,1,3670,
23,25,2029,1,3670,
23,25,2030,1,3670,
23,25,2031,1,3670,
23,25,2032,1,3670,
23,25,2033,1,3670,
23,25,2034,1,3670,
23,25,2035,1,3670,
23,25,2036,1,3670,
23,25,2037,1,3670,
23,25,2038,1,3670,
23,25,2039,1,3670,
23,25,2040,1,3670,
23,25,2041,1,3670,
23,25,2042,1,3670,
23,25,2043,1,3670,
23,25,2044,1,3670,
23,25,2045,1,3670,
23,25,2046,1,3670,
23,25,2047,1,3670,
23,25,2048,1,3670,
23,25,2049,1,3670,
23,25,2050,1,3670,
23,25,2023,2,3670,
23,25,2024,2,3670,
23,25,2025,2,3670,
23,25,2026,2,3670,
23,25,2027,2,3670,
23,25,2028,2,3670,
23,25,2029,2,3670,
23,25,2030,2,3670,
23,25,2031,2,3670,
23,25,2032,2,3670,
23,25,2033,2,3670,
23,25,2034,2,3670,
23,25,2035,2,3670,
23,25,2036,2,3670,
23,25,2037,2,3670,
23,25,2038,2,3670,
23,25,2039,2,3670,
23,25,2040,2,3670,
23,25,2041,2,3670,
23,25,2042,2,3670,
23,25,2043,2,3670,
23,25,2044,2,3670,
23,25,2045,2,3670,
23,25,2046,2,3670,
23,25,2047,2,3670,
23,25,2048,2,3670,
23,25,2049,2,3670,
23,25,2050,2,3670,
23,25,2023,3,3670,
23,25,2024,3,3670,
23,25,2025,3,3670,
23,25,2026,3,3670,
23,25,2027,3,3670,
23,25,2028,3,3670,
23,25,2029,3,3670,
23,25,2030,3,3670,
23,25,2031,3,3670,
23,25,2032,3,3670,
23,25,2033,3,3670,
23,25,2034,3,3670,
23,25,2035,3,3670,
23,25,2036,3,3670,
23,25,2037,3,3670,
23,25,2038,3,3670,
23,25,2039,3,3670,
23,25,2040,3,3670,
23,25,2041,3,3670,
23,25,2042,3,3670,
23,25,2043,3,3670,
23,25,2044,3,3670,
23,25,2045,3,3670,
23,25,2046,3,3670,
23,25,2047,3,3670,
23,25,2048,3,3670,
23,25,2049,3,3670,
23,25,2050,3,3670,
24,18,2023,1,210,
24,18,2024,1,210,
24,18,2025,1,210,
24,18,2026,1,210,
24,18,2027,1,210,
24,18,2028,1,210,
24,18,2029,1,210,
24,18,2030,1,210,
24,18,2031,1,210,
24,18,2032,1,210,
24,18,2033,1,210,
24,18,2034,1,210,
24,18,2035,1,210,
24,18,2036,1,210,
24,18,2037,1,210,
24,18,2038,1,210,
24,18,2039,1,210,
24,18,2040,1,210,
24,18,2041,1,210,
24,18,2042,1,210,
24,18,2043,1,210,
24,18,2044,1,210,
24,18,2045,1,210,
24,18,2046,1,210,
24,18,2047,1,210,
24,18,2048,1,210,
24,18,2049,1,210,
24,18,2050,1,210,
24,18,2023,2,210,
24,18,2024,2,210,
24,18,2025,2,210,
24,18,2026,2,210,
24,18,2027,2,210,
24,18,2028,2,210,
24,18,2029,2,210,
24,18,2030,2,210,
24,18,2031,2,210,
24,18,2032,2,210,
24,18,2033,2,210,
24,18,2034,2,210,
24,18,2035,2,210,
24,18,2036,2,210,
24,18,2037,2,210,
24,18,2038,2,210,
24,18,2039,2,210,
24,18,2040,2,210,
24,18,2041,2,210,
24,18,2042,2,210,
24,18,2043,2,210,
24,18,2044,2,210,
24,18,2045,2,210,
24,18,2046,2,210,
24,18,2047,2,210,
24,18,2048,2,210,
24,18,2049,2,210,
24,18,2050,2,210,
24,18,2023,3,210,
24,18,2024,3,210,
24,18,2025,3,210,
24,18,2026,3,210,
24,18,2027,3,210,
24,18,2028,3,210,
24,18,2029,3,210,
24,18,2030,3,210,
24,18,2031,3,210,
24,18,2032,3,210,
24,18,2033,3,210,
24,18,2034,3,210,
24,18,2035,3,210,
24,18,2036,3,210,
24,18,2037,3,210,
24,18,2038,3,210,
24,18,2039,3,210,
24,18,2040,3,210,
24,18,2041,3,210,
24,18,2042,3,210,
24,18,2043,3,210,
24,18,2044,3,210,
24,18,2045,3,210,
24,18,2046,3,210,
24,18,2047,3,210,
24,18,2048,3,210,
24,18,2049,3,210,
24,18,2050,3,210,
24,19,2023,1,825,
24,19,2024,1,825,
24,19,2025,1,825,
24,19,2026,1,825,
24,19,2027,1,825,
24,19,2028,1,825,
24,19,2029,1,825,
24,19,2030,1,825,
24,19,2031,1,825,
24,19,2032,1,825,
24,19,2033,1,825,
24,19,2034,1,825,
24,19,2035,1,825,
24,19,2036,1,825,
24,19,2037,1,825,
24,19,2038,1,825,
24,19,2039,1,825,
24,19,2040,1,825,
24,19,2041,1,825,
24,19,2042,1,825,
24,19,2043,1,825,
24,19,2044,1,825,
24,19,2045,1,825,
24,19,2046,1,825,
24,19,2047,1,825,
24,19,2048,1,825,
24,19,2049,1,825,
24,19,2050,1,825,
24,19,2023,2,825,
24,19,2024,2,825,
24,19,2025,2,825,
24,19,2026,2,825,
24,19,2027,2,825,
24,19,2028,2,825,
24,19,2029,2,825,
24,19,2030,2,825,
24,19,2031,2,825,
24,19,2032,2,825,
24,19,2033,2,825,
24,19,2034,2,825,
24,19,2035,2,825,
24,19,2036,2,825,
24,19,2037,2,825,
24,19,2038,2,825,
24,19,2039,2,825,
24,19,2040,2,825,
24,19,2041,2,825,
24,19,2042,2,825,
24,19,2043,2,825,
24,19,2044,2,825,
24,19,2045,2,825,
24,19,2046,2,825,
24,19,2047,2,825,
24,19,2048,2,825,
24,19,2049,2,825,
24,19,2050,2,825,
24,19,2023,3,825,
24,19,2024,3,825,
24,19,2025,3,825,
24,19,2026,3,825,
24,19,2027,3,825,
24,19,2028,3,825,
24,19,2029,3,825,
24,19,2030,3,825,
24,19,2031,3,825,
24,19,2032,3,825,
24,19,2033,3,825,
24,19,2034,3,825,
24,19,2035,3,825,
24,19,2036,3,825,
24,19,2037,3,825,
24,19,2038,3,825,
24,19,2039,3,825,
24,19,2040,3,825,
24,19,2041,3,825,
24,19,2042,3,825,
24,19,2043,3,825,
24,19,2044,3,825,
24,19,2045,3,825,
24,19,2046,3,825,
24,19,2047,3,825,
24,19,2048,3,825,
24,19,2049,3,825,
24,19,2050,3,825,
24,20,2023,1,690,
24,20,2024,1,690,
24,20,2025,1,690,
24,20,2026,1,690,
24,20,2027,1,690,
24,20,2028,1,690,
24,20,2029,1,690,
24,20,2030,1,690,
24,20,2031,1,690,
24,20,2032,1,690,
24,20,2033,1,690,
24,20,2034,1,690,
24,20,2035,1,690,
24,20,2036,1,690,
24,20,2037,1,690,
24,20,2038,1,690,
24,20,2039,1,690,
24,20,2040,1,690,
24,20,2041,1,690,
24,20,2042,1,690,
24,20,2043,1,690,
24,20,2044,1,690,
24,20,2045,1,690,
24,20,2046,1,690,
24,20,2047,1,690,
24,20,2048,1,690,
24,20,2049,1,690,
24,20,2050,1,690,
24,20,2023,2,690,
24,20,2024,2,690,
24,20,2025,2,690,
24,20,2026,2,690,
24,20,2027,2,690,
24,20,2028,2,690,
24,20,2029,2,690,
24,20,2030,2,690,
24,20,2031,2,690,
24,20,2032,2,690,
24,20,2033,2,690,
24,20,2034,2,690,
24,20,2035,2,690,
24,20,2036,2,690,
24,20,2037,2,690,
24,20,2038,2,690,
24,20,2039,2,690,
24,20,2040,2,690,
24,20,2041,2,690,
24,20,2042,2,690,
24,20,2043,2,690,
24,20,2044,2,690,
24,20,2045,2,690,
24,20,2046,2,690,
24,20,2047,2,690,
24,20,2048,2,690,
24,20,2049,2,690,
24,20,2050,2,690,
24,20,2023,3,690,
24,20,2024,3,690,
24,20,2025,3,690,
24,20,2026,3,690,
24,20,2027,3,690,
24,20,2028,3,690,
24,20,2029,3,690,
24,20,2030,3,690,
24,20,2031,3,690,
24,20,2032,3,690,
24,20,2033,3,690,
24,20,2034,3,690,
24,20,2035,3,690,
24,20,2036,3,690,
24,20,2037,3,690,
24,20,2038,3,690,
24,20,2039,3,690,
24,20,2040,3,690,
24,20,2041,3,690,
24,20,2042,3,690,
24,20,2043,3,690,
24,20,2044,3,690,
24,20,2045,3,690,
24,20,2046,3,690,
24,20,2047,3,690,
24,20,2048,3,690,
24,20,2049,3,690,
24,20,2050,3,690,
24,23,2023,1,95,
24,23,2024,1,95,
24,23,2025,1,95,
24,23,2026,1,95,
24,23,2027,1,95,
24,23,2028,1,95,
24,23,2029,1,95,
24,23,2030,1,95,
24,23,2031,1,95,
24,23,2032,1,95,
24,23,2033,1,95,
24,23,2034,1,95,
24,23,2035,1,95,
24,23,2036,1,95,
24,23,2037,1,95,
24,23,2038,1,95,
24,23,2039,1,95,
24,23,2040,1,95,
24,23,2041,1,95,
24,23,2042,1,95,
24,23,2043,1,95,
24,23,2044,1,95,
24,23,2045,1,95,
24,23,2046,1,95,
24,23,2047,1,95,
24,23,2048,1,95,
24,23,2049,1,95,
24,23,2050,1,95,
24,23,2023,2,95,
24,23,2024,2,95,
24,23,2025,2,95,
24,23,2026,2,95,
24,23,2027,2,95,
24,23,2028,2,95,
24,23,2029,2,95,
24,23,2030,2,95,
24,23,2031,2,95,
24,23,2032,2,95,
24,23,2033,2,95,
24,23,2034,2,95,
24,23,2035,2,95,
24,23,2036,2,95,
24,23,2037,2,95,
24,23,2038,2,95,
24,23,2039,2,95,
24,23,2040,2,95,
24,23,2041,2,95,
24,23,2042,2,95,
24,23,2043,2,95,
24,23,2044,2,95,
24,23,2045,2,95,
24,23,2046,2,95,
24,23,2047,2,95,
24,23,2048,2,95,
24,23,2049,2,95,
24,23,2050,2,95,
24,23,2023,3,95,
24,23,2024,3,95,
24,23,2025,3,95,
24,23,2026,3,95,
24,23,2027,3,95,
24,23,2028,3,95,
24,23,2029,3,95,
24,23,2030,3,95,
24,23,2031,3,95,
24,23,2032,3,95,
24,23,2033,3,95,
24,23,2034,3,95,
24,23,2035,3,95,
24,23,2036,3,95,
24,23,2037,3,95,
24,23,2038,3,95,
24,23,2039,3,95,
24,23,2040,3,95,
24,23,2041,3,95,
24,23,2042,3,95,
24,23,2043,3,95,
24,23,2044,3,95,
24,23,2045,3,95,
24,23,2046,3,95,
24,23,2047,3,95,
24,23,2048,3,95,
24,23,2049,3,95,
24,23,2050,3,95,
24,25,2023,1,538,
24,25,2024,1,538,
24,25,2025,1,538,
24,25,2026,1,538,
24,25,2027,1,538,
24,25,2028,1,538,
24,25,2029,1,538,
24,25,2030,1,538,
24,25,2031,1,538,
24,25,2032,1,538,
24,25,2033,1,538,
24,25,2034,1,538,
24,25,2035,1,538,
24,25,2036,1,538,
24,25,2037,1,538,
24,25,2038,1,538,
24,25,2039,1,538,
24,25,2040,1,538,
24,25,2041,1,538,
24,25,2042,1,538,
24,25,2043,1,538,
24,25,2044,1,538,
24,25,2045,1,538,
24,25,2046,1,538,
24,25,2047,1,538,
24,25,2048,1,538,
24,25,2049,1,538,
24,25,2050,1,538,
24,25,2023,2,538,
24,25,2024,2,538,
24,25,2025,2,538,
24,25,2026,2,538,
24,25,2027,2,538,
24,25,2028,2,538,
24,25,2029,2,538,
24,25,2030,2,538,
24,25,2031,2,538,
24,25,2032,2,538,
24,25,2033,2,538,
24,25,2034,2,538,
24,25,2035,2,538,
24,25,2036,2,538,
24,25,2037,2,538,
24,25,2038,2,538,
24,25,2039,2,538,
24,25,2040,2,538,
24,25,2041,2,538,
24,25,2042,2,538,
24,25,2043,2,538,
24,25,2044,2,538,
24,25,2045,2,538,
24,25,2046,2,538,
24,25,2047,2,538,
24,25,2048,2,538,
24,25,2049,2,538,
24,25,2050,2,538,
24,25,2023,3,538,
24,25,2024,3,538,
24,25,2025,3,538,
24,25,2026,3,538,
24,25,2027,3,538,
24,25,2028,3,538,
24,25,2029,3,538,
24,25,2030,3,538,
24,25,2031,3,538,
24,25,2032,3,538,
24,25,2033,3,538,
24,25,2034,3,538,
24,25,2035,3,538,
24,25,2036,3,538,
24,25,2037,3,538,
24,25,2038,3,538,
24,25,2039,3,538,
24,25,2040,3,538,
24,25,2041,3,538,
24,25,2042,3,538,
24,25,2043,3,538,
24,25,2044,3,538,
24,25,2045,3,538,
24,25,2046,3,538,
24,25,2047,3,538,
24,25,2048,3,538,
24,25,2049,3,538,
24,25,2050,3,538,
25,20,2023,1,4209,
25,20,2024,1,4209,
25,20,2025,1,4209,
25,20,2026,1,4209,
25,20,2027,1,4209,
25,20,2028,1,4209,
25,20,2029,1,4209,
25,20,2030,1,4209,
25,20,2031,1,4209,
25,20,2032,1,4209,
25,20,2033,1,4209,
25,20,2034,1,4209,
25,20,2035,1,4209,
25,20,2036,1,4209,
25,20,2037,1,4209,
25,20,2038,1,4209,
25,20,2039,1,4209,
25,20,2040,1,4209,
25,20,2041,1,4209,
25,20,2042,1,4209,
25,20,2043,1,4209,
25,20,2044,1,4209,
25,20,2045,1,4209,
25,20,2046,1,4209,
25,20,2047,1,4209,
25,20,2048,1,4209,
25,20,2049,1,4209,
25,20,2050,1,4209,
25,20,2023,2,4209,
25,20,2024,2,4209,
25,20,2025,2,4209,
25,20,2026,2,4209,
25,20,2027,2,4209,
25,20,2028,2,4209,
25,20,2029,2,4209,
25,20,2030,2,4209,
25,20,2031,2,4209,
25,20,2032,2,4209,
25,20,2033,2,4209,
25,20,2034,2,4209,
25,20,2035,2,4209,
25,20,2036,2,4209,
25,20,2037,2,4209,
25,20,2038,2,4209,
25,20,2039,2,4209,
25,20,2040,2,4209,
25,20,2041,2,4209,
25,20,2042,2,4209,
25,20,2043,2,4209,
25,20,2044,2,4209,
25,20,2045,2,4209,
25,20,2046,2,4209,
25,20,2047,2,4209,
25,20,2048,2,4209,
25,20,2049,2,4209,
25,20,2050,2,4209,
25,20,2023,3,4209,
25,20,2024,3,4209,
25,20,2025,3,4209,
25,20,2026,3,4209,
25,20,2027,3,4209,
25,20,2028,3,4209,
25,20,2029,3,4209,
25,20,2030,3,4209,
25,20,2031,3,4209,
25,20,2032,3,4209,
25,20,2033,3,4209,
25,20,2034,3,4209,
25,20,2035,3,4209,
25,20,2036,3,4209,
25,20,2037,3,4209,
25,20,2038,3,4209,
25,20,2039,3,4209,
25,20,2040,3,4209,
25,20,2041,3,4209,
25,20,2042,3,4209,
25,20,2043,3,4209,
25,20,2044,3,4209,
25,20,2045,3,4209,
25,20,2046,3,4209,
25,20,2047,3,4209,
25,20,2048,3,4209,
25,20,2049,3,4209,
25,20,2050,3,4209,
25,21,2023,1,106,
25,21,2024,1,106,
25,21,2025,1,106,
25,21,2026,1,106,
25,21,2027,1,106,
25,21,2028,1,106,
25,21,2029,1,106,
25,21,2030,1,106,
25,21,2031,1,106,
25,21,2032,1,106,
25,21,2033,1,106,
25,21,2034,1,106,
25,21,2035,1,106,
25,21,2036,1,106,
25,21,2037,1,106,
25,21,2038,1,106,
25,21,2039,1,106,
25,21,2040,1,106,
25,21,2041,1,106,
25,21,2042,1,106,
25,21,2043,1,106,
25,21,2044,1,106,
25,21,2045,1,106,
25,21,2046,1,106,
25,21,2047,1,106,
25,21,2048,1,106,
25,21,2049,1,106,
25,21,2050,1,106,
25,21,2023,2,106,
25,21,2024,2,106,
25,21,2025,2,106,
25,21,2026,2,106,
25,21,2027,2,106,
25,21,2028,2,106,
25,21,2029,2,106,
25,21,2030,2,106,
25,21,2031,2,106,
25,21,2032,2,106,
25,21,2033,2,106,
25,21,2034,2,106,
25,21,2035,2,106,
25,21,2036,2,106,
25,21,2037,2,106,
25,21,2038,2,106,
25,21,2039,2,106,
25,21,2040,2,106,
25,21,2041,2,106,
25,21,2042,2,106,
25,21,2043,2,106,
25,21,2044,2,106,
25,21,2045,2,106,
25,21,2046,2,106,
25,21,2047,2,106,
25,21,2048,2,106,
25,21,2049,2,106,
25,21,2050,2,106,
25,21,2023,3,106,
25,21,2024,3,106,
25,21,2025,3,106,
25,21,2026,3,106,
25,21,2027,3,106,
25,21,2028,3,106,
25,21,2029,3,106,
25,21,2030,3,106,
25,21,2031,3,106,
25,21,2032,3,106,
25,21,2033,3,106,
25,21,2034,3,106,
25,21,2035,3,106,
25,21,2036,3,106,
25,21,2037,3,106,
25,21,2038,3,106,
25,21,2039,3,106,
25,21,2040,3,106,
25,21,2041,3,106,
25,21,2042,3,106,
25,21,2043,3,106,
25,21,2044,3,106,
25,21,2045,3,106,
25,21,2046,3,106,
25,21,2047,3,106,
25,21,2048,3,106,
25,21,2049,3,106,
25,21,2050,3,106,
25,22,2023,1,2291,
25,22,2024,1,2291,
25,22,2025,1,2291,
25,22,2026,1,2291,
25,22,2027,1,2291,
25,22,2028,1,2291,
25,22,2029,1,2291,
25,22,2030,1,2291,
25,22,2031,1,2291,
25,22,2032,1,2291,
25,22,2033,1,2291,
25,22,2034,1,2291,
25,22,2035,1,2291,
25,22,2036,1,2291,
25,22,2037,1,2291,
25,22,2038,1,2291,
25,22,2039,1,2291,
25,22,2040,1,2291,
25,22,2041,1,2291,
25,22,2042,1,2291,
25,22,2043,1,2291,
25,22,2044,1,2291,
25,22,2045,1,2291,
25,22,2046,1,2291,
25,22,2047,1,2291,
25,22,2048,1,2291,
25,22,2049,1,2291,
25,22,2050,1,2291,
25,22,2023,2,2291,
25,22,2024,2,2291,
25,22,2025,2,2291,
25,22,2026,2,2291,
25,22,2027,2,2291,
25,22,2028,2,2291,
25,22,2029,2,2291,
25,22,2030,2,2291,
25,22,2031,2,2291,
25,22,2032,2,2291,
25,22,2033,2,2291,
25,22,2034,2,2291,
25,22,2035,2,2291,
25,22,2036,2,2291,
25,22,2037,2,2291,
25,22,2038,2,2291,
25,22,2039,2,2291,
25,22,2040,2,2291,
25,22,2041,2,2291,
25,22,2042,2,2291,
25,22,2043,2,2291,
25,22,2044,2,2291,
25,22,2045,2,2291,
25,22,2046,2,2291,
25,22,2047,2,2291,
25,22,2048,2,2291,
25,22,2049,2,2291,
25,22,2050,2,2291,
25,22,2023,3,2291,
25,22,2024,3,2291,
25,22,2025,3,2291,
25,22,2026,3,2291,
25,22,2027,3,2291,
25,22,2028,3,2291,
25,22,2029,3,2291,
25,22,2030,3,2291,
25,22,2031,3,2291,
25,22,2032,3,2291,
25,22,2033,3,2291,
25,22,2034,3,2291,
25,22,2035,3,2291,
25,22,2036,3,2291,
25,22,2037,3,2291,
25,22,2038,3,2291,
25,22,2039,3,2291,
25,22,2040,3,2291,
25,22,2041,3,2291,
25,22,2042,3,2291,
25,22,2043,3,2291,
25,22,2044,3,2291,
25,22,2045,3,2291,
25,22,2046,3,2291,
25,22,2047,3,2291,
25,22,2048,3,2291,
25,22,2049,3,2291,
25,22,2050,3,2291,
25,23,2023,1,3628,
25,23,2024,1,3628,
25,23,2025,1,3628,
25,23,2026,1,3628,
25,23,2027,1,3628,
25,23,2028,1,3628,
25,23,2029,1,3628,
25,23,2030,1,3628,
25,23,2031,1,3628,
25,23,2032,1,3628,
25,23,2033,1,3628,
25,23,2034,1,3628,
25,23,2035,1,3628,
25,23,2036,1,3628,
25,23,2037,1,3628,
25,23,2038,1,3628,
25,23,2039,1,3628,
25,23,2040,1,3628,
25,23,2041,1,3628,
25,23,2042,1,3628,
25,23,2043,1,3628,
25,23,2044,1,3628,
25,23,2045,1,3628,
25,23,2046,1,3628,
25,23,2047,1,3628,
25,23,2048,1,3628,
25,23,2049,1,3628,
25,23,2050,1,3628,
25,23,2023,2,3628,
25,23,2024,2,3628,
25,23,2025,2,3628,
25,23,2026,2,3628,
25,23,2027,2,3628,
25,23,2028,2,3628,
25,23,2029,2,3628,
25,23,2030,2,3628,
25,23,2031,2,3628,
25,23,2032,2,3628,
25,23,2033,2,3628,
25,23,2034,2,3628,
25,23,2035,2,3628,
25,23,2036,2,3628,
25,23,2037,2,3628,
25,23,2038,2,3628,
25,23,2039,2,3628,
25,23,2040,2,3628,
25,23,2041,2,3628,
25,23,2042,2,3628,
25,23,2043,2,3628,
25,23,2044,2,3628,
25,23,2045,2,3628,
25,23,2046,2,3628,
25,23,2047,2,3628,
25,23,2048,2,3628,
25,23,2049,2,3628,
25,23,2050,2,3628,
25,23,2023,3,3628,
25,23,2024,3,3628,
25,23,2025,3,3628,
25,23,2026,3,3628,
25,23,2027,3,3628,
25,23,2028,3,3628,
25,23,2029,3,3628,
25,23,2030,3,3628,
25,23,2031,3,3628,
25,23,2032,3,3628,
25,23,2033,3,3628,
25,23,2034,3,3628,
25,23,2035,3,3628,
25,23,2036,3,3628,
25,23,2037,3,3628,
25,23,2038,3,3628,
25,23,2039,3,3628,
25,23,2040,3,3628,
25,23,2041,3,3628,
25,23,2042,3,3628,
25,23,2043,3,3628,
25,23,2044,3,3628,
25,23,2045,3,3628,
25,23,2046,3,3628,
25,23,2047,3,3628,
25,23,2048,3,3628,
25,23,2049,3,3628,
25,23,2050,3,3628,
25,24,2023,1,164,
25,24,2024,1,164,
25,24,2025,1,164,
25,24,2026,1,164,
25,24,2027,1,164,
25,24,2028,1,164,
25,24,2029,1,164,
25,24,2030,1,164,
25,24,2031,1,164,
25,24,2032,1,164,
25,24,2033,1,164,
25,24,2034,1,164,
25,24,2035,1,164,
25,24,2036,1,164,
25,24,2037,1,164,
25,24,2038,1,164,
25,24,2039,1,164,
25,24,2040,1,164,
25,24,2041,1,164,
25,24,2042,1,164,
25,24,2043,1,164,
25,24,2044,1,164,
25,24,2045,1,164,
25,24,2046,1,164,
25,24,2047,1,164,
25,24,2048,1,164,
25,24,2049,1,164,
25,24,2050,1,164,
25,24,2023,2,164,
25,24,2024,2,164,
25,24,2025,2,164,
25,24,2026,2,164,
25,24,2027,2,164,
25,24,2028,2,164,
25,24,2029,2,164,
25,24,2030,2,164,
25,24,2031,2,164,
25,24,2032,2,164,
25,24,2033,2,164,
25,24,2034,2,164,
25,24,2035,2,164,
25,24,2036,2,164,
25,24,2037,2,164,
25,24,2038,2,164,
25,24,2039,2,164,
25,24,2040,2,164,
25,24,2041,2,164,
25,24,2042,2,164,
25,24,2043,2,164,
25,24,2044,2,164,
25,24,2045,2,164,
25,24,2046,2,164,
25,24,2047,2,164,
25,24,2048,2,164,
25,24,2049,2,164,
25,24,2050,2,164,
25,24,2023,3,164,
25,24,2024,3,164,
25,24,2025,3,164,
25,24,2026,3,164,
25,24,2027,3,164,
25,24,2028,3,164,
25,24,2029,3,164,
25,24,2030,3,164,
25,24,2031,3,164,
25,24,2032,3,164,
25,24,2033,3,164,
25,24,2034,3,164,
25,24,2035,3,164,
25,24,2036,3,164,
25,24,2037,3,164,
25,24,2038,3,164,
25,24,2039,3,164,
25,24,2040,3,164,
25,24,2041,3,164,
25,24,2042,3,164,
25,24,2043,3,164,
25,24,2044,3,164,
25,24,2045,3,164,
25,24,2046,3,164,
25,24,2047,3,164,
25,24,2048,3,164,
25,24,2049,3,164,
25,24,2050,3,164,
1,17,2023,4,820,
1,17,2024,4,820,
1,17,2025,4,820,
1,17,2026,4,820,
1,17,2027,4,820,
1,17,2028,4,820,
1,17,2029,4,820,
1,17,2030,4,820,
1,17,2031,4,820,
1,17,2032,4,820,
1,17,2033,4,820,
1,17,2034,4,820,
1,17,2035,4,820,
1,17,2036,4,820,
1,17,2037,4,820,
1,17,2038,4,820,
1,17,2039,4,820,
1,17,2040,4,820,
1,17,2041,4,820,
1,17,2042,4,820,
1,17,2043,4,820,
1,17,2044,4,820,
1,17,2045,4,820,
1,17,2046,4,820,
1,17,2047,4,820,
1,17,2048,4,820,
1,17,2049,4,820,
1,17,2050,4,820,
2,15,2023,4,3600,
2,15,2024,4,3600,
2,15,2025,4,3600,
2,15,2026,4,3600,
2,15,2027,4,3600,
2,15,2028,4,3600,
2,15,2029,4,3600,
2,15,2030,4,3600,
2,15,2031,4,3600,
2,15,2032,4,3600,
2,15,2033,4,3600,
2,15,2034,4,3600,
2,15,2035,4,3600,
2,15,2036,4,3600,
2,15,2037,4,3600,
2,15,2038,4,3600,
2,15,2039,4,3600,
2,15,2040,4,3600,
2,15,2041,4,3600,
2,15,2042,4,3600,
2,15,2043,4,3600,
2,15,2044,4,3600,
2,15,2045,4,3600,
2,15,2046,4,3600,
2,15,2047,4,3600,
2,15,2048,4,3600,
2,15,2049,4,3600,
2,15,2050,4,3600,
3,4,2023,4,888,
3,4,2024,4,888,
3,4,2025,4,888,
3,4,2026,4,888,
3,4,2027,4,888,
3,4,2028,4,888,
3,4,2029,4,888,
3,4,2030,4,888,
3,4,2031,4,888,
3,4,2032,4,888,
3,4,2033,4,888,
3,4,2034,4,888,
3,4,2035,4,888,
3,4,2036,4,888,
3,4,2037,4,888,
3,4,2038,4,888,
3,4,2039,4,888,
3,4,2040,4,888,
3,4,2041,4,888,
3,4,2042,4,888,
3,4,2043,4,888,
3,4,2044,4,888,
3,4,2045,4,888,
3,4,2046,4,888,
3,4,2047,4,888,
3,4,2048,4,888,
3,4,2049,4,888,
3,4,2050,4,888,
3,12,2023,4,1996,
3,12,2024,4,1996,
3,12,2025,4,1996,
3,12,2026,4,1996,
3,12,2027,4,1996,
3,12,2028,4,1996,
3,12,2029,4,1996,
3,12,2030,4,1996,
3,12,2031,4,1996,
3,12,2032,4,1996,
3,12,2033,4,1996,
3,12,2034,4,1996,
3,12,2035,4,1996,
3,12,2036,4,1996,
3,12,2037,4,1996,
3,12,2038,4,1996,
3,12,2039,4,1996,
3,12,2040,4,1996,
3,12,2041,4,1996,
3,12,2042,4,1996,
3,12,2043,4,1996,
3,12,2044,4,1996,
3,12,2045,4,1996,
3,12,2046,4,1996,
3,12,2047,4,1996,
3,12,2048,4,1996,
3,12,2049,4,1996,
3,12,2050,4,1996,
3,18,2023,4,429,
3,18,2024,4,429,
3,18,2025,4,429,
3,18,2026,4,429,
3,18,2027,4,429,
3,18,2028,4,429,
3,18,2029,4,429,
3,18,2030,4,429,
3,18,2031,4,429,
3,18,2032,4,429,
3,18,2033,4,429,
3,18,2034,4,429,
3,18,2035,4,429,
3,18,2036,4,429,
3,18,2037,4,429,
3,18,2038,4,429,
3,18,2039,4,429,
3,18,2040,4,429,
3,18,2041,4,429,
3,18,2042,4,429,
3,18,2043,4,429,
3,18,2044,4,429,
3,18,2045,4,429,
3,18,2046,4,429,
3,18,2047,4,429,
3,18,2048,4,429,
3,18,2049,4,429,
3,18,2050,4,429,
3,19,2023,4,9521,
3,19,2024,4,9521,
3,19,2025,4,9521,
3,19,2026,4,9521,
3,19,2027,4,9521,
3,19,2028,4,9521,
3,19,2029,4,9521,
3,19,2030,4,9521,
3,19,2031,4,9521,
3,19,2032,4,9521,
3,19,2033,4,9521,
3,19,2034,4,9521,
3,19,2035,4,9521,
3,19,2036,4,9521,
3,19,2037,4,9521,
3,19,2038,4,9521,
3,19,2039,4,9521,
3,19,2040,4,9521,
3,19,2041,4,9521,
3,19,2042,4,9521,
3,19,2043,4,9521,
3,19,2044,4,9521,
3,19,2045,4,9521,
3,19,2046,4,9521,
3,19,2047,4,9521,
3,19,2048,4,9521,
3,19,2049,4,9521,
3,19,2050,4,9521,
4,3,2023,4,888,
4,3,2024,4,888,
4,3,2025,4,888,
4,3,2026,4,888,
4,3,2027,4,888,
4,3,2028,4,888,
4,3,2029,4,888,
4,3,2030,4,888,
4,3,2031,4,888,
4,3,2032,4,888,
4,3,2033,4,888,
4,3,2034,4,888,
4,3,2035,4,888,
4,3,2036,4,888,
4,3,2037,4,888,
4,3,2038,4,888,
4,3,2039,4,888,
4,3,2040,4,888,
4,3,2041,4,888,
4,3,2042,4,888,
4,3,2043,4,888,
4,3,2044,4,888,
4,3,2045,4,888,
4,3,2046,4,888,
4,3,2047,4,888,
4,3,2048,4,888,
4,3,2049,4,888,
4,3,2050,4,888,
4,5,2023,4,378,
4,5,2024,4,378,
4,5,2025,4,378,
4,5,2026,4,378,
4,5,2027,4,378,
4,5,2028,4,378,
4,5,2029,4,378,
4,5,2030,4,378,
4,5,2031,4,378,
4,5,2032,4,378,
4,5,2033,4,378,
4,5,2034,4,378,
4,5,2035,4,378,
4,5,2036,4,378,
4,5,2037,4,378,
4,5,2038,4,378,
4,5,2039,4,378,
4,5,2040,4,378,
4,5,2041,4,378,
4,5,2042,4,378,
4,5,2043,4,378,
4,5,2044,4,378,
4,5,2045,4,378,
4,5,2046,4,378,
4,5,2047,4,378,
4,5,2048,4,378,
4,5,2049,4,378,
4,5,2050,4,378,
4,11,2023,4,10262,
4,11,2024,4,10262,
4,11,2025,4,10262,
4,11,2026,4,10262,
4,11,2027,4,10262,
4,11,2028,4,10262,
4,11,2029,4,10262,
4,11,2030,4,10262,
4,11,2031,4,10262,
4,11,2032,4,10262,
4,11,2033,4,10262,
4,11,2034,4,10262,
4,11,2035,4,10262,
4,11,2036,4,10262,
4,11,2037,4,10262,
4,11,2038,4,10262,
4,11,2039,4,10262,
4,11,2040,4,10262,
4,11,2041,4,10262,
4,11,2042,4,10262,
4,11,2043,4,10262,
4,11,2044,4,10262,
4,11,2045,4,10262,
4,11,2046,4,10262,
4,11,2047,4,10262,
4,11,2048,4,10262,
4,11,2049,4,10262,
4,11,2050,4,10262,
4,12,2023,4,8746,
4,12,2024,4,8746,
4,12,2025,4,8746,
4,12,2026,4,8746,
4,12,2027,4,8746,
4,12,2028,4,8746,
4,12,2029,4,8746,
4,12,2030,4,8746,
4,12,2031,4,8746,
4,12,2032,4,8746,
4,12,2033,4,8746,
4,12,2034,4,8746,
4,12,2035,4,8746,
4,12,2036,4,8746,
4,12,2037,4,8746,
4,12,2038,4,8746,
4,12,2039,4,8746,
4,12,2040,4,8746,
4,12,2041,4,8746,
4,12,2042,4,8746,
4,12,2043,4,8746,
4,12,2044,4,8746,
4,12,2045,4,8746,
4,12,2046,4,8746,
4,12,2047,4,8746,
4,12,2048,4,8746,
4,12,2049,4,8746,
4,12,2050,4,8746,
4,16,2023,4,8367,
4,16,2024,4,8367,
4,16,2025,4,8367,
4,16,2026,4,8367,
4,16,2027,4,8367,
4,16,2028,4,8367,
4,16,2029,4,8367,
4,16,2030,4,8367,
4,16,2031,4,8367,
4,16,2032,4,8367,
4,16,2033,4,8367,
4,16,2034,4,8367,
4,16,2035,4,8367,
4,16,2036,4,8367,
4,16,2037,4,8367,
4,16,2038,4,8367,
4,16,2039,4,8367,
4,16,2040,4,8367,
4,16,2041,4,8367,
4,16,2042,4,8367,
4,16,2043,4,8367,
4,16,2044,4,8367,
4,16,2045,4,8367,
4,16,2046,4,8367,
4,16,2047,4,8367,
4,16,2048,4,8367,
4,16,2049,4,8367,
4,16,2050,4,8367,
4,17,2023,4,3000,
4,17,2024,4,3000,
4,17,2025,4,3000,
4,17,2026,4,3000,
4,17,2027,4,3000,
4,17,2028,4,3000,
4,17,2029,4,3000,
4,17,2030,4,3000,
4,17,2031,4,3000,
4,17,2032,4,3000,
4,17,2033,4,3000,
4,17,2034,4,3000,
4,17,2035,4,3000,
4,17,2036,4,3000,
4,17,2037,4,3000,
4,17,2038,4,3000,
4,17,2039,4,3000,
4,17,2040,4,3000,
4,17,2041,4,3000,
4,17,2042,4,3000,
4,17,2043,4,3000,
4,17,2044,4,3000,
4,17,2045,4,3000,
4,17,2046,4,3000,
4,17,2047,4,3000,
4,17,2048,4,3000,
4,17,2049,4,3000,
4,17,2050,4,3000,
4,18,2023,4,1138,
4,18,2024,4,1138,
4,18,2025,4,1138,
4,18,2026,4,1138,
4,18,2027,4,1138,
4,18,2028,4,1138,
4,18,2029,4,1138,
4,18,2030,4,1138,
4,18,2031,4,1138,
4,18,2032,4,1138,
4,18,2033,4,1138,
4,18,2034,4,1138,
4,18,2035,4,1138,
4,18,2036,4,1138,
4,18,2037,4,1138,
4,18,2038,4,1138,
4,18,2039,4,1138,
4,18,2040,4,1138,
4,18,2041,4,1138,
4,18,2042,4,1138,
4,18,2043,4,1138,
4,18,2044,4,1138,
4,18,2045,4,1138,
4,18,2046,4,1138,
4,18,2047,4,1138,
4,18,2048,4,1138,
4,18,2049,4,1138,
4,18,2050,4,1138,
5,4,2023,4,378,
5,4,2024,4,378,
5,4,2025,4,378,
5,4,2026,4,378,
5,4,2027,4,378,
5,4,2028,4,378,
5,4,2029,4,378,
5,4,2030,4,378,
5,4,2031,4,378,
5,4,2032,4,378,
5,4,2033,4,378,
5,4,2034,4,378,
5,4,2035,4,378,
5,4,2036,4,378,
5,4,2037,4,378,
5,4,2038,4,378,
5,4,2039,4,378,
5,4,2040,4,378,
5,4,2041,4,378,
5,4,2042,4,378,
5,4,2043,4,378,
5,4,2044,4,378,
5,4,2045,4,378,
5,4,2046,4,378,
5,4,2047,4,378,
5,4,2048,4,378,
5,4,2049,4,378,
5,4,2050,4,378,
5,11,2023,4,1526,
5,11,2024,4,1526,
5,11,2025,4,1526,
5,11,2026,4,1526,
5,11,2027,4,1526,
5,11,2028,4,1526,
5,11,2029,4,1526,
5,11,2030,4,1526,
5,11,2031,4,1526,
5,11,2032,4,1526,
5,11,2033,4,1526,
5,11,2034,4,1526,
5,11,2035,4,1526,
5,11,2036,4,1526,
5,11,2037,4,1526,
5,11,2038,4,1526,
5,11,2039,4,1526,
5,11,2040,4,1526,
5,11,2041,4,1526,
5,11,2042,4,1526,
5,11,2043,4,1526,
5,11,2044,4,1526,
5,11,2045,4,1526,
5,11,2046,4,1526,
5,11,2047,4,1526,
5,11,2048,4,1526,
5,11,2049,4,1526,
5,11,2050,4,1526,
6,15,2023,4,3000,
6,15,2024,4,3000,
6,15,2025,4,3000,
6,15,2026,4,3000,
6,15,2027,4,3000,
6,15,2028,4,3000,
6,15,2029,4,3000,
6,15,2030,4,3000,
6,15,2031,4,3000,
6,15,2032,4,3000,
6,15,2033,4,3000,
6,15,2034,4,3000,
6,15,2035,4,3000,
6,15,2036,4,3000,
6,15,2037,4,3000,
6,15,2038,4,3000,
6,15,2039,4,3000,
6,15,2040,4,3000,
6,15,2041,4,3000,
6,15,2042,4,3000,
6,15,2043,4,3000,
6,15,2044,4,3000,
6,15,2045,4,3000,
6,15,2046,4,3000,
6,15,2047,4,3000,
6,15,2048,4,3000,
6,15,2049,4,3000,
6,15,2050,4,3000,
6,16,2023,4,2919,
6,16,2024,4,2919,
6,16,2025,4,2919,
6,16,2026,4,2919,
6,16,2027,4,2919,
6,16,2028,4,2919,
6,16,2029,4,2919,
6,16,2030,4,2919,
6,16,2031,4,2919,
6,16,2032,4,2919,
6,16,2033,4,2919,
6,16,2034,4,2919,
6,16,2035,4,2919,
6,16,2036,4,2919,
6,16,2037,4,2919,
6,16,2038,4,2919,
6,16,2039,4,2919,
6,16,2040,4,2919,
6,16,2041,4,2919,
6,16,2042,4,2919,
6,16,2043,4,2919,
6,16,2044,4,2919,
6,16,2045,4,2919,
6,16,2046,4,2919,
6,16,2047,4,2919,
6,16,2048,4,2919,
6,16,2049,4,2919,
6,16,2050,4,2919,
6,17,2023,4,1736,
6,17,2024,4,1736,
6,17,2025,4,1736,
6,17,2026,4,1736,
6,17,2027,4,1736,
6,17,2028,4,1736,
6,17,2029,4,1736,
6,17,2030,4,1736,
6,17,2031,4,1736,
6,17,2032,4,1736,
6,17,2033,4,1736,
6,17,2034,4,1736,
6,17,2035,4,1736,
6,17,2036,4,1736,
6,17,2037,4,1736,
6,17,2038,4,1736,
6,17,2039,4,1736,
6,17,2040,4,1736,
6,17,2041,4,1736,
6,17,2042,4,1736,
6,17,2043,4,1736,
6,17,2044,4,1736,
6,17,2045,4,1736,
6,17,2046,4,1736,
6,17,2047,4,1736,
6,17,2048,4,1736,
6,17,2049,4,1736,
6,17,2050,4,1736,
6,18,2023,4,490,
6,18,2024,4,490,
6,18,2025,4,490,
6,18,2026,4,490,
6,18,2027,4,490,
6,18,2028,4,490,
6,18,2029,4,490,
6,18,2030,4,490,
6,18,2031,4,490,
6,18,2032,4,490,
6,18,2033,4,490,
6,18,2034,4,490,
6,18,2035,4,490,
6,18,2036,4,490,
6,18,2037,4,490,
6,18,2038,4,490,
6,18,2039,4,490,
6,18,2040,4,490,
6,18,2041,4,490,
6,18,2042,4,490,
6,18,2043,4,490,
6,18,2044,4,490,
6,18,2045,4,490,
6,18,2046,4,490,
6,18,2047,4,490,
6,18,2048,4,490,
6,18,2049,4,490,
6,18,2050,4,490,
7,8,2023,4,634,
7,8,2024,4,634,
7,8,2025,4,634,
7,8,2026,4,634,
7,8,2027,4,634,
7,8,2028,4,634,
7,8,2029,4,634,
7,8,2030,4,634,
7,8,2031,4,634,
7,8,2032,4,634,
7,8,2033,4,634,
7,8,2034,4,634,
7,8,2035,4,634,
7,8,2036,4,634,
7,8,2037,4,634,
7,8,2038,4,634,
7,8,2039,4,634,
7,8,2040,4,634,
7,8,2041,4,634,
7,8,2042,4,634,
7,8,2043,4,634,
7,8,2044,4,634,
7,8,2045,4,634,
7,8,2046,4,634,
7,8,2047,4,634,
7,8,2048,4,634,
7,8,2049,4,634,
7,8,2050,4,634,
7,9,2023,4,1400,
7,9,2024,4,1400,
7,9,2025,4,1400,
7,9,2026,4,1400,
7,9,2027,4,1400,
7,9,2028,4,1400,
7,9,2029,4,1400,
7,9,2030,4,1400,
7,9,2031,4,1400,
7,9,2032,4,1400,
7,9,2033,4,1400,
7,9,2034,4,1400,
7,9,2035,4,1400,
7,9,2036,4,1400,
7,9,2037,4,1400,
7,9,2038,4,1400,
7,9,2039,4,1400,
7,9,2040,4,1400,
7,9,2041,4,1400,
7,9,2042,4,1400,
7,9,2043,4,1400,
7,9,2044,4,1400,
7,9,2045,4,1400,
7,9,2046,4,1400,
7,9,2047,4,1400,
7,9,2048,4,1400,
7,9,2049,4,1400,
7,9,2050,4,1400,
8,7,2023,4,634,
8,7,2024,4,634,
8,7,2025,4,634,
8,7,2026,4,634,
8,7,2027,4,634,
8,7,2028,4,634,
8,7,2029,4,634,
8,7,2030,4,634,
8,7,2031,4,634,
8,7,2032,4,634,
8,7,2033,4,634,
8,7,2034,4,634,
8,7,2035,4,634,
8,7,2036,4,634,
8,7,2037,4,634,
8,7,2038,4,634,
8,7,2039,4,634,
8,7,2040,4,634,
8,7,2041,4,634,
8,7,2042,4,634,
8,7,2043,4,634,
8,7,2044,4,634,
8,7,2045,4,634,
8,7,2046,4,634,
8,7,2047,4,634,
8,7,2048,4,634,
8,7,2049,4,634,
8,7,2050,4,634,
8,9,2023,4,5700,
8,9,2024,4,5700,
8,9,2025,4,5700,
8,9,2026,4,5700,
8,9,2027,4,5700,
8,9,2028,4,5700,
8,9,2029,4,5700,
8,9,2030,4,5700,
8,9,2031,4,5700,
8,9,2032,4,5700,
8,9,2033,4,5700,
8,9,2034,4,5700,
8,9,2035,4,5700,
8,9,2036,4,5700,
8,9,2037,4,5700,
8,9,2038,4,5700,
8,9,2039,4,5700,
8,9,2040,4,5700,
8,9,2041,4,5700,
8,9,2042,4,5700,
8,9,2043,4,5700,
8,9,2044,4,5700,
8,9,2045,4,5700,
8,9,2046,4,5700,
8,9,2047,4,5700,
8,9,2048,4,5700,
8,9,2049,4,5700,
8,9,2050,4,5700,
8,10,2023,4,1640,
8,10,2024,4,1640,
8,10,2025,4,1640,
8,10,2026,4,1640,
8,10,2027,4,1640,
8,10,2028,4,1640,
8,10,2029,4,1640,
8,10,2030,4,1640,
8,10,2031,4,1640,
8,10,2032,4,1640,
8,10,2033,4,1640,
8,10,2034,4,1640,
8,10,2035,4,1640,
8,10,2036,4,1640,
8,10,2037,4,1640,
8,10,2038,4,1640,
8,10,2039,4,1640,
8,10,2040,4,1640,
8,10,2041,4,1640,
8,10,2042,4,1640,
8,10,2043,4,1640,
8,10,2044,4,1640,
8,10,2045,4,1640,
8,10,2046,4,1640,
8,10,2047,4,1640,
8,10,2048,4,1640,
8,10,2049,4,1640,
8,10,2050,4,1640,
9,7,2023,4,1400,
9,7,2024,4,1400,
9,7,2025,4,1400,
9,7,2026,4,1400,
9,7,2027,4,1400,
9,7,2028,4,1400,
9,7,2029,4,1400,
9,7,2030,4,1400,
9,7,2031,4,1400,
9,7,2032,4,1400,
9,7,2033,4,1400,
9,7,2034,4,1400,
9,7,2035,4,1400,
9,7,2036,4,1400,
9,7,2037,4,1400,
9,7,2038,4,1400,
9,7,2039,4,1400,
9,7,2040,4,1400,
9,7,2041,4,1400,
9,7,2042,4,1400,
9,7,2043,4,1400,
9,7,2044,4,1400,
9,7,2045,4,1400,
9,7,2046,4,1400,
9,7,2047,4,1400,
9,7,2048,4,1400,
9,7,2049,4,1400,
9,7,2050,4,1400,
9,8,2023,4,4000,
9,8,2024,4,4000,
9,8,2025,4,4000,
9,8,2026,4,4000,
9,8,2027,4,4000,
9,8,2028,4,4000,
9,8,2029,4,4000,
9,8,2030,4,4000,
9,8,2031,4,4000,
9,8,2032,4,4000,
9,8,2033,4,4000,
9,8,2034,4,4000,
9,8,2035,4,4000,
9,8,2036,4,4000,
9,8,2037,4,4000,
9,8,2038,4,4000,
9,8,2039,4,4000,
9,8,2040,4,4000,
9,8,2041,4,4000,
9,8,2042,4,4000,
9,8,2043,4,4000,
9,8,2044,4,4000,
9,8,2045,4,4000,
9,8,2046,4,4000,
9,8,2047,4,4000,
9,8,2048,4,4000,
9,8,2049,4,4000,
9,8,2050,4,4000,
9,10,2023,4,2000,
9,10,2024,4,2000,
9,10,2025,4,2000,
9,10,2026,4,2000,
9,10,2027,4,2000,
9,10,2028,4,2000,
9,10,2029,4,2000,
9,10,2030,4,2000,
9,10,2031,4,2000,
9,10,2032,4,2000,
9,10,2033,4,2000,
9,10,2034,4,2000,
9,10,2035,4,2000,
9,10,2036,4,2000,
9,10,2037,4,2000,
9,10,2038,4,2000,
9,10,2039,4,2000,
9,10,2040,4,2000,
9,10,2041,4,2000,
9,10,2042,4,2000,
9,10,2043,4,2000,
9,10,2044,4,2000,
9,10,2045,4,2000,
9,10,2046,4,2000,
9,10,2047,4,2000,
9,10,2048,4,2000,
9,10,2049,4,2000,
9,10,2050,4,2000,
10,8,2023,4,340,
10,8,2024,4,340,
10,8,2025,4,340,
10,8,2026,4,340,
10,8,2027,4,340,
10,8,2028,4,340,
10,8,2029,4,340,
10,8,2030,4,340,
10,8,2031,4,340,
10,8,2032,4,340,
10,8,2033,4,340,
10,8,2034,4,340,
10,8,2035,4,340,
10,8,2036,4,340,
10,8,2037,4,340,
10,8,2038,4,340,
10,8,2039,4,340,
10,8,2040,4,340,
10,8,2041,4,340,
10,8,2042,4,340,
10,8,2043,4,340,
10,8,2044,4,340,
10,8,2045,4,340,
10,8,2046,4,340,
10,8,2047,4,340,
10,8,2048,4,340,
10,8,2049,4,340,
10,8,2050,4,340,
10,9,2023,4,2000,
10,9,2024,4,2000,
10,9,2025,4,2000,
10,9,2026,4,2000,
10,9,2027,4,2000,
10,9,2028,4,2000,
10,9,2029,4,2000,
10,9,2030,4,2000,
10,9,2031,4,2000,
10,9,2032,4,2000,
10,9,2033,4,2000,
10,9,2034,4,2000,
10,9,2035,4,2000,
10,9,2036,4,2000,
10,9,2037,4,2000,
10,9,2038,4,2000,
10,9,2039,4,2000,
10,9,2040,4,2000,
10,9,2041,4,2000,
10,9,2042,4,2000,
10,9,2043,4,2000,
10,9,2044,4,2000,
10,9,2045,4,2000,
10,9,2046,4,2000,
10,9,2047,4,2000,
10,9,2048,4,2000,
10,9,2049,4,2000,
10,9,2050,4,2000,
10,11,2023,4,6133,
10,11,2024,4,6133,
10,11,2025,4,6133,
10,11,2026,4,6133,
10,11,2027,4,6133,
10,11,2028,4,6133,
10,11,2029,4,6133,
10,11,2030,4,6133,
10,11,2031,4,6133,
10,11,2032,4,6133,
10,11,2033,4,6133,
10,11,2034,4,6133,
10,11,2035,4,6133,
10,11,2036,4,6133,
10,11,2037,4,6133,
10,11,2038,4,6133,
10,11,2039,4,6133,
10,11,2040,4,6133,
10,11,2041,4,6133,
10,11,2042,4,6133,
10,11,2043,4,6133,
10,11,2044,4,6133,
10,11,2045,4,6133,
10,11,2046,4,6133,
10,11,2047,4,6133,
10,11,2048,4,6133,
10,11,2049,4,6133,
10,11,2050,4,6133,
10,13,2023,4,3900,
10,13,2024,4,3900,
10,13,2025,4,3900,
10,13,2026,4,3900,
10,13,2027,4,3900,
10,13,2028,4,3900,
10,13,2029,4,3900,
10,13,2030,4,3900,
10,13,2031,4,3900,
10,13,2032,4,3900,
10,13,2033,4,3900,
10,13,2034,4,3900,
10,13,2035,4,3900,
10,13,2036,4,3900,
10,13,2037,4,3900,
10,13,2038,4,3900,
10,13,2039,4,3900,
10,13,2040,4,3900,
10,13,2041,4,3900,
10,13,2042,4,3900,
10,13,2043,4,3900,
10,13,2044,4,3900,
10,13,2045,4,3900,
10,13,2046,4,3900,
10,13,2047,4,3900,
10,13,2048,4,3900,
10,13,2049,4,3900,
10,13,2050,4,3900,
11,4,2023,4,10262,
11,4,2024,4,10262,
11,4,2025,4,10262,
11,4,2026,4,10262,
11,4,2027,4,10262,
11,4,2028,4,10262,
11,4,2029,4,10262,
11,4,2030,4,10262,
11,4,2031,4,10262,
11,4,2032,4,10262,
11,4,2033,4,10262,
11,4,2034,4,10262,
11,4,2035,4,10262,
11,4,2036,4,10262,
11,4,2037,4,10262,
11,4,2038,4,10262,
11,4,2039,4,10262,
11,4,2040,4,10262,
11,4,2041,4,10262,
11,4,2042,4,10262,
11,4,2043,4,10262,
11,4,2044,4,10262,
11,4,2045,4,10262,
11,4,2046,4,10262,
11,4,2047,4,10262,
11,4,2048,4,10262,
11,4,2049,4,10262,
11,4,2050,4,10262,
11,5,2023,4,1526,
11,5,2024,4,1526,
11,5,2025,4,1526,
11,5,2026,4,1526,
11,5,2027,4,1526,
11,5,2028,4,1526,
11,5,2029,4,1526,
11,5,2030,4,1526,
11,5,2031,4,1526,
11,5,2032,4,1526,
11,5,2033,4,1526,
11,5,2034,4,1526,
11,5,2035,4,1526,
11,5,2036,4,1526,
11,5,2037,4,1526,
11,5,2038,4,1526,
11,5,2039,4,1526,
11,5,2040,4,1526,
11,5,2041,4,1526,
11,5,2042,4,1526,
11,5,2043,4,1526,
11,5,2044,4,1526,
11,5,2045,4,1526,
11,5,2046,4,1526,
11,5,2047,4,1526,
11,5,2048,4,1526,
11,5,2049,4,1526,
11,5,2050,4,1526,
11,10,2023,4,5982.999,
11,10,2024,4,5982.999,
11,10,2025,4,5982.999,
11,10,2026,4,5982.999,
11,10,2027,4,5982.999,
11,10,2028,4,5982.999,
11,10,2029,4,5982.999,
11,10,2030,4,5982.999,
11,10,2031,4,5982.999,
11,10,2032,4,5982.999,
11,10,2033,4,5982.999,
11,10,2034,4,5982.999,
11,10,2035,4,5982.999,
11,10,2036,4,5982.999,
11,10,2037,4,5982.999,
11,10,2038,4,5982.999,
11,10,2039,4,5982.999,
11,10,2040,4,5982.999,
11,10,2041,4,5982.999,
11,10,2042,4,5982.999,
11,10,2043,4,5982.999,
11,10,2044,4,5982.999,
11,10,2045,4,5982.999,
11,10,2046,4,5982.999,
11,10,2047,4,5982.999,
11,10,2048,4,5982.999,
11,10,2049,4,5982.999,
11,10,2050,4,5982.999,
11,13,2023,4,4098,
11,13,2024,4,4098,
11,13,2025,4,4098,
11,13,2026,4,4098,
11,13,2027,4,4098,
11,13,2028,4,4098,
11,13,2029,4,4098,
11,13,2030,4,4098,
11,13,2031,4,4098,
11,13,2032,4,4098,
11,13,2033,4,4098,
11,13,2034,4,4098,
11,13,2035,4,4098,
11,13,2036,4,4098,
11,13,2037,4,4098,
11,13,2038,4,4098,
11,13,2039,4,4098,
11,13,2040,4,4098,
11,13,2041,4,4098,
11,13,2042,4,4098,
11,13,2043,4,4098,
11,13,2044,4,4098,
11,13,2045,4,4098,
11,13,2046,4,4098,
11,13,2047,4,4098,
11,13,2048,4,4098,
11,13,2049,4,4098,
11,13,2050,4,4098,
11,14,2023,4,902,
11,14,2024,4,902,
11,14,2025,4,902,
11,14,2026,4,902,
11,14,2027,4,902,
11,14,2028,4,902,
11,14,2029,4,902,
11,14,2030,4,902,
11,14,2031,4,902,
11,14,2032,4,902,
11,14,2033,4,902,
11,14,2034,4,902,
11,14,2035,4,902,
11,14,2036,4,902,
11,14,2037,4,902,
11,14,2038,4,902,
11,14,2039,4,902,
11,14,2040,4,902,
11,14,2041,4,902,
11,14,2042,4,902,
11,14,2043,4,902,
11,14,2044,4,902,
11,14,2045,4,902,
11,14,2046,4,902,
11,14,2047,4,902,
11,14,2048,4,902,
11,14,2049,4,902,
11,14,2050,4,902,
11,16,2023,4,1816,
11,16,2024,4,1816,
11,16,2025,4,1816,
11,16,2026,4,1816,
11,16,2027,4,1816,
11,16,2028,4,1816,
11,16,2029,4,1816,
11,16,2030,4,1816,
11,16,2031,4,1816,
11,16,2032,4,1816,
11,16,2033,4,1816,
11,16,2034,4,1816,
11,16,2035,4,1816,
11,16,2036,4,1816,
11,16,2037,4,1816,
11,16,2038,4,1816,
11,16,2039,4,1816,
11,16,2040,4,1816,
11,16,2041,4,1816,
11,16,2042,4,1816,
11,16,2043,4,1816,
11,16,2044,4,1816,
11,16,2045,4,1816,
11,16,2046,4,1816,
11,16,2047,4,1816,
11,16,2048,4,1816,
11,16,2049,4,1816,
11,16,2050,4,1816,
12,3,2023,4,2006,
12,3,2024,4,2006,
12,3,2025,4,2006,
12,3,2026,4,2006,
12,3,2027,4,2006,
12,3,2028,4,2006,
12,3,2029,4,2006,
12,3,2030,4,2006,
12,3,2031,4,2006,
12,3,2032,4,2006,
12,3,2033,4,2006,
12,3,2034,4,2006,
12,3,2035,4,2006,
12,3,2036,4,2006,
12,3,2037,4,2006,
12,3,2038,4,2006,
12,3,2039,4,2006,
12,3,2040,4,2006,
12,3,2041,4,2006,
12,3,2042,4,2006,
12,3,2043,4,2006,
12,3,2044,4,2006,
12,3,2045,4,2006,
12,3,2046,4,2006,
12,3,2047,4,2006,
12,3,2048,4,2006,
12,3,2049,4,2006,
12,3,2050,4,2006,
12,4,2023,4,8746,
12,4,2024,4,8746,
12,4,2025,4,8746,
12,4,2026,4,8746,
12,4,2027,4,8746,
12,4,2028,4,8746,
12,4,2029,4,8746,
12,4,2030,4,8746,
12,4,2031,4,8746,
12,4,2032,4,8746,
12,4,2033,4,8746,
12,4,2034,4,8746,
12,4,2035,4,8746,
12,4,2036,4,8746,
12,4,2037,4,8746,
12,4,2038,4,8746,
12,4,2039,4,8746,
12,4,2040,4,8746,
12,4,2041,4,8746,
12,4,2042,4,8746,
12,4,2043,4,8746,
12,4,2044,4,8746,
12,4,2045,4,8746,
12,4,2046,4,8746,
12,4,2047,4,8746,
12,4,2048,4,8746,
12,4,2049,4,8746,
12,4,2050,4,8746,
13,10,2023,4,3900,
13,10,2024,4,3900,
13,10,2025,4,3900,
13,10,2026,4,3900,
13,10,2027,4,3900,
13,10,2028,4,3900,
13,10,2029,4,3900,
13,10,2030,4,3900,
13,10,2031,4,3900,
13,10,2032,4,3900,
13,10,2033,4,3900,
13,10,2034,4,3900,
13,10,2035,4,3900,
13,10,2036,4,3900,
13,10,2037,4,3900,
13,10,2038,4,3900,
13,10,2039,4,3900,
13,10,2040,4,3900,
13,10,2041,4,3900,
13,10,2042,4,3900,
13,10,2043,4,3900,
13,10,2044,4,3900,
13,10,2045,4,3900,
13,10,2046,4,3900,
13,10,2047,4,3900,
13,10,2048,4,3900,
13,10,2049,4,3900,
13,10,2050,4,3900,
13,11,2023,4,4098,
13,11,2024,4,4098,
13,11,2025,4,4098,
13,11,2026,4,4098,
13,11,2027,4,4098,
13,11,2028,4,4098,
13,11,2029,4,4098,
13,11,2030,4,4098,
13,11,2031,4,4098,
13,11,2032,4,4098,
13,11,2033,4,4098,
13,11,2034,4,4098,
13,11,2035,4,4098,
13,11,2036,4,4098,
13,11,2037,4,4098,
13,11,2038,4,4098,
13,11,2039,4,4098,
13,11,2040,4,4098,
13,11,2041,4,4098,
13,11,2042,4,4098,
13,11,2043,4,4098,
13,11,2044,4,4098,
13,11,2045,4,4098,
13,11,2046,4,4098,
13,11,2047,4,4098,
13,11,2048,4,4098,
13,11,2049,4,4098,
13,11,2050,4,4098,
13,14,2023,4,4316,
13,14,2024,4,4316,
13,14,2025,4,4316,
13,14,2026,4,4316,
13,14,2027,4,4316,
13,14,2028,4,4316,
13,14,2029,4,4316,
13,14,2030,4,4316,
13,14,2031,4,4316,
13,14,2032,4,4316,
13,14,2033,4,4316,
13,14,2034,4,4316,
13,14,2035,4,4316,
13,14,2036,4,4316,
13,14,2037,4,4316,
13,14,2038,4,4316,
13,14,2039,4,4316,
13,14,2040,4,4316,
13,14,2041,4,4316,
13,14,2042,4,4316,
13,14,2043,4,4316,
13,14,2044,4,4316,
13,14,2045,4,4316,
13,14,2046,4,4316,
13,14,2047,4,4316,
13,14,2048,4,4316,
13,14,2049,4,4316,
13,14,2050,4,4316,
14,11,2023,4,902,
14,11,2024,4,902,
14,11,2025,4,902,
14,11,2026,4,902,
14,11,2027,4,902,
14,11,2028,4,902,
14,11,2029,4,902,
14,11,2030,4,902,
14,11,2031,4,902,
14,11,2032,4,902,
14,11,2033,4,902,
14,11,2034,4,902,
14,11,2035,4,902,
14,11,2036,4,902,
14,11,2037,4,902,
14,11,2038,4,902,
14,11,2039,4,902,
14,11,2040,4,902,
14,11,2041,4,902,
14,11,2042,4,902,
14,11,2043,4,902,
14,11,2044,4,902,
14,11,2045,4,902,
14,11,2046,4,902,
14,11,2047,4,902,
14,11,2048,4,902,
14,11,2049,4,902,
14,11,2050,4,902,
14,13,2023,4,4350,
14,13,2024,4,4350,
14,13,2025,4,4350,
14,13,2026,4,4350,
14,13,2027,4,4350,
14,13,2028,4,4350,
14,13,2029,4,4350,
14,13,2030,4,4350,
14,13,2031,4,4350,
14,13,2032,4,4350,
14,13,2033,4,4350,
14,13,2034,4,4350,
14,13,2035,4,4350,
14,13,2036,4,4350,
14,13,2037,4,4350,
14,13,2038,4,4350,
14,13,2039,4,4350,
14,13,2040,4,4350,
14,13,2041,4,4350,
14,13,2042,4,4350,
14,13,2043,4,4350,
14,13,2044,4,4350,
14,13,2045,4,4350,
14,13,2046,4,4350,
14,13,2047,4,4350,
14,13,2048,4,4350,
14,13,2049,4,4350,
14,13,2050,4,4350,
14,15,2023,4,3242,
14,15,2024,4,3242,
14,15,2025,4,3242,
14,15,2026,4,3242,
14,15,2027,4,3242,
14,15,2028,4,3242,
14,15,2029,4,3242,
14,15,2030,4,3242,
14,15,2031,4,3242,
14,15,2032,4,3242,
14,15,2033,4,3242,
14,15,2034,4,3242,
14,15,2035,4,3242,
14,15,2036,4,3242,
14,15,2037,4,3242,
14,15,2038,4,3242,
14,15,2039,4,3242,
14,15,2040,4,3242,
14,15,2041,4,3242,
14,15,2042,4,3242,
14,15,2043,4,3242,
14,15,2044,4,3242,
14,15,2045,4,3242,
14,15,2046,4,3242,
14,15,2047,4,3242,
14,15,2048,4,3242,
14,15,2049,4,3242,
14,15,2050,4,3242,
14,16,2023,4,3600,
14,16,2024,4,3600,
14,16,2025,4,3600,
14,16,2026,4,3600,
14,16,2027,4,3600,
14,16,2028,4,3600,
14,16,2029,4,3600,
14,16,2030,4,3600,
14,16,2031,4,3600,
14,16,2032,4,3600,
14,16,2033,4,3600,
14,16,2034,4,3600,
14,16,2035,4,3600,
14,16,2036,4,3600,
14,16,2037,4,3600,
14,16,2038,4,3600,
14,16,2039,4,3600,
14,16,2040,4,3600,
14,16,2041,4,3600,
14,16,2042,4,3600,
14,16,2043,4,3600,
14,16,2044,4,3600,
14,16,2045,4,3600,
14,16,2046,4,3600,
14,16,2047,4,3600,
14,16,2048,4,3600,
14,16,2049,4,3600,
14,16,2050,4,3600,
15,2,2023,4,3600,
15,2,2024,4,3600,
15,2,2025,4,3600,
15,2,2026,4,3600,
15,2,2027,4,3600,
15,2,2028,4,3600,
15,2,2029,4,3600,
15,2,2030,4,3600,
15,2,2031,4,3600,
15,2,2032,4,3600,
15,2,2033,4,3600,
15,2,2034,4,3600,
15,2,2035,4,3600,
15,2,2036,4,3600,
15,2,2037,4,3600,
15,2,2038,4,3600,
15,2,2039,4,3600,
15,2,2040,4,3600,
15,2,2041,4,3600,
15,2,2042,4,3600,
15,2,2043,4,3600,
15,2,2044,4,3600,
15,2,2045,4,3600,
15,2,2046,4,3600,
15,2,2047,4,3600,
15,2,2048,4,3600,
15,2,2049,4,3600,
15,2,2050,4,3600,
15,6,2023,4,3000,
15,6,2024,4,3000,
15,6,2025,4,3000,
15,6,2026,4,3000,
15,6,2027,4,3000,
15,6,2028,4,3000,
15,6,2029,4,3000,
15,6,2030,4,3000,
15,6,2031,4,3000,
15,6,2032,4,3000,
15,6,2033,4,3000,
15,6,2034,4,3000,
15,6,2035,4,3000,
15,6,2036,4,3000,
15,6,2037,4,3000,
15,6,2038,4,3000,
15,6,2039,4,3000,
15,6,2040,4,3000,
15,6,2041,4,3000,
15,6,2042,4,3000,
15,6,2043,4,3000,
15,6,2044,4,3000,
15,6,2045,4,3000,
15,6,2046,4,3000,
15,6,2047,4,3000,
15,6,2048,4,3000,
15,6,2049,4,3000,
15,6,2050,4,3000,
15,14,2023,4,3242,
15,14,2024,4,3242,
15,14,2025,4,3242,
15,14,2026,4,3242,
15,14,2027,4,3242,
15,14,2028,4,3242,
15,14,2029,4,3242,
15,14,2030,4,3242,
15,14,2031,4,3242,
15,14,2032,4,3242,
15,14,2033,4,3242,
15,14,2034,4,3242,
15,14,2035,4,3242,
15,14,2036,4,3242,
15,14,2037,4,3242,
15,14,2038,4,3242,
15,14,2039,4,3242,
15,14,2040,4,3242,
15,14,2041,4,3242,
15,14,2042,4,3242,
15,14,2043,4,3242,
15,14,2044,4,3242,
15,14,2045,4,3242,
15,14,2046,4,3242,
15,14,2047,4,3242,
15,14,2048,4,3242,
15,14,2049,4,3242,
15,14,2050,4,3242,
15,16,2023,4,1713,
15,16,2024,4,1713,
15,16,2025,4,1713,
15,16,2026,4,1713,
15,16,2027,4,1713,
15,16,2028,4,1713,
15,16,2029,4,1713,
15,16,2030,4,1713,
15,16,2031,4,1713,
15,16,2032,4,1713,
15,16,2033,4,1713,
15,16,2034,4,1713,
15,16,2035,4,1713,
15,16,2036,4,1713,
15,16,2037,4,1713,
15,16,2038,4,1713,
15,16,2039,4,1713,
15,16,2040,4,1713,
15,16,2041,4,1713,
15,16,2042,4,1713,
15,16,2043,4,1713,
15,16,2044,4,1713,
15,16,2045,4,1713,
15,16,2046,4,1713,
15,16,2047,4,1713,
15,16,2048,4,1713,
15,16,2049,4,1713,
15,16,2050,4,1713,
16,4,2023,4,8367,
16,4,2024,4,8367,
16,4,2025,4,8367,
16,4,2026,4,8367,
16,4,2027,4,8367,
16,4,2028,4,8367,
16,4,2029,4,8367,
16,4,2030,4,8367,
16,4,2031,4,8367,
16,4,2032,4,8367,
16,4,2033,4,8367,
16,4,2034,4,8367,
16,4,2035,4,8367,
16,4,2036,4,8367,
16,4,2037,4,8367,
16,4,2038,4,8367,
16,4,2039,4,8367,
16,4,2040,4,8367,
16,4,2041,4,8367,
16,4,2042,4,8367,
16,4,2043,4,8367,
16,4,2044,4,8367,
16,4,2045,4,8367,
16,4,2046,4,8367,
16,4,2047,4,8367,
16,4,2048,4,8367,
16,4,2049,4,8367,
16,4,2050,4,8367,
16,6,2023,4,2919,
16,6,2024,4,2919,
16,6,2025,4,2919,
16,6,2026,4,2919,
16,6,2027,4,2919,
16,6,2028,4,2919,
16,6,2029,4,2919,
16,6,2030,4,2919,
16,6,2031,4,2919,
16,6,2032,4,2919,
16,6,2033,4,2919,
16,6,2034,4,2919,
16,6,2035,4,2919,
16,6,2036,4,2919,
16,6,2037,4,2919,
16,6,2038,4,2919,
16,6,2039,4,2919,
16,6,2040,4,2919,
16,6,2041,4,2919,
16,6,2042,4,2919,
16,6,2043,4,2919,
16,6,2044,4,2919,
16,6,2045,4,2919,
16,6,2046,4,2919,
16,6,2047,4,2919,
16,6,2048,4,2919,
16,6,2049,4,2919,
16,6,2050,4,2919,
16,11,2023,4,1816,
16,11,2024,4,1816,
16,11,2025,4,1816,
16,11,2026,4,1816,
16,11,2027,4,1816,
16,11,2028,4,1816,
16,11,2029,4,1816,
16,11,2030,4,1816,
16,11,2031,4,1816,
16,11,2032,4,1816,
16,11,2033,4,1816,
16,11,2034,4,1816,
16,11,2035,4,1816,
16,11,2036,4,1816,
16,11,2037,4,1816,
16,11,2038,4,1816,
16,11,2039,4,1816,
16,11,2040,4,1816,
16,11,2041,4,1816,
16,11,2042,4,1816,
16,11,2043,4,1816,
16,11,2044,4,1816,
16,11,2045,4,1816,
16,11,2046,4,1816,
16,11,2047,4,1816,
16,11,2048,4,1816,
16,11,2049,4,1816,
16,11,2050,4,1816,
16,14,2023,4,3600,
16,14,2024,4,3600,
16,14,2025,4,3600,
16,14,2026,4,3600,
16,14,2027,4,3600,
16,14,2028,4,3600,
16,14,2029,4,3600,
16,14,2030,4,3600,
16,14,2031,4,3600,
16,14,2032,4,3600,
16,14,2033,4,3600,
16,14,2034,4,3600,
16,14,2035,4,3600,
16,14,2036,4,3600,
16,14,2037,4,3600,
16,14,2038,4,3600,
16,14,2039,4,3600,
16,14,2040,4,3600,
16,14,2041,4,3600,
16,14,2042,4,3600,
16,14,2043,4,3600,
16,14,2044,4,3600,
16,14,2045,4,3600,
16,14,2046,4,3600,
16,14,2047,4,3600,
16,14,2048,4,3600,
16,14,2049,4,3600,
16,14,2050,4,3600,
16,15,2023,4,1713,
16,15,2024,4,1713,
16,15,2025,4,1713,
16,15,2026,4,1713,
16,15,2027,4,1713,
16,15,2028,4,1713,
16,15,2029,4,1713,
16,15,2030,4,1713,
16,15,2031,4,1713,
16,15,2032,4,1713,
16,15,2033,4,1713,
16,15,2034,4,1713,
16,15,2035,4,1713,
16,15,2036,4,1713,
16,15,2037,4,1713,
16,15,2038,4,1713,
16,15,2039,4,1713,
16,15,2040,4,1713,
16,15,2041,4,1713,
16,15,2042,4,1713,
16,15,2043,4,1713,
16,15,2044,4,1713,
16,15,2045,4,1713,
16,15,2046,4,1713,
16,15,2047,4,1713,
16,15,2048,4,1713,
16,15,2049,4,1713,
16,15,2050,4,1713,
17,1,2023,4,820,
17,1,2024,4,820,
17,1,2025,4,820,
17,1,2026,4,820,
17,1,2027,4,820,
17,1,2028,4,820,
17,1,2029,4,820,
17,1,2030,4,820,
17,1,2031,4,820,
17,1,2032,4,820,
17,1,2033,4,820,
17,1,2034,4,820,
17,1,2035,4,820,
17,1,2036,4,820,
17,1,2037,4,820,
17,1,2038,4,820,
17,1,2039,4,820,
17,1,2040,4,820,
17,1,2041,4,820,
17,1,2042,4,820,
17,1,2043,4,820,
17,1,2044,4,820,
17,1,2045,4,820,
17,1,2046,4,820,
17,1,2047,4,820,
17,1,2048,4,820,
17,1,2049,4,820,
17,1,2050,4,820,
17,4,2023,4,3000,
17,4,2024,4,3000,
17,4,2025,4,3000,
17,4,2026,4,3000,
17,4,2027,4,3000,
17,4,2028,4,3000,
17,4,2029,4,3000,
17,4,2030,4,3000,
17,4,2031,4,3000,
17,4,2032,4,3000,
17,4,2033,4,3000,
17,4,2034,4,3000,
17,4,2035,4,3000,
17,4,2036,4,3000,
17,4,2037,4,3000,
17,4,2038,4,3000,
17,4,2039,4,3000,
17,4,2040,4,3000,
17,4,2041,4,3000,
17,4,2042,4,3000,
17,4,2043,4,3000,
17,4,2044,4,3000,
17,4,2045,4,3000,
17,4,2046,4,3000,
17,4,2047,4,3000,
17,4,2048,4,3000,
17,4,2049,4,3000,
17,4,2050,4,3000,
17,6,2023,4,1736,
17,6,2024,4,1736,
17,6,2025,4,1736,
17,6,2026,4,1736,
17,6,2027,4,1736,
17,6,2028,4,1736,
17,6,2029,4,1736,
17,6,2030,4,1736,
17,6,2031,4,1736,
17,6,2032,4,1736,
17,6,2033,4,1736,
17,6,2034,4,1736,
17,6,2035,4,1736,
17,6,2036,4,1736,
17,6,2037,4,1736,
17,6,2038,4,1736,
17,6,2039,4,1736,
17,6,2040,4,1736,
17,6,2041,4,1736,
17,6,2042,4,1736,
17,6,2043,4,1736,
17,6,2044,4,1736,
17,6,2045,4,1736,
17,6,2046,4,1736,
17,6,2047,4,1736,
17,6,2048,4,1736,
17,6,2049,4,1736,
17,6,2050,4,1736,
17,18,2023,4,572,
17,18,2024,4,572,
17,18,2025,4,572,
17,18,2026,4,572,
17,18,2027,4,572,
17,18,2028,4,572,
17,18,2029,4,572,
17,18,2030,4,572,
17,18,2031,4,572,
17,18,2032,4,572,
17,18,2033,4,572,
17,18,2034,4,572,
17,18,2035,4,572,
17,18,2036,4,572,
17,18,2037,4,572,
17,18,2038,4,572,
17,18,2039,4,572,
17,18,2040,4,572,
17,18,2041,4,572,
17,18,2042,4,572,
17,18,2043,4,572,
17,18,2044,4,572,
17,18,2045,4,572,
17,18,2046,4,572,
17,18,2047,4,572,
17,18,2048,4,572,
17,18,2049,4,572,
17,18,2050,4,572,
17,20,2023,4,400,
17,20,2024,4,400,
17,20,2025,4,400,
17,20,2026,4,400,
17,20,2027,4,400,
17,20,2028,4,400,
17,20,2029,4,400,
17,20,2030,4,400,
17,20,2031,4,400,
17,20,2032,4,400,
17,20,2033,4,400,
17,20,2034,4,400,
17,20,2035,4,400,
17,20,2036,4,400,
17,20,2037,4,400,
17,20,2038,4,400,
17,20,2039,4,400,
17,20,2040,4,400,
17,20,2041,4,400,
17,20,2042,4,400,
17,20,2043,4,400,
17,20,2044,4,400,
17,20,2045,4,400,
17,20,2046,4,400,
17,20,2047,4,400,
17,20,2048,4,400,
17,20,2049,4,400,
17,20,2050,4,400,
18,3,2023,4,429,
18,3,2024,4,429,
18,3,2025,4,429,
18,3,2026,4,429,
18,3,2027,4,429,
18,3,2028,4,429,
18,3,2029,4,429,
18,3,2030,4,429,
18,3,2031,4,429,
18,3,2032,4,429,
18,3,2033,4,429,
18,3,2034,4,429,
18,3,2035,4,429,
18,3,2036,4,429,
18,3,2037,4,429,
18,3,2038,4,429,
18,3,2039,4,429,
18,3,2040,4,429,
18,3,2041,4,429,
18,3,2042,4,429,
18,3,2043,4,429,
18,3,2044,4,429,
18,3,2045,4,429,
18,3,2046,4,429,
18,3,2047,4,429,
18,3,2048,4,429,
18,3,2049,4,429,
18,3,2050,4,429,
18,4,2023,4,1138,
18,4,2024,4,1138,
18,4,2025,4,1138,
18,4,2026,4,1138,
18,4,2027,4,1138,
18,4,2028,4,1138,
18,4,2029,4,1138,
18,4,2030,4,1138,
18,4,2031,4,1138,
18,4,2032,4,1138,
18,4,2033,4,1138,
18,4,2034,4,1138,
18,4,2035,4,1138,
18,4,2036,4,1138,
18,4,2037,4,1138,
18,4,2038,4,1138,
18,4,2039,4,1138,
18,4,2040,4,1138,
18,4,2041,4,1138,
18,4,2042,4,1138,
18,4,2043,4,1138,
18,4,2044,4,1138,
18,4,2045,4,1138,
18,4,2046,4,1138,
18,4,2047,4,1138,
18,4,2048,4,1138,
18,4,2049,4,1138,
18,4,2050,4,1138,
18,6,2023,4,490,
18,6,2024,4,490,
18,6,2025,4,490,
18,6,2026,4,490,
18,6,2027,4,490,
18,6,2028,4,490,
18,6,2029,4,490,
18,6,2030,4,490,
18,6,2031,4,490,
18,6,2032,4,490,
18,6,2033,4,490,
18,6,2034,4,490,
18,6,2035,4,490,
18,6,2036,4,490,
18,6,2037,4,490,
18,6,2038,4,490,
18,6,2039,4,490,
18,6,2040,4,490,
18,6,2041,4,490,
18,6,2042,4,490,
18,6,2043,4,490,
18,6,2044,4,490,
18,6,2045,4,490,
18,6,2046,4,490,
18,6,2047,4,490,
18,6,2048,4,490,
18,6,2049,4,490,
18,6,2050,4,490,
18,17,2023,4,373,
18,17,2024,4,373,
18,17,2025,4,373,
18,17,2026,4,373,
18,17,2027,4,373,
18,17,2028,4,373,
18,17,2029,4,373,
18,17,2030,4,373,
18,17,2031,4,373,
18,17,2032,4,373,
18,17,2033,4,373,
18,17,2034,4,373,
18,17,2035,4,373,
18,17,2036,4,373,
18,17,2037,4,373,
18,17,2038,4,373,
18,17,2039,4,373,
18,17,2040,4,373,
18,17,2041,4,373,
18,17,2042,4,373,
18,17,2043,4,373,
18,17,2044,4,373,
18,17,2045,4,373,
18,17,2046,4,373,
18,17,2047,4,373,
18,17,2048,4,373,
18,17,2049,4,373,
18,17,2050,4,373,
18,19,2023,4,2878,
18,19,2024,4,2878,
18,19,2025,4,2878,
18,19,2026,4,2878,
18,19,2027,4,2878,
18,19,2028,4,2878,
18,19,2029,4,2878,
18,19,2030,4,2878,
18,19,2031,4,2878,
18,19,2032,4,2878,
18,19,2033,4,2878,
18,19,2034,4,2878,
18,19,2035,4,2878,
18,19,2036,4,2878,
18,19,2037,4,2878,
18,19,2038,4,2878,
18,19,2039,4,2878,
18,19,2040,4,2878,
18,19,2041,4,2878,
18,19,2042,4,2878,
18,19,2043,4,2878,
18,19,2044,4,2878,
18,19,2045,4,2878,
18,19,2046,4,2878,
18,19,2047,4,2878,
18,19,2048,4,2878,
18,19,2049,4,2878,
18,19,2050,4,2878,
18,24,2023,4,210,
18,24,2024,4,210,
18,24,2025,4,210,
18,24,2026,4,210,
18,24,2027,4,210,
18,24,2028,4,210,
18,24,2029,4,210,
18,24,2030,4,210,
18,24,2031,4,210,
18,24,2032,4,210,
18,24,2033,4,210,
18,24,2034,4,210,
18,24,2035,4,210,
18,24,2036,4,210,
18,24,2037,4,210,
18,24,2038,4,210,
18,24,2039,4,210,
18,24,2040,4,210,
18,24,2041,4,210,
18,24,2042,4,210,
18,24,2043,4,210,
18,24,2044,4,210,
18,24,2045,4,210,
18,24,2046,4,210,
18,24,2047,4,210,
18,24,2048,4,210,
18,24,2049,4,210,
18,24,2050,4,210,
19,3,2023,4,9521,
19,3,2024,4,9521,
19,3,2025,4,9521,
19,3,2026,4,9521,
19,3,2027,4,9521,
19,3,2028,4,9521,
19,3,2029,4,9521,
19,3,2030,4,9521,
19,3,2031,4,9521,
19,3,2032,4,9521,
19,3,2033,4,9521,
19,3,2034,4,9521,
19,3,2035,4,9521,
19,3,2036,4,9521,
19,3,2037,4,9521,
19,3,2038,4,9521,
19,3,2039,4,9521,
19,3,2040,4,9521,
19,3,2041,4,9521,
19,3,2042,4,9521,
19,3,2043,4,9521,
19,3,2044,4,9521,
19,3,2045,4,9521,
19,3,2046,4,9521,
19,3,2047,4,9521,
19,3,2048,4,9521,
19,3,2049,4,9521,
19,3,2050,4,9521,
19,18,2023,4,2878,
19,18,2024,4,2878,
19,18,2025,4,2878,
19,18,2026,4,2878,
19,18,2027,4,2878,
19,18,2028,4,2878,
19,18,2029,4,2878,
19,18,2030,4,2878,
19,18,2031,4,2878,
19,18,2032,4,2878,
19,18,2033,4,2878,
19,18,2034,4,2878,
19,18,2035,4,2878,
19,18,2036,4,2878,
19,18,2037,4,2878,
19,18,2038,4,2878,
19,18,2039,4,2878,
19,18,2040,4,2878,
19,18,2041,4,2878,
19,18,2042,4,2878,
19,18,2043,4,2878,
19,18,2044,4,2878,
19,18,2045,4,2878,
19,18,2046,4,2878,
19,18,2047,4,2878,
19,18,2048,4,2878,
19,18,2049,4,2878,
19,18,2050,4,2878,
19,23,2023,4,200,
19,23,2024,4,200,
19,23,2025,4,200,
19,23,2026,4,200,
19,23,2027,4,200,
19,23,2028,4,200,
19,23,2029,4,200,
19,23,2030,4,200,
19,23,2031,4,200,
19,23,2032,4,200,
19,23,2033,4,200,
19,23,2034,4,200,
19,23,2035,4,200,
19,23,2036,4,200,
19,23,2037,4,200,
19,23,2038,4,200,
19,23,2039,4,200,
19,23,2040,4,200,
19,23,2041,4,200,
19,23,2042,4,200,
19,23,2043,4,200,
19,23,2044,4,200,
19,23,2045,4,200,
19,23,2046,4,200,
19,23,2047,4,200,
19,23,2048,4,200,
19,23,2049,4,200,
19,23,2050,4,200,
19,24,2023,4,255,
19,24,2024,4,255,
19,24,2025,4,255,
19,24,2026,4,255,
19,24,2027,4,255,
19,24,2028,4,255,
19,24,2029,4,255,
19,24,2030,4,255,
19,24,2031,4,255,
19,24,2032,4,255,
19,24,2033,4,255,
19,24,2034,4,255,
19,24,2035,4,255,
19,24,2036,4,255,
19,24,2037,4,255,
19,24,2038,4,255,
19,24,2039,4,255,
19,24,2040,4,255,
19,24,2041,4,255,
19,24,2042,4,255,
19,24,2043,4,255,
19,24,2044,4,255,
19,24,2045,4,255,
19,24,2046,4,255,
19,24,2047,4,255,
19,24,2048,4,255,
19,24,2049,4,255,
19,24,2050,4,255,
20,17,2023,4,400,
20,17,2024,4,400,
20,17,2025,4,400,
20,17,2026,4,400,
20,17,2027,4,400,
20,17,2028,4,400,
20,17,2029,4,400,
20,17,2030,4,400,
20,17,2031,4,400,
20,17,2032,4,400,
20,17,2033,4,400,
20,17,2034,4,400,
20,17,2035,4,400,
20,17,2036,4,400,
20,17,2037,4,400,
20,17,2038,4,400,
20,17,2039,4,400,
20,17,2040,4,400,
20,17,2041,4,400,
20,17,2042,4,400,
20,17,2043,4,400,
20,17,2044,4,400,
20,17,2045,4,400,
20,17,2046,4,400,
20,17,2047,4,400,
20,17,2048,4,400,
20,17,2049,4,400,
20,17,2050,4,400,
20,22,2023,4,2996,
20,22,2024,4,2996,
20,22,2025,4,2996,
20,22,2026,4,2996,
20,22,2027,4,2996,
20,22,2028,4,2996,
20,22,2029,4,2996,
20,22,2030,4,2996,
20,22,2031,4,2996,
20,22,2032,4,2996,
20,22,2033,4,2996,
20,22,2034,4,2996,
20,22,2035,4,2996,
20,22,2036,4,2996,
20,22,2037,4,2996,
20,22,2038,4,2996,
20,22,2039,4,2996,
20,22,2040,4,2996,
20,22,2041,4,2996,
20,22,2042,4,2996,
20,22,2043,4,2996,
20,22,2044,4,2996,
20,22,2045,4,2996,
20,22,2046,4,2996,
20,22,2047,4,2996,
20,22,2048,4,2996,
20,22,2049,4,2996,
20,22,2050,4,2996,
20,24,2023,4,442,
20,24,2024,4,442,
20,24,2025,4,442,
20,24,2026,4,442,
20,24,2027,4,442,
20,24,2028,4,442,
20,24,2029,4,442,
20,24,2030,4,442,
20,24,2031,4,442,
20,24,2032,4,442,
20,24,2033,4,442,
20,24,2034,4,442,
20,24,2035,4,442,
20,24,2036,4,442,
20,24,2037,4,442,
20,24,2038,4,442,
20,24,2039,4,442,
20,24,2040,4,442,
20,24,2041,4,442,
20,24,2042,4,442,
20,24,2043,4,442,
20,24,2044,4,442,
20,24,2045,4,442,
20,24,2046,4,442,
20,24,2047,4,442,
20,24,2048,4,442,
20,24,2049,4,442,
20,24,2050,4,442,
20,25,2023,4,4589,
20,25,2024,4,4589,
20,25,2025,4,4589,
20,25,2026,4,4589,
20,25,2027,4,4589,
20,25,2028,4,4589,
20,25,2029,4,4589,
20,25,2030,4,4589,
20,25,2031,4,4589,
20,25,2032,4,4589,
20,25,2033,4,4589,
20,25,2034,4,4589,
20,25,2035,4,4589,
20,25,2036,4,4589,
20,25,2037,4,4589,
20,25,2038,4,4589,
20,25,2039,4,4589,
20,25,2040,4,4589,
20,25,2041,4,4589,
20,25,2042,4,4589,
20,25,2043,4,4589,
20,25,2044,4,4589,
20,25,2045,4,4589,
20,25,2046,4,4589,
20,25,2047,4,4589,
20,25,2048,4,4589,
20,25,2049,4,4589,
20,25,2050,4,4589,
21,22,2023,4,8242,
21,22,2024,4,8242,
21,22,2025,4,8242,
21,22,2026,4,8242,
21,22,2027,4,8242,
21,22,2028,4,8242,
21,22,2029,4,8242,
21,22,2030,4,8242,
21,22,2031,4,8242,
21,22,2032,4,8242,
21,22,2033,4,8242,
21,22,2034,4,8242,
21,22,2035,4,8242,
21,22,2036,4,8242,
21,22,2037,4,8242,
21,22,2038,4,8242,
21,22,2039,4,8242,
21,22,2040,4,8242,
21,22,2041,4,8242,
21,22,2042,4,8242,
21,22,2043,4,8242,
21,22,2044,4,8242,
21,22,2045,4,8242,
21,22,2046,4,8242,
21,22,2047,4,8242,
21,22,2048,4,8242,
21,22,2049,4,8242,
21,22,2050,4,8242,
21,23,2023,4,4441,
21,23,2024,4,4441,
21,23,2025,4,4441,
21,23,2026,4,4441,
21,23,2027,4,4441,
21,23,2028,4,4441,
21,23,2029,4,4441,
21,23,2030,4,4441,
21,23,2031,4,4441,
21,23,2032,4,4441,
21,23,2033,4,4441,
21,23,2034,4,4441,
21,23,2035,4,4441,
21,23,2036,4,4441,
21,23,2037,4,4441,
21,23,2038,4,4441,
21,23,2039,4,4441,
21,23,2040,4,4441,
21,23,2041,4,4441,
21,23,2042,4,4441,
21,23,2043,4,4441,
21,23,2044,4,4441,
21,23,2045,4,4441,
21,23,2046,4,4441,
21,23,2047,4,4441,
21,23,2048,4,4441,
21,23,2049,4,4441,
21,23,2050,4,4441,
21,25,2023,4,106,
21,25,2024,4,106,
21,25,2025,4,106,
21,25,2026,4,106,
21,25,2027,4,106,
21,25,2028,4,106,
21,25,2029,4,106,
21,25,2030,4,106,
21,25,2031,4,106,
21,25,2032,4,106,
21,25,2033,4,106,
21,25,2034,4,106,
21,25,2035,4,106,
21,25,2036,4,106,
21,25,2037,4,106,
21,25,2038,4,106,
21,25,2039,4,106,
21,25,2040,4,106,
21,25,2041,4,106,
21,25,2042,4,106,
21,25,2043,4,106,
21,25,2044,4,106,
21,25,2045,4,106,
21,25,2046,4,106,
21,25,2047,4,106,
21,25,2048,4,106,
21,25,2049,4,106,
21,25,2050,4,106,
22,20,2023,4,489,
22,20,2024,4,489,
22,20,2025,4,489,
22,20,2026,4,489,
22,20,2027,4,489,
22,20,2028,4,489,
22,20,2029,4,489,
22,20,2030,4,489,
22,20,2031,4,489,
22,20,2032,4,489,
22,20,2033,4,489,
22,20,2034,4,489,
22,20,2035,4,489,
22,20,2036,4,489,
22,20,2037,4,489,
22,20,2038,4,489,
22,20,2039,4,489,
22,20,2040,4,489,
22,20,2041,4,489,
22,20,2042,4,489,
22,20,2043,4,489,
22,20,2044,4,489,
22,20,2045,4,489,
22,20,2046,4,489,
22,20,2047,4,489,
22,20,2048,4,489,
22,20,2049,4,489,
22,20,2050,4,489,
22,21,2023,4,7918,
22,21,2024,4,7918,
22,21,2025,4,7918,
22,21,2026,4,7918,
22,21,2027,4,7918,
22,21,2028,4,7918,
22,21,2029,4,7918,
22,21,2030,4,7918,
22,21,2031,4,7918,
22,21,2032,4,7918,
22,21,2033,4,7918,
22,21,2034,4,7918,
22,21,2035,4,7918,
22,21,2036,4,7918,
22,21,2037,4,7918,
22,21,2038,4,7918,
22,21,2039,4,7918,
22,21,2040,4,7918,
22,21,2041,4,7918,
22,21,2042,4,7918,
22,21,2043,4,7918,
22,21,2044,4,7918,
22,21,2045,4,7918,
22,21,2046,4,7918,
22,21,2047,4,7918,
22,21,2048,4,7918,
22,21,2049,4,7918,
22,21,2050,4,7918,
22,23,2023,4,2381,
22,23,2024,4,2381,
22,23,2025,4,2381,
22,23,2026,4,2381,
22,23,2027,4,2381,
22,23,2028,4,2381,
22,23,2029,4,2381,
22,23,2030,4,2381,
22,23,2031,4,2381,
22,23,2032,4,2381,
22,23,2033,4,2381,
22,23,2034,4,2381,
22,23,2035,4,2381,
22,23,2036,4,2381,
22,23,2037,4,2381,
22,23,2038,4,2381,
22,23,2039,4,2381,
22,23,2040,4,2381,
22,23,2041,4,2381,
22,23,2042,4,2381,
22,23,2043,4,2381,
22,23,2044,4,2381,
22,23,2045,4,2381,
22,23,2046,4,2381,
22,23,2047,4,2381,
22,23,2048,4,2381,
22,23,2049,4,2381,
22,23,2050,4,2381,
22,25,2023,4,2291,
22,25,2024,4,2291,
22,25,2025,4,2291,
22,25,2026,4,2291,
22,25,2027,4,2291,
22,25,2028,4,2291,
22,25,2029,4,2291,
22,25,2030,4,2291,
22,25,2031,4,2291,
22,25,2032,4,2291,
22,25,2033,4,2291,
22,25,2034,4,2291,
22,25,2035,4,2291,
22,25,2036,4,2291,
22,25,2037,4,2291,
22,25,2038,4,2291,
22,25,2039,4,2291,
22,25,2040,4,2291,
22,25,2041,4,2291,
22,25,2042,4,2291,
22,25,2043,4,2291,
22,25,2044,4,2291,
22,25,2045,4,2291,
22,25,2046,4,2291,
22,25,2047,4,2291,
22,25,2048,4,2291,
22,25,2049,4,2291,
22,25,2050,4,2291,
23,19,2023,4,200,
23,19,2024,4,200,
23,19,2025,4,200,
23,19,2026,4,200,
23,19,2027,4,200,
23,19,2028,4,200,
23,19,2029,4,200,
23,19,2030,4,200,
23,19,2031,4,200,
23,19,2032,4,200,
23,19,2033,4,200,
23,19,2034,4,200,
23,19,2035,4,200,
23,19,2036,4,200,
23,19,2037,4,200,
23,19,2038,4,200,
23,19,2039,4,200,
23,19,2040,4,200,
23,19,2041,4,200,
23,19,2042,4,200,
23,19,2043,4,200,
23,19,2044,4,200,
23,19,2045,4,200,
23,19,2046,4,200,
23,19,2047,4,200,
23,19,2048,4,200,
23,19,2049,4,200,
23,19,2050,4,200,
23,21,2023,4,4441,
23,21,2024,4,4441,
23,21,2025,4,4441,
23,21,2026,4,4441,
23,21,2027,4,4441,
23,21,2028,4,4441,
23,21,2029,4,4441,
23,21,2030,4,4441,
23,21,2031,4,4441,
23,21,2032,4,4441,
23,21,2033,4,4441,
23,21,2034,4,4441,
23,21,2035,4,4441,
23,21,2036,4,4441,
23,21,2037,4,4441,
23,21,2038,4,4441,
23,21,2039,4,4441,
23,21,2040,4,4441,
23,21,2041,4,4441,
23,21,2042,4,4441,
23,21,2043,4,4441,
23,21,2044,4,4441,
23,21,2045,4,4441,
23,21,2046,4,4441,
23,21,2047,4,4441,
23,21,2048,4,4441,
23,21,2049,4,4441,
23,21,2050,4,4441,
23,22,2023,4,2780,
23,22,2024,4,2780,
23,22,2025,4,2780,
23,22,2026,4,2780,
23,22,2027,4,2780,
23,22,2028,4,2780,
23,22,2029,4,2780,
23,22,2030,4,2780,
23,22,2031,4,2780,
23,22,2032,4,2780,
23,22,2033,4,2780,
23,22,2034,4,2780,
23,22,2035,4,2780,
23,22,2036,4,2780,
23,22,2037,4,2780,
23,22,2038,4,2780,
23,22,2039,4,2780,
23,22,2040,4,2780,
23,22,2041,4,2780,
23,22,2042,4,2780,
23,22,2043,4,2780,
23,22,2044,4,2780,
23,22,2045,4,2780,
23,22,2046,4,2780,
23,22,2047,4,2780,
23,22,2048,4,2780,
23,22,2049,4,2780,
23,22,2050,4,2780,
23,24,2023,4,95,
23,24,2024,4,95,
23,24,2025,4,95,
23,24,2026,4,95,
23,24,2027,4,95,
23,24,2028,4,95,
23,24,2029,4,95,
23,24,2030,4,95,
23,24,2031,4,95,
23,24,2032,4,95,
23,24,2033,4,95,
23,24,2034,4,95,
23,24,2035,4,95,
23,24,2036,4,95,
23,24,2037,4,95,
23,24,2038,4,95,
23,24,2039,4,95,
23,24,2040,4,95,
23,24,2041,4,95,
23,24,2042,4,95,
23,24,2043,4,95,
23,24,2044,4,95,
23,24,2045,4,95,
23,24,2046,4,95,
23,24,2047,4,95,
23,24,2048,4,95,
23,24,2049,4,95,
23,24,2050,4,95,
23,25,2023,4,3670,
23,25,2024,4,3670,
23,25,2025,4,3670,
23,25,2026,4,3670,
23,25,2027,4,3670,
23,25,2028,4,3670,
23,25,2029,4,3670,
23,25,2030,4,3670,
23,25,2031,4,3670,
23,25,2032,4,3670,
23,25,2033,4,3670,
23,25,2034,4,3670,
23,25,2035,4,3670,
23,25,2036,4,3670,
23,25,2037,4,3670,
23,25,2038,4,3670,
23,25,2039,4,3670,
23,25,2040,4,3670,
23,25,2041,4,3670,
23,25,2042,4,3670,
23,25,2043,4,3670,
23,25,2044,4,3670,
23,25,2045,4,3670,
23,25,2046,4,3670,
23,25,2047,4,3670,
23,25,2048,4,3670,
23,25,2049,4,3670,
23,25,2050,4,3670,
24,18,2023,4,210,
24,18,2024,4,210,
24,18,2025,4,210,
24,18,2026,4,210,
24,18,2027,4,210,
24,18,2028,4,210,
24,18,2029,4,210,
24,18,2030,4,210,
24,18,2031,4,210,
24,18,2032,4,210,
24,18,2033,4,210,
24,18,2034,4,210,
24,18,2035,4,210,
24,18,2036,4,210,
24,18,2037,4,210,
24,18,2038,4,210,
24,18,2039,4,210,
24,18,2040,4,210,
24,18,2041,4,210,
24,18,2042,4,210,
24,18,2043,4,210,
24,18,2044,4,210,
24,18,2045,4,210,
24,18,2046,4,210,
24,18,2047,4,210,
24,18,2048,4,210,
24,18,2049,4,210,
24,18,2050,4,210,
24,19,2023,4,825,
24,19,2024,4,825,
24,19,2025,4,825,
24,19,2026,4,825,
24,19,2027,4,825,
24,19,2028,4,825,
24,19,2029,4,825,
24,19,2030,4,825,
24,19,2031,4,825,
24,19,2032,4,825,
24,19,2033,4,825,
24,19,2034,4,825,
24,19,2035,4,825,
24,19,2036,4,825,
24,19,2037,4,825,
24,19,2038,4,825,
24,19,2039,4,825,
24,19,2040,4,825,
24,19,2041,4,825,
24,19,2042,4,825,
24,19,2043,4,825,
24,19,2044,4,825,
24,19,2045,4,825,
24,19,2046,4,825,
24,19,2047,4,825,
24,19,2048,4,825,
24,19,2049,4,825,
24,19,2050,4,825,
24,20,2023,4,690,
24,20,2024,4,690,
24,20,2025,4,690,
24,20,2026,4,690,
24,20,2027,4,690,
24,20,2028,4,690,
24,20,2029,4,690,
24,20,2030,4,690,
24,20,2031,4,690,
24,20,2032,4,690,
24,20,2033,4,690,
24,20,2034,4,690,
24,20,2035,4,690,
24,20,2036,4,690,
24,20,2037,4,690,
24,20,2038,4,690,
24,20,2039,4,690,
24,20,2040,4,690,
24,20,2041,4,690,
24,20,2042,4,690,
24,20,2043,4,690,
24,20,2044,4,690,
24,20,2045,4,690,
24,20,2046,4,690,
24,20,2047,4,690,
24,20,2048,4,690,
24,20,2049,4,690,
24,20,2050,4,690,
24,23,2023,4,95,
24,23,2024,4,95,
24,23,2025,4,95,
24,23,2026,4,95,
24,23,2027,4,95,
24,23,2028,4,95,
24,23,2029,4,95,
24,23,2030,4,95,
24,23,2031,4,95,
24,23,2032,4,95,
24,23,2033,4,95,
24,23,2034,4,95,
24,23,2035,4,95,
24,23,2036,4,95,
24,23,2037,4,95,
24,23,2038,4,95,
24,23,2039,4,95,
24,23,2040,4,95,
24,23,2041,4,95,
24,23,2042,4,95,
24,23,2043,4,95,
24,23,2044,4,95,
24,23,2045,4,95,
24,23,2046,4,95,
24,23,2047,4,95,
24,23,2048,4,95,
24,23,2049,4,95,
24,23,2050,4,95,
24,25,2023,4,538,
24,25,2024,4,538,
24,25,2025,4,538,
24,25,2026,4,538,
24,25,2027,4,538,
24,25,2028,4,538,
24,25,2029,4,538,
24,25,2030,4,538,
24,25,2031,4,538,
24,25,2032,4,538,
24,25,2033,4,538,
24,25,2034,4,538,
24,25,2035,4,538,
24,25,2036,4,538,
24,25,2037,4,538,
24,25,2038,4,538,
24,25,2039,4,538,
24,25,2040,4,538,
24,25,2041,4,538,
24,25,2042,4,538,
24,25,2043,4,538,
24,25,2044,4,538,
24,25,2045,4,538,
24,25,2046,4,538,
24,25,2047,4,538,
24,25,2048,4,538,
24,25,2049,4,538,
24,25,2050,4,538,
25,20,2023,4,4209,
25,20,2024,4,4209,
25,20,2025,4,4209,
25,20,2026,4,4209,
25,20,2027,4,4209,
25,20,2028,4,4209,
25,20,2029,4,4209,
25,20,2030,4,4209,
25,20,2031,4,4209,
25,20,2032,4,4209,
25,20,2033,4,4209,
25,20,2034,4,4209,
25,20,2035,4,4209,
25,20,2036,4,4209,
25,20,2037,4,4209,
25,20,2038,4,4209,
25,20,2039,4,4209,
25,20,2040,4,4209,
25,20,2041,4,4209,
25,20,2042,4,4209,
25,20,2043,4,4209,
25,20,2044,4,4209,
25,20,2045,4,4209,
25,20,2046,4,4209,
25,20,2047,4,4209,
25,20,2048,4,4209,
25,20,2049,4,4209,
25,20,2050,4,4209,
25,21,2023,4,106,
25,21,2024,4,106,
25,21,2025,4,106,
25,21,2026,4,106,
25,21,2027,4,106,
25,21,2028,4,106,
25,21,2029,4,106,
25,21,2030,4,106,
25,21,2031,4,106,
25,21,2032,4,106,
25,21,2033,4,106,
25,21,2034,4,106,
25,21,2035,4,106,
25,21,2036,4,106,
25,21,2037,4,106,
25,21,2038,4,106,
25,21,2039,4,106,
25,21,2040,4,106,
25,21,2041,4,106,
25,21,2042,4,106,
25,21,2043,4,106,
25,21,2044,4,106,
25,21,2045,4,106,
25,21,2046,4,106,
25,21,2047,4,106,
25,21,2048,4,106,
25,21,2049,4,106,
25,21,2050,4,106,
25,22,2023,4,2291,
25,22,2024,4,2291,
25,22,2025,4,2291,
25,22,2026,4,2291,
25,22,2027,4,2291,
25,22,2028,4,2291,
25,22,2029,4,2291,
25,22,2030,4,2291,
25,22,2031,4,2291,
25,22,2032,4,2291,
25,22,2033,4,2291,
25,22,2034,4,2291,
25,22,2035,4,2291,
25,22,2036,4,2291,
25,22,2037,4,2291,
25,22,2038,4,2291,
25,22,2039,4,2291,
25,22,2040,4,2291,
25,22,2041,4,2291,
25,22,2042,4,2291,
25,22,2043,4,2291,
25,22,2044,4,2291,
25,22,2045,4,2291,
25,22,2046,4,2291,
25,22,2047,4,2291,
25,22,2048,4,2291,
25,22,2049,4,2291,
25,22,2050,4,2291,
25,23,2023,4,3628,
25,23,2024,4,3628,
25,23,2025,4,3628,
25,23,2026,4,3628,
25,23,2027,4,3628,
25,23,2028,4,3628,
25,23,2029,4,3628,
25,23,2030,4,3628,
25,23,2031,4,3628,
25,23,2032,4,3628,
25,23,2033,4,3628,
25,23,2034,4,3628,
25,23,2035,4,3628,
25,23,2036,4,3628,
25,23,2037,4,3628,
25,23,2038,4,3628,
25,23,2039,4,3628,
25,23,2040,4,3628,
25,23,2041,4,3628,
25,23,2042,4,3628,
25,23,2043,4,3628,
25,23,2044,4,3628,
25,23,2045,4,3628,
25,23,2046,4,3628,
25,23,2047,4,3628,
25,23,2048,4,3628,
25,23,2049,4,3628,
25,23,2050,4,3628,
25,24,2023,4,164,
25,24,2024,4,164,
25,24,2025,4,164,
25,24,2026,4,164,
25,24,2027,4,164,
25,24,2028,4,164,
25,24,2029,4,164,
25,24,2030,4,164,
25,24,2031,4,164,
25,24,2032,4,164,
25,24,2033,4,164,
25,24,2034,4,164,
25,24,2035,4,164,
25,24,2036,4,164,
25,24,2037,4,164,
25,24,2038,4,164,
25,24,2039,4,164,
25,24,2040,4,164,
25,24,2041,4,164,
25,24,2042,4,164,
25,24,2043,4,164,
25,24,2044,4,164,
25,24,2045,4,164,
25,24,2046,4,164,
25,24,2047,4,164,
25,24,2048,4,164,
25,24,2049,4,164,
25,24,2050,4,164,
