region,hour,base_load_mwh
TX,1,20634.76823307511
TX,2,20175.336232773756
TX,3,19846.552671713347
TX,4,19678.91663403142
TX,5,19659.52864593561
TX,6,19897.753958970313
TX,7,20633.23912721908
TX,8,21632.014265329065
TX,9,22471.81736122377
TX,10,22788.547876863465
TX,11,22918.766775543208
TX,12,22910.69821124734
TX,13,22802.354694344274
TX,14,22658.707532018333
TX,15,22495.69094477629
TX,16,22389.77204307831
TX,17,22473.351427131806
TX,18,23068.8513177522
TX,19,24081.027288078275
TX,20,24073.15199324132
TX,21,23620.84347755959
TX,22,23063.746788399282
TX,23,22296.554207417653
TX,24,21471.979419864425
TX,25,21609.290041642957
TX,26,21112.720247598897
TX,27,20803.280958913987
TX,28,20660.695272530596
TX,29,20650.849481836662
TX,30,20921.054175953373
TX,31,21734.656894951925
TX,32,22903.063472536186
TX,33,23827.34227092495
TX,34,24136.66306235335
TX,35,24209.24319109679
TX,36,24151.03880331087
TX,37,23976.210333308895
TX,38,23787.617574277807
TX,39,23593.079603618317
TX,40,23434.173519000684
TX,41,23489.06804631511
TX,42,24140.642960645188
TX,43,25148.50354344778
TX,44,25144.137366037437
TX,45,24693.195424931133
TX,46,24102.57380527484
TX,47,23277.083600407284
TX,48,22388.492313576453
TX,49,21374.655436090276
TX,50,20897.526214644945
TX,51,20521.618794812685
TX,52,20360.2728554143
TX,53,20376.541773899707
TX,54,20684.831979425255
TX,55,21593.580033057105
TX,56,22909.833492019068
TX,57,23914.306003106105
TX,58,24164.866056601277
TX,59,24146.686596747184
TX,60,23999.806395550394
TX,61,23846.221477847322
TX,62,23655.973865112443
TX,63,23474.735570752888
TX,64,23309.79001609466
TX,65,23362.914422979397
TX,66,23985.055149506724
TX,67,25045.98149162196
TX,68,25067.779859305215
TX,69,24618.580673935092
TX,70,24050.28712401264
TX,71,23244.944463352414
TX,72,22387.063571887815
TX,73,20944.15763589237
TX,74,20438.824334024595
TX,75,20083.93804373981
TX,76,19941.65066239863
TX,77,19971.359312816954
TX,78,20317.586517438684
TX,79,21308.824182801946
TX,80,22708.99934790647
TX,81,23767.69380245144
TX,82,24034.905606778956
TX,83,24006.96657156449
TX,84,23897.36416847057
TX,85,23700.930114448138
TX,86,23523.234448230077
TX,87,23348.82872352279
TX,88,23176.758200749173
TX,89,23188.141734939222
TX,90,23741.33466776804
TX,91,24719.738518827768
TX,92,24722.194274794184
TX,93,24276.766910563865
TX,94,23695.260499457085
TX,95,22885.76230601228
TX,96,22032.25425438016
TX,97,21079.282065189386
TX,98,20572.14574858814
TX,99,20211.40984712724
TX,100,20045.916811416173
TX,101,20030.963586835703
TX,102,20368.138738086405
TX,103,21269.088853797133
TX,104,22588.733501800643
TX,105,23620.89399796719
TX,106,23898.095568478908
TX,107,23861.683063355272
TX,108,23731.962060731135
TX,109,23532.62424642722
TX,110,23347.57444118615
TX,111,23182.582167868752
TX,112,23042.63422640646
TX,113,23092.076013161382
TX,114,23686.095921964085
TX,115,24710.610923344422
TX,116,24723.31807950153
TX,117,24295.231123994174
TX,118,23731.185442975857
TX,119,22930.396529273526
TX,120,22085.41912106817
TX,121,21575.35084528609
TX,122,21111.623091844866
TX,123,20780.093780348707
TX,124,20607.504686923647
TX,125,20603.798188927552
TX,126,20937.490488092156
TX,127,21795.784576497862
TX,128,23103.11852175411
TX,129,24096.995597580182
TX,130,24316.82558190754
TX,131,24270.454382974002
TX,132,24103.253173566117
TX,133,23864.399412313443
TX,134,23642.968147194797
TX,135,23438.176330030224
TX,136,23266.840847208194
TX,137,23306.12949044009
TX,138,23918.925425552718
TX,139,24932.383466692414
TX,140,24931.03377375125
TX,141,24516.838132767507
TX,142,23963.64274842964
TX,143,23178.455099428973
TX,144,22345.659354453797
TX,145,21733.17011131899
TX,146,21260.909088715184
TX,147,20899.622743642507
TX,148,20746.32714022664
TX,149,20758.004660233684
TX,150,21026.69263879568
TX,151,21920.25518602108
TX,152,23222.33727898982
TX,153,24219.150489116018
TX,154,24445.912897422236
TX,155,24358.956331629408
TX,156,24177.120351073036
TX,157,23921.331335546355
TX,158,23665.455777961892
TX,159,23460.322142818146
TX,160,23274.663038256236
TX,161,23318.339503980663
TX,162,23917.63587630942
TX,163,24896.400018088357
TX,164,24903.27304664194
TX,165,24450.687986583
TX,166,23855.967403902167
TX,167,23035.05579977521
TX,168,22172.718287802923
TX,169,21955.426554311842
TX,170,21472.79735747928
TX,171,21098.556033097054
TX,172,20944.399538077906
TX,173,20900.892381097954
TX,174,21184.164362792036
TX,175,21976.941364825723
TX,176,23191.187137012676
TX,177,24090.501103871063
TX,178,24309.944461874323
TX,179,24260.58121971451
TX,180,24113.939689165612
TX,181,23887.64671710809
TX,182,23675.57350383592
TX,183,23470.1507118309
TX,184,23311.98845706702
TX,185,23332.62017470508
TX,186,23955.848946675705
TX,187,24963.349838778388
TX,188,25000.368447722185
TX,189,24583.99391335335
TX,190,24019.60276916058
TX,191,23223.362618364405
TX,192,22328.02530053766
TX,193,22198.030568797584
TX,194,21762.14469124987
TX,195,21453.065146475783
TX,196,21287.72518506494
TX,197,21287.320069987775
TX,198,21617.18177804552
TX,199,22491.83871684521
TX,200,23746.50444622846
TX,201,24709.23442148602
TX,202,24932.797125042523
TX,203,24844.903887252787
TX,204,24683.710251289632
TX,205,24452.19485034876
TX,206,24210.914452326683
TX,207,23994.133910834254
TX,208,23855.311540896324
TX,209,23946.24966531206
TX,210,24609.079627063846
TX,211,25669.715381502414
TX,212,25688.753673683635
TX,213,25250.559123548303
TX,214,24660.017968155998
TX,215,23847.184957220602
TX,216,22943.453138959804
TX,217,22670.982861898192
TX,218,22229.454761272333
TX,219,21890.827916433153
TX,220,21732.332869441777
TX,221,21738.265454916984
TX,222,22023.604331755028
TX,223,22947.891757498546
TX,224,24263.750507986952
TX,225,25234.418425488368
TX,226,25413.440428181918
TX,227,25310.048151516188
TX,228,25110.71027410735
TX,229,24859.9756905348
TX,230,24618.328327175043
TX,231,24380.393795570477
TX,232,24186.01397849618
TX,233,24225.46944829964
TX,234,24807.45681637386
TX,235,25817.83978684152
TX,236,25832.856888397874
TX,237,25377.199678261984
TX,238,24796.50299635092
TX,239,23944.988239450634
TX,240,23037.6232133874
TX,241,21986.85449718126
TX,242,21508.100362712003
TX,243,21145.122899611735
TX,244,20971.25050805749
TX,245,20948.801591644497
TX,246,21290.78511298632
TX,247,22214.46424079653
TX,248,23597.80966676857
TX,249,24653.423268602143
TX,250,24826.241063321266
TX,251,24683.217770070936
TX,252,24446.720374427144
TX,253,24173.685205794673
TX,254,23930.102643658508
TX,255,23705.512731880948
TX,256,23506.775004059946
TX,257,23538.665268944712
TX,258,24125.806952364695
TX,259,25101.071092997973
TX,260,25096.57035200955
TX,261,24642.57438567766
TX,262,24041.71563947855
TX,263,23235.344912401878
TX,264,22351.045479764107
TX,265,21232.247278132395
TX,266,20744.697482510567
TX,267,20405.30679105693
TX,268,20243.053766340577
TX,269,20235.112518211952
TX,270,20528.571667652972
TX,271,21382.800102169096
TX,272,22687.374964373188
TX,273,23689.576428784942
TX,274,23948.52162206084
TX,275,23889.288031894655
TX,276,23733.096966217282
TX,277,23497.09963899457
TX,278,23303.69885888506
TX,279,23127.739363890832
TX,280,22979.278874671916
TX,281,23034.843108087255
TX,282,23587.46848221979
TX,283,24542.350483031885
TX,284,24554.317989695157
TX,285,24118.449031907296
TX,286,23536.92733221979
TX,287,22728.459090275045
TX,288,21886.147901456955
TX,289,21324.69509997314
TX,290,20841.144966522474
TX,291,20481.230577753013
TX,292,20288.625480923702
TX,293,20251.456049755504
TX,294,20532.04951122115
TX,295,21417.234856463775
TX,296,22718.166577643373
TX,297,23727.452216209695
TX,298,23959.206323122118
TX,299,23900.380402817895
TX,300,23763.90464043641
TX,301,23513.22508235929
TX,302,23283.626232419508
TX,303,23067.357088697353
TX,304,22881.377181444048
TX,305,22907.30650139693
TX,306,23487.755033368607
TX,307,24469.729565821666
TX,308,24486.538152197316
TX,309,24036.152929500663
TX,310,23441.44093752104
TX,311,22643.449397928006
TX,312,21770.294546698192
TX,313,21143.168448074135
TX,314,20649.21618870461
TX,315,20314.743696863236
TX,316,20152.954623993256
TX,317,20156.433797974948
TX,318,20427.601320371352
TX,319,21342.602767057546
TX,320,22653.394985174454
TX,321,23680.444341109542
TX,322,23942.026918371987
TX,323,23915.272662713058
TX,324,23792.94821627688
TX,325,23578.77291545729
TX,326,23372.27615832697
TX,327,23199.71007870763
TX,328,23042.315976793176
TX,329,23080.60233904564
TX,330,23623.326197422863
TX,331,24563.317964415475
TX,332,24576.494141895328
TX,333,24116.255708479578
TX,334,23542.733560272975
TX,335,22741.5458915223
TX,336,21913.631554853342
TX,337,21816.850603092334
TX,338,21322.136519216254
TX,339,20955.815883545053
TX,340,20786.07101443756
TX,341,20779.236767230593
TX,342,21059.247893321427
TX,343,21884.512174788966
TX,344,23145.994847080317
TX,345,24067.815866824382
TX,346,24325.875942760963
TX,347,24273.419360664057
TX,348,24105.314251335233
TX,349,23878.783224173628
TX,350,23676.513325102835
TX,351,23447.35014394139
TX,352,23271.97806098605
TX,353,23337.895509940328
TX,354,23970.48997604151
TX,355,24982.027856445832
TX,356,25012.375167588885
TX,357,24571.824438014115
TX,358,24009.99480325206
TX,359,23193.08212537778
TX,360,22350.08709105299
TX,361,21857.291460955114
TX,362,21397.871155360537
TX,363,21037.271555222297
TX,364,20883.526184741736
TX,365,20883.422613975537
TX,366,21177.827617210927
TX,367,21972.757188397345
TX,368,23214.44253591692
TX,369,24155.660794324117
TX,370,24451.52907912762
TX,371,24427.741454531702
TX,372,24344.92136829816
TX,373,24122.053568512715
TX,374,23943.98269969592
TX,375,23754.83572726202
TX,376,23602.755255583162
TX,377,23636.75392724289
TX,378,24218.773305584083
TX,379,25219.59498265557
TX,380,25240.560131830392
TX,381,24821.775709761692
TX,382,24247.493576641748
TX,383,23443.570592507925
TX,384,22575.71268670337
TX,385,21299.104623149567
TX,386,20791.05380366884
TX,387,20434.78214841676
TX,388,20254.414863894226
TX,389,20247.2551636426
TX,390,20557.018952329006
TX,391,21453.68603723728
TX,392,22761.19888085428
TX,393,23764.622474866435
TX,394,24042.644396179696
TX,395,24045.723847572418
TX,396,23952.403089896407
TX,397,23779.140272870677
TX,398,23598.265121919525
TX,399,23418.58786644381
TX,400,23241.782266940387
TX,401,23286.171001620186
TX,402,23848.805515670502
TX,403,24825.610185381315
TX,404,24870.058244440788
TX,405,24436.912494493335
TX,406,23854.921768561226
TX,407,23043.801384957135
TX,408,22170.545645171412
TX,409,21756.524304405808
TX,410,21274.206252904545
TX,411,20938.483091575954
TX,412,20783.41321468089
TX,413,20804.622330445863
TX,414,21143.496558467486
TX,415,22112.19277006231
TX,416,23537.162396791032
TX,417,24608.93084908841
TX,418,24883.52619746381
TX,419,24853.08471636043
TX,420,24708.657602819503
TX,421,24498.315671324317
TX,422,24299.318064023026
TX,423,24127.00628909053
TX,424,23948.684278396865
TX,425,23979.76884414094
TX,426,24520.831289625928
TX,427,25465.01796328223
TX,428,25484.311231307654
TX,429,25042.428395649978
TX,430,24458.481213666854
TX,431,23650.212004530182
TX,432,22780.595720126456
TX,433,22114.13248671433
TX,434,21615.691500778365
TX,435,21237.687829511735
TX,436,21039.770582264573
TX,437,21014.105000882484
TX,438,21290.443391215607
TX,439,22131.31626711137
TX,440,23408.968013810004
TX,441,24375.460904898855
TX,442,24618.60739088873
TX,443,24561.358943676186
TX,444,24413.718786762463
TX,445,24185.598694334676
TX,446,23980.60337165063
TX,447,23799.411173750496
TX,448,23647.143042414577
TX,449,23691.419757983432
TX,450,24276.416475990175
TX,451,25296.53088333433
TX,452,25383.560205687143
TX,453,24966.362037300463
TX,454,24438.754810604387
TX,455,23672.320286001092
TX,456,22843.329752925676
TX,457,22349.705467859057
TX,458,21890.980300259574
TX,459,21585.126256898008
TX,460,21389.732835432255
TX,461,21409.68655702129
TX,462,21709.42455935316
TX,463,22581.20199573513
TX,464,23892.942615908908
TX,465,24841.81759297537
TX,466,25035.00222877199
TX,467,24885.408344653523
TX,468,24662.829822049908
TX,469,24401.383547789905
TX,470,24138.566996572315
TX,471,23905.782451043812
TX,472,23732.146689693487
TX,473,23762.25031711406
TX,474,24336.191989919715
TX,475,25343.71535991683
TX,476,25413.1505435344
TX,477,24973.847331471806
TX,478,24412.539965761745
TX,479,23649.722757238752
TX,480,22793.181676923638
TX,481,21703.950800421936
TX,482,21228.096558449202
TX,483,20899.11247329345
TX,484,20720.485966891815
TX,485,20705.16333211279
TX,486,20995.671269030918
TX,487,21897.03546566213
TX,488,23197.881047832894
TX,489,24173.592488566936
TX,490,24373.733365682973
TX,491,24275.90693701821
TX,492,24114.85925563358
TX,493,23857.70482804956
TX,494,23619.527093928866
TX,495,23399.46214316453
TX,496,23206.616623836968
TX,497,23221.661908057634
TX,498,23746.217197095188
TX,499,24697.678952041812
TX,500,24727.802463959286
TX,501,24291.833510438043
TX,502,23695.758945703712
TX,503,22907.977994840827
TX,504,22043.37628276121
TX,505,21929.36048003814
TX,506,21436.66895888309
TX,507,21093.17341693244
TX,508,20904.04379550904
TX,509,20899.81428932096
TX,510,21178.927523689218
TX,511,22026.226640351208
TX,512,23256.673736909395
TX,513,24199.847614718166
TX,514,24450.982984324916
TX,515,24418.70453402441
TX,516,24251.471704459313
TX,517,24021.589437207556
TX,518,23783.642317761363
TX,519,23598.916985908172
TX,520,23441.423615141673
TX,521,23490.530356135125
TX,522,24040.50359825103
TX,523,25030.082350047813
TX,524,25108.597170812082
TX,525,24664.96877862965
TX,526,24113.937039534296
TX,527,23342.20411967061
TX,528,22487.11140898892
TX,529,21645.20117386912
TX,530,21177.85298155319
TX,531,20844.265700253516
TX,532,20679.244359171587
TX,533,20667.133613368552
TX,534,20935.56400313328
TX,535,21776.868310296088
TX,536,23037.596887857582
TX,537,24015.572573811323
TX,538,24271.479370035028
TX,539,24236.580504378527
TX,540,24095.837369497392
TX,541,23869.682401383447
TX,542,23635.482733131262
TX,543,23414.688860653495
TX,544,23248.066565083704
TX,545,23296.100361658823
TX,546,23819.550107642403
TX,547,24831.750953325418
TX,548,24910.453702818508
TX,549,24460.80934229368
TX,550,23867.410510041996
TX,551,23050.879696371027
TX,552,22167.889280924378
TX,553,21328.864372504416
TX,554,20849.70985626334
TX,555,20507.01259544914
TX,556,20391.279312942867
TX,557,20412.99680454473
TX,558,20741.901742245336
TX,559,21679.30192199191
TX,560,23004.449029433907
TX,561,24008.953793436117
TX,562,24233.951055893154
TX,563,24183.755123524424
TX,564,24027.69529264614
TX,565,23820.0523175645
TX,566,23617.71993068393
TX,567,23437.578853443444
TX,568,23268.536243608818
TX,569,23288.952576912024
TX,570,23860.74856555302
TX,571,24891.17183086519
TX,572,25025.07158277382
TX,573,24616.60788323523
TX,574,24062.521271414628
TX,575,23284.311023991712
TX,576,22467.66777279212
TX,577,22117.315133248546
TX,578,21684.47909811222
TX,579,21378.378473626228
TX,580,21235.13584053315
TX,581,21281.60367958577
TX,582,21644.364160374412
TX,583,22598.591500045664
TX,584,24019.75064977562
TX,585,25067.362081898214
TX,586,25328.1826032606
TX,587,25285.866076592402
TX,588,25098.047869741485
TX,589,24864.018416511318
TX,590,24630.400856577005
TX,591,24440.342906954704
TX,592,24252.24945366635
TX,593,24243.546163423602
TX,594,24766.610745191397
TX,595,25717.38964465585
TX,596,25778.641408376195
TX,597,25347.996972948206
TX,598,24772.453491599858
TX,599,23967.176006160077
TX,600,23147.430737862976
TX,601,22470.866795293556
TX,602,21972.83813872421
TX,603,21608.587385393953
TX,604,21410.131272671784
TX,605,21374.281219135245
TX,606,21700.079305683804
TX,607,22595.64818891405
TX,608,23899.30900729744
TX,609,24859.847797613323
TX,610,25072.48008000019
TX,611,24966.415345889175
TX,612,24752.51110684088
TX,613,24458.183144766746
TX,614,24181.33819674367
TX,615,23938.440626117277
TX,616,23725.184744010285
TX,617,23745.380160201655
TX,618,24285.08207999982
TX,619,25296.991904609524
TX,620,25402.2513303882
TX,621,24978.13236476087
TX,622,24404.084116641595
TX,623,23597.92407813922
TX,624,22719.60190612691
TX,625,21520.14770537236
TX,626,21052.87384469422
TX,627,20700.32917333673
TX,628,20543.528724425435
TX,629,20528.07155941393
TX,630,20878.305641220713
TX,631,21786.897544771172
TX,632,23111.243067434625
TX,633,24081.896792300487
TX,634,24320.08752816439
TX,635,24262.3770547449
TX,636,24072.26032481259
TX,637,23831.811778111007
TX,638,23610.414520815937
TX,639,23400.392434983253
TX,640,23220.774644036478
TX,641,23252.03102650113
TX,642,23826.789345783975
TX,643,24844.214615603168
TX,644,24970.816760146665
TX,645,24565.38522882887
TX,646,24002.495727563193
TX,647,23236.504337017966
TX,648,22402.437965105182
TX,649,21716.818167878337
TX,650,21227.529203117765
TX,651,20906.266440936843
TX,652,20751.608207459327
TX,653,20758.712818646792
TX,654,21089.359621759638
TX,655,21973.99077397232
TX,656,23272.85120767859
TX,657,24269.023231282873
TX,658,24490.001270539086
TX,659,24408.06732275142
TX,660,24229.30016676249
TX,661,23967.351715647172
TX,662,23718.08659201955
TX,663,23503.098717474625
TX,664,23324.5996106256
TX,665,23324.44991461287
TX,666,23849.344783656807
TX,667,24846.011001015388
TX,668,24969.10218588619
TX,669,24514.730093709158
TX,670,23936.109470573157
TX,671,23173.315868776942
TX,672,22336.306146154577
TX,673,21612.57737751173
TX,674,21098.745045619218
TX,675,20743.140907293387
TX,676,20572.526880422117
TX,677,20585.27852066544
TX,678,20911.317192617275
TX,679,21806.34927775913
TX,680,23058.066746020625
TX,681,24023.79040871108
TX,682,24284.14705430884
TX,683,24236.8789857751
TX,684,24069.89429409356
TX,685,23834.31016271145
TX,686,23641.406084434518
TX,687,23465.108243103398
TX,688,23318.9805232911
TX,689,23329.729700923078
TX,690,23897.78745985674
TX,691,24882.297703910346
TX,692,25030.659457719583
TX,693,24608.356501121474
TX,694,24087.120851101474
TX,695,23341.705906001845
TX,696,22548.683104904224
TX,697,22204.340801229332
TX,698,21729.755375448462
TX,699,21381.40451113101
TX,700,21207.891360282588
TX,701,21189.49849079519
TX,702,21488.798467922066
TX,703,22330.937586096894
TX,704,23506.129413739494
TX,705,24384.62803954327
TX,706,24596.188246211955
TX,707,24498.160245527135
TX,708,24314.458005807737
TX,709,24089.898244989058
TX,710,23880.590608156886
TX,711,23703.515572605724
TX,712,23543.06017331533
TX,713,23564.771534473586
TX,714,24140.186057301996
TX,715,25165.10977422794
TX,716,25293.52382715435
TX,717,24866.106834816705
TX,718,24293.83214696121
TX,719,23543.081358563327
TX,720,22730.760838790065
TX,721,22006.371326964434
TX,722,21569.513051680687
TX,723,21215.44270296261
TX,724,21053.20360463051
TX,725,21059.38737277722
TX,726,21340.562904765793
TX,727,22206.660023964176
TX,728,23452.067130569972
TX,729,24342.821401325775
TX,730,24520.63281091869
TX,731,24393.171787123396
TX,732,24204.806993808365
TX,733,23953.538101800323
TX,734,23711.599764950307
TX,735,23502.737146441614
TX,736,23318.57476984715
TX,737,23326.0190463862
TX,738,23846.276482911293
TX,739,24836.07895589137
TX,740,24997.79413934734
TX,741,24567.271066471896
TX,742,23989.759630583645
TX,743,23181.853505228432
TX,744,22299.12362924155
TX,745,21554.110058518045
TX,746,21088.299235196935
TX,747,20776.737293700766
TX,748,20619.978466186375
TX,749,20664.002956535782
TX,750,20981.98491072499
TX,751,21923.388898408344
TX,752,23357.771324490056
TX,753,24281.72747577231
TX,754,24425.958529797327
TX,755,24222.92707544798
TX,756,23984.020919642216
TX,757,23669.354832222492
TX,758,23402.936343168406
TX,759,23157.086430087062
TX,760,22926.428696382093
TX,761,22878.522344109356
TX,762,23254.83778450704
TX,763,24100.72440949775
TX,764,24621.651258407628
TX,765,24283.81079210672
TX,766,23751.414179364993
TX,767,22990.265511414762
TX,768,22176.10347325411
TX,769,21586.78755146094
TX,770,21107.3708036633
TX,771,20777.367046307262
TX,772,20616.47896113302
TX,773,20640.027969120514
TX,774,20923.650326978688
TX,775,21838.20704002987
TX,776,23211.442577685126
TX,777,24097.16079970069
TX,778,24195.80378911807
TX,779,23942.798947747164
TX,780,23617.369422040966
TX,781,23260.38421883685
TX,782,22934.874280482166
TX,783,22686.877751810204
TX,784,22446.756147355348
TX,785,22442.453785655363
TX,786,22904.14322773232
TX,787,23811.388763679528
TX,788,24396.251594039324
TX,789,24112.033796756858
TX,790,23622.12860700893
TX,791,22893.170799640746
TX,792,22147.670807928588
TX,793,22646.676998410218
TX,794,22175.446520172166
TX,795,21861.633016055723
TX,796,21710.35716871594
TX,797,21732.24047822804
TX,798,22038.608905805866
TX,799,22911.637126253154
TX,800,24194.602214083144
TX,801,25052.327434626708
TX,802,25208.538062215222
TX,803,25065.681410789615
TX,804,24836.61433192941
TX,805,24549.221735263743
TX,806,24265.36816068649
TX,807,24017.65200077237
TX,808,23758.19987898819
TX,809,23715.958470608733
TX,810,24095.126663769495
TX,811,24906.99376822118
TX,812,25377.70185837668
TX,813,25056.83781793852
TX,814,24548.540384175684
TX,815,23827.86349309917
TX,816,23064.227492613128
TX,817,22495.29387821246
TX,818,22019.778159893132
TX,819,21711.739008533332
TX,820,21571.60600282632
TX,821,21601.97835345084
TX,822,21923.69935941687
TX,823,22805.430932432223
TX,824,24162.00654073118
TX,825,25051.186815985062
TX,826,25222.425670438955
TX,827,25057.136355115503
TX,828,24806.39243552773
TX,829,24492.313411849548
TX,830,24170.01150279848
TX,831,23857.930914638846
TX,832,23587.716801709476
TX,833,23521.33566367354
TX,834,23888.463281374616
TX,835,24741.773898313244
TX,836,25314.58778401427
TX,837,25028.151885870486
TX,838,24499.011891253716
TX,839,23754.4062938442
TX,840,22957.473547106748
TX,841,21855.01505766055
TX,842,21392.51147029367
TX,843,21092.284084375603
TX,844,20959.934829738803
TX,845,20987.096934490403
TX,846,21294.19593086748
TX,847,22131.980493672557
TX,848,23410.083278844144
TX,849,24211.457049991107
TX,850,24337.71674435857
TX,851,24144.40300924453
TX,852,23849.314529537477
TX,853,23529.628042843168
TX,854,23203.989977812267
TX,855,22890.28759935875
TX,856,22646.83998456316
TX,857,22606.58510128741
TX,858,23025.063436492562
TX,859,23925.468563677356
TX,860,24525.837066250702
TX,861,24241.89005382975
TX,862,23720.40095606691
TX,863,22963.77607276952
TX,864,22149.264433363264
TX,865,21188.025282499378
TX,866,20716.894029294743
TX,867,20437.64507443758
TX,868,20313.560093907228
TX,869,20356.44490219099
TX,870,20684.51205977771
TX,871,21585.88330082444
TX,872,22900.653283325312
TX,873,23742.711586712606
TX,874,23930.789903753332
TX,875,23816.48605728879
TX,876,23610.394570654368
TX,877,23327.71859856443
TX,878,23075.10896836664
TX,879,22869.223158705122
TX,880,22727.79538883343
TX,881,22727.880455369753
TX,882,23119.649267015806
TX,883,23977.963328039237
TX,884,24548.086580614246
TX,885,24240.94269966398
TX,886,23719.850297767028
TX,887,22968.30247582833
TX,888,22148.84292565254
TX,889,21337.858030208587
TX,890,20891.8694744619
TX,891,20578.620600021196
TX,892,20454.335524828615
TX,893,20481.45273240951
TX,894,20781.334013820583
TX,895,21712.581079371773
TX,896,23054.298308408235
TX,897,23897.644203931467
TX,898,24021.75676444891
TX,899,23859.409056736727
TX,900,23653.199645148835
TX,901,23374.992803836353
TX,902,23107.015712672673
TX,903,22863.993666434286
TX,904,22647.833328536233
TX,905,22648.147883886477
TX,906,23088.81117736574
TX,907,23987.043403254308
TX,908,24574.667690996616
TX,909,24307.831808812892
TX,910,23811.152356957106
TX,911,23070.155047950333
TX,912,22257.011599762162
TX,913,22254.015034002283
TX,914,21807.59875365276
TX,915,21506.860160295805
TX,916,21392.096642902104
TX,917,21428.077948881246
TX,918,21768.451210827166
TX,919,22761.325660137746
TX,920,24200.82782778786
TX,921,25016.926660283186
TX,922,25071.369719928686
TX,923,24786.95427052633
TX,924,24487.626229643215
TX,925,24148.931332857295
TX,926,23825.20893159189
TX,927,23551.30762780415
TX,928,23288.02844846478
TX,929,23230.84522046939
TX,930,23623.52679183421
TX,931,24446.367019365834
TX,932,25048.56222212853
TX,933,24767.910173247756
TX,934,24253.279405235705
TX,935,23533.014843321396
TX,936,22751.50457296544
TX,937,22049.544469470316
TX,938,21567.664017417535
TX,939,21241.241481345487
TX,940,21103.3834781819
TX,941,21105.740920053734
TX,942,21403.868603544833
TX,943,22327.22447236971
TX,944,23670.396461276106
TX,945,24546.347011046713
TX,946,24679.22106085894
TX,947,24506.077476481458
TX,948,24260.29001090965
TX,949,23964.15018575543
TX,950,23681.61803689315
TX,951,23424.224917220503
TX,952,23215.74431448632
TX,953,23176.758510349767
TX,954,23532.780644232542
TX,955,24350.85048109015
TX,956,24946.2565804342
TX,957,24675.435337981583
TX,958,24179.209491843327
TX,959,23445.13824659026
TX,960,22641.587850606506
TX,961,21923.438255979704
TX,962,21465.015806668404
TX,963,21182.54083041567
TX,964,21057.524574817194
TX,965,21104.821487842834
TX,966,21447.529544624164
TX,967,22351.075028852197
TX,968,23704.325796217287
TX,969,24567.586589123728
TX,970,24670.99987677307
TX,971,24493.626020823992
TX,972,24261.92849706228
TX,973,23969.29927733643
TX,974,23705.00412230172
TX,975,23460.92936385215
TX,976,23229.46893805989
TX,977,23160.54233658039
TX,978,23511.514605520667
TX,979,24328.872357593937
TX,980,24889.57172930744
TX,981,24583.117848396274
TX,982,24040.287222366537
TX,983,23269.573341332734
TX,984,22457.540724174155
TX,985,22001.893243660803
TX,986,21533.755550250238
TX,987,21230.989300236445
TX,988,21081.289812810592
TX,989,21099.585966499358
TX,990,21386.501865232272
TX,991,22310.380261124035
TX,992,23684.95649634411
TX,993,24528.254788809612
TX,994,24652.05710732177
TX,995,24487.758312110252
TX,996,24248.922498636887
TX,997,23929.856411637953
TX,998,23651.280293986726
TX,999,23403.2532262034
TX,1000,23163.05974686707
TX,1001,23111.617288868416
TX,1002,23467.897595825825
TX,1003,24255.699907294275
TX,1004,24841.82141441747
TX,1005,24567.85448957223
TX,1006,24065.73198731
TX,1007,23356.699264450324
TX,1008,22565.07394299065
TX,1009,22034.823893860597
TX,1010,21578.238091960014
TX,1011,21276.881106020102
TX,1012,21139.40819607734
TX,1013,21155.44911211209
TX,1014,21465.26191379591
TX,1015,22300.737335794338
TX,1016,23550.41428134875
TX,1017,24293.8775047534
TX,1018,24368.382560631872
TX,1019,24151.54698305614
TX,1020,23865.484736743934
TX,1021,23538.22150596185
TX,1022,23239.049038034864
TX,1023,22975.478068166694
TX,1024,22720.514716874938
TX,1025,22683.626101044624
TX,1026,23099.55783805459
TX,1027,23984.789779536555
TX,1028,24630.566312822776
TX,1029,24379.596310453145
TX,1030,23896.18130083437
TX,1031,23200.085803028156
TX,1032,22420.732804975298
TX,1033,21965.083268799102
TX,1034,21543.67026794029
TX,1035,21257.110135193294
TX,1036,21102.602090415886
TX,1037,21082.06782259675
TX,1038,21416.688480446485
TX,1039,22280.96221647162
TX,1040,23586.58348265477
TX,1041,24327.817143417175
TX,1042,24427.16303336615
TX,1043,24189.810726481724
TX,1044,23879.29479141944
TX,1045,23540.460197266828
TX,1046,23231.679573742138
TX,1047,22977.261542002175
TX,1048,22757.90925734156
TX,1049,22731.452886286757
TX,1050,23155.628586670705
TX,1051,23986.44661574882
TX,1052,24609.226873791165
TX,1053,24361.901393410797
TX,1054,23897.321590750593
TX,1055,23133.595545340643
TX,1056,22353.840309141777
TX,1057,22000.77362803884
TX,1058,21579.3610617007
TX,1059,21287.042515150542
TX,1060,21160.417319963408
TX,1061,21169.685390951436
TX,1062,21478.187990504534
TX,1063,22417.38577558044
TX,1064,23796.168784670876
TX,1065,24633.385924948676
TX,1066,24763.940590964673
TX,1067,24589.7563907293
TX,1068,24357.242089394674
TX,1069,24082.943419981383
TX,1070,23807.31729409725
TX,1071,23589.70455966021
TX,1072,23395.46911618102
TX,1073,23373.70417734198
TX,1074,23728.73811424904
TX,1075,24566.516211426585
TX,1076,25179.594376043152
TX,1077,24908.50336205338
TX,1078,24396.2106715005
TX,1079,23647.435185655603
TX,1080,22866.79615697699
TX,1081,22400.648314830892
TX,1082,21955.223930966085
TX,1083,21674.39648561692
TX,1084,21549.008936333873
TX,1085,21576.673725987195
TX,1086,21870.876548002986
TX,1087,22843.162408916772
TX,1088,24227.806231445037
TX,1089,25054.24595660658
TX,1090,25129.102917103683
TX,1091,24936.192502165227
TX,1092,24673.12231755404
TX,1093,24342.90859706161
TX,1094,24025.65639357781
TX,1095,23756.080226508146
TX,1096,23519.690214201056
TX,1097,23437.83304290056
TX,1098,23731.11146380722
TX,1099,24503.298895019682
TX,1100,25109.12664035833
TX,1101,24827.2231379438
TX,1102,24289.655792310633
TX,1103,23546.32194031398
TX,1104,22733.455982383852
TX,1105,22209.714901142014
TX,1106,21771.387725688317
TX,1107,21473.153899284025
TX,1108,21304.509964591542
TX,1109,21314.646290097034
TX,1110,21581.46327427449
TX,1111,22472.048507568676
TX,1112,23787.590801316245
TX,1113,24556.13232010286
TX,1114,24641.437526715613
TX,1115,24426.018883397635
TX,1116,24152.029639425745
TX,1117,23811.82289564696
TX,1118,23467.061034289962
TX,1119,23152.480569784434
TX,1120,22872.673082953508
TX,1121,22799.577043121385
TX,1122,23148.755303327032
TX,1123,23979.609327503102
TX,1124,24627.634408589238
TX,1125,24363.935358009403
TX,1126,23838.96886951922
TX,1127,23108.182682600447
TX,1128,22289.739622205577
TX,1129,22101.822262616587
TX,1130,21672.29122478402
TX,1131,21342.76243051555
TX,1132,21199.9959894364
TX,1133,21211.490416455653
TX,1134,21558.57245394851
TX,1135,22474.275451011756
TX,1136,23759.35362409423
TX,1137,24552.019012182118
TX,1138,24667.7887144457
TX,1139,24453.850341876752
TX,1140,24185.57088698457
TX,1141,23882.969993351118
TX,1142,23591.68501739752
TX,1143,23327.755488651707
TX,1144,23072.896635470258
TX,1145,23008.60550204231
TX,1146,23384.67426899889
TX,1147,24203.170793149663
TX,1148,24858.01082342163
TX,1149,24594.183612939073
TX,1150,24065.22444083304
TX,1151,23311.4465795956
TX,1152,22514.65683676747
TX,1153,22006.867849666534
TX,1154,21575.177936954056
TX,1155,21284.212445192857
TX,1156,21149.04294336393
TX,1157,21193.824857356645
TX,1158,21503.150148980147
TX,1159,22395.822003745266
TX,1160,23659.392654377566
TX,1161,24366.787866561854
TX,1162,24355.800485356916
TX,1163,24048.026685283038
TX,1164,23707.005669309588
TX,1165,23296.913170794205
TX,1166,22945.79719607872
TX,1167,22648.377652276867
TX,1168,22394.46919910899
TX,1169,22338.929735534233
TX,1170,22695.372998135078
TX,1171,23557.2698930469
TX,1172,24261.6490524795
TX,1173,24039.543530520668
TX,1174,23573.790036390257
TX,1175,22846.846219808366
TX,1176,22072.97765131753
TX,1177,21291.35732168076
TX,1178,20894.319256595715
TX,1179,20620.615967877978
TX,1180,20490.69174994852
TX,1181,20525.17861012394
TX,1182,20840.20508554699
TX,1183,21692.467120084544
TX,1184,22934.140556980715
TX,1185,23614.209395469793
TX,1186,23619.3463813797
TX,1187,23308.30205768792
TX,1188,22956.56825106412
TX,1189,22602.382910790656
TX,1190,22295.97293495838
TX,1191,21995.26757085569
TX,1192,21727.958950239262
TX,1193,21679.51566460618
TX,1194,22066.645524440357
TX,1195,22950.13189649262
TX,1196,23670.479089603887
TX,1197,23462.92937538566
TX,1198,22969.23985737824
TX,1199,22237.339515026168
TX,1200,21458.33102561907
TX,1201,21063.210063465995
TX,1202,20596.60149633131
TX,1203,20275.528433027162
TX,1204,20120.391726862344
TX,1205,20160.01347252164
TX,1206,20452.19868769683
TX,1207,21289.005049562103
TX,1208,22511.896822711133
TX,1209,23252.04805714444
TX,1210,23361.5947009514
TX,1211,23161.07907957612
TX,1212,22919.719284408284
TX,1213,22664.684180264125
TX,1214,22383.360862578687
TX,1215,22124.82388143673
TX,1216,21874.783277413787
TX,1217,21844.16787509874
TX,1218,22235.908282479407
TX,1219,23064.91067556
TX,1220,23775.374261127148
TX,1221,23544.53814856291
TX,1222,23038.77805600658
TX,1223,22307.255032210435
TX,1224,21527.985710321357
TX,1225,20949.748210613237
TX,1226,20547.862539898638
TX,1227,20264.20941753074
TX,1228,20146.354675849516
TX,1229,20193.899223088984
TX,1230,20547.003196141763
TX,1231,21496.709696490996
TX,1232,22839.11271467065
TX,1233,23632.07415934216
TX,1234,23762.013044979025
TX,1235,23631.5459865502
TX,1236,23430.380846973307
TX,1237,23175.81509495512
TX,1238,22955.86720438097
TX,1239,22770.764038914795
TX,1240,22593.17618958634
TX,1241,22549.22424731068
TX,1242,22895.806260520636
TX,1243,23661.485677710747
TX,1244,24299.760102043905
TX,1245,24042.256531984968
TX,1246,23527.704779377107
TX,1247,22749.421612641687
TX,1248,21925.076016344253
TX,1249,21275.783494322905
TX,1250,20842.950993228946
TX,1251,20551.648182545232
TX,1252,20419.692538839914
TX,1253,20470.05499463078
TX,1254,20816.01296470957
TX,1255,21821.649145218487
TX,1256,23220.768039504875
TX,1257,24021.778461110376
TX,1258,24136.044369036192
TX,1259,23950.496604717
TX,1260,23712.005706103962
TX,1261,23437.09697316807
TX,1262,23179.72024772838
TX,1263,22945.417710956214
TX,1264,22712.43989668211
TX,1265,22654.14574991471
TX,1266,22962.193714748263
TX,1267,23713.51243935952
TX,1268,24344.696602722433
TX,1269,24063.43621505952
TX,1270,23534.69971479433
TX,1271,22772.33957144271
TX,1272,21973.42593900063
TX,1273,21377.478270711617
TX,1274,20916.083628516866
TX,1275,20598.532843651505
TX,1276,20470.74796859768
TX,1277,20500.557084493114
TX,1278,20833.76898727014
TX,1279,21754.34702440719
TX,1280,23029.413827999456
TX,1281,23761.042028876986
TX,1282,23873.560848583075
TX,1283,23696.554167912208
TX,1284,23444.22459829353
TX,1285,23125.665342029354
TX,1286,22858.444957091574
TX,1287,22616.810119369653
TX,1288,22394.182267358644
TX,1289,22335.52929399455
TX,1290,22695.41637477103
TX,1291,23526.968548503547
TX,1292,24225.840081099303
TX,1293,24033.887342456044
TX,1294,23535.464525408774
TX,1295,22816.28959575436
TX,1296,22024.922353980546
TX,1297,21273.1768739629
TX,1298,20854.684711490272
TX,1299,20569.055563335723
TX,1300,20444.133271419236
TX,1301,20478.971151499515
TX,1302,20815.18352135082
TX,1303,21722.18456248041
TX,1304,23010.819019012573
TX,1305,23786.483440569814
TX,1306,23870.60873840421
TX,1307,23652.76872156082
TX,1308,23407.000702236022
TX,1309,23126.520994633157
TX,1310,22876.89284870155
TX,1311,22656.976680044572
TX,1312,22432.089077465726
TX,1313,22382.018918088203
TX,1314,22698.990355591263
TX,1315,23494.57839081956
TX,1316,24157.973666251205
TX,1317,23918.959479178213
TX,1318,23440.242271291417
TX,1319,22725.402211655247
TX,1320,21959.518222655948
TX,1321,21330.9464596749
TX,1322,20885.02620180369
TX,1323,20611.063895037937
TX,1324,20510.37306953521
TX,1325,20601.34203881989
TX,1326,20917.761362031683
TX,1327,21855.240917533482
TX,1328,23204.009039145987
TX,1329,23976.01655906595
TX,1330,24056.124068483143
TX,1331,23813.00302089591
TX,1332,23503.153951821428
TX,1333,23150.84942293041
TX,1334,22817.781073918532
TX,1335,22521.1585847665
TX,1336,22231.300682814403
TX,1337,22129.51879266227
TX,1338,22451.53414265742
TX,1339,23277.983263531137
TX,1340,24008.800227940863
TX,1341,23818.592202602723
TX,1342,23326.160197355335
TX,1343,22602.1965026121
TX,1344,21817.759931697964
TX,1345,21547.70531687962
TX,1346,21126.24950859964
TX,1347,20867.553019073473
TX,1348,20725.79987400297
TX,1349,20710.101697764806
TX,1350,20980.719348525778
TX,1351,21789.283244744773
TX,1352,22991.25722609821
TX,1353,23616.60228989849
TX,1354,23604.683684920968
TX,1355,23350.98147854582
TX,1356,23053.475692324064
TX,1357,22722.108941951614
TX,1358,22413.86935436133
TX,1359,22143.833713542215
TX,1360,21900.426289976316
TX,1361,21835.091690068296
TX,1362,22190.49270706288
TX,1363,23034.05171526974
TX,1364,23756.605210493642
TX,1365,23542.94772486269
TX,1366,23037.431235213777
TX,1367,22302.255611817426
TX,1368,21523.678371059653
TX,1369,21134.18591118208
TX,1370,20689.416473966936
TX,1371,20370.020883284205
TX,1372,20204.81398960646
TX,1373,20197.598146196345
TX,1374,20447.186320703285
TX,1375,21311.38603814344
TX,1376,22521.049418443514
TX,1377,23183.375568928458
TX,1378,23189.82655559067
TX,1379,22941.026281017713
TX,1380,22646.71844153284
TX,1381,22348.51611970013
TX,1382,22065.47763248285
TX,1383,21796.157707817834
TX,1384,21576.91021071399
TX,1385,21543.622619809216
TX,1386,21911.97891265558
TX,1387,22760.209315508117
TX,1388,23513.949672490057
TX,1389,23342.147561231787
TX,1390,22866.40309745531
TX,1391,22145.83642491825
TX,1392,21402.422608605566
TX,1393,20769.716341901482
TX,1394,20346.54453206726
TX,1395,20075.05506839845
TX,1396,19959.471392792874
TX,1397,20002.532798822017
TX,1398,20335.63176875176
TX,1399,21250.6614206371
TX,1400,22541.601624052234
TX,1401,23211.31078021183
TX,1402,23169.431969207956
TX,1403,22893.68279988686
TX,1404,22603.75553224883
TX,1405,22271.392130283377
TX,1406,21961.320893206196
TX,1407,21691.717518210613
TX,1408,21451.073344889682
TX,1409,21412.508248643206
TX,1410,21764.826681673323
TX,1411,22597.583007450535
TX,1412,23321.253635369192
TX,1413,23117.536863196058
TX,1414,22617.7919655171
TX,1415,21864.24648091706
TX,1416,21063.773980722146
TX,1417,20456.822850308505
TX,1418,20100.17939282297
TX,1419,19847.462320362038
TX,1420,19757.11588757251
TX,1421,19911.958715083422
TX,1422,20481.993974470516
TX,1423,21762.605255948433
TX,1424,23093.151182872923
TX,1425,23597.781154789867
TX,1426,23507.655068280105
TX,1427,23258.99851958562
TX,1428,22966.579928128468
TX,1429,22693.294794559577
TX,1430,22447.02176211229
TX,1431,22201.51402079121
TX,1432,21974.896704449982
TX,1433,21931.932299726775
TX,1434,22144.69895577067
TX,1435,22589.466901207473
TX,1436,23192.986392137765
TX,1437,23225.890286888895
TX,1438,22650.015627267997
TX,1439,21872.606550269783
TX,1440,21155.61962542079
TX,1441,20964.119989434106
TX,1442,20579.98030477446
TX,1443,20354.896357930365
TX,1444,20284.76435890198
TX,1445,20428.848991680532
TX,1446,20996.68345292679
TX,1447,22220.95964436987
TX,1448,23495.81875889563
TX,1449,24003.416840663483
TX,1450,24020.526101678804
TX,1451,23831.33746609049
TX,1452,23558.659131649495
TX,1453,23260.736279937856
TX,1454,23000.13225452976
TX,1455,22749.658833960048
TX,1456,22521.304167634412
TX,1457,22441.35699647776
TX,1458,22657.480751720186
TX,1459,23092.023515053867
TX,1460,23723.15644003776
TX,1461,23745.87641108629
TX,1462,23174.83796195188
TX,1463,22397.340559469182
TX,1464,21677.476120336145
TX,1465,20739.89242058068
TX,1466,20376.080332954324
TX,1467,20149.779109894904
TX,1468,20064.172668033375
TX,1469,20185.524095529395
TX,1470,20777.09724659471
TX,1471,22016.54552042086
TX,1472,23235.478668123775
TX,1473,23686.904419637628
TX,1474,23639.698970028597
TX,1475,23411.701817543374
TX,1476,23101.852899915016
TX,1477,22793.585327700914
TX,1478,22527.702171015815
TX,1479,22245.676102529348
TX,1480,21984.37532545562
TX,1481,21923.489558476632
TX,1482,22143.400302601105
TX,1483,22593.468389098625
TX,1484,23239.232604566688
TX,1485,23281.967517190985
TX,1486,22705.93533115588
TX,1487,21914.126232904962
TX,1488,21173.874597521966
TX,1489,20306.323219174015
TX,1490,19936.28195782976
TX,1491,19709.419085260194
TX,1492,19648.535250835927
TX,1493,19812.359534886617
TX,1494,20403.872486222586
TX,1495,21652.595022502695
TX,1496,22856.103813183285
TX,1497,23230.332277966607
TX,1498,23095.206059692458
TX,1499,22764.8941091448
TX,1500,22401.934508416513
TX,1501,22060.848119220683
TX,1502,21769.82262539893
TX,1503,21479.454645197443
TX,1504,21230.87622431585
TX,1505,21200.821774444382
TX,1506,21421.46558542309
TX,1507,21904.40865851969
TX,1508,22573.254202857438
TX,1509,22603.505481277818
TX,1510,22035.70708274975
TX,1511,21242.871474047313
TX,1512,20507.252242831793
TX,1513,19711.417090721017
TX,1514,19296.32398919447
TX,1515,19042.270201432842
TX,1516,18961.680008065397
TX,1517,19099.809976545355
TX,1518,19626.273150890558
TX,1519,20742.238946151176
TX,1520,21859.974345771317
TX,1521,22286.12831253992
TX,1522,22255.834189733285
TX,1523,22036.41690554594
TX,1524,21766.564223160167
TX,1525,21492.95876899721
TX,1526,21270.24143435701
TX,1527,21012.47481800949
TX,1528,20825.92573197578
TX,1529,20768.920248118608
TX,1530,20957.801443861225
TX,1531,21439.72516186873
TX,1532,22087.719004570346
TX,1533,22110.160715127762
TX,1534,21521.464236531532
TX,1535,20702.97367865374
TX,1536,19939.706363768327
TX,1537,19771.745488986575
TX,1538,19404.95208485195
TX,1539,19166.078579296872
TX,1540,19094.475729976526
TX,1541,19238.651478093335
TX,1542,19780.532150748716
TX,1543,20908.006847690228
TX,1544,22023.091031494253
TX,1545,22401.643267057796
TX,1546,22337.655574803268
TX,1547,22110.060420820417
TX,1548,21808.341823766536
TX,1549,21534.10456162564
TX,1550,21283.39264378103
TX,1551,21033.450656606306
TX,1552,20801.18259357435
TX,1553,20759.027664219058
TX,1554,20960.590051305843
TX,1555,21466.076104916624
TX,1556,22132.388245468142
TX,1557,22186.005267343845
TX,1558,21626.500443973523
TX,1559,20813.25659041526
TX,1560,20062.406859566362
TX,1561,19592.875820124302
TX,1562,19199.115739643112
TX,1563,18965.667607775703
TX,1564,18899.684239158073
TX,1565,19037.018175844487
TX,1566,19612.730853144303
TX,1567,20832.44125955058
TX,1568,22038.51248403672
TX,1569,22497.953470726557
TX,1570,22433.969653168482
TX,1571,22214.224899072
TX,1572,21936.34886574231
TX,1573,21668.34245305779
TX,1574,21404.441166671546
TX,1575,21125.782199605574
TX,1576,20897.159169229504
TX,1577,20877.16168165476
TX,1578,21109.782249921853
TX,1579,21603.302697302535
TX,1580,22259.184987162513
TX,1581,22300.137695820446
TX,1582,21687.116194419847
TX,1583,20848.273647708847
TX,1584,20053.31276010251
TX,1585,19888.596441892858
TX,1586,19483.19672492941
TX,1587,19823.268873002515
TX,1588,19158.821548745458
TX,1589,19312.378120362286
TX,1590,19896.390937669608
TX,1591,21191.424160278903
TX,1592,22500.873903848163
TX,1593,22982.773911209996
TX,1594,22909.41953355
TX,1595,22679.21332040767
TX,1596,22393.415627951825
TX,1597,22089.0481085205
TX,1598,21828.04117600863
TX,1599,21576.288737879974
TX,1600,21340.783961510574
TX,1601,21301.984339369884
TX,1602,21481.370417889455
TX,1603,21850.567355993736
TX,1604,22453.605113704278
TX,1605,22496.255070895263
TX,1606,21913.034375385433
TX,1607,21103.52514172442
TX,1608,20348.900614685473
TX,1609,20444.934729829203
TX,1610,20032.681969249108
TX,1611,19797.135416061668
TX,1612,19685.855655934063
TX,1613,19812.711397742206
TX,1614,20352.48507541586
TX,1615,21575.204356340734
TX,1616,22836.01727449757
TX,1617,23367.270585465647
TX,1618,23369.03353605476
TX,1619,23180.327622918597
TX,1620,22936.266778557417
TX,1621,22659.088164010267
TX,1622,22401.30061894719
TX,1623,22127.31126343799
TX,1624,21888.6730557557
TX,1625,21815.702696301237
TX,1626,21987.99464641035
TX,1627,22394.305838880857
TX,1628,22981.993815122973
TX,1629,23004.595969336254
TX,1630,22410.498228990107
TX,1631,21593.89327229597
TX,1632,20858.72197599356
TX,1633,19890.413695030578
TX,1634,19488.416147058278
TX,1635,19370.684786969854
TX,1636,19155.165921478748
TX,1637,19278.40437432903
TX,1638,19791.497220487674
TX,1639,20965.69115079816
TX,1640,22102.255461889865
TX,1641,22517.33828050088
TX,1642,22488.21560384007
TX,1643,22297.263266219947
TX,1644,22024.82931508578
TX,1645,21749.71688323525
TX,1646,21511.084130389435
TX,1647,21247.91430669582
TX,1648,21007.7581058999
TX,1649,20930.31519254408
TX,1650,21124.42802713693
TX,1651,21552.02921864833
TX,1652,22135.60527353864
TX,1653,22174.84970757686
TX,1654,21572.589446292636
TX,1655,20747.655200801553
TX,1656,20009.89046023941
TX,1657,19325.445749831378
TX,1658,18960.1752316366
TX,1659,19178.288289366
TX,1660,18681.318443027422
TX,1661,18856.289843934004
TX,1662,19478.28497133466
TX,1663,20740.49741479956
TX,1664,21923.450665872597
TX,1665,22320.72574634414
TX,1666,22236.475312171418
TX,1667,22015.69135043958
TX,1668,21716.87000643465
TX,1669,21442.545146228447
TX,1670,21171.586064313043
TX,1671,20900.954291372955
TX,1672,20641.672762491897
TX,1673,20572.661670861372
TX,1674,20763.2346830226
TX,1675,21165.34766335573
TX,1676,21781.716364100713
TX,1677,21848.418577753424
TX,1678,21255.498087252644
TX,1679,20457.145509277925
TX,1680,19751.830673837485
TX,1681,19545.20898657192
TX,1682,19205.759421509708
TX,1683,18949.06874768911
TX,1684,18948.847949685604
TX,1685,19085.87371469764
TX,1686,19693.698196435662
TX,1687,20871.040401034907
TX,1688,21943.25373996407
TX,1689,22235.634670651446
TX,1690,22121.124313924533
TX,1691,21905.945927039845
TX,1692,21636.022976645254
TX,1693,21374.998988384643
TX,1694,21175.876530380908
TX,1695,20950.656967398455
TX,1696,20737.820039534373
TX,1697,20719.850362748655
TX,1698,20923.561881518083
TX,1699,21328.022550075314
TX,1700,21929.925034815263
TX,1701,21967.90199867817
TX,1702,21369.449159008855
TX,1703,20535.158504629678
TX,1704,19764.305510682405
TX,1705,19720.087766477437
TX,1706,19342.819190194156
TX,1707,19492.220418755476
TX,1708,19064.764088584
TX,1709,19238.972024433703
TX,1710,19888.42555208257
TX,1711,21131.056386375274
TX,1712,22186.18542308287
TX,1713,22485.200071370652
TX,1714,22400.784767786604
TX,1715,22211.713954935025
TX,1716,21949.97787652431
TX,1717,21713.80057270736
TX,1718,21475.194153122512
TX,1719,21159.221924748543
TX,1720,20927.037721898575
TX,1721,20908.611221878
TX,1722,21104.361684733128
TX,1723,21445.28251012276
TX,1724,22042.922123335313
TX,1725,22091.717498017353
TX,1726,21490.25410132304
TX,1727,20676.650698807084
TX,1728,19966.154468596958
TX,1729,19534.040461549075
TX,1730,19191.613225528695
TX,1731,19163.177284622417
TX,1732,18975.573239626282
TX,1733,19200.729837001035
TX,1734,19930.762789638695
TX,1735,21270.216147347924
TX,1736,22415.269199829062
TX,1737,22699.71261893975
TX,1738,22592.280738722764
TX,1739,22370.039276980258
TX,1740,22054.10266982586
TX,1741,21735.746117525267
TX,1742,21435.996088098246
TX,1743,21111.60463016477
TX,1744,20844.509571715477
TX,1745,20794.450518405636
TX,1746,20954.67040831483
TX,1747,21331.61480074756
TX,1748,21958.866547612228
TX,1749,22064.702953683163
TX,1750,21468.699780628977
TX,1751,20653.04463591166
TX,1752,19964.681536194423
TX,1753,19417.409520913928
TX,1754,19079.922732795936
TX,1755,18892.626742322165
TX,1756,18896.04543937231
TX,1757,19143.625385913786
TX,1758,19950.374324703002
TX,1759,21393.41946249757
TX,1760,22568.21982708077
TX,1761,22801.287851578635
TX,1762,22586.444905575426
TX,1763,22281.32379921831
TX,1764,21920.821286310748
TX,1765,21585.000180782146
TX,1766,21314.885958059254
TX,1767,21014.76902030732
TX,1768,20764.594535187175
TX,1769,20705.770588557034
TX,1770,20844.565571897878
TX,1771,21142.038557986144
TX,1772,21707.050205557774
TX,1773,21791.683560011496
TX,1774,21172.551052859145
TX,1775,20348.10222147557
TX,1776,19639.362704195023
TX,1777,19498.450391260803
TX,1778,19146.096205977557
TX,1779,18953.40281639338
TX,1780,18905.986444375728
TX,1781,19111.509662828258
TX,1782,19839.34175804692
TX,1783,21190.31092147899
TX,1784,22312.070970153826
TX,1785,22615.035851561455
TX,1786,22508.639207563714
TX,1787,22256.34498942914
TX,1788,21942.03348818695
TX,1789,21653.853513000648
TX,1790,21391.44508951809
TX,1791,21090.877492860415
TX,1792,20850.828307425044
TX,1793,20787.900851331017
TX,1794,20942.512551882608
TX,1795,21249.555461901156
TX,1796,21819.140986557915
TX,1797,21898.59241519346
TX,1798,21249.657499667464
TX,1799,20408.63275833764
TX,1800,19691.895445947555
TX,1801,18996.51744982327
TX,1802,18636.644286827483
TX,1803,18454.612295550707
TX,1804,18444.711859334653
TX,1805,18657.54443263964
TX,1806,19392.812695744496
TX,1807,20729.419025436982
TX,1808,21881.669580759382
TX,1809,22214.204449005813
TX,1810,22112.646869348797
TX,1811,21887.405917895762
TX,1812,21593.04319700641
TX,1813,21325.806831754385
TX,1814,21078.5438195826
TX,1815,20799.109789151387
TX,1816,20557.82130007552
TX,1817,20513.100484005108
TX,1818,20665.7746133726
TX,1819,20966.752267198252
TX,1820,21535.364962444298
TX,1821,21616.08196209872
TX,1822,21022.10164238336
TX,1823,20201.365974904515
TX,1824,19504.92360866971
TX,1825,18878.976367472173
TX,1826,18552.55937313777
TX,1827,18379.69734202685
TX,1828,18349.143195424507
TX,1829,18605.632679442575
TX,1830,19366.562460798157
TX,1831,20728.152363639538
TX,1832,21855.368066198864
TX,1833,22129.56911227496
TX,1834,21986.474656422125
TX,1835,21744.276209868072
TX,1836,21422.031114402767
TX,1837,21145.71241921047
TX,1838,20882.829997134657
TX,1839,20589.985990844973
TX,1840,20327.093700458658
TX,1841,20275.84877051232
TX,1842,20425.592683008055
TX,1843,20766.579115836027
TX,1844,21355.564595707943
TX,1845,21469.09908285707
TX,1846,20878.698982253834
TX,1847,20057.458382561936
TX,1848,19328.281790915852
TX,1849,19184.870866307172
TX,1850,18846.10977701655
TX,1851,18675.511345167738
TX,1852,18656.49251316893
TX,1853,18867.31893800416
TX,1854,19530.416812737368
TX,1855,20810.78511613767
TX,1856,21858.86150747934
TX,1857,22109.780655449864
TX,1858,21945.341072139403
TX,1859,21643.617988138573
TX,1860,21281.757062347292
TX,1861,20945.423726727494
TX,1862,20628.9894842161
TX,1863,20261.602858770253
TX,1864,19971.353692761408
TX,1865,19873.10158065705
TX,1866,20037.231266154354
TX,1867,20397.283469380003
TX,1868,21022.518510330542
TX,1869,21173.384085154257
TX,1870,20602.00440585775
TX,1871,19801.539848474867
TX,1872,19090.007378462705
TX,1873,18686.929411057058
TX,1874,18359.430698797752
TX,1875,18182.30741692844
TX,1876,18162.348358997274
TX,1877,18387.45180870828
TX,1878,19122.86197876807
TX,1879,20427.794493820084
TX,1880,21504.557732183887
TX,1881,21756.221978550833
TX,1882,21572.637383583814
TX,1883,21301.05733722851
TX,1884,20999.97184180619
TX,1885,20720.31717637014
TX,1886,20436.071634012052
TX,1887,20162.036565869546
TX,1888,19952.420489052436
TX,1889,19978.341620927715
TX,1890,20197.02927592677
TX,1891,20555.739698341785
TX,1892,21141.82595304984
TX,1893,21266.35693622016
TX,1894,20668.97381740721
TX,1895,19879.558184229133
TX,1896,19175.872271725854
TX,1897,18820.07624304795
TX,1898,18486.26988213852
TX,1899,18305.975076951032
TX,1900,18290.39845335544
TX,1901,18551.342360550922
TX,1902,19322.390976918072
TX,1903,20681.09318640893
TX,1904,21796.71874636988
TX,1905,22062.737935825453
TX,1906,21899.164223989523
TX,1907,21643.66816042331
TX,1908,21318.85167380429
TX,1909,20999.98174616113
TX,1910,20718.589131041444
TX,1911,20398.855117360828
TX,1912,20154.569188162267
TX,1913,20145.59190357326
TX,1914,20332.91288769815
TX,1915,20669.826490328894
TX,1916,21242.960804517956
TX,1917,21361.425827060607
TX,1918,20764.63009561406
TX,1919,19969.26690661426
TX,1920,19272.83117877988
TX,1921,18745.889668605844
TX,1922,18382.30787362173
TX,1923,18187.34850758778
TX,1924,18155.883265768942
TX,1925,18418.270892965467
TX,1926,19228.255209429555
TX,1927,20683.666827875854
TX,1928,21858.41544949022
TX,1929,22163.596871252853
TX,1930,22044.129505418443
TX,1931,21838.62876805434
TX,1932,21553.23561750781
TX,1933,21272.255195938044
TX,1934,21025.89757875802
TX,1935,20712.523852271623
TX,1936,20464.67985524178
TX,1937,20411.568328900326
TX,1938,20561.089922002598
TX,1939,20842.991023552003
TX,1940,21369.173679026343
TX,1941,21458.951723566724
TX,1942,20855.340952445385
TX,1943,20044.036734088547
TX,1944,19351.507925494207
TX,1945,19231.456387702003
TX,1946,18866.28712836977
TX,1947,18652.095739581657
TX,1948,18615.85315905509
TX,1949,18846.875116756856
TX,1950,19613.333526738206
TX,1951,20966.742163495432
TX,1952,22037.834225285913
TX,1953,22316.615946795608
TX,1954,22188.020539885155
TX,1955,21940.23363749988
TX,1956,21683.296132166692
TX,1957,21386.07578495115
TX,1958,21158.76345221771
TX,1959,20876.61572632456
TX,1960,20648.479574890384
TX,1961,20606.282469236877
TX,1962,20725.953235927463
TX,1963,21012.065546065806
TX,1964,21554.590862157795
TX,1965,21642.731265501304
TX,1966,21017.49342680171
TX,1967,20180.89485724426
TX,1968,19495.97331103727
TX,1969,18752.5832509902
TX,1970,18410.332372648956
TX,1971,18225.951005177823
TX,1972,18198.026034671255
TX,1973,18396.788554767223
TX,1974,19086.54941961659
TX,1975,20425.462804921835
TX,1976,21575.874048602255
TX,1977,21938.88241797372
TX,1978,21909.578603053923
TX,1979,21741.42276413724
TX,1980,21486.806841556355
TX,1981,21242.40620985255
TX,1982,20999.5277450004
TX,1983,20703.407900805225
TX,1984,20460.725317489267
TX,1985,20425.259519212393
TX,1986,20563.919781466794
TX,1987,20828.218244403253
TX,1988,21345.75157207172
TX,1989,21422.40560487522
TX,1990,20810.989665453732
TX,1991,19983.344969622713
TX,1992,19295.289426158348
TX,1993,18349.266788337903
TX,1994,17996.461375005133
TX,1995,17826.13245351504
TX,1996,17810.617242799765
TX,1997,18048.80521072205
TX,1998,18809.212856879075
TX,1999,20173.79835597681
TX,2000,21298.471853835803
TX,2001,21628.53859622543
TX,2002,21570.121363523754
TX,2003,21362.592742421835
TX,2004,21067.750365787447
TX,2005,20788.627063547224
TX,2006,20530.1399064557
TX,2007,20217.140269793667
TX,2008,19935.163922808613
TX,2009,19845.802931228626
TX,2010,19945.988856482902
TX,2011,20220.353386867824
TX,2012,20765.397842609957
TX,2013,20903.685186731213
TX,2014,20318.922377828898
TX,2015,19502.16186275175
TX,2016,18826.307273024916
TX,2017,18691.841094399553
TX,2018,18350.4025108499
TX,2019,18188.16175130412
TX,2020,18166.106869063466
TX,2021,18398.248635593124
TX,2022,19120.123301006053
TX,2023,20383.35326473282
TX,2024,21381.72405192269
TX,2025,21638.105288989976
TX,2026,21515.82007911095
TX,2027,21304.78400477851
TX,2028,21019.80381882483
TX,2029,20725.656043070174
TX,2030,20459.613068196635
TX,2031,20154.445018696876
TX,2032,19923.757508670484
TX,2033,19875.34559561738
TX,2034,20051.405000946634
TX,2035,20402.83470072807
TX,2036,20990.209513724075
TX,2037,21151.271207110387
TX,2038,20555.26382045626
TX,2039,19747.044170628236
TX,2040,19054.34930071275
TX,2041,18572.648082536713
TX,2042,18262.447948463702
TX,2043,18091.11909133386
TX,2044,18041.651110762874
TX,2045,18245.736876876244
TX,2046,18965.003482723642
TX,2047,20246.602927756722
TX,2048,21264.42266766465
TX,2049,21527.130130267988
TX,2050,21396.256464729017
TX,2051,21159.061411754784
TX,2052,20866.618667613544
TX,2053,20593.568623187245
TX,2054,20321.748803548942
TX,2055,20012.01189143959
TX,2056,19775.98115391963
TX,2057,19741.001597774165
TX,2058,19920.913159661374
TX,2059,20272.578171732913
TX,2060,20856.263952755125
TX,2061,21014.50518444813
TX,2062,20427.13418826277
TX,2063,19634.945667397677
TX,2064,18988.27682374138
TX,2065,18289.427965370656
TX,2066,17964.2216905603
TX,2067,17809.997672231002
TX,2068,17805.344719425243
TX,2069,17984.104132644934
TX,2070,18756.606825290834
TX,2071,20110.41040275146
TX,2072,21197.786739574777
TX,2073,21471.311276082826
TX,2074,21320.241387170878
TX,2075,21109.2105301428
TX,2076,20792.706502641924
TX,2077,20520.375499493277
TX,2078,20247.239358838357
TX,2079,19959.44421596666
TX,2080,19687.854873945973
TX,2081,19635.484300796605
TX,2082,19804.99930962755
TX,2083,20156.488228906074
TX,2084,20761.184705377453
TX,2085,20943.70777567364
TX,2086,20371.340317998417
TX,2087,19578.345531320014
TX,2088,18860.25712675036
TX,2089,18672.68422150191
TX,2090,18364.684395784526
TX,2091,18189.905572874295
TX,2092,18172.00556063832
TX,2093,18428.783382741297
TX,2094,19168.08392189799
TX,2095,20575.62613334177
TX,2096,21688.50383958521
TX,2097,21908.240140510923
TX,2098,21767.120551182565
TX,2099,21536.542183857954
TX,2100,21250.91967278814
TX,2101,20936.47487077249
TX,2102,20666.307770155328
TX,2103,20342.313560973263
TX,2104,20057.413344379665
TX,2105,19948.633130256344
TX,2106,20041.866057429345
TX,2107,20309.8578780656
TX,2108,20821.61356402683
TX,2109,20959.761105472886
TX,2110,20369.273552258676
TX,2111,19552.007983369506
TX,2112,18844.0685513409
TX,2113,18686.593044389184
TX,2114,18327.132970383364
TX,2115,18155.009141393936
TX,2116,18133.45863522127
TX,2117,18366.482468849114
TX,2118,19115.57232375918
TX,2119,20449.411699016736
TX,2120,21506.65728707367
TX,2121,21807.545072235783
TX,2122,21702.415221872336
TX,2123,21507.03877978361
TX,2124,21263.708717068628
TX,2125,21025.255392389518
TX,2126,20791.215589212428
TX,2127,20515.502450797264
TX,2128,20293.873612423962
TX,2129,20246.78637384959
TX,2130,20381.162680030158
TX,2131,20634.812412124624
TX,2132,21141.868165311195
TX,2133,21270.234591392278
TX,2134,20701.018551365927
TX,2135,19883.15585388455
TX,2136,19191.34650915766
TX,2137,18502.096755530914
TX,2138,18145.587790408747
TX,2139,17974.633881774306
TX,2140,17937.249889183164
TX,2141,18153.70698349877
TX,2142,18869.70664789927
TX,2143,20190.746361558563
TX,2144,21290.348922184705
TX,2145,21660.48920516603
TX,2146,21640.978110628726
TX,2147,21492.62329230083
TX,2148,21256.52729571065
TX,2149,20998.53580449351
TX,2150,20765.26828005982
TX,2151,20516.68542673487
TX,2152,20291.94361933602
TX,2153,20241.229883825312
TX,2154,20364.95019703649
TX,2155,20597.543636916726
TX,2156,21083.892547809207
TX,2157,21177.659590493967
TX,2158,20600.165439684226
TX,2159,19812.439804767944
TX,2160,19115.88238052826
TX,2161,18117.7917167273
TX,2162,17802.603546311012
TX,2163,17797.08097480976
TX,2164,17637.781721484025
TX,2165,17920.44927438002
TX,2166,18779.905576866884
TX,2167,20133.715371856077
TX,2168,21032.48276292583
TX,2169,21240.027101686753
TX,2170,21180.114258674916
TX,2171,21021.882058144865
TX,2172,20741.369489800245
TX,2173,20456.343708512193
TX,2174,20196.10300577547
TX,2175,19888.033247622403
TX,2176,19618.425683499517
TX,2177,19620.08110825439
TX,2178,19748.20468695656
TX,2179,19864.068800917376
TX,2180,20146.690638567637
TX,2181,20442.99343997008
TX,2182,19914.5266152935
TX,2183,19082.05689281305
TX,2184,18322.72217122672
TX,2185,17860.767359230966
TX,2186,17561.205586147643
TX,2187,17774.09564578749
TX,2188,17458.647188024557
TX,2189,17714.892965267502
TX,2190,18525.529246138973
TX,2191,19796.1351091308
TX,2192,20662.206754300016
TX,2193,20898.033297307837
TX,2194,20804.9688809348
TX,2195,20601.8531056822
TX,2196,20327.82840555685
TX,2197,20057.059049310567
TX,2198,19826.90307916195
TX,2199,19514.33459409347
TX,2200,19296.737315776536
TX,2201,19259.563469830272
TX,2202,19422.849677526152
TX,2203,19604.694217501475
TX,2204,19887.809420118007
TX,2205,20192.866779874002
TX,2206,19645.424252698618
TX,2207,18774.69127860273
TX,2208,18043.065262740186
TX,2209,17612.933641304142
TX,2210,17342.915392278563
TX,2211,17319.76738578211
TX,2212,17232.027556416913
TX,2213,17483.627131411044
TX,2214,18275.888111368467
TX,2215,19578.02170106839
TX,2216,20439.820774981012
TX,2217,20630.760442559986
TX,2218,20504.17674096207
TX,2219,20346.038997734905
TX,2220,20095.3819093279
TX,2221,19906.366831259376
TX,2222,19712.076868578357
TX,2223,19462.46098378214
TX,2224,19278.381734260183
TX,2225,19297.809560092933
TX,2226,19486.68247460087
TX,2227,19642.98869767901
TX,2228,19892.58372842408
TX,2229,20136.03649138515
TX,2230,19612.062234398074
TX,2231,18715.785737798775
TX,2232,17946.155268927534
TX,2233,17638.72137301219
TX,2234,17352.178551030395
TX,2235,17404.68502325439
TX,2236,17235.813230363874
TX,2237,17526.163976610555
TX,2238,18397.4522482015
TX,2239,19795.5304649598
TX,2240,20736.360965377948
TX,2241,20994.748139284315
TX,2242,20941.284682770757
TX,2243,20781.860242854965
TX,2244,20527.273350913855
TX,2245,20259.76450692363
TX,2246,20016.941453653345
TX,2247,19721.48472127035
TX,2248,19477.71154415609
TX,2249,19462.57629705697
TX,2250,19605.739122712286
TX,2251,19716.909551181775
TX,2252,19951.994768412362
TX,2253,20230.208724848854
TX,2254,19685.68529851464
TX,2255,18790.773877875868
TX,2256,18066.336910697796
TX,2257,17804.863418681318
TX,2258,17475.444572375284
TX,2259,17465.591747139772
TX,2260,17288.8161919937
TX,2261,17576.22099298863
TX,2262,18457.31927736312
TX,2263,19921.26017737883
TX,2264,20910.929283864622
TX,2265,21194.780175851903
TX,2266,21182.74966916318
TX,2267,21059.09127319355
TX,2268,20840.337252902344
TX,2269,20609.60614783494
TX,2270,20404.745321549836
TX,2271,20131.079724547863
TX,2272,19901.9962511565
TX,2273,19871.904406358098
TX,2274,19978.36031800757
TX,2275,20077.815121866717
TX,2276,20279.148348227665
TX,2277,20517.178550011774
TX,2278,19930.483580599965
TX,2279,18998.48431277701
TX,2280,18213.508646562328
TX,2281,17879.204506278192
TX,2282,17551.48224026138
TX,2283,17473.870133238574
TX,2284,17394.658164127563
TX,2285,17652.260625729262
TX,2286,18471.194854463086
TX,2287,19809.018905053495
TX,2288,20709.201106698057
TX,2289,20995.278617560533
TX,2290,20994.994900143798
TX,2291,20934.639927158198
TX,2292,20746.824200900434
TX,2293,20557.311521487158
TX,2294,20417.03527125045
TX,2295,20183.02513082182
TX,2296,19994.41432262781
TX,2297,19988.153250421085
TX,2298,20112.47779061851
TX,2299,20183.780570246768
TX,2300,20377.676647849675
TX,2301,20607.59985801686
TX,2302,19995.924103122615
TX,2303,19076.84753943568
TX,2304,18315.501939172993
TX,2305,17936.05440896412
TX,2306,17582.363255239144
TX,2307,17744.64937587279
TX,2308,17416.001907399558
TX,2309,17687.87710405713
TX,2310,18481.673183993603
TX,2311,19791.135293756078
TX,2312,20719.778309011538
TX,2313,21019.682706627886
TX,2314,21067.03443025986
TX,2315,20998.75027098737
TX,2316,20858.39296322265
TX,2317,20661.85964210621
TX,2318,20460.22121552801
TX,2319,20204.54509461343
TX,2320,19967.106375416737
TX,2321,19946.276530127207
TX,2322,20070.355128430062
TX,2323,20141.83526208828
TX,2324,20284.450377831174
TX,2325,20444.077870027098
TX,2326,19885.383404355316
TX,2327,18969.731023202726
TX,2328,18213.412676303054
TX,2329,17690.686364824355
TX,2330,17371.55921997845
TX,2331,17215.198192034517
TX,2332,17248.656930470133
TX,2333,17523.631906179705
TX,2334,18401.255881018653
TX,2335,19808.98410276335
TX,2336,20754.229585737676
TX,2337,20967.148576080294
TX,2338,20864.601222832402
TX,2339,20682.422431994056
TX,2340,20465.429404966734
TX,2341,20200.60035655563
TX,2342,20019.163584266824
TX,2343,19745.34212621372
TX,2344,19516.03883921497
TX,2345,19451.814083010184
TX,2346,19551.42265179767
TX,2347,19612.605039588516
TX,2348,19800.310004975564
TX,2349,20062.44465362471
TX,2350,19516.82437813001
TX,2351,18644.98473499523
TX,2352,17886.2199441359
TX,2353,17289.23515699323
TX,2354,16959.56658004912
TX,2355,16800.1956232123
TX,2356,16802.225161244927
TX,2357,17073.07264493241
TX,2358,17905.941074424604
TX,2359,19233.01760198963
TX,2360,20121.86336358502
TX,2361,20365.068030926277
TX,2362,20324.28244263708
TX,2363,20185.717103484958
TX,2364,19987.90052427034
TX,2365,19804.45360194621
TX,2366,19580.017710027896
TX,2367,19326.67675099918
TX,2368,19129.284086407687
TX,2369,19122.524641776852
TX,2370,19240.90154955186
TX,2371,19337.06424390398
TX,2372,19516.93770901546
TX,2373,19764.10780237798
TX,2374,19220.031184220208
TX,2375,18335.173640275148
TX,2376,17572.699399016432
TX,2377,17096.276627626317
TX,2378,16821.79259249753
TX,2379,16690.268892214416
TX,2380,16724.121889280344
TX,2381,16981.576122756294
TX,2382,17779.417919061263
TX,2383,19061.943356613096
TX,2384,19973.74744930667
TX,2385,20271.25423147502
TX,2386,20276.89367943603
TX,2387,20177.16921153015
TX,2388,20001.32787533215
TX,2389,19804.219166238905
TX,2390,19613.296153216226
TX,2391,19391.727184901825
TX,2392,19280.302043717064
TX,2393,19323.695547332388
TX,2394,19514.15406157263
TX,2395,19605.293856373134
TX,2396,19737.550058026226
TX,2397,19956.479106168203
TX,2398,19389.61996781273
TX,2399,18471.54993055878
TX,2400,17723.806215086196
TX,2401,17374.551737937463
TX,2402,17066.6325461387
TX,2403,16957.599115944273
TX,2404,16993.426479286118
TX,2405,17257.933297911997
TX,2406,18120.22369312039
TX,2407,19485.45297330352
TX,2408,20375.89218739728
TX,2409,20565.73855124981
TX,2410,20501.074378436357
TX,2411,20361.77265506214
TX,2412,20194.346898846064
TX,2413,20010.173703354468
TX,2414,19868.791835426247
TX,2415,19685.51487812257
TX,2416,19462.652707806864
TX,2417,19466.13719545225
TX,2418,19618.248405070627
TX,2419,19706.536273813864
TX,2420,19841.115042031856
TX,2421,20058.652652071356
TX,2422,19498.972442351096
TX,2423,18569.83564984954
TX,2424,17817.038210807702
TX,2425,17263.399731909182
TX,2426,16943.931972580312
TX,2427,16790.340290536644
TX,2428,16820.76853672233
TX,2429,17105.79144202758
TX,2430,18008.11365919032
TX,2431,19481.38976633251
TX,2432,20482.460150018042
TX,2433,20783.898019799267
TX,2434,20812.29962731762
TX,2435,20779.082800819413
TX,2436,20724.150980040875
TX,2437,20571.2597040398
TX,2438,20469.85373140846
TX,2439,20250.32710640381
TX,2440,20058.50014161508
TX,2441,20022.972412163032
TX,2442,20139.10500878335
TX,2443,20173.85334948865
TX,2444,20250.827080661534
TX,2445,20418.83816072459
TX,2446,19787.308790578905
TX,2447,18835.00305069416
TX,2448,18041.29469957201
TX,2449,17908.345046838097
TX,2450,17524.954482635778
TX,2451,17316.887528133947
TX,2452,17302.128296527172
TX,2453,17567.817574336907
TX,2454,18403.72368647781
TX,2455,19750.1256514102
TX,2456,20697.397391643044
TX,2457,21012.029444996326
TX,2458,21060.782422936946
TX,2459,20974.270562053256
TX,2460,20808.442573502735
TX,2461,20663.64025413505
TX,2462,20483.691429046644
TX,2463,20238.323385329956
TX,2464,20040.359488917254
TX,2465,20012.590656650055
TX,2466,20129.854863952858
TX,2467,20197.418093310706
TX,2468,20332.151898096033
TX,2469,20573.504321316936
TX,2470,20019.998000550963
TX,2471,19063.189006711127
TX,2472,18276.662942045107
TX,2473,17787.10751652879
TX,2474,17447.580420520854
TX,2475,17278.822163009572
TX,2476,17271.29662637449
TX,2477,17501.772951529034
TX,2478,18326.019931262664
TX,2479,19662.73654481778
TX,2480,20608.570140325526
TX,2481,20909.026456626172
TX,2482,20918.187458571616
TX,2483,20834.802271512498
TX,2484,20635.46615997485
TX,2485,20486.707678893673
TX,2486,20331.11344823766
TX,2487,20096.121769336555
TX,2488,19910.182937393802
TX,2489,19895.00083239865
TX,2490,20009.200593676454
TX,2491,20027.729055098856
TX,2492,20123.757225767694
TX,2493,20372.207868077364
TX,2494,19800.541615116984
TX,2495,18907.301837920542
TX,2496,18154.024513729063
TX,2497,17399.66241295052
TX,2498,17089.86360672289
TX,2499,16944.978171531844
TX,2500,16942.522842070602
TX,2501,17219.322950803544
TX,2502,18053.71434599964
TX,2503,19373.079100776156
TX,2504,20265.29236494457
TX,2505,20574.022922133267
TX,2506,20621.629880295288
TX,2507,20617.968218878282
TX,2508,20458.0935260979
TX,2509,20255.918676779757
TX,2510,20077.49084943623
TX,2511,19821.751719103325
TX,2512,19624.488374913508
TX,2513,19589.60575874163
TX,2514,19690.156794907665
TX,2515,19746.286615870112
TX,2516,19893.990304541703
TX,2517,20119.0860454092
TX,2518,19539.533974710164
TX,2519,18665.077474615096
TX,2520,17908.64232772424
TX,2521,17201.514017955397
TX,2522,16863.270866108778
TX,2523,16692.94446659558
TX,2524,16712.07735134522
TX,2525,16965.62940777987
TX,2526,17754.925481414013
TX,2527,19019.507971525318
TX,2528,19894.56161211079
TX,2529,20212.372297195618
TX,2530,20254.21988782757
TX,2531,20201.14960938739
TX,2532,20045.39266706727
TX,2533,19862.82494555937
TX,2534,19714.031669937615
TX,2535,19506.805776932726
TX,2536,19296.178608156282
TX,2537,19255.120680753198
TX,2538,19358.03659853372
TX,2539,19398.639716790193
TX,2540,19488.18521247962
TX,2541,19743.288195994836
TX,2542,19202.141261783762
TX,2543,18330.51827730204
TX,2544,17571.8461124231
TX,2545,17150.644735714966
TX,2546,16848.21049404151
TX,2547,16721.57927570709
TX,2548,16758.08521975128
TX,2549,17040.906665692955
TX,2550,17825.902276028827
TX,2551,19109.04096607011
TX,2552,19979.633942194326
TX,2553,20173.393351983545
TX,2554,20125.532731859696
TX,2555,20012.547181707305
TX,2556,19784.601614664865
TX,2557,19565.03885919391
TX,2558,19350.695945454348
TX,2559,19098.018953164853
TX,2560,18907.495672496907
TX,2561,18918.24980829979
TX,2562,19061.37998011389
TX,2563,19124.418770095858
TX,2564,19282.387210949793
TX,2565,19503.38294031291
TX,2566,18994.095049607832
TX,2567,18127.450406732393
TX,2568,17420.922068845215
TX,2569,17138.537025669223
TX,2570,16848.13890601788
TX,2571,16726.535907103326
TX,2572,16757.568794150664
TX,2573,17045.678616882423
TX,2574,17896.895833695353
TX,2575,19262.026228239435
TX,2576,20166.162991817814
TX,2577,20380.0010383929
TX,2578,20305.238737695536
TX,2579,20168.802841396268
TX,2580,19934.179624149785
TX,2581,19762.057211101457
TX,2582,19583.831589996276
TX,2583,19353.392800537673
TX,2584,19139.2587315447
TX,2585,19151.980521828822
TX,2586,19269.55149335468
TX,2587,19395.64501421998
TX,2588,19499.174232169896
TX,2589,19790.01842696287
TX,2590,19273.54470309872
TX,2591,18399.981431826014
TX,2592,17685.452991503688
TX,2593,17249.43311591198
TX,2594,16931.83154725897
TX,2595,16785.406466040605
TX,2596,16799.037007727808
TX,2597,17123.920206628632
TX,2598,18009.916429082246
TX,2599,19447.94757962861
TX,2600,20403.05004579572
TX,2601,20639.88438033156
TX,2602,20601.254765264827
TX,2603,20457.889848004843
TX,2604,20242.5393225185
TX,2605,20039.764984487885
TX,2606,19862.652018476734
TX,2607,19616.012202210765
TX,2608,19414.78786648127
TX,2609,19407.146360822825
TX,2610,19500.472660827324
TX,2611,19560.84098732459
TX,2612,19702.48966508096
TX,2613,19958.697808330886
TX,2614,19420.292698881205
TX,2615,18527.022669976304
TX,2616,17770.766643405654
TX,2617,17448.029039236772
TX,2618,17126.897293525868
TX,2619,16979.321241313862
TX,2620,17003.328407772038
TX,2621,17297.32448355007
TX,2622,18155.734068988345
TX,2623,19469.01354034571
TX,2624,20401.10198628095
TX,2625,20700.926149848037
TX,2626,20715.892220590348
TX,2627,20641.386574839217
TX,2628,20468.207880972365
TX,2629,20241.030908557146
TX,2630,20079.994090904417
TX,2631,19802.829206044603
TX,2632,19592.011808363218
TX,2633,19560.739177181404
TX,2634,19658.22429415668
TX,2635,19699.469834719395
TX,2636,19773.034408398214
TX,2637,19996.635875757335
TX,2638,19457.381135970216
TX,2639,18566.989428884014
TX,2640,17781.366670755546
TX,2641,17303.258024486322
TX,2642,16971.18476625944
TX,2643,16827.54783438733
TX,2644,16866.07723687958
TX,2645,17148.383699750756
TX,2646,17965.63947229215
TX,2647,19280.759108738764
TX,2648,20183.580666044655
TX,2649,20440.174382081587
TX,2650,20374.682259969973
TX,2651,20272.17690383954
TX,2652,20090.077740699574
TX,2653,19897.25896547048
TX,2654,19723.461357321007
TX,2655,19451.368756278267
TX,2656,19246.53341987639
TX,2657,19216.07833890341
TX,2658,19334.233974280036
TX,2659,19413.74932540187
TX,2660,19567.561611368973
TX,2661,19849.982085639333
TX,2662,19322.512824304038
TX,2663,18455.91301778293
TX,2664,17629.33652937974
TX,2665,16996.94956264932
TX,2666,16697.4673923065
TX,2667,16577.52309538137
TX,2668,16621.096758623914
TX,2669,16911.915429151936
TX,2670,17744.152615276857
TX,2671,19122.460900728463
TX,2672,20033.282971639572
TX,2673,20255.058610036347
TX,2674,20218.04230677124
TX,2675,20140.201845108617
TX,2676,19976.653068352093
TX,2677,19795.233851690732
TX,2678,19621.298799241856
TX,2679,19388.602778860744
TX,2680,19198.618480138137
TX,2681,19156.480627912885
TX,2682,19233.730603044958
TX,2683,19247.90942596929
TX,2684,19345.07038093945
TX,2685,19558.05361773034
TX,2686,19074.45796788311
TX,2687,18221.6608062279
TX,2688,17481.51806534577
TX,2689,17221.204499116126
TX,2690,16922.598746364454
TX,2691,16768.8230258292
TX,2692,16779.19316115767
TX,2693,17005.18090419809
TX,2694,17766.278254741795
TX,2695,18992.457116786554
TX,2696,19846.625885866075
TX,2697,20077.87364469923
TX,2698,20057.093206557827
TX,2699,19934.942621044836
TX,2700,19749.01488533892
TX,2701,19631.20295791729
TX,2702,19539.04228287383
TX,2703,19306.394615608518
TX,2704,19073.094620088447
TX,2705,19047.279147812212
TX,2706,19149.53655121839
TX,2707,19180.957781382787
TX,2708,19235.34944104775
TX,2709,19476.615708825715
TX,2710,19000.184514948256
TX,2711,18137.79077574276
TX,2712,17396.719771715514
TX,2713,16901.611480539298
TX,2714,16610.26960374207
TX,2715,16481.013446543102
TX,2716,16491.808597931076
TX,2717,16739.397646784713
TX,2718,17524.59611275285
TX,2719,18761.339870322136
TX,2720,19644.983846818274
TX,2721,19912.253489321508
TX,2722,19945.31685400449
TX,2723,19917.230101489743
TX,2724,19781.513544163737
TX,2725,19648.38346291714
TX,2726,19463.29102265563
TX,2727,19195.616940473577
TX,2728,18994.984712146543
TX,2729,18990.20340771032
TX,2730,19137.345095854403
TX,2731,19230.780683416207
TX,2732,19370.62454600998
TX,2733,19651.103587642524
TX,2734,19164.657688880038
TX,2735,18276.036926912766
TX,2736,17533.472410674904
TX,2737,17100.8219372994
TX,2738,16774.99926772185
TX,2739,16648.146339899558
TX,2740,16654.566379970376
TX,2741,16934.47507515919
TX,2742,17779.743997630312
TX,2743,19136.767078589862
TX,2744,20075.633139833336
TX,2745,20354.849618308158
TX,2746,20362.340134024652
TX,2747,20262.088506961568
TX,2748,20059.94044148385
TX,2749,19871.62813844536
TX,2750,19694.84091388721
TX,2751,19474.772801352504
TX,2752,19289.09552591442
TX,2753,19197.749902748818
TX,2754,19302.38985461954
TX,2755,19368.60199662492
TX,2756,19535.28031577837
TX,2757,19800.3851898241
TX,2758,19272.64554445228
TX,2759,18382.3303514178
TX,2760,17619.550300881293
TX,2761,17184.76031570299
TX,2762,16875.99950534673
TX,2763,16759.63101572713
TX,2764,16823.256836835824
TX,2765,17139.093152365877
TX,2766,18032.563028290415
TX,2767,19442.08865210557
TX,2768,20359.02582220454
TX,2769,20541.87147337926
TX,2770,20434.436020752706
TX,2771,20299.03195714181
TX,2772,20102.14264207756
TX,2773,19866.010858310446
TX,2774,19717.18557558149
TX,2775,19459.44660622526
TX,2776,19244.76026328128
TX,2777,19195.464607889022
TX,2778,19270.191579572927
TX,2779,19318.715264444496
TX,2780,19425.608741344544
TX,2781,19669.98212262
TX,2782,19161.158256218222
TX,2783,18262.75478009385
TX,2784,17462.029372862858
TX,2785,17143.39532163234
TX,2786,16812.66819442754
TX,2787,16676.645725297927
TX,2788,16704.414226500102
TX,2789,16972.417108093097
TX,2790,17843.710497432614
TX,2791,19144.276254621
TX,2792,20023.530789618835
TX,2793,20298.09206972476
TX,2794,20306.17060757231
TX,2795,20216.756519868344
TX,2796,20095.940162478264
TX,2797,20012.162220838388
TX,2798,19908.014989223876
TX,2799,19691.859115624617
TX,2800,19505.17869638936
TX,2801,19439.47775470888
TX,2802,19534.331998331584
TX,2803,19587.94344038633
TX,2804,19672.86284674474
TX,2805,19846.75699728415
TX,2806,19315.7156338374
TX,2807,18431.837620526924
TX,2808,17650.51218191668
TX,2809,17016.56184002209
TX,2810,16690.63454204849
TX,2811,16515.259335858325
TX,2812,16541.192020369895
TX,2813,16826.55970151004
TX,2814,17660.572129782874
TX,2815,18974.73033424276
TX,2816,19886.377724126085
TX,2817,20158.526289578536
TX,2818,20146.004908710704
TX,2819,20110.532892675877
TX,2820,20049.343742568137
TX,2821,19915.141560466466
TX,2822,19767.416805612665
TX,2823,19521.95764166166
TX,2824,19302.169164490955
TX,2825,19245.19583213081
TX,2826,19336.7461841521
TX,2827,19365.580974985157
TX,2828,19408.41960579671
TX,2829,19583.08902159882
TX,2830,19066.691569397392
TX,2831,18145.90775508684
TX,2832,17382.51277632991
TX,2833,16892.735937002946
TX,2834,16574.089565788395
TX,2835,16424.61622535177
TX,2836,16438.227633487923
TX,2837,16702.21141272411
TX,2838,17535.41179200144
TX,2839,18863.822345925854
TX,2840,19793.021901518546
TX,2841,20072.915899765995
TX,2842,20143.15219507062
TX,2843,20070.954468449564
TX,2844,19903.048343300444
TX,2845,19723.956548355986
TX,2846,19547.55831458412
TX,2847,19369.036526702192
TX,2848,19181.474408882217
TX,2849,19143.659248861614
TX,2850,19222.03238337881
TX,2851,19250.325565043536
TX,2852,19262.60053448804
TX,2853,19458.93061520493
TX,2854,18936.98010930629
TX,2855,18043.25054589591
TX,2856,17258.26074800958
TX,2857,17040.581679295297
TX,2858,16721.551347844418
TX,2859,16576.692305380995
TX,2860,16589.635085812635
TX,2861,16852.174951057727
TX,2862,17615.251188707074
TX,2863,18802.393771582576
TX,2864,19696.396002737163
TX,2865,20059.439681092975
TX,2866,20136.482032985334
TX,2867,20134.016166071117
TX,2868,20039.109608645685
TX,2869,19915.770641948626
TX,2870,19786.33660740568
TX,2871,19561.03585290245
TX,2872,19403.038752545505
TX,2873,19430.53899544262
TX,2874,19575.344515702515
TX,2875,19614.769269345768
TX,2876,19682.709707785246
TX,2877,19867.333933638488
TX,2878,19326.530996381557
TX,2879,18423.804261473148
TX,2880,17625.122547048125
TX,2881,16891.675698781896
TX,2882,16432.695346923058
TX,2883,16211.83640069184
TX,2884,16155.55665715855
TX,2885,16422.58284540487
TX,2886,17150.182270340036
TX,2887,18184.62393960277
TX,2888,19084.294870236082
TX,2889,19431.41788658058
TX,2890,19554.02184672649
TX,2891,19599.36730450955
TX,2892,19625.237866322433
TX,2893,19594.223543380004
TX,2894,19580.154938310425
TX,2895,19501.015925030643
TX,2896,19487.407391203533
TX,2897,19647.336541004403
TX,2898,19866.713086979473
TX,2899,19965.07121259864
TX,2900,20026.146158107473
TX,2901,20131.35119522909
TX,2902,19770.185187097283
TX,2903,18753.253357778828
TX,2904,17717.41070541602
TX,2905,16923.20994337798
TX,2906,16463.605234744268
TX,2907,16217.705429781557
TX,2908,16151.865611616465
TX,2909,16431.970586736334
TX,2910,17210.94692639544
TX,2911,18319.78352037873
TX,2912,19249.262921478405
TX,2913,19540.91072231499
TX,2914,19645.260142866313
TX,2915,19762.033224998802
TX,2916,19857.000121818185
TX,2917,19875.593223640333
TX,2918,19889.834389251828
TX,2919,19793.973197024563
TX,2920,19737.538421093937
TX,2921,19805.482977170907
TX,2922,19951.006035736427
TX,2923,20017.789431374474
TX,2924,20024.702750743916
TX,2925,20045.446213247732
TX,2926,19693.327383191903
TX,2927,18658.57773274587
TX,2928,17614.573121000188
TX,2929,16873.377342483245
TX,2930,16415.06110445234
TX,2931,16185.03313320529
TX,2932,16160.863481174907
TX,2933,16469.140479802583
TX,2934,17283.008316259405
TX,2935,18459.728160402854
TX,2936,19402.23217610117
TX,2937,19658.3610631947
TX,2938,19702.416463618928
TX,2939,19724.477252664517
TX,2940,19723.190152516217
TX,2941,19667.687672330935
TX,2942,19641.61875552245
TX,2943,19530.10021141587
TX,2944,19453.27957371082
TX,2945,19540.433888426566
TX,2946,19649.54775584572
TX,2947,19688.48110752659
TX,2948,19744.89598987435
TX,2949,19857.33717174668
TX,2950,19540.89137420133
TX,2951,18547.887657194114
TX,2952,17534.095129914746
TX,2953,16908.71822602702
TX,2954,16451.9015598478
TX,2955,16198.72039860992
TX,2956,16146.73532501939
TX,2957,16410.81629851024
TX,2958,17176.562683290506
TX,2959,18237.969609212175
TX,2960,19149.327618284527
TX,2961,19426.02329421996
TX,2962,19468.03776110802
TX,2963,19448.563590943014
TX,2964,19414.778697950087
TX,2965,19320.689137951497
TX,2966,19271.00804513096
TX,2967,19162.15892727551
TX,2968,19115.951151237848
TX,2969,19243.7087889437
TX,2970,19406.399301929028
TX,2971,19516.19730730794
TX,2972,19636.81098515281
TX,2973,19824.176066997655
TX,2974,19518.73911102339
TX,2975,18528.422219086625
TX,2976,17499.06110270022
TX,2977,16867.830644681653
TX,2978,16399.96130475052
TX,2979,16151.854288556326
TX,2980,16109.722257089707
TX,2981,16368.717757369506
TX,2982,17078.989611518313
TX,2983,18131.96147686585
TX,2984,19079.582877925077
TX,2985,19462.494546208482
TX,2986,19617.198203039596
TX,2987,19715.858198201506
TX,2988,19777.869180579554
TX,2989,19801.79010494181
TX,2990,19792.913281839603
TX,2991,19711.765341772818
TX,2992,19693.152296112416
TX,2993,19802.040734700284
TX,2994,19930.448875441286
TX,2995,19962.98327220129
TX,2996,20022.892283046378
TX,2997,20090.45956837116
TX,2998,19721.336845071217
TX,2999,18665.084981204117
TX,3000,17595.718408123563
TX,3001,16862.311779423553
TX,3002,16404.357162692428
TX,3003,16176.435361151736
TX,3004,16119.898379901937
TX,3005,16386.64563102171
TX,3006,17147.216859473446
TX,3007,18242.20478754482
TX,3008,19202.987554433143
TX,3009,19603.38626861501
TX,3010,19753.52977373031
TX,3011,19829.43130531941
TX,3012,19878.473628414774
TX,3013,19866.24099678761
TX,3014,19857.711449147935
TX,3015,19790.320965225867
TX,3016,19785.620296104078
TX,3017,19917.600024268324
TX,3018,20084.356366208322
TX,3019,20130.58334940508
TX,3020,20112.96599655955
TX,3021,20109.118133967634
TX,3022,19706.255270367453
TX,3023,18668.790508102255
TX,3024,17595.30028816078
TX,3025,16860.051674689597
TX,3026,16374.788228231758
TX,3027,16119.87072458697
TX,3028,16074.28863312237
TX,3029,16347.22141711417
TX,3030,17032.410278621217
TX,3031,18004.7783247063
TX,3032,18880.664716015982
TX,3033,19239.96261664321
TX,3034,19412.608593762016
TX,3035,19509.1142757773
TX,3036,19606.55966545276
TX,3037,19647.381889320638
TX,3038,19671.545017622634
TX,3039,19667.936547613962
TX,3040,19693.81690281474
TX,3041,19821.707121490107
TX,3042,19994.52769054007
TX,3043,20049.469914088295
TX,3044,20034.96228026228
TX,3045,20022.486267239863
TX,3046,19689.824379907478
TX,3047,18635.684653831177
TX,3048,17586.579783319536
TX,3049,16810.299002809348
TX,3050,16316.686997126798
TX,3051,16054.75543998461
TX,3052,15996.97215298952
TX,3053,16271.564647531463
TX,3054,16954.546395816745
TX,3055,17983.596662162373
TX,3056,18911.844452152735
TX,3057,19285.630028072084
TX,3058,19488.80114899445
TX,3059,19628.77755227434
TX,3060,19748.318693472378
TX,3061,19829.74920674682
TX,3062,19855.24231773144
TX,3063,19847.663275942004
TX,3064,19871.422585235464
TX,3065,20013.765291351074
TX,3066,20157.73289093752
TX,3067,20224.66685212874
TX,3068,20161.84706947998
TX,3069,20106.40146869044
TX,3070,19694.91912564383
TX,3071,18677.791485452005
TX,3072,17640.257944632005
TX,3073,16973.911534448252
TX,3074,16483.6116327598
TX,3075,16232.78072839704
TX,3076,16186.727256698937
TX,3077,16454.92272737987
TX,3078,17183.54218833783
TX,3079,18270.871240194076
TX,3080,19222.605130056223
TX,3081,19586.955757498668
TX,3082,19714.826153323333
TX,3083,19836.670704797587
TX,3084,19933.571342672554
TX,3085,19983.046445196237
TX,3086,20055.851594811152
TX,3087,20037.056266683763
TX,3088,20033.401510022617
TX,3089,20203.246550365414
TX,3090,20335.112568508034
TX,3091,20429.345237584357
TX,3092,20422.67242320605
TX,3093,20446.800467721236
TX,3094,20033.632313349266
TX,3095,18946.562506016992
TX,3096,17841.844912050345
TX,3097,17024.848159864533
TX,3098,16536.947707885616
TX,3099,16267.209173642886
TX,3100,16229.668787884865
TX,3101,16531.587189671217
TX,3102,17314.130481194788
TX,3103,18468.12404611625
TX,3104,19458.47954121766
TX,3105,19783.61843165466
TX,3106,19891.793445419687
TX,3107,19999.10840632499
TX,3108,20089.39828642537
TX,3109,20166.89837159489
TX,3110,20283.483732909033
TX,3111,20291.55959607781
TX,3112,20293.982369980935
TX,3113,20430.688043488875
TX,3114,20540.89164609092
TX,3115,20590.142029822346
TX,3116,20575.017972526002
TX,3117,20616.321542791493
TX,3118,20246.176780193018
TX,3119,19136.292832528483
TX,3120,18008.828926755783
TX,3121,17232.04631247217
TX,3122,16717.93316211977
TX,3123,16434.604448942814
TX,3124,16357.772877486322
TX,3125,16600.069577749956
TX,3126,17303.696417557482
TX,3127,18354.97039844085
TX,3128,19350.26462438765
TX,3129,19778.448096620338
TX,3130,19989.415898046936
TX,3131,20239.701102908036
TX,3132,20372.479298278588
TX,3133,20453.657460790332
TX,3134,20494.928178358006
TX,3135,20467.107804481458
TX,3136,20472.45637629579
TX,3137,20586.065567071184
TX,3138,20734.794258882584
TX,3139,20818.186533152243
TX,3140,20819.50000920019
TX,3141,20822.804592904706
TX,3142,20376.316228482047
TX,3143,19265.99069920808
TX,3144,18114.046768773118
TX,3145,17246.380154762093
TX,3146,16737.020052819283
TX,3147,16450.144047127477
TX,3148,16386.06391762149
TX,3149,16654.653452525732
TX,3150,17387.410776125495
TX,3151,18410.782327224776
TX,3152,19358.008460689994
TX,3153,19802.6147426949
TX,3154,20009.560728834003
TX,3155,20196.37331503785
TX,3156,20295.416910213806
TX,3157,20366.033367962093
TX,3158,20398.58200970466
TX,3159,20371.685497376017
TX,3160,20374.67301797645
TX,3161,20530.289144645334
TX,3162,20689.909327837434
TX,3163,20716.149680247266
TX,3164,20645.835393873778
TX,3165,20611.10812179896
TX,3166,20199.836300428974
TX,3167,19103.75575913348
TX,3168,18004.27967072038
TX,3169,17091.195846402584
TX,3170,16594.803642263123
TX,3171,16333.138449054942
TX,3172,16260.673339768424
TX,3173,16513.77006493707
TX,3174,17245.455463214157
TX,3175,18299.346149912974
TX,3176,19239.362043730225
TX,3177,19612.828569137427
TX,3178,19773.72220860616
TX,3179,19962.316365639772
TX,3180,20119.059420635985
TX,3181,20223.17931086034
TX,3182,20305.68451837156
TX,3183,20325.557084542528
TX,3184,20344.20123171185
TX,3185,20512.588512119486
TX,3186,20674.166910209717
TX,3187,20643.18945384181
TX,3188,20546.73395149982
TX,3189,20383.675876327025
TX,3190,19950.259744457284
TX,3191,18843.820242107682
TX,3192,17678.41158198959
TX,3193,16966.590563179885
TX,3194,16445.97324329546
TX,3195,16160.535615638345
TX,3196,16074.199910502326
TX,3197,16299.29797445069
TX,3198,16965.058287231166
TX,3199,17926.64466310675
TX,3200,18885.5615691329
TX,3201,19370.122535765915
TX,3202,19641.96056975177
TX,3203,19825.019946469226
TX,3204,19934.928710686993
TX,3205,19947.97044973665
TX,3206,19979.96160249747
TX,3207,19906.970630791342
TX,3208,19897.37785207317
TX,3209,19998.03556524827
TX,3210,20167.460553795383
TX,3211,20198.943469624442
TX,3212,20210.891968904892
TX,3213,20182.81034781265
TX,3214,19816.77718617322
TX,3215,18733.941540907235
TX,3216,17603.7570147412
TX,3217,16788.720591886236
TX,3218,16289.745536309784
TX,3219,16027.239836358227
TX,3220,15966.595709755934
TX,3221,16204.07123089804
TX,3222,16875.7620309638
TX,3223,17851.60611058768
TX,3224,18749.931237422857
TX,3225,19122.237203962246
TX,3226,19290.453441616847
TX,3227,19363.68965709193
TX,3228,19450.453482876963
TX,3229,19488.156437794252
TX,3230,19504.874813534208
TX,3231,19469.566590597132
TX,3232,19473.630460292238
TX,3233,19634.79729361735
TX,3234,19873.864656172564
TX,3235,20003.04106553823
TX,3236,20028.433802623894
TX,3237,20040.132060288208
TX,3238,19733.71355117789
TX,3239,18675.290647843575
TX,3240,17557.987298598878
TX,3241,16978.18214480987
TX,3242,16468.812234412326
TX,3243,16195.32749728887
TX,3244,16119.148480145935
TX,3245,16373.865457048893
TX,3246,17081.432977524646
TX,3247,18136.229941896296
TX,3248,19116.768094573665
TX,3249,19525.727872750117
TX,3250,19775.597499978936
TX,3251,20030.630676180603
TX,3252,20251.85922608486
TX,3253,20386.93475408278
TX,3254,20497.616252532886
TX,3255,20538.162901760376
TX,3256,20591.152792296416
TX,3257,20754.234263474416
TX,3258,20930.20563616176
TX,3259,20950.44581957927
TX,3260,20859.4219892178
TX,3261,20703.681686225647
TX,3262,20248.99341416004
TX,3263,19072.766258740614
TX,3264,17882.285823370392
TX,3265,16970.241803865672
TX,3266,16466.40301020435
TX,3267,16200.327371069026
TX,3268,16133.060411294565
TX,3269,16397.31131374604
TX,3270,17169.425508562266
TX,3271,18312.885985212674
TX,3272,19300.3985953898
TX,3273,19722.08954178532
TX,3274,20001.579962689558
TX,3275,20228.46366454551
TX,3276,20375.315196075377
TX,3277,20462.004434047472
TX,3278,20562.88923010687
TX,3279,20564.640155695447
TX,3280,20567.042993024458
TX,3281,20655.462345582208
TX,3282,20819.34862464342
TX,3283,20806.78089492495
TX,3284,20717.867317666823
TX,3285,20600.15800210588
TX,3286,20142.026099474617
TX,3287,19005.90592147301
TX,3288,17849.030489858798
TX,3289,17084.671308654176
TX,3290,16566.208675179702
TX,3291,16292.100810940696
TX,3292,16222.467718705634
TX,3293,16485.249476954483
TX,3294,17226.523893935045
TX,3295,18279.83130274622
TX,3296,19273.68685926804
TX,3297,19784.915874074162
TX,3298,20078.777012585714
TX,3299,20298.91231575223
TX,3300,20507.522352939226
TX,3301,20618.362841471154
TX,3302,20729.655220829088
TX,3303,20732.11579265452
TX,3304,20777.037249684238
TX,3305,20916.891992542542
TX,3306,21053.135762099725
TX,3307,21040.129980743306
TX,3308,20945.574910658685
TX,3309,20824.306291891144
TX,3310,20341.004603591827
TX,3311,19177.537687024387
TX,3312,18023.118895317968
TX,3313,17279.88245329026
TX,3314,16740.172811672636
TX,3315,16416.61047811941
TX,3316,16330.978505105612
TX,3317,16576.025766887053
TX,3318,17271.135131209768
TX,3319,18316.751767508393
TX,3320,19367.586196454617
TX,3321,19921.384931485267
TX,3322,20311.61746586502
TX,3323,20690.75713733502
TX,3324,20952.195026678538
TX,3325,21104.59717019734
TX,3326,21173.143673802166
TX,3327,21120.371284547296
TX,3328,21125.66471053124
TX,3329,21226.156064621293
TX,3330,21331.764390933696
TX,3331,21253.22079493416
TX,3332,21110.92162770476
TX,3333,20981.72431329436
TX,3334,20501.42246505464
TX,3335,19379.365718492856
TX,3336,18239.999940661434
TX,3337,17145.46500918149
TX,3338,16633.84859525493
TX,3339,16354.932134376647
TX,3340,16280.840927506546
TX,3341,16529.400219275495
TX,3342,17260.382783895167
TX,3343,18345.90147968413
TX,3344,19367.99236602891
TX,3345,19812.09926513339
TX,3346,20045.732226418217
TX,3347,20210.012794456922
TX,3348,20301.174074140157
TX,3349,20368.228256001395
TX,3350,20412.028217323453
TX,3351,20380.849211308142
TX,3352,20368.19673807184
TX,3353,20466.12613059122
TX,3354,20597.655819172694
TX,3355,20610.304153683355
TX,3356,20539.30775748445
TX,3357,20482.123585901256
TX,3358,20158.76448265863
TX,3359,19079.87038358372
TX,3360,17964.888734229657
TX,3361,17064.236504270408
TX,3362,16549.467671022153
TX,3363,16250.00189183845
TX,3364,16145.92078839104
TX,3365,16390.26805894467
TX,3366,17070.243736945578
TX,3367,18055.31496240918
TX,3368,18993.545178071418
TX,3369,19413.00907579619
TX,3370,19684.644650359328
TX,3371,19945.42883737165
TX,3372,20161.2727820808
TX,3373,20274.357129343016
TX,3374,20388.537988932235
TX,3375,20415.64866757254
TX,3376,20494.218494142242
TX,3377,20688.560380505788
TX,3378,20881.561169511805
TX,3379,20889.35916220986
TX,3380,20750.375721976273
TX,3381,20521.843954955575
TX,3382,20046.05500257939
TX,3383,18954.64132062118
TX,3384,17857.10068021903
TX,3385,17195.136585060165
TX,3386,16669.41461557032
TX,3387,16394.277930971654
TX,3388,16280.893417837998
TX,3389,16499.128388241875
TX,3390,17136.051970036313
TX,3391,18121.81871690874
TX,3392,19071.127030686142
TX,3393,19558.07628160433
TX,3394,19988.27051076754
TX,3395,20315.98431546932
TX,3396,20596.76113584069
TX,3397,20839.29730564973
TX,3398,21024.415240509768
TX,3399,21118.75168373428
TX,3400,21191.479113077722
TX,3401,21388.190670970875
TX,3402,21577.75965842121
TX,3403,21574.1971216924
TX,3404,21378.460774443216
TX,3405,21172.259420239293
TX,3406,20621.756785901788
TX,3407,19415.536308825263
TX,3408,18207.89608835358
TX,3409,17304.712717420866
TX,3410,16769.855115988367
TX,3411,16467.557413056227
TX,3412,16366.550383925333
TX,3413,16608.458827897113
TX,3414,17320.430985659314
TX,3415,18356.823484646338
TX,3416,19387.87989110812
TX,3417,19881.70751389903
TX,3418,20166.903955395362
TX,3419,20438.206063699482
TX,3420,20660.846649243148
TX,3421,20799.673239208644
TX,3422,20923.90601094661
TX,3423,20953.746722955856
TX,3424,21012.2555570355
TX,3425,21141.761850586256
TX,3426,21283.89433569105
TX,3427,21251.274448921514
TX,3428,21163.986255656337
TX,3429,21020.389309998198
TX,3430,20599.191506417355
TX,3431,19438.041596092226
TX,3432,18222.648189608105
TX,3433,17067.366705714242
TX,3434,16556.21118663006
TX,3435,16272.006041796555
TX,3436,16203.481506942115
TX,3437,16468.41318076878
TX,3438,17236.967613366986
TX,3439,18363.48372402532
TX,3440,19402.692322846626
TX,3441,19856.69257271313
TX,3442,20155.916067138687
TX,3443,20423.83966473096
TX,3444,20609.82470742277
TX,3445,20774.081155560907
TX,3446,20892.218122325538
TX,3447,20920.435787198212
TX,3448,20939.530456232795
TX,3449,21087.84861494242
TX,3450,21242.351809086497
TX,3451,21213.92526971553
TX,3452,21080.712426961007
TX,3453,20908.500476972844
TX,3454,20434.505393743187
TX,3455,19281.363780577447
TX,3456,18080.740590395003
TX,3457,17277.99162658543
TX,3458,16722.644681157497
TX,3459,16419.51194927142
TX,3460,16311.919568515457
TX,3461,16545.003277520568
TX,3462,17241.298801790354
TX,3463,18292.54105744251
TX,3464,19310.770172604855
TX,3465,19823.295205563014
TX,3466,20138.71729126983
TX,3467,20368.496795628012
TX,3468,20582.658699656935
TX,3469,20721.785636799833
TX,3470,20840.961703688105
TX,3471,20873.9131897639
TX,3472,20891.85829193935
TX,3473,21016.555255797787
TX,3474,21143.82903518975
TX,3475,21106.234987421267
TX,3476,21021.51833496626
TX,3477,20834.93335594635
TX,3478,20376.593468981323
TX,3479,19231.23128733677
TX,3480,18052.74415634783
TX,3481,17415.155928317937
TX,3482,16856.028546313507
TX,3483,16508.457918832793
TX,3484,16396.180712481332
TX,3485,16608.758614109547
TX,3486,17254.183094831067
TX,3487,18273.841808204608
TX,3488,19319.2415818999
TX,3489,19842.535985028025
TX,3490,20149.15985253096
TX,3491,20377.67565949877
TX,3492,20543.064616057965
TX,3493,20661.44203854449
TX,3494,20757.28259127675
TX,3495,20795.282058091324
TX,3496,20836.29566735408
TX,3497,21018.6360880412
TX,3498,21178.2003526361
TX,3499,21194.804408758184
TX,3500,21094.84881576567
TX,3501,20892.876332582922
TX,3502,20438.106039152874
TX,3503,19324.56835130923
TX,3504,18137.531331756566
TX,3505,17348.45999579565
TX,3506,16788.108801241798
TX,3507,16458.139819802387
TX,3508,16357.30030465652
TX,3509,16551.657245047995
TX,3510,17153.456385794485
TX,3511,18102.709747500448
TX,3512,19121.36525261772
TX,3513,19731.038362460943
TX,3514,20184.05950515853
TX,3515,20528.521763620017
TX,3516,20738.52764836211
TX,3517,20888.20789373808
TX,3518,20945.473625685207
TX,3519,20968.638823600607
TX,3520,21006.708674067156
TX,3521,21172.63160863324
TX,3522,21330.333071553365
TX,3523,21331.111904469434
TX,3524,21165.20514627332
TX,3525,20947.980500124775
TX,3526,20478.38716069735
TX,3527,19402.975606924592
TX,3528,18247.471389872445
TX,3529,17230.431744175917
TX,3530,16705.2417725047
TX,3531,16394.626966396032
TX,3532,16274.06115538051
TX,3533,16482.420762820166
TX,3534,17112.28841781384
TX,3535,18118.922933153925
TX,3536,19122.917557551464
TX,3537,19641.425926821565
TX,3538,19949.019001729834
TX,3539,20201.611399879145
TX,3540,20395.980388258057
TX,3541,20568.610216529695
TX,3542,20696.40498164046
TX,3543,20741.423100958176
TX,3544,20799.077520869357
TX,3545,20954.10084471706
TX,3546,21139.329468047407
TX,3547,21123.06187689815
TX,3548,21012.412878088043
TX,3549,20837.709599108866
TX,3550,20400.069735093766
TX,3551,19344.460818003228
TX,3552,18156.366454909993
TX,3553,17200.96919399449
TX,3554,16651.193221362224
TX,3555,16343.695820633155
TX,3556,16234.47094049264
TX,3557,16436.105719685656
TX,3558,16995.87428977061
TX,3559,17833.22269127385
TX,3560,18754.76665579829
TX,3561,19423.369036466177
TX,3562,19926.9666871735
TX,3563,20349.164233254097
TX,3564,20648.995409349016
TX,3565,20869.108295048484
TX,3566,21005.362071063402
TX,3567,21081.964197160488
TX,3568,21209.108952868228
TX,3569,21451.2000074427
TX,3570,21660.555408222834
TX,3571,21656.692996980837
TX,3572,21496.888510538742
TX,3573,21191.660900740285
TX,3574,20639.863432648035
TX,3575,19464.677435532185
TX,3576,18279.233301552697
TX,3577,17409.739751728132
TX,3578,16845.54935936686
TX,3579,16527.481680099232
TX,3580,16419.076274567608
TX,3581,16633.29794758848
TX,3582,17279.315158751984
TX,3583,18250.098821054998
TX,3584,19298.7478383126
TX,3585,19989.617526275737
TX,3586,20412.47971798265
TX,3587,20771.55747381833
TX,3588,21090.02235932602
TX,3589,21292.383367493237
TX,3590,21497.61516690742
TX,3591,21578.482385206627
TX,3592,21707.029168593966
TX,3593,21910.152311915407
TX,3594,22078.21833367243
TX,3595,22031.582302865974
TX,3596,21822.537934331447
TX,3597,21552.46297772302
TX,3598,21039.418042182476
TX,3599,19906.133949885305
TX,3600,18676.766716659444
TX,3601,17525.48777396486
TX,3602,16960.777458384804
TX,3603,16633.493165134382
TX,3604,16522.439025747484
TX,3605,16752.68916551486
TX,3606,17433.776896731228
TX,3607,18456.648798337813
TX,3608,19461.610041008818
TX,3609,20003.811801105932
TX,3610,20430.560016388892
TX,3611,20864.841455719326
TX,3612,21222.497372314226
TX,3613,21473.87829243962
TX,3614,21677.129244640657
TX,3615,21766.676573808272
TX,3616,21825.938369884017
TX,3617,22015.83913103425
TX,3618,22134.52087506316
TX,3619,22065.819388396875
TX,3620,21829.821297832886
TX,3621,21521.33801292925
TX,3622,20958.5481408723
TX,3623,19736.26635103144
TX,3624,18513.9935494364
TX,3625,19097.998180347673
TX,3626,18340.1639630399
TX,3627,17811.640692148085
TX,3628,17571.722324981494
TX,3629,17688.327549330644
TX,3630,18023.050303112967
TX,3631,18707.445582302057
TX,3632,19670.205435944027
TX,3633,20513.545127572385
TX,3634,21176.81447370464
TX,3635,21864.68209002436
TX,3636,22447.480502980905
TX,3637,22937.288305438
TX,3638,23334.255870510972
TX,3639,23577.80257645345
TX,3640,23936.186788207067
TX,3641,24267.533194552485
TX,3642,24349.889859897697
TX,3643,24437.293901501427
TX,3644,24255.055339408376
TX,3645,23663.60528738789
TX,3646,22899.98800049047
TX,3647,21614.02145883212
TX,3648,20127.176954746467
TX,3649,19037.129565907914
TX,3650,18254.697729807948
TX,3651,17742.88070152921
TX,3652,17485.66347413253
TX,3653,17567.583037049065
TX,3654,17869.999263597727
TX,3655,18479.59993447402
TX,3656,19425.556101512843
TX,3657,20049.937201181443
TX,3658,20582.908034043044
TX,3659,21104.696263447337
TX,3660,21525.47047542039
TX,3661,21959.961454244674
TX,3662,22335.20042713473
TX,3663,22669.82731938071
TX,3664,22921.888196040662
TX,3665,23288.44265715631
TX,3666,23536.392142705548
TX,3667,23595.449016896684
TX,3668,23650.443386532373
TX,3669,23256.98924232575
TX,3670,22679.56349118678
TX,3671,21492.668445241584
TX,3672,20041.723444306026
TX,3673,18631.254932730116
TX,3674,17913.78621577061
TX,3675,17418.799289578295
TX,3676,17193.389941749725
TX,3677,17316.074373294594
TX,3678,17641.15777955807
TX,3679,18309.832442655303
TX,3680,19292.745853284917
TX,3681,20005.993178892826
TX,3682,20647.82593249004
TX,3683,21338.316253337812
TX,3684,21844.12586491085
TX,3685,22329.619857649288
TX,3686,22805.903266143915
TX,3687,23179.820919488915
TX,3688,23510.583483959323
TX,3689,23901.37407314179
TX,3690,24133.471977736075
TX,3691,24162.383615087194
TX,3692,24104.308915199343
TX,3693,23568.29844456819
TX,3694,22858.937131075365
TX,3695,21477.61165069432
TX,3696,19987.142376466117
TX,3697,19179.121945265056
TX,3698,18360.80095783119
TX,3699,17833.27937009289
TX,3700,17578.563597170803
TX,3701,17676.205445866735
TX,3702,17968.94009037336
TX,3703,18604.511568412736
TX,3704,19572.619488068145
TX,3705,20445.113599779845
TX,3706,21335.184464453082
TX,3707,22224.91905571612
TX,3708,22971.570577172027
TX,3709,23607.780493675865
TX,3710,24152.45609824542
TX,3711,24604.01327651856
TX,3712,24967.958251891258
TX,3713,25351.626757913113
TX,3714,25540.543115539464
TX,3715,25491.009590940607
TX,3716,25290.796165854378
TX,3717,24601.963726828963
TX,3718,23692.394657569707
TX,3719,22240.33832987128
TX,3720,20650.96846992794
TX,3721,19340.674491642954
TX,3722,18589.238586808463
TX,3723,18043.895141022332
TX,3724,17751.62355544064
TX,3725,17820.844184319697
TX,3726,18116.65915125558
TX,3727,18755.824393954104
TX,3728,19741.42201205406
TX,3729,20598.95815985373
TX,3730,21377.080818043495
TX,3731,22236.59096798388
TX,3732,23010.11678297261
TX,3733,23701.58160901361
TX,3734,24234.49941481538
TX,3735,24682.06956215581
TX,3736,24995.14829680207
TX,3737,25369.167738840336
TX,3738,25533.04641918596
TX,3739,25527.821770369638
TX,3740,25323.858335247028
TX,3741,24689.496450182798
TX,3742,23914.779774848718
TX,3743,22521.3957343366
TX,3744,20948.000507031622
TX,3745,19264.177638299767
TX,3746,18464.24322998229
TX,3747,17910.403668162132
TX,3748,17683.492373150994
TX,3749,17767.319630882753
TX,3750,18072.01140477972
TX,3751,18765.509994369527
TX,3752,19771.531985977138
TX,3753,20501.692689018544
TX,3754,21100.576805567968
TX,3755,21752.266369324754
TX,3756,22381.86258327495
TX,3757,22887.04845548783
TX,3758,23357.14431340048
TX,3759,23724.488107443914
TX,3760,24076.331649580567
TX,3761,24469.781264469226
TX,3762,24685.647825006324
TX,3763,24696.484643980032
TX,3764,24640.996091186956
TX,3765,24169.769287991475
TX,3766,23550.27367059995
TX,3767,22237.689639082525
TX,3768,20694.608193249206
TX,3769,19234.515800995712
TX,3770,18457.25422740141
TX,3771,17920.521347901715
TX,3772,17679.5771554472
TX,3773,17807.790538929176
TX,3774,18198.722836575254
TX,3775,18932.540779621554
TX,3776,19972.2062692205
TX,3777,20664.58412558652
TX,3778,21256.042602230398
TX,3779,21877.809057178364
TX,3780,22485.94062439492
TX,3781,23041.709308851562
TX,3782,23517.894903766816
TX,3783,23824.375336383834
TX,3784,24215.016032900067
TX,3785,24536.073078959195
TX,3786,24710.66205406193
TX,3787,24698.647791180328
TX,3788,24557.17109652118
TX,3789,24040.645332145264
TX,3790,23409.986029333492
TX,3791,22099.798709153223
TX,3792,20593.323222038403
TX,3793,19356.39172497762
TX,3794,18531.43310555523
TX,3795,18001.62583956213
TX,3796,17749.197411784156
TX,3797,17838.918505199807
TX,3798,18171.278120734176
TX,3799,18829.260406005996
TX,3800,19792.778872326107
TX,3801,20441.084077715775
TX,3802,20986.670132466347
TX,3803,21667.56750451909
TX,3804,22273.552995068712
TX,3805,22823.085836686996
TX,3806,23316.01582214192
TX,3807,23694.9584304461
TX,3808,23998.790930033255
TX,3809,24344.494095553088
TX,3810,24554.548760101156
TX,3811,24628.678872723512
TX,3812,24511.516850629466
TX,3813,24002.994943066955
TX,3814,23256.312265311752
TX,3815,21954.071307734573
TX,3816,20496.319976830737
TX,3817,19483.5456454967
TX,3818,18659.600494262172
TX,3819,18087.877112812567
TX,3820,17790.52718841667
TX,3821,17910.85425510612
TX,3822,18205.879565371095
TX,3823,18869.896917914783
TX,3824,19868.12441881769
TX,3825,20766.085059020558
TX,3826,21678.63993852897
TX,3827,22516.57512756118
TX,3828,23219.170619245464
TX,3829,23858.639122055298
TX,3830,24410.94295719227
TX,3831,24787.81806518876
TX,3832,25172.81830505579
TX,3833,25499.821050399415
TX,3834,25750.046726675095
TX,3835,25760.801225412607
TX,3836,25610.63990315723
TX,3837,24913.572249859584
TX,3838,23978.695435121107
TX,3839,22499.221372040424
TX,3840,20904.838618825156
TX,3841,19936.411030580086
TX,3842,19066.759561033383
TX,3843,18515.994651956248
TX,3844,18280.877160982733
TX,3845,18359.11852355132
TX,3846,18682.290775812525
TX,3847,19378.523564431493
TX,3848,20492.86651870721
TX,3849,21455.733889279667
TX,3850,22338.717693754052
TX,3851,23120.840791745508
TX,3852,23819.125789713997
TX,3853,24391.001368458312
TX,3854,24872.311302639993
TX,3855,25180.99245271492
TX,3856,25508.847395792635
TX,3857,25858.299074139374
TX,3858,26023.25992792553
TX,3859,25980.14697043843
TX,3860,25812.15359767044
TX,3861,25157.530062547725
TX,3862,24304.403304590323
TX,3863,22882.294256495467
TX,3864,21260.135280361883
TX,3865,20049.8780008435
TX,3866,19223.43267601297
TX,3867,18632.067757251875
TX,3868,18312.770333972928
TX,3869,18315.580862074604
TX,3870,18590.4971704424
TX,3871,19233.47612346712
TX,3872,20231.214995931623
TX,3873,21007.219315459132
TX,3874,21652.320465112478
TX,3875,22269.20971341564
TX,3876,22783.770223738788
TX,3877,23251.995477714463
TX,3878,23641.90193431274
TX,3879,23918.3590556943
TX,3880,24227.06446348065
TX,3881,24605.91515258231
TX,3882,24862.662029442177
TX,3883,24830.835920294042
TX,3884,24807.969466290068
TX,3885,24252.003989776256
TX,3886,23497.397642653485
TX,3887,22203.89324810111
TX,3888,20705.578752614436
TX,3889,19623.75684154499
TX,3890,18803.144464875007
TX,3891,18253.443613343677
TX,3892,17937.212143127105
TX,3893,18000.856284877152
TX,3894,18270.039322360276
TX,3895,18863.96569249646
TX,3896,19799.48135684134
TX,3897,20584.398330314666
TX,3898,21202.675326039458
TX,3899,21994.183855706954
TX,3900,22667.043439324033
TX,3901,23264.562732020647
TX,3902,23765.565382172202
TX,3903,24127.234593006232
TX,3904,24452.542283235804
TX,3905,24862.78818499425
TX,3906,25098.556088099283
TX,3907,25122.224997992035
TX,3908,25007.48538470726
TX,3909,24464.042718205263
TX,3910,23680.44299034245
TX,3911,22325.868829629155
TX,3912,20804.164398027414
TX,3913,19270.03781043292
TX,3914,18471.94885375462
TX,3915,17940.691707486046
TX,3916,17685.17310189328
TX,3917,17831.204085105114
TX,3918,18147.318264949227
TX,3919,18813.465312197337
TX,3920,19761.199093178842
TX,3921,20550.817507174507
TX,3922,21239.76576481311
TX,3923,22008.52850331356
TX,3924,22717.137075700965
TX,3925,23314.87389214517
TX,3926,23822.577575596746
TX,3927,24236.031429655686
TX,3928,24640.822623439696
TX,3929,25075.344943129576
TX,3930,25324.994479611878
TX,3931,25355.724702863082
TX,3932,25246.475984528562
TX,3933,24622.121132592543
TX,3934,23778.422293307617
TX,3935,22377.186003340796
TX,3936,20836.42300924944
TX,3937,19249.760732997856
TX,3938,18467.455422663196
TX,3939,17942.392065880984
TX,3940,17718.17030041252
TX,3941,17858.59362129509
TX,3942,18244.012017062065
TX,3943,18975.209745969046
TX,3944,19976.881425737698
TX,3945,20746.906398932214
TX,3946,21627.91237893425
TX,3947,22500.398648925287
TX,3948,23277.79272914087
TX,3949,23954.709167275304
TX,3950,24526.74132779766
TX,3951,24944.936022226425
TX,3952,25340.61100465544
TX,3953,25739.20891471377
TX,3954,25929.9672085646
TX,3955,25804.28909155251
TX,3956,25565.004428027642
TX,3957,24847.756110682035
TX,3958,23926.23401239466
TX,3959,22472.532747893794
TX,3960,20877.002303948494
TX,3961,19998.070417553375
TX,3962,19117.23228222799
TX,3963,18522.90117117462
TX,3964,18222.974154629867
TX,3965,18289.015641786424
TX,3966,18593.312326850665
TX,3967,19251.22778728016
TX,3968,20246.689419553526
TX,3969,21169.99772514283
TX,3970,21970.893509968217
TX,3971,22718.018399903727
TX,3972,23383.07995218032
TX,3973,23987.061769040544
TX,3974,24496.656309331204
TX,3975,24858.813040514747
TX,3976,25176.698719684325
TX,3977,25481.079544868127
TX,3978,25679.692801836094
TX,3979,25597.58276985825
TX,3980,25387.996976104223
TX,3981,24640.89278703383
TX,3982,23686.229103366184
TX,3983,22274.177107821544
TX,3984,20766.549470465595
TX,3985,20130.96694608958
TX,3986,19316.603228115337
TX,3987,18735.56406812357
TX,3988,18445.328822971202
TX,3989,18510.077548825194
TX,3990,18777.146199585232
TX,3991,19417.22975786557
TX,3992,20450.190523347327
TX,3993,21338.246793798305
TX,3994,22158.732343536695
TX,3995,23018.97678863185
TX,3996,23671.37037646086
TX,3997,24288.647457437886
TX,3998,24836.06056472217
TX,3999,25300.814280379647
TX,4000,25746.31564213019
TX,4001,26206.868340566313
TX,4002,26447.48336435089
TX,4003,26395.05213978477
TX,4004,26230.940690445056
TX,4005,25512.864989332645
TX,4006,24582.944779400353
TX,4007,23151.61932969013
TX,4008,21557.678533387296
TX,4009,20751.594127248314
TX,4010,19893.171618412612
TX,4011,19277.77328733764
TX,4012,18958.378971517174
TX,4013,18978.67601164168
TX,4014,19253.934440224814
TX,4015,19983.64838064979
TX,4016,21182.066971376013
TX,4017,22227.633525644098
TX,4018,23126.205733740107
TX,4019,23984.746278320237
TX,4020,24720.79096594714
TX,4021,25354.704962636948
TX,4022,25878.15047302347
TX,4023,26243.833108057427
TX,4024,26607.8104443602
TX,4025,26987.1286237039
TX,4026,27136.564183612716
TX,4027,27071.52296365377
TX,4028,26863.39734985406
TX,4029,26242.024125850634
TX,4030,25384.651874965993
TX,4031,23926.46249352213
TX,4032,22307.8177881008
TX,4033,20662.025456102572
TX,4034,19735.1175451253
TX,4035,19132.04851077662
TX,4036,18768.416808414866
TX,4037,18803.58163052718
TX,4038,18997.392325939742
TX,4039,19525.804980662414
TX,4040,20588.319888149034
TX,4041,21592.04175523427
TX,4042,22460.291249355755
TX,4043,23270.683553835433
TX,4044,23856.618607830057
TX,4045,24536.225060303217
TX,4046,25036.448671117746
TX,4047,25484.39919594346
TX,4048,25888.172845735273
TX,4049,26329.12307871605
TX,4050,26594.840577736896
TX,4051,26568.64407381839
TX,4052,26348.180129032514
TX,4053,25642.230037699925
TX,4054,24695.539349460056
TX,4055,23272.976387871047
TX,4056,21661.036160194367
TX,4057,19949.38140664611
TX,4058,19097.07698308885
TX,4059,18508.827385985555
TX,4060,18175.786097295695
TX,4061,18216.121695785652
TX,4062,18476.655428264156
TX,4063,19082.40822631465
TX,4064,20145.849926307204
TX,4065,21096.151908884398
TX,4066,21889.405671574703
TX,4067,22707.453478103705
TX,4068,23415.939544720096
TX,4069,24105.529479900554
TX,4070,24636.05968327023
TX,4071,25071.82539826357
TX,4072,25490.425446687265
TX,4073,25959.662633472526
TX,4074,26238.511369807085
TX,4075,26284.448452818022
TX,4076,26137.450763995112
TX,4077,25508.021777246512
TX,4078,24720.806368102135
TX,4079,23327.703534681483
TX,4080,21756.700431560187
TX,4081,19772.915474139264
TX,4082,18954.41773157733
TX,4083,18395.52003819942
TX,4084,18082.867801613826
TX,4085,18173.855316045977
TX,4086,18495.12532242194
TX,4087,19199.895062060556
TX,4088,20292.293790989444
TX,4089,21177.687392981706
TX,4090,21959.621555885185
TX,4091,22759.63527641475
TX,4092,23456.969329846356
TX,4093,24085.31746886217
TX,4094,24612.135823463074
TX,4095,24963.048717565044
TX,4096,25358.828009622457
TX,4097,25772.742513495825
TX,4098,26040.91581097082
TX,4099,26087.297702114153
TX,4100,25919.137875032042
TX,4101,25270.61944656614
TX,4102,24417.147304252392
TX,4103,22994.0313308276
TX,4104,21352.058817635257
TX,4105,20293.93131732712
TX,4106,19397.998825177478
TX,4107,18781.684457094386
TX,4108,18466.118411065295
TX,4109,18511.066166079875
TX,4110,18844.98128269239
TX,4111,19608.110001067335
TX,4112,20771.255704344462
TX,4113,21726.787573235
TX,4114,22624.529300893265
TX,4115,23480.592171688468
TX,4116,24174.299071658233
TX,4117,24771.763034972114
TX,4118,25224.146725070753
TX,4119,25533.50665054263
TX,4120,25838.629736348604
TX,4121,26073.001719596366
TX,4122,26216.873118841253
TX,4123,26172.804212420427
TX,4124,25973.98392660391
TX,4125,25215.73947890905
TX,4126,24312.140293711693
TX,4127,22896.75866353039
TX,4128,21357.859082777686
TX,4129,20421.8626808337
TX,4130,19529.68472404396
TX,4131,18927.863466287295
TX,4132,18611.34706755318
TX,4133,18702.318478812103
TX,4134,18995.72927039945
TX,4135,19655.215448252186
TX,4136,20720.17104647257
TX,4137,21718.480607234497
TX,4138,22500.26207840919
TX,4139,23331.536235088507
TX,4140,24053.935353272884
TX,4141,24595.62996029059
TX,4142,25073.33708047962
TX,4143,25437.03285787565
TX,4144,25820.158383867366
TX,4145,26273.105239413283
TX,4146,26526.51108357162
TX,4147,26519.68868699033
TX,4148,26391.51425753881
TX,4149,25746.930765801554
TX,4150,24855.192499950366
TX,4151,23456.923549903753
TX,4152,21862.737510225454
TX,4153,19952.02988417774
TX,4154,19126.288761193678
TX,4155,18570.419539223852
TX,4156,18261.392024758756
TX,4157,18330.882246619193
TX,4158,18608.33366025872
TX,4159,19235.953201075287
TX,4160,20244.599897383715
TX,4161,21113.857084517253
TX,4162,21904.112856099097
TX,4163,22708.583459216687
TX,4164,23512.467652542927
TX,4165,24217.84329433027
TX,4166,24833.037043559674
TX,4167,25266.41776566801
TX,4168,25730.66490225356
TX,4169,26208.09880607049
TX,4170,26489.126067122395
TX,4171,26431.107604505605
TX,4172,26260.638583792407
TX,4173,25592.098120853937
TX,4174,24732.22316420336
TX,4175,23269.761711208073
TX,4176,21646.307529677493
TX,4177,20187.02440449999
TX,4178,19289.018858567268
TX,4179,18711.169582129088
TX,4180,18438.983306707264
TX,4181,18518.68647370677
TX,4182,18831.127558760883
TX,4183,19477.750383858883
TX,4184,20543.107484894108
TX,4185,21580.872042533837
TX,4186,22527.684568029613
TX,4187,23448.565133099454
TX,4188,24172.86946940377
TX,4189,24759.754260329096
TX,4190,25309.797833232444
TX,4191,25760.366155339593
TX,4192,26086.348429895025
TX,4193,26412.84316750834
TX,4194,26572.06721132343
TX,4195,26437.181855242144
TX,4196,26215.14209453858
TX,4197,25484.559678703153
TX,4198,24595.41777602003
TX,4199,23117.982222106836
TX,4200,21499.904308161984
TX,4201,20374.942848051646
TX,4202,19533.137720690046
TX,4203,18943.553455012356
TX,4204,18604.429243235536
TX,4205,18653.474161452998
TX,4206,18907.627911984825
TX,4207,19521.71963290015
TX,4208,20539.350782907388
TX,4209,21479.05708705399
TX,4210,22294.912785598477
TX,4211,23086.763799388233
TX,4212,23723.625621223313
TX,4213,24308.52695339822
TX,4214,24774.925764766408
TX,4215,25117.941560913092
TX,4216,25457.12972068635
TX,4217,25774.70420626763
TX,4218,25987.298258068474
TX,4219,25910.993515617783
TX,4220,25682.654351343693
TX,4221,25032.979526241032
TX,4222,24232.33911680066
TX,4223,22872.165844886812
TX,4224,21307.00888489752
TX,4225,20293.901765981786
TX,4226,19454.108417459707
TX,4227,18876.41907553241
TX,4228,18583.324058675963
TX,4229,18653.810233656564
TX,4230,18912.45391383453
TX,4231,19522.687172189023
TX,4232,20578.078258147563
TX,4233,21507.211168066615
TX,4234,22284.090181555133
TX,4235,23068.601047820934
TX,4236,23794.626939051046
TX,4237,24389.55478221555
TX,4238,24950.665304792953
TX,4239,25379.737534410207
TX,4240,25764.454558416514
TX,4241,26104.05504391574
TX,4242,26328.072208694877
TX,4243,26330.95810646788
TX,4244,26137.56161818433
TX,4245,25501.652349045123
TX,4246,24648.20475570098
TX,4247,23285.773274021643
TX,4248,21680.42358941469
TX,4249,20282.163491020345
TX,4250,19522.599272511407
TX,4251,18940.434529476516
TX,4252,18637.150841202182
TX,4253,18695.050341377097
TX,4254,18957.63452974699
TX,4255,19611.187889128615
TX,4256,20692.85789764981
TX,4257,21594.563016324955
TX,4258,22386.778462824207
TX,4259,23184.88380205804
TX,4260,23902.98120649456
TX,4261,24513.59300526128
TX,4262,25010.55628580082
TX,4263,25448.51770671345
TX,4264,25841.930049627795
TX,4265,26297.405841001865
TX,4266,26584.200095317748
TX,4267,26580.935648752217
TX,4268,26313.280196706046
TX,4269,25648.518715595383
TX,4270,24747.351152216346
TX,4271,23344.121878780683
TX,4272,21724.489946430012
TX,4273,20576.53450142622
TX,4274,19726.52883065758
TX,4275,19147.147053708938
TX,4276,18863.400971432476
TX,4277,18953.424128759117
TX,4278,19249.532111396565
TX,4279,20014.04936467829
TX,4280,21182.818280524558
TX,4281,22137.775838401257
TX,4282,22957.235432475443
TX,4283,23825.78990673818
TX,4284,24593.689262459428
TX,4285,25257.33092230634
TX,4286,25839.07123932845
TX,4287,26195.189071683664
TX,4288,26485.396558773967
TX,4289,26804.495335042837
TX,4290,26948.960372408262
TX,4291,26887.558098821476
TX,4292,26622.947954496187
TX,4293,25915.389460954902
TX,4294,25079.055678389434
TX,4295,23723.88511687716
TX,4296,22077.515887749804
TX,4297,21694.891131609012
TX,4298,20746.485681149704
TX,4299,20101.840327993468
TX,4300,19747.72532787728
TX,4301,19799.63422164469
TX,4302,20077.030629204568
TX,4303,20733.697879787474
TX,4304,21850.108983340768
TX,4305,22886.627559652382
TX,4306,23843.74954269174
TX,4307,24839.35917114512
TX,4308,25683.13611081534
TX,4309,26391.709126344065
TX,4310,27000.174340685767
TX,4311,27478.891085968957
TX,4312,27941.409064054216
TX,4313,28367.7140727769
TX,4314,28637.31925185601
TX,4315,28583.723582736003
TX,4316,28358.988692033115
TX,4317,27585.931199488453
TX,4318,26540.294935569342
TX,4319,25073.00025805489
TX,4320,23396.5253824756
TX,4321,22661.806088070634
TX,4322,21696.666883735638
TX,4323,20960.018971156835
TX,4324,20538.73110670044
TX,4325,20472.30643833196
TX,4326,20670.844474926458
TX,4327,21351.13354434107
TX,4328,22619.03036003803
TX,4329,23732.51401812001
TX,4330,24767.05355151104
TX,4331,25813.97999683824
TX,4332,26686.380291469114
TX,4333,27426.136642055123
TX,4334,28011.191580441935
TX,4335,28411.760653086976
TX,4336,28746.113239552457
TX,4337,29119.998584243877
TX,4338,29287.653253922688
TX,4339,29149.900012513893
TX,4340,28822.856922890185
TX,4341,27921.0032718667
TX,4342,26782.865145041196
TX,4343,25123.464441131986
TX,4344,23379.77005614398
TX,4345,22132.15338823262
TX,4346,21137.79412608783
TX,4347,20407.12244810191
TX,4348,20030.199036491286
TX,4349,20051.179088700867
TX,4350,20331.62575256185
TX,4351,20799.622560371237
TX,4352,21620.622070494402
TX,4353,22518.104559877127
TX,4354,23442.640182430246
TX,4355,24428.188880727355
TX,4356,25370.87072328897
TX,4357,26191.190231780652
TX,4358,26918.327789560827
TX,4359,27455.248454788137
TX,4360,27864.127225506643
TX,4361,28249.87890650426
TX,4362,28457.997701540048
TX,4363,28396.52964226862
TX,4364,28152.120985458048
TX,4365,27295.59424524251
TX,4366,26248.745311670163
TX,4367,24789.172496096505
TX,4368,23211.595108547055
TX,4369,21392.380871442413
TX,4370,20418.901822078787
TX,4371,19774.79925219549
TX,4372,19404.52396087077
TX,4373,19424.64548965346
TX,4374,19645.024941699212
TX,4375,19979.708694317388
TX,4376,20701.838829380648
TX,4377,21412.613981188198
TX,4378,22292.469155905643
TX,4379,23292.659933140648
TX,4380,24189.277703485107
TX,4381,25010.30904405949
TX,4382,25787.90452081071
TX,4383,26374.017802251743
TX,4384,26880.629920471446
TX,4385,27362.435913771176
TX,4386,27671.481831354388
TX,4387,27647.96357708099
TX,4388,27374.541858297658
TX,4389,26460.02194306772
TX,4390,25346.275298185486
TX,4391,23884.244750945687
TX,4392,22309.670285848664
TX,4393,21284.651346603496
TX,4394,20391.375782713677
TX,4395,19703.09200711646
TX,4396,19348.694901378014
TX,4397,19323.543168591684
TX,4398,19600.730039484713
TX,4399,19870.743284943536
TX,4400,20566.95397886438
TX,4401,21509.66551167004
TX,4402,22475.564121287558
TX,4403,23617.60764505986
TX,4404,24647.726075056635
TX,4405,25575.58642886765
TX,4406,26409.17371240432
TX,4407,27055.303786968977
TX,4408,27541.010539591372
TX,4409,28057.11989025363
TX,4410,28360.457872286354
TX,4411,28350.07055797405
TX,4412,28048.36088525635
TX,4413,27151.517995252828
TX,4414,26137.279311489728
TX,4415,24694.22073901284
TX,4416,23146.70144957211
TX,4417,22050.579402734023
TX,4418,21080.661362201
TX,4419,20405.171524476454
TX,4420,19945.65494865143
TX,4421,19874.240328966433
TX,4422,20009.07537897083
TX,4423,20271.288591876935
TX,4424,20852.067161482587
TX,4425,21680.2277532059
TX,4426,22823.416340319845
TX,4427,24009.411224990124
TX,4428,24990.350265809095
TX,4429,25778.48091768412
TX,4430,26508.558112078124
TX,4431,27069.136018795945
TX,4432,27587.7905435592
TX,4433,28114.381522396393
TX,4434,28456.492963604244
TX,4435,28423.190746160717
TX,4436,28189.743806777855
TX,4437,27282.834522264963
TX,4438,26247.20841859537
TX,4439,24837.04381893961
TX,4440,23435.329618671645
TX,4441,21012.329289318878
TX,4442,20078.79700043279
TX,4443,19404.734485951753
TX,4444,19077.689424667824
TX,4445,19131.236093795245
TX,4446,19485.637267626966
TX,4447,19880.587519168866
TX,4448,20627.87424831695
TX,4449,21659.38353411174
TX,4450,22772.833507718563
TX,4451,23968.10402871222
TX,4452,24979.782257416044
TX,4453,25849.590238798783
TX,4454,26620.709437106424
TX,4455,27136.580739454605
TX,4456,27575.083000278276
TX,4457,28010.28463326075
TX,4458,28253.627446468176
TX,4459,28156.272667573564
TX,4460,27808.32898677326
TX,4461,26830.572389223285
TX,4462,25745.632174752416
TX,4463,24199.472240068097
TX,4464,22628.99712783622
TX,4465,22357.095808848584
TX,4466,21382.99338671534
TX,4467,20617.175610555208
TX,4468,20198.352454478446
TX,4469,20157.756630555134
TX,4470,20394.98441081352
TX,4471,20858.144424103184
TX,4472,21802.162833315688
TX,4473,22751.338592749086
TX,4474,23780.77352332625
TX,4475,24862.9571792566
TX,4476,25855.48552697507
TX,4477,26701.597618287167
TX,4478,27412.797474903407
TX,4479,27880.678449992317
TX,4480,28292.767610943507
TX,4481,28645.862975225846
TX,4482,28820.617156249057
TX,4483,28756.60732192796
TX,4484,28450.88227407621
TX,4485,27576.023080773698
TX,4486,26574.132348692643
TX,4487,25084.119411962906
TX,4488,23428.154992535383
TX,4489,22169.989946756406
TX,4490,21218.177114316394
TX,4491,20512.774797044475
TX,4492,20098.04926626929
TX,4493,20076.321893213162
TX,4494,20371.845688844807
TX,4495,20784.952061309347
TX,4496,21678.87266204446
TX,4497,22713.34678408436
TX,4498,23724.995735104343
TX,4499,24788.88582080504
TX,4500,25806.248406595792
TX,4501,26681.22174136869
TX,4502,27467.21843866201
TX,4503,28056.159883070595
TX,4504,28484.0146864737
TX,4505,28935.816051628738
TX,4506,29184.8517605068
TX,4507,29085.732561414748
TX,4508,28837.082573245027
TX,4509,27920.932741418927
TX,4510,26840.52719995135
TX,4511,25304.590547376474
TX,4512,23662.38401890049
TX,4513,22046.38720162187
TX,4514,21170.381779902993
TX,4515,20465.0822325312
TX,4516,20105.946184918864
TX,4517,20103.04462389185
TX,4518,20401.663916825033
TX,4519,20849.767603426354
TX,4520,21657.359668070264
TX,4521,22608.32831758667
TX,4522,23624.40732898144
TX,4523,24657.889222637387
TX,4524,25629.789406757265
TX,4525,26467.77855688189
TX,4526,27184.397715411446
TX,4527,27726.788601098967
TX,4528,28172.879354749323
TX,4529,28601.602103425517
TX,4530,28851.59637192102
TX,4531,28797.787546928454
TX,4532,28515.47691445797
TX,4533,27574.90960038163
TX,4534,26381.603631689384
TX,4535,24814.326052183127
TX,4536,23108.71611717392
TX,4537,21370.52784811508
TX,4538,20417.01759131573
TX,4539,19748.00718922952
TX,4540,19367.51873521614
TX,4541,19374.770983169462
TX,4542,19655.33970040088
TX,4543,20000.023434859074
TX,4544,20812.88408925024
TX,4545,21662.03778933064
TX,4546,22684.830358223092
TX,4547,23751.273827052565
TX,4548,24686.69779776529
TX,4549,25571.72986727214
TX,4550,26370.17154879866
TX,4551,27002.352513029383
TX,4552,27558.47243464825
TX,4553,28110.050536431206
TX,4554,28466.367402852093
TX,4555,28489.53631999834
TX,4556,28227.769128392307
TX,4557,27290.55350900551
TX,4558,26196.806996495393
TX,4559,24680.44322289369
TX,4560,23072.983092401483
TX,4561,21550.4363605719
TX,4562,20668.160550724757
TX,4563,19982.196684732205
TX,4564,19587.430807809362
TX,4565,19622.50745464174
TX,4566,19895.649613468404
TX,4567,20303.45661909311
TX,4568,21154.33840541604
TX,4569,22011.862893690697
TX,4570,23010.482833132517
TX,4571,24138.6671680874
TX,4572,25122.840140230917
TX,4573,26010.194970336876
TX,4574,26766.925296377497
TX,4575,27347.95691379716
TX,4576,27886.49781032788
TX,4577,28417.086853903058
TX,4578,28731.20729295618
TX,4579,28753.90490111091
TX,4580,28435.434012070875
TX,4581,27468.66161274349
TX,4582,26415.881897630285
TX,4583,24879.22855645768
TX,4584,23257.13234893216
TX,4585,21676.064366153646
TX,4586,20698.51863978646
TX,4587,19997.18309454026
TX,4588,19614.858563828253
TX,4589,19646.093685038355
TX,4590,19966.47102765954
TX,4591,20418.070923576426
TX,4592,21247.14890083482
TX,4593,22049.482323982726
TX,4594,22962.536059578607
TX,4595,23898.108523093928
TX,4596,24867.94468249414
TX,4597,25691.917487783904
TX,4598,26421.237568383386
TX,4599,26971.369786378833
TX,4600,27466.16053496232
TX,4601,27896.89220476518
TX,4602,28188.58223559298
TX,4603,28143.06677419333
TX,4604,27840.134705487095
TX,4605,26905.332276320756
TX,4606,25834.2439027457
TX,4607,24337.1167987784
TX,4608,22781.170082995445
TX,4609,21643.51203017069
TX,4610,20697.582556520086
TX,4611,20004.4782692906
TX,4612,19625.097867879802
TX,4613,19653.1269706809
TX,4614,20060.418001662075
TX,4615,20537.662647266497
TX,4616,21373.946577950548
TX,4617,22236.435972876258
TX,4618,23122.536536805036
TX,4619,24140.86277177136
TX,4620,25046.19359590919
TX,4621,25866.590493870806
TX,4622,26622.893471819584
TX,4623,27133.635235306958
TX,4624,27634.14958772426
TX,4625,28103.543823152883
TX,4626,28420.06636865559
TX,4627,28438.400474850244
TX,4628,28142.59835013599
TX,4629,27214.561271917056
TX,4630,26123.874897258396
TX,4631,24532.68247404507
TX,4632,22978.2004257824
TX,4633,21682.160112250603
TX,4634,20751.661902172646
TX,4635,20079.226725992285
TX,4636,19751.853686564047
TX,4637,19785.633928758987
TX,4638,20148.563204837696
TX,4639,20544.470699304632
TX,4640,21269.730667672007
TX,4641,22194.277558797374
TX,4642,23201.221231437632
TX,4643,24291.133948444596
TX,4644,25289.732322795704
TX,4645,26125.734333496034
TX,4646,26908.743518041295
TX,4647,27486.980514745106
TX,4648,27957.392625629062
TX,4649,28445.412001006773
TX,4650,28772.946744599658
TX,4651,28730.334050138417
TX,4652,28397.00710522209
TX,4653,27327.188618384213
TX,4654,26153.600895184322
TX,4655,24580.095653356345
TX,4656,22992.1942468529
TX,4657,21502.118127327027
TX,4658,20534.70689432123
TX,4659,19844.113275070015
TX,4660,19493.34710909757
TX,4661,19531.25500076937
TX,4662,19880.08096406113
TX,4663,20307.77034300319
TX,4664,21067.967241147084
TX,4665,22139.147652111333
TX,4666,23269.460922219153
TX,4667,24447.00487785938
TX,4668,25457.856562908436
TX,4669,26318.475121943315
TX,4670,27096.792340342542
TX,4671,27678.506145656392
TX,4672,28142.524873526664
TX,4673,28595.147482246258
TX,4674,28809.758546750945
TX,4675,28711.81002877783
TX,4676,28381.751046475323
TX,4677,27375.783497667374
TX,4678,26269.535402488174
TX,4679,24706.74574462707
TX,4680,23096.583985848433
TX,4681,22368.974604217485
TX,4682,21361.77580520333
TX,4683,20623.760132303957
TX,4684,20211.266913785433
TX,4685,20242.17548811015
TX,4686,20559.13742763604
TX,4687,21090.55868134223
TX,4688,22016.973116944936
TX,4689,23075.277121277328
TX,4690,24188.313834876258
TX,4691,25310.135039876922
TX,4692,26346.9926599732
TX,4693,27256.537229565424
TX,4694,28030.244729130818
TX,4695,28544.940189418234
TX,4696,28940.968264003015
TX,4697,29390.6917938495
TX,4698,29595.876218771956
TX,4699,29392.87557846988
TX,4700,29018.62388589133
TX,4701,28022.499983083055
TX,4702,26907.777430624463
TX,4703,25320.066771848936
TX,4704,23659.336312418745
TX,4705,22385.024436957863
TX,4706,21429.405539716754
TX,4707,20690.290542200984
TX,4708,20298.399754062377
TX,4709,20309.391205147392
TX,4710,20564.517961735465
TX,4711,20962.753017256073
TX,4712,21758.458376008473
TX,4713,22677.882489704302
TX,4714,23688.4976727777
TX,4715,24774.50563172865
TX,4716,25779.96530685768
TX,4717,26681.698379923358
TX,4718,27440.06383274084
TX,4719,28019.982638116172
TX,4720,28471.256777781825
TX,4721,28906.453820485225
TX,4722,29162.943725118193
TX,4723,29119.073063693058
TX,4724,28838.57187721809
TX,4725,27968.05772242107
TX,4726,26955.624965055815
TX,4727,25459.234361756117
TX,4728,23815.899150242068
TX,4729,22386.032877587926
TX,4730,21476.197779133372
TX,4731,20743.878053690917
TX,4732,20332.57237482436
TX,4733,20321.299095110653
TX,4734,20622.937847646078
TX,4735,21010.48030166034
TX,4736,21827.581734133737
TX,4737,22693.52022400993
TX,4738,23735.666006384225
TX,4739,24860.114349023856
TX,4740,25863.94462424744
TX,4741,26743.39458473251
TX,4742,27526.926565815778
TX,4743,28058.40154068906
TX,4744,28514.312795163267
TX,4745,28953.84759489965
TX,4746,29246.638188720468
TX,4747,29191.08339171631
TX,4748,28961.13815721063
TX,4749,28054.89678169992
TX,4750,26994.638258280666
TX,4751,25412.43669903497
TX,4752,23783.18310883429
TX,4753,21849.37008151405
TX,4754,20871.453904883573
TX,4755,20203.390895183244
TX,4756,19830.922561961255
TX,4757,19878.04649438352
TX,4758,20219.02277864356
TX,4759,20703.46777677797
TX,4760,21421.64798937737
TX,4761,22197.3232570586
TX,4762,23206.160194583873
TX,4763,24309.550808274928
TX,4764,25324.59201103376
TX,4765,26224.290613861633
TX,4766,26992.889241312643
TX,4767,27574.34392388481
TX,4768,28132.123362064643
TX,4769,28713.056034695732
TX,4770,29103.892498871936
TX,4771,29166.692324375898
TX,4772,28955.110567698895
TX,4773,28128.452107385588
TX,4774,27109.304749691518
TX,4775,25550.710149402025
TX,4776,23888.903947888547
TX,4777,22334.197474538048
TX,4778,21348.9401778975
TX,4779,20621.992011727762
TX,4780,20251.2391784711
TX,4781,20263.700403947155
TX,4782,20659.08762931832
TX,4783,21177.781448899914
TX,4784,21899.60559126763
TX,4785,22751.552848420655
TX,4786,23752.110270952116
TX,4787,24878.216800968747
TX,4788,25938.059481848363
TX,4789,26855.210618369433
TX,4790,27645.94066216997
TX,4791,28191.740913246
TX,4792,28661.17488814673
TX,4793,29003.781068395526
TX,4794,29242.973486584017
TX,4795,29138.627086448725
TX,4796,28758.72457193418
TX,4797,27764.47975794814
TX,4798,26767.274470441304
TX,4799,25225.373654091307
TX,4800,23584.517950074048
TX,4801,23014.71082670496
TX,4802,22007.000791745636
TX,4803,21269.323658579452
TX,4804,20822.994623978527
TX,4805,20826.49134247662
TX,4806,21183.46502616334
TX,4807,21580.048198157076
TX,4808,22324.369905932077
TX,4809,23219.506620442385
TX,4810,24230.62615627473
TX,4811,25279.80881966889
TX,4812,26314.390464540903
TX,4813,27238.908263440877
TX,4814,28047.921314713303
TX,4815,28594.129188791722
TX,4816,29057.102813338467
TX,4817,29500.02616509099
TX,4818,29737.481975959874
TX,4819,29612.43095023865
TX,4820,29269.091277114846
TX,4821,28367.111700915384
TX,4822,27400.671347932324
TX,4823,25856.73612186181
TX,4824,24208.89845019404
TX,4825,22439.759307661685
TX,4826,21463.26551082586
TX,4827,20755.81422848218
TX,4828,20341.872617386358
TX,4829,20327.14932072856
TX,4830,20613.6609708986
TX,4831,20996.469925628208
TX,4832,21702.263210021407
TX,4833,22430.655558061584
TX,4834,23398.226636598103
TX,4835,24423.118510315568
TX,4836,25410.922160826058
TX,4837,26289.21229678271
TX,4838,27094.458143081855
TX,4839,27682.899206471234
TX,4840,28125.4313999062
TX,4841,28735.741067933247
TX,4842,28980.264571419152
TX,4843,28936.472118366083
TX,4844,28617.420681253645
TX,4845,27682.060986133486
TX,4846,26661.949784859424
TX,4847,25155.72296903845
TX,4848,23544.27138915251
TX,4849,21906.313591114635
TX,4850,20951.26320794646
TX,4851,20259.040342526884
TX,4852,19882.72341039827
TX,4853,19957.691575213044
TX,4854,20309.429135197114
TX,4855,20714.019237971076
TX,4856,21407.7499272075
TX,4857,22159.480292942177
TX,4858,23152.22288608001
TX,4859,24242.874328192983
TX,4860,25325.584277042577
TX,4861,26180.692420299728
TX,4862,26985.480172514844
TX,4863,27579.24423561145
TX,4864,28027.101469343503
TX,4865,28485.057799132637
TX,4866,28750.552323890414
TX,4867,28686.66550942502
TX,4868,28398.496366849802
TX,4869,27449.184122862558
TX,4870,26391.258783408215
TX,4871,24813.11366391116
TX,4872,23202.0088087715
TX,4873,22206.13364921067
TX,4874,21243.681857794186
TX,4875,20555.010544017076
TX,4876,20188.43359402143
TX,4877,20194.776229066452
TX,4878,20483.637161663296
TX,4879,20836.01602445472
TX,4880,21570.54260359734
TX,4881,22481.43568654405
TX,4882,23608.00235176084
TX,4883,24719.34531931039
TX,4884,25715.037884029883
TX,4885,26619.41608910517
TX,4886,27383.27303553453
TX,4887,27975.05683093912
TX,4888,28483.752371317042
TX,4889,28945.00807850348
TX,4890,29230.432577363203
TX,4891,29194.18874509667
TX,4892,28879.609250151283
TX,4893,27955.955827962363
TX,4894,26906.02204158424
TX,4895,25373.463920827476
TX,4896,23766.55563015631
TX,4897,22913.61011911477
TX,4898,21905.529950256923
TX,4899,21218.62948337725
TX,4900,20834.309962496743
TX,4901,20766.61501847978
TX,4902,21010.69390554546
TX,4903,21409.50204414588
TX,4904,22094.42678700498
TX,4905,22964.613850538406
TX,4906,23935.249714537967
TX,4907,25003.008673616804
TX,4908,26064.920233343994
TX,4909,26967.06337006142
TX,4910,27770.32465796289
TX,4911,28357.837354565127
TX,4912,28845.485164263135
TX,4913,29315.003970347945
TX,4914,29558.470349724345
TX,4915,29519.611274613144
TX,4916,29220.474540999852
TX,4917,28213.03609767182
TX,4918,27150.44447351253
TX,4919,25546.507552874328
TX,4920,23886.274544230922
TX,4921,22071.952051327553
TX,4922,21102.292817487086
TX,4923,20427.956401025256
TX,4924,20028.337391754423
TX,4925,20028.080833840285
TX,4926,20353.623585630917
TX,4927,20768.86998771918
TX,4928,21542.643928880196
TX,4929,22403.651379861657
TX,4930,23367.37934710666
TX,4931,24434.88987042007
TX,4932,25427.659609789977
TX,4933,26299.429931751394
TX,4934,27097.514641001545
TX,4935,27699.699449181715
TX,4936,28181.792719957617
TX,4937,28628.693444376005
TX,4938,28925.415609132568
TX,4939,28868.265340020017
TX,4940,28553.38479311804
TX,4941,27608.71438104121
TX,4942,26614.605653810013
TX,4943,25030.949005179167
TX,4944,23444.517920580076
TX,4945,22577.00053406473
TX,4946,21616.17348135285
TX,4947,20946.425726156765
TX,4948,20571.817525874657
TX,4949,20607.021586275277
TX,4950,20995.65515083392
TX,4951,21482.410862570372
TX,4952,22250.19212635432
TX,4953,23162.42266764288
TX,4954,24237.697845059056
TX,4955,25384.388132782362
TX,4956,26460.163569622964
TX,4957,27362.498755272487
TX,4958,28164.19975857399
TX,4959,28735.05259792303
TX,4960,29213.204631479293
TX,4961,29670.20948468517
TX,4962,29963.24142076724
TX,4963,29870.18225343067
TX,4964,29529.34538630096
TX,4965,28537.790594951243
TX,4966,27380.875859415212
TX,4967,25748.904679367428
TX,4968,24101.98512656921
TX,4969,22734.492732802824
TX,4970,21726.271860024532
TX,4971,20985.706043540052
TX,4972,20594.93100783696
TX,4973,20604.210032415736
TX,4974,20942.979562624284
TX,4975,21392.827077684732
TX,4976,22151.319993553827
TX,4977,23047.530957757317
TX,4978,23962.211375097894
TX,4979,24982.7781701314
TX,4980,25954.645951679854
TX,4981,26794.532933973713
TX,4982,27518.525027441115
TX,4983,27984.196412518358
TX,4984,28373.508900455437
TX,4985,28737.89482624163
TX,4986,28999.317727957365
TX,4987,29001.050382211137
TX,4988,28790.530311752313
TX,4989,27970.915709503007
TX,4990,27053.53879678693
TX,4991,25544.62574424671
TX,4992,23950.85026203601
TX,4993,22072.851148954456
TX,4994,21102.14379392604
TX,4995,20349.276585990303
TX,4996,19966.986084925356
TX,4997,19978.35176269427
TX,4998,20326.90116910313
TX,4999,20708.765986020033
TX,5000,21325.129489031422
TX,5001,22104.829926914533
TX,5002,23098.91088893697
TX,5003,24145.737733924857
TX,5004,25101.928974392344
TX,5005,25959.949527028858
TX,5006,26710.10211029915
TX,5007,27270.751219410652
TX,5008,27689.409920552155
TX,5009,28071.658498199536
TX,5010,28243.064924397935
TX,5011,28123.434828837176
TX,5012,27809.622947752654
TX,5013,26925.52497540802
TX,5014,26022.592958131742
TX,5015,24546.225475441407
TX,5016,22983.75706769787
TX,5017,22363.602750243057
TX,5018,21388.42375748379
TX,5019,20692.816354629613
TX,5020,20311.118202907394
TX,5021,20324.16701408034
TX,5022,20620.442527936845
TX,5023,20995.085692522057
TX,5024,21684.588906321515
TX,5025,22691.133417174317
TX,5026,23847.513274895896
TX,5027,24963.496264886917
TX,5028,25957.551826873306
TX,5029,26801.287098065586
TX,5030,27558.80597233524
TX,5031,28135.685033742604
TX,5032,28544.58744604466
TX,5033,28924.14682962794
TX,5034,29144.186063771553
TX,5035,29045.179299139818
TX,5036,28657.140387479647
TX,5037,27602.802791693826
TX,5038,26411.924746790003
TX,5039,24849.573900460918
TX,5040,23243.78517157701
TX,5041,21803.63612078258
TX,5042,20876.026482152533
TX,5043,20214.040102164535
TX,5044,19832.258736014168
TX,5045,19846.946595964916
TX,5046,20134.13095945809
TX,5047,20458.975192685504
TX,5048,21156.96637332323
TX,5049,22166.94815282229
TX,5050,23309.707602680685
TX,5051,24481.039304937333
TX,5052,25461.192543461436
TX,5053,26341.272781068042
TX,5054,27098.138944612742
TX,5055,27652.701218611508
TX,5056,28179.33419543053
TX,5057,28688.213138475717
TX,5058,28988.329619700732
TX,5059,28933.20253089434
TX,5060,28584.043938409483
TX,5061,27566.351825196648
TX,5062,26464.28080524708
TX,5063,24888.068969550194
TX,5064,23204.388331194604
TX,5065,21750.55174146302
TX,5066,20827.7873972671
TX,5067,20162.7919693689
TX,5068,19758.94523851933
TX,5069,19760.531731105253
TX,5070,20067.906896380762
TX,5071,20363.61563233331
TX,5072,21115.979357328285
TX,5073,22044.999424480874
TX,5074,23060.23010579578
TX,5075,24140.041639342375
TX,5076,25127.076689794723
TX,5077,26033.647971322853
TX,5078,26857.382755894562
TX,5079,27501.731749623282
TX,5080,28036.978871804802
TX,5081,28576.690023264057
TX,5082,28930.576432922518
TX,5083,28886.541813941523
TX,5084,28544.07086990209
TX,5085,27579.925650949235
TX,5086,26493.105416848355
TX,5087,24903.449519682628
TX,5088,23255.413747825205
TX,5089,20730.86690349321
TX,5090,19876.67086182151
TX,5091,19296.44655825788
TX,5092,18985.647570821957
TX,5093,19111.896948824477
TX,5094,19667.617110013275
TX,5095,20283.666571865844
TX,5096,20872.71785214619
TX,5097,21643.845311065732
TX,5098,22554.690884183003
TX,5099,23608.477659808226
TX,5100,24580.443810745756
TX,5101,25392.81708538298
TX,5102,26142.504535963944
TX,5103,26782.708227147154
TX,5104,27315.280915350442
TX,5105,27794.15935693811
TX,5106,28104.281745856188
TX,5107,28150.32703275301
TX,5108,27723.001158924028
TX,5109,26722.787649588042
TX,5110,25461.811690296415
TX,5111,23798.7774837535
TX,5112,22315.985763812463
TX,5113,21008.418446682963
TX,5114,20108.251695607148
TX,5115,19527.351845073646
TX,5116,19256.75040117328
TX,5117,19405.246855124933
TX,5118,20012.978188287406
TX,5119,20679.435444621255
TX,5120,21325.079334576948
TX,5121,22146.68968884759
TX,5122,23146.399368940713
TX,5123,24214.310593325102
TX,5124,25190.889680248986
TX,5125,26086.23038629217
TX,5126,26881.457164082555
TX,5127,27460.881921332554
TX,5128,27902.410665917717
TX,5129,28283.310375822705
TX,5130,28500.41892795396
TX,5131,28446.62682833909
TX,5132,27981.805829094725
TX,5133,26958.811479175235
TX,5134,25719.34744009167
TX,5135,24040.126889574598
TX,5136,22552.140320097713
TX,5137,21609.604594025004
TX,5138,20696.368655878832
TX,5139,20076.486302253674
TX,5140,19749.83432904671
TX,5141,19839.330323737776
TX,5142,20413.500856509845
TX,5143,21038.778897434142
TX,5144,21653.12261686111
TX,5145,22559.555036160337
TX,5146,23503.12163011705
TX,5147,24572.921170230206
TX,5148,25552.15375930017
TX,5149,26409.784197447667
TX,5150,27176.28065801599
TX,5151,27749.315955966143
TX,5152,28222.977373249233
TX,5153,28603.70894878661
TX,5154,28790.73954117162
TX,5155,28734.781103138157
TX,5156,28304.571724551046
TX,5157,27310.84175046079
TX,5158,26098.034926886598
TX,5159,24457.397224648055
TX,5160,22943.374720222522
TX,5161,22003.54148197094
TX,5162,21065.419456695526
TX,5163,20413.842593742512
TX,5164,20055.238207277
TX,5165,20105.177821584512
TX,5166,20654.68968005588
TX,5167,21227.766372222142
TX,5168,21849.231944652725
TX,5169,22587.183476010715
TX,5170,23381.943885260455
TX,5171,24384.03522705348
TX,5172,25361.014867247963
TX,5173,26223.43899571861
TX,5174,27009.68253121426
TX,5175,27658.04274042303
TX,5176,28142.31510254266
TX,5177,28563.542282339856
TX,5178,28816.416951497633
TX,5179,28823.386331779556
TX,5180,28423.804791012056
TX,5181,27519.395488768378
TX,5182,26310.568149929384
TX,5183,24710.4629816726
TX,5184,23225.273214644293
TX,5185,21888.651365626526
TX,5186,20976.37836466956
TX,5187,20310.28307424438
TX,5188,19963.361230950436
TX,5189,20040.603158097134
TX,5190,20612.531222592047
TX,5191,21231.596592335478
TX,5192,21886.9341578462
TX,5193,22592.50634566567
TX,5194,23375.37590539216
TX,5195,24406.874370076075
TX,5196,25492.833903023385
TX,5197,26376.472095661313
TX,5198,27168.25307518916
TX,5199,27733.893953987263
TX,5200,28233.74665171214
TX,5201,28630.342058206384
TX,5202,28847.74831242734
TX,5203,28813.684334647892
TX,5204,28418.354786810273
TX,5205,27472.193262587616
TX,5206,26240.30067676293
TX,5207,24696.481158614045
TX,5208,23230.652251595647
TX,5209,21578.457251875605
TX,5210,20700.535400635477
TX,5211,20079.9881457532
TX,5212,19731.34332371141
TX,5213,19744.348087157352
TX,5214,20252.49187974738
TX,5215,20815.65919473155
TX,5216,21410.955986443224
TX,5217,22078.18955833086
TX,5218,22930.99174167184
TX,5219,23902.903699400795
TX,5220,24879.76399474662
TX,5221,25698.092981860224
TX,5222,26405.23914069368
TX,5223,26970.872063549542
TX,5224,27468.00726739527
TX,5225,27910.18196664103
TX,5226,28183.246452840617
TX,5227,28152.857999779034
TX,5228,27662.564795506363
TX,5229,26710.74579848345
TX,5230,25498.501875502285
TX,5231,23888.725526684944
TX,5232,22417.650552709322
TX,5233,20845.71037859834
TX,5234,20017.424554760865
TX,5235,19428.414495401217
TX,5236,19132.09682122561
TX,5237,19233.501726581547
TX,5238,19798.55371523806
TX,5239,20381.28562839101
TX,5240,20859.469854927383
TX,5241,21508.08142895863
TX,5242,22299.4289081639
TX,5243,23291.625769812836
TX,5244,24262.907375255644
TX,5245,25093.443557600256
TX,5246,25855.00155928896
TX,5247,26448.906523248763
TX,5248,26926.210948734955
TX,5249,27418.13359225095
TX,5250,27718.672216055772
TX,5251,27748.416804594335
TX,5252,27347.032353742144
TX,5253,26354.013648027394
TX,5254,25131.611143989414
TX,5255,23577.881824197746
TX,5256,22103.372307199123
TX,5257,21219.66786062612
TX,5258,20382.226480366377
TX,5259,19783.98076573843
TX,5260,19455.849273889637
TX,5261,19560.174067285107
TX,5262,20128.188881076593
TX,5263,20769.97639576161
TX,5264,21275.460585392892
TX,5265,21777.400268459264
TX,5266,22570.326131702544
TX,5267,23606.6391923715
TX,5268,24673.305551323423
TX,5269,25600.16057387457
TX,5270,26430.978125334004
TX,5271,27060.97690428575
TX,5272,27597.947210924765
TX,5273,28065.90897788785
TX,5274,28352.176643760732
TX,5275,28412.927393200974
TX,5276,27980.65106311443
TX,5277,27094.75721342299
TX,5278,25902.824253322276
TX,5279,24282.931470212166
TX,5280,22812.276851109818
TX,5281,21705.438604301637
TX,5282,20821.11755803346
TX,5283,20188.650412924922
TX,5284,19856.615228965527
TX,5285,19962.37588348666
TX,5286,20590.543752079586
TX,5287,21266.496156336363
TX,5288,21875.269719496973
TX,5289,22688.2399694087
TX,5290,23663.911577636604
TX,5291,24712.752774227926
TX,5292,25661.061853222613
TX,5293,26422.234265116042
TX,5294,27145.5235569699
TX,5295,27681.304500930292
TX,5296,28100.586418166575
TX,5297,28501.444198274385
TX,5298,28785.17137589881
TX,5299,28781.35441847858
TX,5300,28354.244957328287
TX,5301,27359.373372166306
TX,5302,26137.81998503256
TX,5303,24537.68487633075
TX,5304,23014.652479947557
TX,5305,20787.627418062023
TX,5306,19937.822048416272
TX,5307,19367.88432593909
TX,5308,19080.715337063236
TX,5309,19219.106332224737
TX,5310,19859.494406343682
TX,5311,20478.30642407176
TX,5312,20933.94226725686
TX,5313,21569.5560124691
TX,5314,22425.558663854872
TX,5315,23499.52836326606
TX,5316,24480.087131925913
TX,5317,25299.25434328353
TX,5318,26002.964987890373
TX,5319,26561.424198233603
TX,5320,26998.33591240989
TX,5321,27435.69212771307
TX,5322,27673.559544612527
TX,5323,27608.55789357567
TX,5324,27176.358364189085
TX,5325,26202.872452480836
TX,5326,25031.626568534396
TX,5327,23458.1899913157
TX,5328,22013.729252671016
TX,5329,20978.76066200893
TX,5330,20098.18738330513
TX,5331,19523.22678564102
TX,5332,19206.17735497046
TX,5333,19300.51537883055
TX,5334,19915.320470799465
TX,5335,20524.184277971464
TX,5336,21066.155782401935
TX,5337,21698.510960569607
TX,5338,22598.049773242423
TX,5339,23792.280855930176
TX,5340,24830.2433408489
TX,5341,25716.587218096738
TX,5342,26504.044382927564
TX,5343,27105.30051176421
TX,5344,27548.058281942694
TX,5345,27977.695312328333
TX,5346,28208.95804863287
TX,5347,28170.924546596837
TX,5348,27638.05803020538
TX,5349,26553.74525211664
TX,5350,25307.124224611126
TX,5351,23686.436909972684
TX,5352,22206.106742482124
TX,5353,21447.53611758239
TX,5354,20585.478272269846
TX,5355,19945.577361906313
TX,5356,19631.066153024012
TX,5357,19717.644431261842
TX,5358,20255.874450745072
TX,5359,20865.46881408407
TX,5360,21414.358213101025
TX,5361,22056.62582313875
TX,5362,22975.391884026195
TX,5363,23996.907184777026
TX,5364,24935.108385915093
TX,5365,25719.42630497697
TX,5366,26438.70762771167
TX,5367,26993.02098504679
TX,5368,27465.915410556914
TX,5369,27852.327058191015
TX,5370,28030.83251937441
TX,5371,27937.659974613474
TX,5372,27385.342684553493
TX,5373,26410.835580793698
TX,5374,25247.28666652496
TX,5375,23735.02804869194
TX,5376,22285.606784637302
TX,5377,21456.567252652153
TX,5378,20578.936043039658
TX,5379,19993.919135450266
TX,5380,19639.008040524466
TX,5381,19696.07574329532
TX,5382,20183.57928320929
TX,5383,20668.18529208516
TX,5384,21102.386762989344
TX,5385,21656.880220469347
TX,5386,22361.89197118947
TX,5387,23238.669290811842
TX,5388,24072.759037174816
TX,5389,24840.815823432166
TX,5390,25525.55997583416
TX,5391,26027.34893619161
TX,5392,26457.727104062013
TX,5393,26810.4376756372
TX,5394,26994.51842346436
TX,5395,26876.18000946074
TX,5396,26499.748263934098
TX,5397,25719.33500568299
TX,5398,24651.95219667346
TX,5399,23171.15100241263
TX,5400,21771.944853457008
TX,5401,20246.135113392047
TX,5402,19473.126918105045
TX,5403,18942.388948778255
TX,5404,18667.28645208195
TX,5405,18781.134298269844
TX,5406,19365.77450424218
TX,5407,19927.02062213885
TX,5408,20391.58863211889
TX,5409,20808.534287633535
TX,5410,21403.61957116981
TX,5411,22175.32006828364
TX,5412,22968.24963433685
TX,5413,23678.806973230383
TX,5414,24355.54000667056
TX,5415,24893.868042974212
TX,5416,25366.354773485348
TX,5417,25844.78465137792
TX,5418,26168.315696725433
TX,5419,26202.030811335884
TX,5420,25832.67758995129
TX,5421,24937.91694096272
TX,5422,23929.64320522608
TX,5423,22542.98201469119
TX,5424,21251.91274535382
TX,5425,20669.439736137658
TX,5426,19863.763707588188
TX,5427,19259.482158577022
TX,5428,18941.904685352192
TX,5429,19043.852522821194
TX,5430,19603.873161859557
TX,5431,20213.11423012592
TX,5432,20800.518510190063
TX,5433,21358.439980045645
TX,5434,22092.955839464544
TX,5435,23015.627526143764
TX,5436,23912.281461247787
TX,5437,24674.093144952206
TX,5438,25370.990472496768
TX,5439,25915.295361610564
TX,5440,26378.089831274185
TX,5441,26827.008822389963
TX,5442,27130.965541860764
TX,5443,27151.382163091238
TX,5444,26755.106063990358
TX,5445,25915.920940333873
TX,5446,24794.1820411502
TX,5447,23302.648662952826
TX,5448,21895.25356731699
TX,5449,21053.50674103068
TX,5450,20207.03171428287
TX,5451,19617.107690575427
TX,5452,19319.203826729872
TX,5453,19459.433175107144
TX,5454,20067.148850251865
TX,5455,20774.56275672918
TX,5456,21407.186353345256
TX,5457,22032.494241283832
TX,5458,22943.22518324771
TX,5459,23939.432060512047
TX,5460,24945.740708668975
TX,5461,25765.32884042484
TX,5462,26586.10974371259
TX,5463,27209.20427168844
TX,5464,27684.442270757923
TX,5465,28082.371511036108
TX,5466,28298.725003046847
TX,5467,28245.047365240975
TX,5468,27720.076339317053
TX,5469,26713.90491497168
TX,5470,25438.017421610425
TX,5471,23836.481971367096
TX,5472,22365.609786573753
TX,5473,21113.043695618174
TX,5474,20231.888743257223
TX,5475,19627.812746509957
TX,5476,19318.796454960275
TX,5477,19414.30582082962
TX,5478,19971.05517212448
TX,5479,20580.02295492661
TX,5480,21033.163156708028
TX,5481,21609.00553811408
TX,5482,22459.48329202391
TX,5483,23510.677498584027
TX,5484,24469.42538122462
TX,5485,25306.147127051254
TX,5486,26055.739729734736
TX,5487,26635.24493631059
TX,5488,27102.390223192348
TX,5489,27513.21002349891
TX,5490,27718.077201929656
TX,5491,27663.85348349827
TX,5492,27196.981012469422
TX,5493,26301.03801644404
TX,5494,25113.908974486808
TX,5495,23564.787116296365
TX,5496,22136.328863067433
TX,5497,20683.561033991328
TX,5498,19860.87405659471
TX,5499,19285.77519579831
TX,5500,18987.845904217643
TX,5501,19083.514939599674
TX,5502,19647.899351332565
TX,5503,20218.854624474442
TX,5504,20622.14771622107
TX,5505,21054.179730081934
TX,5506,21802.646526949616
TX,5507,22787.25865346785
TX,5508,23684.471272422112
TX,5509,24462.88074062772
TX,5510,25181.192045241204
TX,5511,25740.333308669488
TX,5512,26182.947332966357
TX,5513,26591.276973860523
TX,5514,26869.068337412028
TX,5515,26803.24437086444
TX,5516,26354.26459252677
TX,5517,25539.90774836322
TX,5518,24501.462064539272
TX,5519,23066.17463849911
TX,5520,21700.427055032023
TX,5521,20843.267730342962
TX,5522,20010.27990922235
TX,5523,19414.9213479647
TX,5524,19100.59155817971
TX,5525,19193.684863800925
TX,5526,19752.458819147332
TX,5527,20402.644671231588
TX,5528,20855.09909135384
TX,5529,21323.07187066374
TX,5530,21959.601075581222
TX,5531,22968.527465739665
TX,5532,23989.3852499967
TX,5533,24829.97314814555
TX,5534,25600.165426128697
TX,5535,26206.112140152896
TX,5536,26672.24420621242
TX,5537,27080.911269133857
TX,5538,27330.734145921898
TX,5539,27315.254704955173
TX,5540,26872.563639926913
TX,5541,26010.31700205036
TX,5542,24920.863621943653
TX,5543,23457.79743510372
TX,5544,22082.764034414463
TX,5545,21284.282333227353
TX,5546,20388.873562093742
TX,5547,19766.98474558631
TX,5548,19404.893474677113
TX,5549,19476.654448086293
TX,5550,19995.99160021078
TX,5551,20554.929224819727
TX,5552,21026.048378548396
TX,5553,21522.63188238769
TX,5554,22277.682018013447
TX,5555,23343.583746634845
TX,5556,24309.681852631414
TX,5557,25117.882528712514
TX,5558,25845.911107740786
TX,5559,26408.039303957718
TX,5560,26862.449336432093
TX,5561,27273.334251385965
TX,5562,27508.203620333223
TX,5563,27462.30968994248
TX,5564,27011.59129799826
TX,5565,26125.599909046496
TX,5566,24955.09348470203
TX,5567,23443.210740044822
TX,5568,22052.237514630978
TX,5569,20698.744280908482
TX,5570,19847.779310986603
TX,5571,19243.894844001233
TX,5572,18941.220314337585
TX,5573,19035.482632359034
TX,5574,19604.803379026396
TX,5575,20163.286992734434
TX,5576,20591.4374022403
TX,5577,20963.32991217532
TX,5578,21547.625746355344
TX,5579,22428.553425148678
TX,5580,23362.732741808756
TX,5581,24155.738664204335
TX,5582,24873.23385217782
TX,5583,25479.838020681658
TX,5584,25967.11690863918
TX,5585,26424.19547762795
TX,5586,26697.790050711777
TX,5587,26712.555729490834
TX,5588,26187.85449474426
TX,5589,25278.357684332033
TX,5590,24187.409511972948
TX,5591,22723.362951784836
TX,5592,21407.688326626012
TX,5593,20542.72619545022
TX,5594,19719.177114772453
TX,5595,19151.718609172274
TX,5596,18868.5918551953
TX,5597,18988.19980840299
TX,5598,19604.15350497492
TX,5599,20255.52464459535
TX,5600,20728.83817901254
TX,5601,21241.507025828934
TX,5602,22000.754273483924
TX,5603,23071.162684014567
TX,5604,24111.0964121904
TX,5605,24994.045117739194
TX,5606,25789.57715633897
TX,5607,26451.32715638146
TX,5608,26974.885273032026
TX,5609,27440.946497571538
TX,5610,27751.144143155862
TX,5611,27750.20713685968
TX,5612,27256.044514345746
TX,5613,26417.184895451832
TX,5614,25276.13720468607
TX,5615,23730.834751451663
TX,5616,22325.107786167212
TX,5617,21311.839689806423
TX,5618,20440.107371070976
TX,5619,19825.583389952307
TX,5620,19501.654926621853
TX,5621,19613.229243958767
TX,5622,20290.684831134843
TX,5623,21035.187129280718
TX,5624,21593.899699465265
TX,5625,22173.296513624116
TX,5626,22955.73715395817
TX,5627,24002.256753690986
TX,5628,25023.900574650273
TX,5629,25949.1379416231
TX,5630,26791.535605945928
TX,5631,27420.571392707057
TX,5632,27905.000387715138
TX,5633,28340.67805744097
TX,5634,28567.308537306637
TX,5635,28503.754463384617
TX,5636,27984.38925282499
TX,5637,27121.71338153118
TX,5638,25951.652713499943
TX,5639,24356.3834820258
TX,5640,22883.121195137484
TX,5641,21732.271791537638
TX,5642,20843.142829695395
TX,5643,20211.55437999288
TX,5644,19887.67635355877
TX,5645,19973.214969371348
TX,5646,20573.90399974532
TX,5647,21227.471551936873
TX,5648,21702.39950091471
TX,5649,22258.66947275749
TX,5650,23223.290559877537
TX,5651,24326.3184490741
TX,5652,25386.240163188354
TX,5653,26304.872347092722
TX,5654,27138.41190523422
TX,5655,27766.192662984643
TX,5656,28222.658776098136
TX,5657,28564.62433553241
TX,5658,28770.537764719528
TX,5659,28681.96330093983
TX,5660,28090.125994615633
TX,5661,27139.21146713627
TX,5662,25930.015473433087
TX,5663,24340.060782893392
TX,5664,22889.635136910876
TX,5665,21790.122689260897
TX,5666,20898.845364384997
TX,5667,20257.350406756075
TX,5668,19906.076317682345
TX,5669,19968.98485435994
TX,5670,20494.78074680339
TX,5671,21098.729498596203
TX,5672,21630.6644850464
TX,5673,22347.96941726785
TX,5674,23278.33220867779
TX,5675,24399.314694326
TX,5676,25440.435444981805
TX,5677,26373.874519085422
TX,5678,27197.957873806235
TX,5679,27815.075540083495
TX,5680,28250.163723325556
TX,5681,28672.43441362497
TX,5682,28890.35663439463
TX,5683,28800.89610274718
TX,5684,28259.342580814828
TX,5685,27287.478347618872
TX,5686,26064.60441053995
TX,5687,24450.874378841995
TX,5688,22960.44161431147
TX,5689,21394.14101083075
TX,5690,20523.896148659432
TX,5691,19910.925840423165
TX,5692,19590.94181188616
TX,5693,19673.609488761457
TX,5694,20226.951887040528
TX,5695,20886.138544237472
TX,5696,21328.148554988914
TX,5697,21848.77572009034
TX,5698,22625.892345314575
TX,5699,23645.310310405765
TX,5700,24575.151670244423
TX,5701,25395.463240142693
TX,5702,26096.332442354317
TX,5703,26606.80289544497
TX,5704,26986.28493784432
TX,5705,27397.078877752687
TX,5706,27602.55613840066
TX,5707,27544.89443459192
TX,5708,27067.70049412117
TX,5709,26251.20446348833
TX,5710,25107.56171756911
TX,5711,23629.491143156077
TX,5712,22275.274934793877
TX,5713,20684.50567627766
TX,5714,19864.6649998464
TX,5715,19296.908618090786
TX,5716,18994.741507358277
TX,5717,19080.087947395217
TX,5718,19667.771298195785
TX,5719,20234.96904887525
TX,5720,20664.239026786685
TX,5721,21205.80344971468
TX,5722,21979.665210402317
TX,5723,22900.308724176497
TX,5724,23926.311314910567
TX,5725,24701.14649827712
TX,5726,25385.781223773968
TX,5727,25916.720865269617
TX,5728,26325.07407562682
TX,5729,26735.76518612933
TX,5730,27003.7574325386
TX,5731,26967.404741982637
TX,5732,26475.962522388382
TX,5733,25699.13884223859
TX,5734,24578.65468136134
TX,5735,23083.826797087376
TX,5736,21715.27723780079
TX,5737,20846.171911946335
TX,5738,20013.668530246516
TX,5739,19460.277987164897
TX,5740,19131.55583863839
TX,5741,19210.280440032186
TX,5742,19703.7542919446
TX,5743,20288.13434123435
TX,5744,20742.89607201431
TX,5745,21344.972192052218
TX,5746,22149.735907143267
TX,5747,23179.240036829956
TX,5748,24183.8039090852
TX,5749,25007.270543969145
TX,5750,25714.427728696002
TX,5751,26229.51278088793
TX,5752,26702.85333126113
TX,5753,27080.88952392346
TX,5754,27299.59022827625
TX,5755,27223.86089285756
TX,5756,26701.574701292827
TX,5757,25879.787526051036
TX,5758,24785.08212719555
TX,5759,23320.986446966188
TX,5760,21947.00966516245
TX,5761,20449.14780669825
TX,5762,19591.72865455865
TX,5763,19025.861190779175
TX,5764,18739.42972831549
TX,5765,18862.85165154557
TX,5766,19421.95957789164
TX,5767,20113.54635488069
TX,5768,20582.94958189833
TX,5769,21038.946848185095
TX,5770,21590.76476010269
TX,5771,22453.555653902683
TX,5772,23325.216575645328
TX,5773,24134.880162268864
TX,5774,24882.018205410084
TX,5775,25431.87997125188
TX,5776,25852.645186062777
TX,5777,26230.447738000183
TX,5778,26388.718706130323
TX,5779,26315.818447269784
TX,5780,25898.7684726959
TX,5781,25240.32668054559
TX,5782,24216.069449800287
TX,5783,22764.23303282179
TX,5784,21373.34546840594
TX,5785,19961.932112935223
TX,5786,19179.65713281372
TX,5787,18671.90975612516
TX,5788,18425.109481526395
TX,5789,18580.097231368303
TX,5790,19259.333003991593
TX,5791,19999.20308808278
TX,5792,20408.408038891825
TX,5793,20702.450068676193
TX,5794,21282.39500295009
TX,5795,22132.192175440693
TX,5796,22981.526412497622
TX,5797,23767.977352770007
TX,5798,24480.36843521218
TX,5799,25027.873761036016
TX,5800,25471.171503945552
TX,5801,25828.112806037268
TX,5802,26033.249820744857
TX,5803,25955.0911775134
TX,5804,25444.898855190438
TX,5805,24742.732631309096
TX,5806,23684.61845323773
TX,5807,22210.229025621576
TX,5808,20857.76804936895
TX,5809,20634.673992440074
TX,5810,19786.97073974679
TX,5811,19201.86195572782
TX,5812,18930.303138165836
TX,5813,19055.223555748565
TX,5814,19672.444251764638
TX,5815,20343.959071160373
TX,5816,20726.511213754257
TX,5817,21273.78013600827
TX,5818,22174.031005364526
TX,5819,23276.171346643096
TX,5820,24307.64930230398
TX,5821,25155.20701409378
TX,5822,25871.006960348105
TX,5823,26407.196914512145
TX,5824,26859.831066633323
TX,5825,27207.407910672767
TX,5826,27356.913737688387
TX,5827,27213.98237776291
TX,5828,26616.334561049495
TX,5829,25787.148720207675
TX,5830,24610.13509720088
TX,5831,23072.700406906826
TX,5832,21719.92106078941
TX,5833,19797.611039772878
TX,5834,19142.18286011388
TX,5835,18649.99487329913
TX,5836,18420.54219646238
TX,5837,18539.458100849338
TX,5838,19208.58449401576
TX,5839,20214.70304782165
TX,5840,20901.940172328313
TX,5841,21337.379094822136
TX,5842,22053.85435214438
TX,5843,22787.61509882756
TX,5844,23472.730302721104
TX,5845,24145.78722471496
TX,5846,24803.317034466335
TX,5847,25297.533972124125
TX,5848,25741.902532014855
TX,5849,26184.84815214076
TX,5850,26591.272191467798
TX,5851,26501.199423332316
TX,5852,25899.227806032286
TX,5853,24968.35961120403
TX,5854,23638.40364190165
TX,5855,22222.375816518944
TX,5856,20963.439069451628
TX,5857,19619.38699098293
TX,5858,18936.47628430753
TX,5859,18459.2983947815
TX,5860,18232.065461025332
TX,5861,18328.008158627775
TX,5862,18950.08268769858
TX,5863,19888.174456734504
TX,5864,20494.038811043893
TX,5865,20937.879299691932
TX,5866,21584.932393161854
TX,5867,22361.57820877394
TX,5868,23127.395533605398
TX,5869,23833.792231197382
TX,5870,24467.992356023444
TX,5871,24999.240475239603
TX,5872,25414.02052401636
TX,5873,25827.218689975457
TX,5874,26216.674215811803
TX,5875,26135.6050153711
TX,5876,25574.105158222437
TX,5877,24642.136422244885
TX,5878,23337.043159339736
TX,5879,21957.48261152522
TX,5880,20659.744985800213
TX,5881,19406.311840603237
TX,5882,18764.258567405435
TX,5883,18306.508947920427
TX,5884,18077.57983070658
TX,5885,18190.930446429654
TX,5886,18801.018513894192
TX,5887,19754.06413633116
TX,5888,20428.981815015124
TX,5889,20829.983279477077
TX,5890,21402.039103540393
TX,5891,22066.717333025355
TX,5892,22695.872917125374
TX,5893,23289.44022905185
TX,5894,23810.803585124397
TX,5895,24198.987015626187
TX,5896,24541.994907529407
TX,5897,24942.78480619385
TX,5898,25276.81952620255
TX,5899,25188.352207024007
TX,5900,24645.045141560118
TX,5901,23915.244669746173
TX,5902,22724.225671573688
TX,5903,21410.626218810098
TX,5904,20181.84176743448
TX,5905,19219.850116491877
TX,5906,18592.585099263353
TX,5907,18125.768855995787
TX,5908,17891.07875078229
TX,5909,17980.594576795156
TX,5910,18546.18509876781
TX,5911,19440.98919486016
TX,5912,20011.358969749637
TX,5913,20403.400054440336
TX,5914,20966.85611428156
TX,5915,21516.546838139316
TX,5916,22081.521261072567
TX,5917,22574.726610553814
TX,5918,23065.692458247213
TX,5919,23420.291811430207
TX,5920,23773.796008204602
TX,5921,24230.593869012264
TX,5922,24653.5663288262
TX,5923,24713.115606390463
TX,5924,24307.70362230148
TX,5925,23641.04851834178
TX,5926,22493.325845889107
TX,5927,21194.778211709213
TX,5928,19985.354438434058
TX,5929,19225.230582892834
TX,5930,18581.26794649073
TX,5931,18147.430771492814
TX,5932,17938.438790010455
TX,5933,18088.221477174628
TX,5934,18721.41238116768
TX,5935,19735.90608297336
TX,5936,20416.29816661269
TX,5937,20837.08329374204
TX,5938,21395.351038647295
TX,5939,22043.32812613563
TX,5940,22668.22897711736
TX,5941,23234.044802796763
TX,5942,23783.284539086168
TX,5943,24226.95437724465
TX,5944,24602.243532745828
TX,5945,25028.507772691405
TX,5946,25413.98834300113
TX,5947,25375.921719616542
TX,5948,24895.55756225542
TX,5949,24197.557684886593
TX,5950,23023.278506441983
TX,5951,21705.04125796856
TX,5952,20471.023249521068
TX,5953,19401.14974758353
TX,5954,18751.25123607934
TX,5955,18298.15554898053
TX,5956,18109.29691522742
TX,5957,18232.81301444242
TX,5958,18913.882728434725
TX,5959,20017.73101249587
TX,5960,20720.5479544173
TX,5961,21078.515385891656
TX,5962,21581.45122115978
TX,5963,22202.509087404657
TX,5964,22793.07413343028
TX,5965,23331.978952756128
TX,5966,23884.70221122743
TX,5967,24359.48978038807
TX,5968,24759.8456655331
TX,5969,25181.50173654158
TX,5970,25550.67814397623
TX,5971,25448.74386396845
TX,5972,24827.690551224475
TX,5973,24003.632171256434
TX,5974,22742.411075119303
TX,5975,21398.104282723658
TX,5976,20149.164980736543
TX,5977,19392.0038834781
TX,5978,18727.48018578921
TX,5979,18260.144483590896
TX,5980,18065.240353705494
TX,5981,18190.543526426787
TX,5982,18865.1649567061
TX,5983,19967.880456811045
TX,5984,20698.462297577713
TX,5985,21121.527183699076
TX,5986,21731.06620393642
TX,5987,22445.84787152007
TX,5988,23096.98855146817
TX,5989,23670.091607891948
TX,5990,24178.416029129135
TX,5991,24554.255101867355
TX,5992,24882.515208292205
TX,5993,25260.010367127453
TX,5994,25575.21734920565
TX,5995,25483.036272333916
TX,5996,24937.82345907222
TX,5997,24167.769825767138
TX,5998,22927.172972541488
TX,5999,21530.016722323808
TX,6000,20293.25889918324
TX,6001,19631.501062720464
TX,6002,18964.249693486508
TX,6003,18487.501471247516
TX,6004,18273.348567455695
TX,6005,18415.133176437344
TX,6006,19082.7462077191
TX,6007,20140.22832411906
TX,6008,20780.79712495846
TX,6009,21111.480851850885
TX,6010,21495.32589910698
TX,6011,21892.48868726492
TX,6012,22394.495590165484
TX,6013,22916.442899133482
TX,6014,23417.236301364518
TX,6015,23793.037635401944
TX,6016,24153.44219092936
TX,6017,24585.946263929543
TX,6018,24969.936948356537
TX,6019,24967.42614178013
TX,6020,24590.233364360277
TX,6021,23971.351821023966
TX,6022,22817.724934188536
TX,6023,21495.75677163042
TX,6024,20275.29950513828
TX,6025,18394.428051858295
TX,6026,17819.783490631593
TX,6027,17436.73137699866
TX,6028,17284.147115768164
TX,6029,17468.17844144334
TX,6030,18142.92569304849
TX,6031,19274.566448080908
TX,6032,20005.911910210198
TX,6033,20254.888214540983
TX,6034,20511.30196073784
TX,6035,20866.52550512428
TX,6036,21260.300242462836
TX,6037,21684.872869380122
TX,6038,22109.355262194274
TX,6039,22482.862735198186
TX,6040,22813.04384136974
TX,6041,23213.819445904402
TX,6042,23640.286122686163
TX,6043,23605.2917236147
TX,6044,23236.344749778436
TX,6045,22672.129020487073
TX,6046,21606.725756067526
TX,6047,20372.767231039525
TX,6048,19198.371493560483
TX,6049,18875.1832333163
TX,6050,18242.34252259882
TX,6051,17825.165328589367
TX,6052,17644.482396843408
TX,6053,17782.077009848322
TX,6054,18422.586936795074
TX,6055,19443.646459606647
TX,6056,20091.823638679692
TX,6057,20412.355314957978
TX,6058,20788.30251929825
TX,6059,21325.569723551062
TX,6060,21865.194249271788
TX,6061,22436.448401241957
TX,6062,22965.73817848509
TX,6063,23401.249444525092
TX,6064,23785.323275331915
TX,6065,24229.187533127604
TX,6066,24626.902880496708
TX,6067,24573.092655533436
TX,6068,24087.30643274844
TX,6069,23390.017832960343
TX,6070,22217.093545334066
TX,6071,20921.277182934066
TX,6072,19727.52090606888
TX,6073,18724.165695026322
TX,6074,18112.773120343878
TX,6075,17683.485003671045
TX,6076,17496.079974788525
TX,6077,17648.86547836684
TX,6078,18307.074205054843
TX,6079,19335.552471577603
TX,6080,19989.320613674675
TX,6081,20285.635322101797
TX,6082,20745.868304658117
TX,6083,21378.45901448716
TX,6084,21940.042397972615
TX,6085,22476.537869017516
TX,6086,22969.884828171175
TX,6087,23373.36567598285
TX,6088,23721.88123052027
TX,6089,24137.297502632986
TX,6090,24521.948865499876
TX,6091,24411.086250116067
TX,6092,23876.432539268407
TX,6093,23091.191381900625
TX,6094,21949.347143731153
TX,6095,20698.526131516708
TX,6096,19520.985585608607
TX,6097,18382.51848829044
TX,6098,17772.016849758014
TX,6099,17406.839813473177
TX,6100,17226.822636112022
TX,6101,17391.12265224486
TX,6102,18084.812116915057
TX,6103,19177.151107828468
TX,6104,19861.213786664013
TX,6105,20124.93499007584
TX,6106,20518.458305948094
TX,6107,21031.252964251188
TX,6108,21540.889037528657
TX,6109,22014.847714255843
TX,6110,22473.451731234963
TX,6111,22816.970771799966
TX,6112,23133.22135897297
TX,6113,23547.666212450586
TX,6114,23940.192742851725
TX,6115,23910.19931579896
TX,6116,23538.149755029306
TX,6117,22887.243479838414
TX,6118,21715.70308542059
TX,6119,20469.150577923028
TX,6120,19268.31327853946
TX,6121,18346.889055953714
TX,6122,17751.117809256257
TX,6123,17366.90462964885
TX,6124,17197.911535979713
TX,6125,17400.14513933272
TX,6126,18153.728606609054
TX,6127,19332.509528216185
TX,6128,20021.097414643098
TX,6129,20215.801912381984
TX,6130,20476.18670499269
TX,6131,20869.753757574266
TX,6132,21301.364087085616
TX,6133,21732.7280415695
TX,6134,22180.86117621227
TX,6135,22562.703473882767
TX,6136,22877.935974921385
TX,6137,23283.91964286954
TX,6138,23680.385437445537
TX,6139,23672.772639948956
TX,6140,23334.046005480896
TX,6141,22738.626975312002
TX,6142,21618.76985209975
TX,6143,20388.723838313346
TX,6144,19234.368002153158
TX,6145,18312.416105055828
TX,6146,17710.80917559837
TX,6147,17302.96557508664
TX,6148,17145.28098561334
TX,6149,17328.840628854906
TX,6150,18049.36602875851
TX,6151,19184.93175058138
TX,6152,19880.52953858889
TX,6153,20081.096795146113
TX,6154,20310.275438733544
TX,6155,20578.831551711456
TX,6156,20910.26564437157
TX,6157,21305.391535636726
TX,6158,21708.82049332083
TX,6159,22019.00001064408
TX,6160,22401.917020120628
TX,6161,22831.398965323135
TX,6162,23242.257422376706
TX,6163,23316.970176258152
TX,6164,23159.656682926684
TX,6165,22673.516765588612
TX,6166,21600.767397913945
TX,6167,20399.59104825339
TX,6168,19242.95272065331
TX,6169,18346.999209751235
TX,6170,17730.626193624108
TX,6171,17327.33690847176
TX,6172,17156.022080355868
TX,6173,17296.589786627088
TX,6174,17983.669116133584
TX,6175,19051.4056886502
TX,6176,19723.54098671775
TX,6177,20040.59858271903
TX,6178,20351.125977278286
TX,6179,20667.07392714992
TX,6180,21073.05810734007
TX,6181,21512.111925001314
TX,6182,21988.118849398656
TX,6183,22371.920233803017
TX,6184,22776.155370130628
TX,6185,23248.4528391222
TX,6186,23704.339770185133
TX,6187,23722.30154886449
TX,6188,23387.372602986648
TX,6189,22845.82182431164
TX,6190,21718.797524401865
TX,6191,20434.65732609898
TX,6192,19254.281765500334
TX,6193,18343.431657518682
TX,6194,17724.951084375157
TX,6195,17321.40028384074
TX,6196,17148.799156755224
TX,6197,17339.165224918396
TX,6198,18050.990234392632
TX,6199,19208.04638927199
TX,6200,19931.060407528413
TX,6201,20268.41392523636
TX,6202,20637.570721474386
TX,6203,21077.479101999433
TX,6204,21555.74812481345
TX,6205,22077.488275568232
TX,6206,22637.848314050594
TX,6207,23097.687037155584
TX,6208,23494.566950863966
TX,6209,23922.653859254428
TX,6210,24270.816056978433
TX,6211,24128.243085795315
TX,6212,23711.569170326502
TX,6213,23105.019733518592
TX,6214,22004.216527079272
TX,6215,20747.756704602544
TX,6216,19479.03056651726
TX,6217,18683.189218542484
TX,6218,18042.13511626333
TX,6219,17596.789443723832
TX,6220,17389.96839695561
TX,6221,17506.06548821791
TX,6222,18160.296961615916
TX,6223,19171.72783051555
TX,6224,19812.383587254605
TX,6225,20059.859751237223
TX,6226,20313.697074794323
TX,6227,20675.112968537814
TX,6228,21099.879389599074
TX,6229,21548.94798040878
TX,6230,22023.328122908932
TX,6231,22445.85145238959
TX,6232,22830.586096601486
TX,6233,23291.144015734705
TX,6234,23709.29120770333
TX,6235,23670.889472663145
TX,6236,23321.411148019045
TX,6237,22696.079722349506
TX,6238,21578.682365402585
TX,6239,20347.05928257566
TX,6240,19207.357275807574
TX,6241,18192.516809347715
TX,6242,17580.824626556577
TX,6243,17173.86983652
TX,6244,16993.616269498293
TX,6245,17147.188299432816
TX,6246,17792.936202191996
TX,6247,18825.45731665104
TX,6248,19477.68488525298
TX,6249,19726.052733018985
TX,6250,19989.700429146136
TX,6251,20447.642375898877
TX,6252,21041.53796211305
TX,6253,21578.01361469115
TX,6254,22097.519535718547
TX,6255,22555.14975441576
TX,6256,22950.439652869868
TX,6257,23372.935936970176
TX,6258,23800.11799697741
TX,6259,23768.365636347788
TX,6260,23412.773716580684
TX,6261,22704.347143585693
TX,6262,21581.64398234905
TX,6263,20346.075363801592
TX,6264,19174.95153841943
TX,6265,18291.58089300081
TX,6266,17686.540712342357
TX,6267,17293.426251514436
TX,6268,17121.692759197714
TX,6269,17272.260856105397
TX,6270,17971.75018789973
TX,6271,19087.23636751494
TX,6272,19780.905197229572
TX,6273,20056.127019905276
TX,6274,20406.543513526156
TX,6275,20893.777618034314
TX,6276,21398.420663074653
TX,6277,21918.974184183927
TX,6278,22478.703433616044
TX,6279,22868.650756467662
TX,6280,23311.85670959154
TX,6281,23732.602732854904
TX,6282,24143.46715022131
TX,6283,24084.506458286658
TX,6284,23865.038073845895
TX,6285,23278.650288963675
TX,6286,22102.928789478263
TX,6287,20768.123402001006
TX,6288,19557.151613376174
TX,6289,18668.78227528075
TX,6290,18032.821635051892
TX,6291,17603.271901596248
TX,6292,17426.94186461603
TX,6293,17629.02573168459
TX,6294,18378.4133379826
TX,6295,19606.766298891348
TX,6296,20359.68223182177
TX,6297,20640.72621481729
TX,6298,20954.7000661356
TX,6299,21359.07435981055
TX,6300,21853.732138814195
TX,6301,22436.16085066069
TX,6302,22994.87091808309
TX,6303,23401.604107333398
TX,6304,23739.528302729784
TX,6305,24050.247325233915
TX,6306,24321.860011217513
TX,6307,24177.83374980958
TX,6308,23813.657457022554
TX,6309,23171.99926676278
TX,6310,22049.435507402784
TX,6311,20782.900279925737
TX,6312,19576.499961061785
TX,6313,18583.07542824112
TX,6314,17927.334233404594
TX,6315,17484.080230526185
TX,6316,17286.256429862014
TX,6317,17436.18401788851
TX,6318,18100.883438453838
TX,6319,19218.926658879784
TX,6320,19910.901976115927
TX,6321,20143.531596098732
TX,6322,20332.562039102758
TX,6323,20571.272531404098
TX,6324,20854.176267131912
TX,6325,21177.8383893434
TX,6326,21511.930460890408
TX,6327,21723.372541524448
TX,6328,21978.941403321322
TX,6329,22300.94146082347
TX,6330,22648.56033303701
TX,6331,22744.836837446165
TX,6332,22688.182866768916
TX,6333,22255.36485423302
TX,6334,21225.322520590854
TX,6335,20036.777402667674
TX,6336,18907.78661717072
TX,6337,17964.504918268112
TX,6338,17357.97946971601
TX,6339,16955.05172158973
TX,6340,16773.492418124135
TX,6341,16958.16338925087
TX,6342,17655.34636727217
TX,6343,18752.431692394847
TX,6344,19393.692252742532
TX,6345,19550.75433369231
TX,6346,19675.73210503122
TX,6347,19854.06595838109
TX,6348,20122.492790292398
TX,6349,20348.118937710968
TX,6350,20629.483864616297
TX,6351,20872.477174313676
TX,6352,21131.015613571694
TX,6353,21490.598872954273
TX,6354,21947.07388601503
TX,6355,22066.081940101462
TX,6356,21997.495875086006
TX,6357,21573.689831809986
TX,6358,20611.90989687987
TX,6359,19467.35443127849
TX,6360,18398.328420369438
TX,6361,17817.191036347953
TX,6362,17255.9430826846
TX,6363,16871.373262363246
TX,6364,16725.513461518403
TX,6365,16911.095512336992
TX,6366,17591.69437478639
TX,6367,18696.681087408006
TX,6368,19409.490723039234
TX,6369,19691.117385491875
TX,6370,19942.781226913738
TX,6371,20237.018059537284
TX,6372,20492.813766690656
TX,6373,20763.45474256405
TX,6374,21063.8641040485
TX,6375,21297.68033304936
TX,6376,21528.680797667516
TX,6377,21896.749903453085
TX,6378,22298.964752163197
TX,6379,22404.317375519007
TX,6380,22314.14699226744
TX,6381,21811.315014634637
TX,6382,20778.902535761585
TX,6383,19626.25985653484
TX,6384,18507.517823801486
TX,6385,17896.27536131638
TX,6386,17329.62615884411
TX,6387,16938.44872678589
TX,6388,16770.01639778255
TX,6389,16932.641932673267
TX,6390,17558.41351674748
TX,6391,18612.94679693235
TX,6392,19273.697197744326
TX,6393,19571.970556035296
TX,6394,19884.946448708025
TX,6395,20186.45946510951
TX,6396,20490.935611584437
TX,6397,20798.58958838438
TX,6398,21121.176447396756
TX,6399,21353.685958430173
TX,6400,21600.82703469165
TX,6401,21975.803775530622
TX,6402,22385.437224047656
TX,6403,22522.73971536829
TX,6404,22483.023892691616
TX,6405,21989.93496722185
TX,6406,20962.710782703116
TX,6407,19789.392064788533
TX,6408,18674.050432771416
TX,6409,17833.88406878534
TX,6410,17277.15025906975
TX,6411,16896.965972704336
TX,6412,16738.560186692723
TX,6413,16879.247921603014
TX,6414,17532.396717942657
TX,6415,18586.717107375954
TX,6416,19255.476217613214
TX,6417,19473.35661059112
TX,6418,19673.701746636542
TX,6419,19937.808840698146
TX,6420,20175.094427643334
TX,6421,20447.326157528572
TX,6422,20711.947240004914
TX,6423,20936.66455131761
TX,6424,21196.063521483378
TX,6425,21558.34792745565
TX,6426,22001.44273345874
TX,6427,22143.194574452302
TX,6428,22162.202102823134
TX,6429,21703.786038768165
TX,6430,20707.20450953215
TX,6431,19540.852376280537
TX,6432,18439.62891069011
TX,6433,17837.15378669139
TX,6434,17307.55926224658
TX,6435,16957.76962931454
TX,6436,16832.99836372798
TX,6437,17033.1830293765
TX,6438,17730.988241468328
TX,6439,18869.932952295628
TX,6440,19552.691483021462
TX,6441,19725.270171833913
TX,6442,19967.031651943067
TX,6443,20269.083884111073
TX,6444,20622.016036652788
TX,6445,20953.858353660813
TX,6446,21301.18323207139
TX,6447,21587.290484327802
TX,6448,21913.483597768632
TX,6449,22296.449834182226
TX,6450,22716.888060425568
TX,6451,22783.02445271011
TX,6452,22646.80227757964
TX,6453,22129.054460405317
TX,6454,21052.11456597378
TX,6455,19824.27037775662
TX,6456,18696.332963945608
TX,6457,18097.74781412337
TX,6458,17545.20022678647
TX,6459,17184.768595190526
TX,6460,17031.48618667122
TX,6461,17233.79867661887
TX,6462,18004.989201752675
TX,6463,19244.75723048327
TX,6464,19979.122553706954
TX,6465,20167.954657827945
TX,6466,20372.005342429418
TX,6467,20733.247054124835
TX,6468,21102.322491606376
TX,6469,21470.30424953406
TX,6470,21863.49843392222
TX,6471,22106.783850659593
TX,6472,22368.87343099757
TX,6473,22729.928080698688
TX,6474,23066.77838387357
TX,6475,23050.833864668594
TX,6476,22843.221608627434
TX,6477,22251.9879314722
TX,6478,21163.6559886028
TX,6479,19960.20976723735
TX,6480,18826.310332621283
TX,6481,17759.742076300235
TX,6482,17171.47082889864
TX,6483,16806.08361977625
TX,6484,16677.207144101008
TX,6485,16883.837797239458
TX,6486,17630.716070211985
TX,6487,18792.39226637817
TX,6488,19516.432728522286
TX,6489,19674.68790890207
TX,6490,19826.437153718242
TX,6491,20063.22438054751
TX,6492,20312.35804473339
TX,6493,20583.485784064486
TX,6494,20889.894462967597
TX,6495,21140.871960610678
TX,6496,21391.880973152393
TX,6497,21763.487603279977
TX,6498,22186.275231120767
TX,6499,22294.915669278772
TX,6500,22224.892209780833
TX,6501,21761.900173969973
TX,6502,20757.228267146964
TX,6503,19595.440025852433
TX,6504,18477.074564961804
TX,6505,17417.892153906767
TX,6506,16867.014401292277
TX,6507,16507.480018081505
TX,6508,16370.644331101836
TX,6509,16557.245334375597
TX,6510,17247.565465490506
TX,6511,18403.777203411938
TX,6512,19109.137277115
TX,6513,19326.805685297742
TX,6514,19482.893446284056
TX,6515,19723.65553723198
TX,6516,20065.756922321597
TX,6517,20455.30302986696
TX,6518,20873.412212340035
TX,6519,21192.84819141702
TX,6520,21525.9765721808
TX,6521,21948.48889041273
TX,6522,22368.510403498462
TX,6523,22411.981678097224
TX,6524,22293.50651260304
TX,6525,21805.245862084632
TX,6526,20740.422352285375
TX,6527,19581.579448915562
TX,6528,18477.198403541927
TX,6529,17699.659643249873
TX,6530,17136.58114673636
TX,6531,16745.473065828026
TX,6532,16588.549378315594
TX,6533,16776.207337881665
TX,6534,17496.009700725992
TX,6535,18669.80347309616
TX,6536,19400.710061715248
TX,6537,19616.56203500473
TX,6538,19837.133578788162
TX,6539,20168.35467474109
TX,6540,20561.035773345825
TX,6541,21071.333989964778
TX,6542,21521.161898386467
TX,6543,21910.149312508963
TX,6544,22234.63445520564
TX,6545,22621.789033316958
TX,6546,22940.671508237326
TX,6547,22848.651849261994
TX,6548,22698.628024634314
TX,6549,22160.132522720353
TX,6550,21101.88689273506
TX,6551,19884.352884036648
TX,6552,18704.49520100057
TX,6553,17893.567335053756
TX,6554,17410.46678828197
TX,6555,17118.31550507505
TX,6556,17032.641098513327
TX,6557,17209.070418343885
TX,6558,17901.857993064638
TX,6559,19181.934381516808
TX,6560,20229.861235729512
TX,6561,20632.79140573092
TX,6562,20844.37357539999
TX,6563,21084.36378797913
TX,6564,21326.089943634358
TX,6565,21520.267659825695
TX,6566,21707.882244053174
TX,6567,21776.357738424075
TX,6568,21865.927491809167
TX,6569,22025.696262400768
TX,6570,22125.208792932938
TX,6571,22108.300904975174
TX,6572,21961.39373537564
TX,6573,21315.54052985547
TX,6574,20410.73055250014
TX,6575,19327.560378921437
TX,6576,18362.593811294175
TX,6577,17827.906572532516
TX,6578,17376.47368237696
TX,6579,17114.13110430699
TX,6580,17047.472269446843
TX,6581,17286.94043726041
TX,6582,18015.900722074637
TX,6583,19345.58902315561
TX,6584,20398.12928292274
TX,6585,20779.167407975994
TX,6586,20935.135164868257
TX,6587,21072.285852911346
TX,6588,21141.513899068116
TX,6589,21216.824559195754
TX,6590,21291.40465246413
TX,6591,21296.185886146635
TX,6592,21353.819892072128
TX,6593,21564.246126000207
TX,6594,21775.662912251573
TX,6595,21882.18865383947
TX,6596,21884.693767093367
TX,6597,21324.773992539228
TX,6598,20450.33177814198
TX,6599,19424.38461128689
TX,6600,18496.493535962124
TX,6601,17783.32097477794
TX,6602,17339.323342732282
TX,6603,17075.2628264675
TX,6604,17014.625996723844
TX,6605,17250.503031650947
TX,6606,18015.79696298637
TX,6607,19436.85045410397
TX,6608,20529.52575300517
TX,6609,20869.67993587243
TX,6610,20936.673729033515
TX,6611,20972.617595431096
TX,6612,20986.139970149935
TX,6613,21061.402450082397
TX,6614,21162.179972701026
TX,6615,21169.4774802132
TX,6616,21189.921635377225
TX,6617,21388.596200208664
TX,6618,21632.685105131824
TX,6619,21815.166134511408
TX,6620,21790.591451942593
TX,6621,21205.0383284127
TX,6622,20295.721101529814
TX,6623,19259.412035268152
TX,6624,18333.950783554055
TX,6625,17885.218840141352
TX,6626,17456.991023646502
TX,6627,17201.70697628709
TX,6628,17135.538837555345
TX,6629,17397.269313537148
TX,6630,18225.33656759859
TX,6631,19729.624548324455
TX,6632,20888.320030602106
TX,6633,21192.39573408931
TX,6634,21243.92322939095
TX,6635,21251.207858024976
TX,6636,21213.82384753428
TX,6637,21180.562971156846
TX,6638,21224.431857508936
TX,6639,21165.14098835797
TX,6640,21133.44225291667
TX,6641,21270.322937477715
TX,6642,21468.84013956748
TX,6643,21641.97475448368
TX,6644,21673.48263685876
TX,6645,21116.571196622502
TX,6646,20248.804701178067
TX,6647,19233.636643837386
TX,6648,18316.960813074026
TX,6649,17714.559905394474
TX,6650,17286.57540479513
TX,6651,17008.51409356601
TX,6652,16923.642374187736
TX,6653,17145.655278139486
TX,6654,17926.490324308368
TX,6655,19319.871408027666
TX,6656,20425.226066606896
TX,6657,20797.036968522047
TX,6658,20935.141616368874
TX,6659,21015.15890732053
TX,6660,21022.316834787055
TX,6661,21049.742259235057
TX,6662,21073.84436377366
TX,6663,21029.61029653564
TX,6664,21035.504142212602
TX,6665,21192.160006371257
TX,6666,21372.27552254107
TX,6667,21512.99321536219
TX,6668,21529.50218395221
TX,6669,20958.706258361573
TX,6670,20086.8273710182
TX,6671,19091.809504610527
TX,6672,18184.856739874068
TX,6673,17688.72055989247
TX,6674,17248.78085904051
TX,6675,16995.381214537442
TX,6676,16929.57980075303
TX,6677,17156.852437643714
TX,6678,17895.079488254897
TX,6679,19281.260572865744
TX,6680,20417.79699447903
TX,6681,20829.21593197767
TX,6682,20981.376656195682
TX,6683,21063.851928871856
TX,6684,21054.590252616343
TX,6685,20988.242046238046
TX,6686,20991.189879001258
TX,6687,20899.98429798424
TX,6688,20862.78388609331
TX,6689,21028.63843429031
TX,6690,21294.649470043993
TX,6691,21563.40099357956
TX,6692,21653.701162970425
TX,6693,21110.163029020992
TX,6694,20247.922526193587
TX,6695,19274.74856212504
TX,6696,18386.178026505505
TX,6697,17908.779502783744
TX,6698,17495.92992664812
TX,6699,17259.597473597594
TX,6700,17209.373737282796
TX,6701,17462.94337244678
TX,6702,18249.289880905266
TX,6703,19675.641345069508
TX,6704,20823.186759968436
TX,6705,21186.56476842585
TX,6706,21258.27893898087
TX,6707,21255.053405955408
TX,6708,21204.570730803223
TX,6709,21121.596526458493
TX,6710,21081.377244067724
TX,6711,20959.999329693314
TX,6712,20953.425405499647
TX,6713,21110.58613904454
TX,6714,21341.308183181255
TX,6715,21588.206313628838
TX,6716,21697.08300468655
TX,6717,21170.828723112376
TX,6718,20320.51860933668
TX,6719,19336.99447686579
TX,6720,18421.613851792667
TX,6721,17731.831714727072
TX,6722,17319.789657122833
TX,6723,17088.890408561333
TX,6724,17056.56558818928
TX,6725,17282.122540283765
TX,6726,18007.92727052948
TX,6727,19360.588654482644
TX,6728,20442.485350794353
TX,6729,20773.377349376478
TX,6730,20820.970320627797
TX,6731,20818.161160736782
TX,6732,20776.532874203802
TX,6733,20748.80409367697
TX,6734,20717.9164263457
TX,6735,20623.491602998932
TX,6736,20619.549243325743
TX,6737,20796.613395532294
TX,6738,21033.882877029203
TX,6739,21300.094586622023
TX,6740,21426.44778313115
TX,6741,20915.037179375958
TX,6742,20090.663037360027
TX,6743,19138.079961555732
TX,6744,18249.31884624338
TX,6745,17508.093685939873
TX,6746,17119.651910522123
TX,6747,16906.137416955332
TX,6748,16869.793417091735
TX,6749,17138.68826450079
TX,6750,17939.390743314757
TX,6751,19277.3248740222
TX,6752,20347.204832878187
TX,6753,20640.93202349276
TX,6754,20636.812661598764
TX,6755,20672.93128983339
TX,6756,20691.388695390092
TX,6757,20714.497244648708
TX,6758,20750.494363008137
TX,6759,20712.85855591159
TX,6760,20711.21882270672
TX,6761,20862.260523031484
TX,6762,21066.05253656166
TX,6763,21245.88613505046
TX,6764,21336.28892248797
TX,6765,20804.63665647902
TX,6766,20008.09565764136
TX,6767,19043.31433957354
TX,6768,18200.76182088597
TX,6769,17560.74629427499
TX,6770,17162.756462385115
TX,6771,16948.37388632155
TX,6772,16910.01519164835
TX,6773,17169.886265303813
TX,6774,17982.20664891759
TX,6775,19428.717402164956
TX,6776,20572.660461482776
TX,6777,20891.665732913133
TX,6778,20883.277099542678
TX,6779,20842.745659172852
TX,6780,20782.561828838876
TX,6781,20769.850203736606
TX,6782,20795.131849605834
TX,6783,20740.48672461851
TX,6784,20729.332295273622
TX,6785,20876.07601193621
TX,6786,21088.461355791118
TX,6787,21298.161699255616
TX,6788,21362.511751977312
TX,6789,20831.416571241537
TX,6790,20006.047533356476
TX,6791,19045.58104313888
TX,6792,18176.01559706131
TX,6793,17473.206081486435
TX,6794,17058.01182951632
TX,6795,16846.04992020103
TX,6796,16832.272552837036
TX,6797,17120.29024003474
TX,6798,17933.675045902092
TX,6799,19433.224393130516
TX,6800,20625.550852141547
TX,6801,20930.72823799788
TX,6802,20940.956243201164
TX,6803,20966.48168224365
TX,6804,21009.511176564512
TX,6805,21003.14528265174
TX,6806,21046.10480824441
TX,6807,20997.700340253516
TX,6808,20953.19034889839
TX,6809,21091.60786237967
TX,6810,21270.06655398045
TX,6811,21470.699012933345
TX,6812,21522.374410221182
TX,6813,20936.65432546863
TX,6814,20075.18315070898
TX,6815,19066.815071039894
TX,6816,18127.895956716465
TX,6817,17546.773153660943
TX,6818,17116.874756152363
TX,6819,16892.71958809092
TX,6820,16841.1402991589
TX,6821,17098.35386945074
TX,6822,17897.07119837354
TX,6823,19330.408689422285
TX,6824,20495.87874002556
TX,6825,20857.869960880524
TX,6826,20931.17787749189
TX,6827,20962.765389433272
TX,6828,20928.905741789663
TX,6829,20878.37088804524
TX,6830,20856.990271229854
TX,6831,20771.491995959277
TX,6832,20760.037320159864
TX,6833,20885.10176147132
TX,6834,21070.812514363343
TX,6835,21302.195437356637
TX,6836,21344.002387528008
TX,6837,20794.683510635387
TX,6838,19967.91432211122
TX,6839,18980.900575022325
TX,6840,18120.994907083954
TX,6841,17614.14502257144
TX,6842,17194.207886605565
TX,6843,16975.892422877962
TX,6844,16912.225104780067
TX,6845,17185.04691601834
TX,6846,17963.76005221648
TX,6847,19359.436111901402
TX,6848,20514.389813489878
TX,6849,20901.42941957769
TX,6850,20968.257542019227
TX,6851,20938.41726802645
TX,6852,20829.530312460456
TX,6853,20736.825185275222
TX,6854,20689.031090849124
TX,6855,20542.33497298755
TX,6856,20486.877910970623
TX,6857,20630.958266387275
TX,6858,20889.640510903337
TX,6859,21209.35489354095
TX,6860,21307.30568896237
TX,6861,20798.890082421497
TX,6862,19992.79584187258
TX,6863,19032.21796693105
TX,6864,18175.306313912184
TX,6865,17527.157230732172
TX,6866,17139.398192976778
TX,6867,16932.982318490414
TX,6868,16901.089436384034
TX,6869,17177.64413050952
TX,6870,17969.03103884635
TX,6871,19402.024017286553
TX,6872,20556.028385343954
TX,6873,20942.34358031309
TX,6874,20998.80556335657
TX,6875,20960.492715760044
TX,6876,20887.081931526364
TX,6877,20759.132354037025
TX,6878,20663.249952638317
TX,6879,20518.01862167012
TX,6880,20471.96969372856
TX,6881,20620.091414509023
TX,6882,20879.920869617706
TX,6883,21219.080832502318
TX,6884,21335.764268956712
TX,6885,20831.118460735684
TX,6886,20016.39999403462
TX,6887,19044.154128591764
TX,6888,18182.82305079232
TX,6889,17461.538275619187
TX,6890,17062.367897885004
TX,6891,16866.628004421546
TX,6892,16842.285421070503
TX,6893,17092.145961352713
TX,6894,17825.057850108216
TX,6895,19167.83391387374
TX,6896,20278.35068843785
TX,6897,20634.359539747336
TX,6898,20651.497876900464
TX,6899,20595.238629000423
TX,6900,20464.80253294121
TX,6901,20309.43160581174
TX,6902,20204.93796359082
TX,6903,20048.340600645396
TX,6904,20002.644157297272
TX,6905,20196.912326887524
TX,6906,20510.146492376858
TX,6907,20910.812219222496
TX,6908,21050.622162710543
TX,6909,20552.35272881779
TX,6910,19749.760228693766
TX,6911,18812.37803161752
TX,6912,17963.473449490483
TX,6913,17361.085937320016
TX,6914,16993.590111641605
TX,6915,16799.37681320868
TX,6916,16773.10388303109
TX,6917,17029.91871862477
TX,6918,17822.1035098673
TX,6919,19172.09525393668
TX,6920,20293.049648245137
TX,6921,20640.32635839437
TX,6922,20660.74936257277
TX,6923,20584.6755322037
TX,6924,20455.028166170365
TX,6925,20365.493287608228
TX,6926,20301.335263689854
TX,6927,20169.94579500833
TX,6928,20160.44412282969
TX,6929,20357.487356816677
TX,6930,20665.28822525682
TX,6931,21067.876484461376
TX,6932,21181.360665828727
TX,6933,20676.786021371992
TX,6934,19869.51340842599
TX,6935,18897.051943868412
TX,6936,18038.165433891038
TX,6937,17719.36314634627
TX,6938,17338.311548817426
TX,6939,17135.861764609306
TX,6940,17126.68440482666
TX,6941,17404.781781856908
TX,6942,18232.19897142012
TX,6943,19678.03855675813
TX,6944,20829.30320845213
TX,6945,21145.981885616468
TX,6946,21104.4269355673
TX,6947,20984.647622860845
TX,6948,20807.676936360007
TX,6949,20635.839876183933
TX,6950,20536.76843933743
TX,6951,20367.391777872395
TX,6952,20348.1871666205
TX,6953,20558.259685775752
TX,6954,20945.23712427581
TX,6955,21412.483104507732
TX,6956,21565.875684164084
TX,6957,21048.00629691824
TX,6958,20236.46544385201
TX,6959,19273.852328329323
TX,6960,18395.473248472868
TX,6961,17754.138582169574
TX,6962,17394.91923294625
TX,6963,17193.985122304916
TX,6964,17180.917509182393
TX,6965,17471.493881009422
TX,6966,18360.725531697295
TX,6967,19892.04365041612
TX,6968,21100.436087347575
TX,6969,21388.509618070024
TX,6970,21297.109582708682
TX,6971,21165.395192718048
TX,6972,20973.604667288445
TX,6973,20814.744757763037
TX,6974,20742.478736843015
TX,6975,20581.43271924109
TX,6976,20500.29316611028
TX,6977,20654.205008037277
TX,6978,20978.890894294324
TX,6979,21360.063799728696
TX,6980,21488.00510860247
TX,6981,20995.32734226089
TX,6982,20169.880610507583
TX,6983,19197.369285102315
TX,6984,18299.170957476303
TX,6985,17803.637556064864
TX,6986,17434.014641843564
TX,6987,17237.112330311753
TX,6988,17200.13138440965
TX,6989,17453.724386872135
TX,6990,18284.60528051493
TX,6991,19705.382514810452
TX,6992,20859.92559608451
TX,6993,21192.509090236072
TX,6994,21164.572433920025
TX,6995,21044.071185411234
TX,6996,20849.548780038024
TX,6997,20713.087453361645
TX,6998,20625.95778457415
TX,6999,20476.259717336326
TX,7000,20441.47056048046
TX,7001,20599.703811556914
TX,7002,20906.594861579336
TX,7003,21269.360187101856
TX,7004,21349.85459222563
TX,7005,20845.789621068175
TX,7006,20050.473690061814
TX,7007,19097.94644310358
TX,7008,18258.594612165723
TX,7009,17737.84412187755
TX,7010,17354.211735362323
TX,7011,17136.823796010106
TX,7012,17100.315506586647
TX,7013,17333.408315288185
TX,7014,18140.935846716886
TX,7015,19540.543315648325
TX,7016,20687.153213107877
TX,7017,21033.93525154579
TX,7018,21011.638128467066
TX,7019,20909.30122388247
TX,7020,20768.189084086547
TX,7021,20611.824760832
TX,7022,20554.745223374628
TX,7023,20443.46557215753
TX,7024,20406.076617062133
TX,7025,20571.325390150804
TX,7026,20872.40444665146
TX,7027,21273.927640370577
TX,7028,21346.722991996234
TX,7029,20816.781208122215
TX,7030,19974.28619322456
TX,7031,18994.57761391764
TX,7032,18170.9273593531
TX,7033,17522.100201694045
TX,7034,17148.075294076335
TX,7035,16942.503759633862
TX,7036,16921.50554480477
TX,7037,17150.820735150223
TX,7038,17936.323730630498
TX,7039,19369.89300621583
TX,7040,20549.428462317177
TX,7041,20925.909710684934
TX,7042,20945.34341648847
TX,7043,20909.630784361575
TX,7044,20792.010382857345
TX,7045,20687.265594435956
TX,7046,20603.38997186797
TX,7047,20469.47298408464
TX,7048,20415.259932714388
TX,7049,20566.560410369373
TX,7050,20856.98996456609
TX,7051,21225.030110241462
TX,7052,21280.559667990286
TX,7053,20747.43167915529
TX,7054,19929.33421934495
TX,7055,18982.346037533407
TX,7056,18118.1371630478
TX,7057,17660.68168009423
TX,7058,17289.43950366445
TX,7059,17095.20758048037
TX,7060,17077.95458049353
TX,7061,17299.58269313497
TX,7062,18044.63605859359
TX,7063,19375.891697655607
TX,7064,20494.485344993986
TX,7065,20848.613715949902
TX,7066,20874.832117333582
TX,7067,20799.846806561142
TX,7068,20615.071206112567
TX,7069,20428.727958458733
TX,7070,20314.685166840125
TX,7071,20173.62750566151
TX,7072,20144.589080072244
TX,7073,20329.032710902943
TX,7074,20687.668202854393
TX,7075,21154.12653447429
TX,7076,21274.613148025114
TX,7077,20775.541725799425
TX,7078,19978.758987808913
TX,7079,19036.855570655487
TX,7080,18164.483734854596
TX,7081,17474.66083871207
TX,7082,17089.86192604889
TX,7083,16901.787654245506
TX,7084,16866.686525808966
TX,7085,17115.226112581816
TX,7086,17887.665728005494
TX,7087,19229.287460952264
TX,7088,20349.123945011037
TX,7089,20699.591813959508
TX,7090,20714.24083861286
TX,7091,20636.95700055778
TX,7092,20519.95848260946
TX,7093,20437.998001581406
TX,7094,20416.427096378097
TX,7095,20332.90301439424
TX,7096,20345.279140873732
TX,7097,20578.0548781335
TX,7098,20919.60273266535
TX,7099,21324.694668747657
TX,7100,21390.501079808832
TX,7101,20859.87727430542
TX,7102,20029.507479123275
TX,7103,19062.127277170177
TX,7104,18196.865396331003
TX,7105,17602.975547433367
TX,7106,17222.68568519331
TX,7107,17037.976299672295
TX,7108,17016.337568514295
TX,7109,17273.893475668913
TX,7110,18113.943040916634
TX,7111,19548.595882432938
TX,7112,20733.948438946804
TX,7113,21089.19154093569
TX,7114,21124.150445705975
TX,7115,21062.24556550343
TX,7116,20928.123883802115
TX,7117,20794.389720160662
TX,7118,20736.754854633286
TX,7119,20615.557545471574
TX,7120,20554.781184976655
TX,7121,20710.699872310354
TX,7122,20995.22062915912
TX,7123,21400.84495673457
TX,7124,21463.137191477685
TX,7125,20935.775574746966
TX,7126,20097.472158644567
TX,7127,19118.11702970512
TX,7128,18252.584917417924
TX,7129,17801.081396962783
TX,7130,17435.733885389475
TX,7131,17218.84511092034
TX,7132,17155.90102448237
TX,7133,17430.103120645477
TX,7134,18284.662089587716
TX,7135,19808.832843130435
TX,7136,21045.245907809207
TX,7137,21366.499179168315
TX,7138,21344.23567548999
TX,7139,21260.178161026705
TX,7140,21133.090468070417
TX,7141,21013.767708910756
TX,7142,20927.63855171233
TX,7143,20747.438508120144
TX,7144,20663.19481786558
TX,7145,20814.977042938466
TX,7146,21144.12635118206
TX,7147,21558.913186013726
TX,7148,21616.247437004343
TX,7149,21091.93155013462
TX,7150,20273.77574772841
TX,7151,19327.391662796693
TX,7152,18462.45055570629
TX,7153,17934.550900624945
TX,7154,17527.924559708477
TX,7155,17319.05988519316
TX,7156,17265.332427409938
TX,7157,17521.98018106745
TX,7158,18342.520142942778
TX,7159,19789.76587287991
TX,7160,20956.391880631468
TX,7161,21308.533933146318
TX,7162,21320.507776414225
TX,7163,21244.685169841002
TX,7164,21102.19098721962
TX,7165,20960.60029259647
TX,7166,20875.907961263874
TX,7167,20720.895836515016
TX,7168,20682.840216866182
TX,7169,20882.056371509403
TX,7170,21260.55439553421
TX,7171,21675.943480517414
TX,7172,21674.818046129474
TX,7173,21124.531483518595
TX,7174,20301.507942020454
TX,7175,19351.19090296405
TX,7176,18515.896959354507
TX,7177,17888.04268718389
TX,7178,17514.533447710956
TX,7179,17312.410158365307
TX,7180,17272.79230716443
TX,7181,17520.985362006346
TX,7182,18300.379764209715
TX,7183,19709.00237231304
TX,7184,20889.734346438814
TX,7185,21266.658812184556
TX,7186,21328.06563538736
TX,7187,21294.87526256849
TX,7188,21157.47185322007
TX,7189,20998.462305784535
TX,7190,20892.602697872313
TX,7191,20724.67571753029
TX,7192,20660.329253053344
TX,7193,20847.347908571752
TX,7194,21195.188979315354
TX,7195,21624.862882449428
TX,7196,21653.03838250984
TX,7197,21123.203196977332
TX,7198,20309.558156100525
TX,7199,19374.95577355429
TX,7200,18536.640790967443
TX,7201,17981.20251666308
TX,7202,17624.808451957012
TX,7203,17413.17676973864
TX,7204,17381.73283364051
TX,7205,17629.30992891828
TX,7206,18418.86220417222
TX,7207,19861.38848965148
TX,7208,21058.837431893174
TX,7209,21411.120224529757
TX,7210,21404.481930421017
TX,7211,21284.366479717782
TX,7212,21093.87468505598
TX,7213,20889.946623142787
TX,7214,20766.186845278767
TX,7215,20571.494003168837
TX,7216,20523.345257068858
TX,7217,20718.517608528288
TX,7218,21105.454065480906
TX,7219,21561.822501694806
TX,7220,21599.85857732575
TX,7221,21083.865944639854
TX,7222,20283.94823798479
TX,7223,19364.14128032547
TX,7224,18505.725604218522
TX,7225,17929.645032698897
TX,7226,17596.24746610788
TX,7227,17413.311849606163
TX,7228,17389.900969480994
TX,7229,17628.034641936864
TX,7230,18333.557907440376
TX,7231,19648.006663862787
TX,7232,20774.544670941786
TX,7233,21126.003406294394
TX,7234,21102.163008125725
TX,7235,20991.092358755647
TX,7236,20802.9671237944
TX,7237,20590.922399628163
TX,7238,20445.306658664865
TX,7239,20293.49292463289
TX,7240,20234.653378206072
TX,7241,20477.698328039196
TX,7242,20952.683391661225
TX,7243,21439.19891811469
TX,7244,21477.133095426876
TX,7245,20958.57309215875
TX,7246,20151.993676149605
TX,7247,19216.819145540804
TX,7248,18348.74924338841
TX,7249,17771.015117187577
TX,7250,17430.956714383484
TX,7251,17254.961383382128
TX,7252,17221.292069293696
TX,7253,17496.116828328397
TX,7254,18287.859757486775
TX,7255,19644.570643160552
TX,7256,20813.370171382676
TX,7257,21171.67029379333
TX,7258,21180.41445227052
TX,7259,21079.047970864103
TX,7260,20949.140550440347
TX,7261,20807.651953354476
TX,7262,20693.365742431023
TX,7263,20548.76487694081
TX,7264,20528.878001978665
TX,7265,20778.167651583452
TX,7266,21231.0562101149
TX,7267,21723.905242370854
TX,7268,21763.466342899086
TX,7269,21260.603749631056
TX,7270,20461.487658503664
TX,7271,19533.733476699965
TX,7272,18719.77621157456
TX,7273,18141.180003138025
TX,7274,17804.768372191415
TX,7275,17623.400974106428
TX,7276,17620.784508966494
TX,7277,17865.02625612113
TX,7278,18664.880256532403
TX,7279,20108.040559119424
TX,7280,21255.290179844376
TX,7281,21572.867187579536
TX,7282,21550.720271522188
TX,7283,21439.54219955689
TX,7284,21261.29660994896
TX,7285,21099.537427676083
TX,7286,21025.339147887777
TX,7287,20850.072192458594
TX,7288,20777.02746333744
TX,7289,20944.043796537375
TX,7290,21306.281375694358
TX,7291,21730.806246528726
TX,7292,21770.77948681289
TX,7293,21304.921639480614
TX,7294,20543.2305380839
TX,7295,19618.858663097487
TX,7296,18772.36362180876
TX,7297,18645.04563674694
TX,7298,18262.521842275277
TX,7299,18054.53520358513
TX,7300,17976.750082951614
TX,7301,18115.114184842376
TX,7302,18698.69312112901
TX,7303,19942.65166541198
TX,7304,21262.06303156322
TX,7305,21836.595249170262
TX,7306,21803.17441308482
TX,7307,21621.682389794486
TX,7308,21399.72849383894
TX,7309,21203.163852368768
TX,7310,21026.38263342219
TX,7311,20842.370915780702
TX,7312,20698.737407174033
TX,7313,20812.838404087675
TX,7314,21384.948439469696
TX,7315,22151.693456354913
TX,7316,22025.943874048266
TX,7317,21575.731389685558
TX,7318,20924.263531212194
TX,7319,20133.803646524452
TX,7320,19390.949053075712
TX,7321,19380.42686826593
TX,7322,18930.230729813378
TX,7323,18685.587514820284
TX,7324,18590.76826879341
TX,7325,18697.17295893131
TX,7326,19192.21657132504
TX,7327,20330.71843711924
TX,7328,21591.44415039773
TX,7329,22192.82352716289
TX,7330,22146.93036618749
TX,7331,21992.984075063717
TX,7332,21830.49411025629
TX,7333,21624.110691465805
TX,7334,21425.189634075693
TX,7335,21247.27448454835
TX,7336,21110.03270354399
TX,7337,21233.56936535286
TX,7338,21845.190377784682
TX,7339,22615.984728522015
TX,7340,22512.652808555398
TX,7341,22063.889247984147
TX,7342,21437.749070127357
TX,7343,20709.394187239837
TX,7344,19899.254883754324
TX,7345,19186.71561912632
TX,7346,18735.835052863262
TX,7347,18485.94595559407
TX,7348,18386.63772539833
TX,7349,18458.18932206167
TX,7350,18951.147239534695
TX,7351,20064.56238642603
TX,7352,21292.51202172579
TX,7353,21843.611539943915
TX,7354,21833.885670373412
TX,7355,21647.577789494942
TX,7356,21443.258841391827
TX,7357,21220.754826241354
TX,7358,21015.716645904376
TX,7359,20888.83128646486
TX,7360,20742.709067159176
TX,7361,20888.364681926742
TX,7362,21508.91693747524
TX,7363,22297.320335427347
TX,7364,22192.091261558375
TX,7365,21764.26913191629
TX,7366,21155.350436341173
TX,7367,20375.556119633064
TX,7368,19641.16075588244
TX,7369,18896.481862451925
TX,7370,18467.86738867159
TX,7371,18213.079333100566
TX,7372,18119.61873487453
TX,7373,18220.71259195945
TX,7374,18713.636760628315
TX,7375,19833.165772249888
TX,7376,21137.151421546132
TX,7377,21740.973824260756
TX,7378,21733.18085150509
TX,7379,21541.004882501966
TX,7380,21342.99322395822
TX,7381,21070.480539694092
TX,7382,20804.859547496363
TX,7383,20654.625716124432
TX,7384,20527.47130023382
TX,7385,20666.55507612429
TX,7386,21326.361500633762
TX,7387,22117.221710155896
TX,7388,21999.714286675975
TX,7389,21565.520431185053
TX,7390,20973.97464032652
TX,7391,20221.871237773314
TX,7392,19475.56807869693
TX,7393,18686.652891610358
TX,7394,18247.51565919995
TX,7395,18001.734321782862
TX,7396,17891.359629379046
TX,7397,17963.431142775438
TX,7398,18340.697607282586
TX,7399,19316.824130781136
TX,7400,20538.003935336377
TX,7401,21192.01976121199
TX,7402,21185.440821067626
TX,7403,20993.182734460014
TX,7404,20768.018764962473
TX,7405,20547.27580865348
TX,7406,20646.13519797948
TX,7407,20668.558561252603
TX,7408,20637.527681707986
TX,7409,20676.334997951706
TX,7410,20890.63770087075
TX,7411,21717.71800673228
TX,7412,21624.830483824347
TX,7413,21224.205243168097
TX,7414,20643.235811739576
TX,7415,19896.671559559255
TX,7416,19123.531592307366
TX,7417,18579.616621212875
TX,7418,18152.850436272615
TX,7419,17879.8523240655
TX,7420,17757.059387287256
TX,7421,17811.498843108765
TX,7422,18188.755320725917
TX,7423,19160.16651119227
TX,7424,20434.848770239583
TX,7425,21100.01980800086
TX,7426,21092.76768395604
TX,7427,20893.756064221733
TX,7428,20688.70929821707
TX,7429,20761.90586172227
TX,7430,20701.972350878115
TX,7431,20560.390670496133
TX,7432,20336.398238053434
TX,7433,20272.461901682565
TX,7434,20994.321853965165
TX,7435,21878.60571631001
TX,7436,21814.67816955071
TX,7437,21408.035392518805
TX,7438,20839.06052041284
TX,7439,20094.10727073241
TX,7440,19310.034909811286
TX,7441,18782.221770430233
TX,7442,18341.848348324042
TX,7443,18094.411797010412
TX,7444,17988.26180280064
TX,7445,18049.62830267416
TX,7446,18444.82299452279
TX,7447,19449.672102118985
TX,7448,20747.704946671284
TX,7449,21422.30714468299
TX,7450,21441.51616408617
TX,7451,21281.063266471662
TX,7452,21106.589632252394
TX,7453,20970.17532744068
TX,7454,20861.197056532955
TX,7455,20780.423793114714
TX,7456,20632.1457057837
TX,7457,20663.789012928653
TX,7458,21337.768007623225
TX,7459,22228.24644033321
TX,7460,22148.509530464445
TX,7461,21731.830579189648
TX,7462,21169.057857499283
TX,7463,20415.61793360701
TX,7464,19612.48197163955
TX,7465,19153.58022027781
TX,7466,18678.627153610353
TX,7467,18401.86279340836
TX,7468,18256.78952190574
TX,7469,18312.405420474864
TX,7470,18665.476076351435
TX,7471,19706.593151761364
TX,7472,21091.49656350373
TX,7473,21874.031678307656
TX,7474,21981.8328384565
TX,7475,21880.85005296802
TX,7476,21834.113475989074
TX,7477,21815.552847989775
TX,7478,21728.09529374419
TX,7479,21620.620558806422
TX,7480,21462.891086198393
TX,7481,21416.189040441225
TX,7482,21840.289147357904
TX,7483,22522.88497167555
TX,7484,22355.230985440308
TX,7485,21896.533765861054
TX,7486,21297.568036621193
TX,7487,20467.948657315084
TX,7488,19657.40703827932
TX,7489,19566.53813062064
TX,7490,19059.984616691995
TX,7491,18744.157626808374
TX,7492,18583.770644031976
TX,7493,18585.990875933586
TX,7494,18926.843023787004
TX,7495,19930.389762485195
TX,7496,21246.193755447425
TX,7497,22045.96754277278
TX,7498,22161.354941200628
TX,7499,22031.977813505197
TX,7500,21883.493353682862
TX,7501,21711.024763310476
TX,7502,21563.847640092032
TX,7503,21479.119769706557
TX,7504,21399.86877548435
TX,7505,21503.611372432427
TX,7506,22098.46444950977
TX,7507,22871.11066468063
TX,7508,22715.265319436952
TX,7509,22272.303680635883
TX,7510,21681.60429663678
TX,7511,20906.50277169469
TX,7512,20127.5209326942
TX,7513,19240.2350641189
TX,7514,18765.195453888563
TX,7515,18475.658918674515
TX,7516,18346.16871881898
TX,7517,18386.42398322835
TX,7518,18734.175011869915
TX,7519,19734.149618234415
TX,7520,21023.80502643056
TX,7521,21792.617282358915
TX,7522,21956.847806584413
TX,7523,21919.735084012935
TX,7524,21800.19474089955
TX,7525,21661.5748110769
TX,7526,21507.00609172845
TX,7527,21402.06428516757
TX,7528,21308.450442197003
TX,7529,21417.118124649875
TX,7530,22016.446759617917
TX,7531,22762.50281061133
TX,7532,22549.14126656157
TX,7533,22101.195882266936
TX,7534,21512.2010092825
TX,7535,20793.729420985883
TX,7536,20024.892556723934
TX,7537,19500.0484591453
TX,7538,19014.158062628535
TX,7539,18709.619435320164
TX,7540,18573.824426486432
TX,7541,18630.36317703114
TX,7542,19024.11141448747
TX,7543,20018.69410324226
TX,7544,21346.36375652056
TX,7545,22155.02655954958
TX,7546,22330.615545824262
TX,7547,22270.731381600037
TX,7548,22146.74790171916
TX,7549,21965.214004356334
TX,7550,21813.123506757094
TX,7551,21704.560982951683
TX,7552,21633.76310502456
TX,7553,21746.55421802381
TX,7554,22390.9917651194
TX,7555,23176.720872604044
TX,7556,23035.05510553948
TX,7557,22611.89733785709
TX,7558,22035.491431980656
TX,7559,21265.361913046128
TX,7560,20504.839511952277
TX,7561,19692.69710477764
TX,7562,19208.136178889816
TX,7563,18897.341175143055
TX,7564,18754.54390273833
TX,7565,18766.157212621756
TX,7566,19099.287754369247
TX,7567,20009.04874218466
TX,7568,21207.08386103322
TX,7569,21909.921692536106
TX,7570,22018.351962809223
TX,7571,21889.996489058326
TX,7572,21727.341698810825
TX,7573,21532.7997396365
TX,7574,21348.559721702685
TX,7575,21235.740295568675
TX,7576,21155.215941658835
TX,7577,21316.54579292843
TX,7578,21983.133194810474
TX,7579,22773.53897042044
TX,7580,22625.663594569502
TX,7581,22198.13009892993
TX,7582,21616.394939231572
TX,7583,20854.265665496772
TX,7584,20094.656805751196
TX,7585,19045.899812954957
TX,7586,18589.292384759606
TX,7587,18285.626713834827
TX,7588,18178.210806260577
TX,7589,18191.394525217902
TX,7590,18531.13482824601
TX,7591,19469.734941816785
TX,7592,20729.259456211715
TX,7593,21436.271079757134
TX,7594,21549.63853679172
TX,7595,21447.02732023436
TX,7596,21287.472061395967
TX,7597,21109.623207283494
TX,7598,21095.761341139294
TX,7599,21017.04425228478
TX,7600,20818.801028469615
TX,7601,20846.496230821508
TX,7602,21552.768258173284
TX,7603,22360.43433250189
TX,7604,22254.068193993685
TX,7605,21852.85000979359
TX,7606,21284.095889565673
TX,7607,20573.594803267238
TX,7608,19810.544134232174
TX,7609,19402.334403675685
TX,7610,18922.903088256486
TX,7611,18644.062090990904
TX,7612,18510.83405825349
TX,7613,18522.205173894218
TX,7614,18853.023196612302
TX,7615,19873.550104380033
TX,7616,21207.711715895755
TX,7617,21974.879048319604
TX,7618,22058.99975168943
TX,7619,21912.62625369301
TX,7620,21735.05862595415
TX,7621,21546.777184977735
TX,7622,21365.876232170418
TX,7623,21267.124682650678
TX,7624,21195.334550418888
TX,7625,21336.98507612368
TX,7626,21998.862923523664
TX,7627,22848.16682168698
TX,7628,22701.815167115953
TX,7629,22285.312837862755
TX,7630,21732.624987278715
TX,7631,20994.70216478903
TX,7632,20215.178923126842
TX,7633,19794.864352778973
TX,7634,19314.585437803228
TX,7635,19019.04375388195
TX,7636,18897.046192122545
TX,7637,18960.678064734324
TX,7638,19313.353208176974
TX,7639,20376.735596249084
TX,7640,21802.791282258063
TX,7641,22616.89292563212
TX,7642,22685.762474362484
TX,7643,22538.48224383884
TX,7644,22352.72845085649
TX,7645,22154.23577065215
TX,7646,21964.956038136087
TX,7647,21838.05889630033
TX,7648,21710.42161737457
TX,7649,21832.70352097364
TX,7650,22455.20397930797
TX,7651,23240.0718924525
TX,7652,23083.96554124913
TX,7653,22638.2050631295
TX,7654,22052.334766453296
TX,7655,21295.84785431787
TX,7656,20516.216355910345
TX,7657,19936.542078909703
TX,7658,19440.463908450656
TX,7659,19113.557517324214
TX,7660,18980.903062375287
TX,7661,18971.087115871534
TX,7662,19287.88914089789
TX,7663,20291.155216953843
TX,7664,21640.88092771188
TX,7665,22477.09345044843
TX,7666,22629.79452712132
TX,7667,22533.09809170955
TX,7668,22393.464952031998
TX,7669,22202.844036166862
TX,7670,22005.370511536192
TX,7671,21895.0369438651
TX,7672,21823.101715733497
TX,7673,21938.393065166355
TX,7674,22544.21674158774
TX,7675,23299.94706584335
TX,7676,23117.80037360141
TX,7677,22690.0870921525
TX,7678,22114.489642790367
TX,7679,21373.63211364512
TX,7680,20607.355996212704
TX,7681,19376.37037884101
TX,7682,18903.522212007857
TX,7683,18608.347688040705
TX,7684,18469.198171222246
TX,7685,18491.411110749063
TX,7686,18810.386061216814
TX,7687,19801.347257331788
TX,7688,21138.6046420156
TX,7689,21934.342392062373
TX,7690,22026.470107427315
TX,7691,21870.429723895153
TX,7692,21716.455380065597
TX,7693,21551.02694345491
TX,7694,21531.669275490582
TX,7695,21480.34599577831
TX,7696,21316.350556472123
TX,7697,21437.572175285837
TX,7698,22112.19600122482
TX,7699,22905.891568293576
TX,7700,22759.366611133697
TX,7701,22331.342466551455
TX,7702,21768.171668519077
TX,7703,21030.075798782505
TX,7704,20273.49425901002
TX,7705,19612.765370205523
TX,7706,19136.415581266466
TX,7707,18839.953850933448
TX,7708,18695.9050550669
TX,7709,18744.145213336875
TX,7710,19098.853090828545
TX,7711,20130.452712649337
TX,7712,21508.205780438697
TX,7713,22316.971874123475
TX,7714,22423.43540431879
TX,7715,22288.730411221806
TX,7716,22124.095989998317
TX,7717,21924.697166487334
TX,7718,21729.041347270908
TX,7719,21609.06980646605
TX,7720,21511.36744248014
TX,7721,21681.694320434456
TX,7722,22348.36810457266
TX,7723,23141.377190157463
TX,7724,23000.670261079115
TX,7725,22588.191020666148
TX,7726,22021.828171437374
TX,7727,21264.367222602917
TX,7728,20470.63832055982
TX,7729,20050.694013921554
TX,7730,19598.509867581363
TX,7731,19333.125261298864
TX,7732,19200.312013144096
TX,7733,19242.908074334746
TX,7734,19542.46476608741
TX,7735,20433.67210350992
TX,7736,21658.028907549294
TX,7737,22424.122334064297
TX,7738,22530.30004778266
TX,7739,22392.10984047488
TX,7740,22216.842222737665
TX,7741,22014.90889108329
TX,7742,21817.405906370126
TX,7743,21707.31775497755
TX,7744,21608.997273406196
TX,7745,21769.260728831277
TX,7746,22492.241516417174
TX,7747,23290.09685459327
TX,7748,23144.38633909878
TX,7749,22735.956844450293
TX,7750,22175.582351982985
TX,7751,21438.23354205374
TX,7752,20658.89519404959
TX,7753,19751.218740470808
TX,7754,19259.763315023903
TX,7755,18983.482020092804
TX,7756,18853.11469900364
TX,7757,18874.463436912702
TX,7758,19186.988457666555
TX,7759,20118.29543151826
TX,7760,21374.382858892567
TX,7761,22163.838371792036
TX,7762,22329.871944332872
TX,7763,22225.49675858444
TX,7764,22057.308462223983
TX,7765,21855.10155779988
TX,7766,21652.963506981184
TX,7767,21492.170758340055
TX,7768,21370.510776433985
TX,7769,21519.728353359998
TX,7770,22217.233525827766
TX,7771,23028.665503741394
TX,7772,22866.58566532639
TX,7773,22427.60296427888
TX,7774,21840.7095884242
TX,7775,21057.318431797118
TX,7776,20231.27791386544
TX,7777,19496.98593563834
TX,7778,19009.664982755535
TX,7779,18734.811838493602
TX,7780,18596.19478329848
TX,7781,18607.822828924302
TX,7782,18995.433884730854
TX,7783,19986.580139367035
TX,7784,21345.640251102054
TX,7785,22163.739936388623
TX,7786,22250.183339829455
TX,7787,22097.926251387026
TX,7788,21917.759676758894
TX,7789,21719.46142614126
TX,7790,21495.368800121092
TX,7791,21360.952768012016
TX,7792,21292.77297000062
TX,7793,21492.878624776868
TX,7794,22191.817123134324
TX,7795,23032.2863249139
TX,7796,22893.63123958179
TX,7797,22488.754326088557
TX,7798,21938.34350996367
TX,7799,21186.63377360013
TX,7800,20404.721685143137
TX,7801,20035.444672232018
TX,7802,19534.417816248517
TX,7803,19224.998440027555
TX,7804,19051.403534279963
TX,7805,19066.28834977322
TX,7806,19426.779020108444
TX,7807,20486.840607949944
TX,7808,21887.34740522857
TX,7809,22741.54259820204
TX,7810,22841.28853207388
TX,7811,22659.488704011316
TX,7812,22441.223419456563
TX,7813,22196.355590223924
TX,7814,21962.84819558769
TX,7815,21813.23424338802
TX,7816,21716.88986245428
TX,7817,21852.922036943312
TX,7818,22505.87326007101
TX,7819,23274.65745445016
TX,7820,23095.19397723612
TX,7821,22647.745402766418
TX,7822,22079.096084019948
TX,7823,21328.34050286834
TX,7824,20538.190998760758
TX,7825,20266.655834889267
TX,7826,19760.304445008245
TX,7827,19437.93438067873
TX,7828,19289.051311190303
TX,7829,19306.65753842357
TX,7830,19604.546410038054
TX,7831,20543.730801046376
TX,7832,21801.99740149572
TX,7833,22630.030559624977
TX,7834,22796.237395152687
TX,7835,22643.69411187161
TX,7836,22490.03375444657
TX,7837,22292.838104291636
TX,7838,22041.99960138508
TX,7839,21902.185662627957
TX,7840,21797.31337776394
TX,7841,21970.553484628418
TX,7842,22646.715859442207
TX,7843,23452.470432326354
TX,7844,23349.203664664174
TX,7845,22966.13888739172
TX,7846,22494.63429538491
TX,7847,21796.16721446308
TX,7848,21061.200823779096
TX,7849,19972.834458399554
TX,7850,19476.738947335942
TX,7851,19177.463248149568
TX,7852,19034.513227886347
TX,7853,19048.767267124088
TX,7854,19387.026733458523
TX,7855,20254.01617861345
TX,7856,21455.230127491703
TX,7857,22251.49585009672
TX,7858,22465.500821902967
TX,7859,22419.03697102704
TX,7860,22266.990494460924
TX,7861,22054.346894417193
TX,7862,21782.08654857402
TX,7863,21613.458880896996
TX,7864,21522.890148925775
TX,7865,21671.979378318518
TX,7866,22325.003889650432
TX,7867,23133.1397801159
TX,7868,22997.489559874076
TX,7869,22616.066996354245
TX,7870,22107.603264423958
TX,7871,21395.218840176323
TX,7872,20664.38909241364
TX,7873,19394.031119733718
TX,7874,18949.336029027553
TX,7875,18686.295784240173
TX,7876,18571.391226187313
TX,7877,18631.353342091096
TX,7878,18959.436870457512
TX,7879,19867.279763820033
TX,7880,21101.155039956783
TX,7881,21905.184446967695
TX,7882,22070.539313757624
TX,7883,21960.498653031518
TX,7884,21776.48475693154
TX,7885,21559.139011015834
TX,7886,21316.67637170729
TX,7887,21144.122035595146
TX,7888,21074.092559501956
TX,7889,21265.410425746296
TX,7890,21959.09673789337
TX,7891,22770.469873351527
TX,7892,22680.810513450258
TX,7893,22315.052668500847
TX,7894,21824.153844071194
TX,7895,21141.26953956317
TX,7896,20398.809653301623
TX,7897,19631.163692505485
TX,7898,19186.726713443733
TX,7899,18881.80463809365
TX,7900,18722.333626556505
TX,7901,18754.100821534088
TX,7902,19062.078318400616
TX,7903,19924.480582863726
TX,7904,21123.230053567987
TX,7905,21882.532875013997
TX,7906,22038.57929555827
TX,7907,21940.68962391051
TX,7908,21792.292915605227
TX,7909,21595.229464056292
TX,7910,21391.172666131894
TX,7911,21261.834297830077
TX,7912,21204.30568749419
TX,7913,21409.275716897028
TX,7914,22126.478564193082
TX,7915,22922.895851087105
TX,7916,22780.70799854699
TX,7917,22369.537083016
TX,7918,21815.404063980687
TX,7919,21088.99236020055
TX,7920,20304.666439659158
TX,7921,19791.814706143324
TX,7922,19309.458921491384
TX,7923,19013.177835623893
TX,7924,18870.869531714675
TX,7925,18889.00299232532
TX,7926,19235.985215681993
TX,7927,20168.523665117295
TX,7928,21408.197126128282
TX,7929,22243.663476745926
TX,7930,22467.324515523387
TX,7931,22438.552529901568
TX,7932,22343.151774249765
TX,7933,22176.162831488213
TX,7934,21988.949211212272
TX,7935,21882.472572588515
TX,7936,21799.538048773236
TX,7937,21954.68186484619
TX,7938,22606.758239782398
TX,7939,23413.29048333531
TX,7940,23263.320730003016
TX,7941,22844.32336895962
TX,7942,22284.230822329917
TX,7943,21536.410903935845
TX,7944,20770.881038242795
TX,7945,20191.613505024854
TX,7946,19685.22063975255
TX,7947,19367.919763339078
TX,7948,19228.538525664547
TX,7949,19259.350007359988
TX,7950,19598.476983870615
TX,7951,20532.57875780772
TX,7952,21782.413351179816
TX,7953,22501.461214105316
TX,7954,22557.253764270534
TX,7955,22375.06158934192
TX,7956,22156.30209002451
TX,7957,21890.55026194366
TX,7958,21591.834863686927
TX,7959,21421.527783897385
TX,7960,21328.688488832938
TX,7961,21555.56149006255
TX,7962,22310.390388927093
TX,7963,23140.462026823535
TX,7964,23000.57355071385
TX,7965,22595.794454959783
TX,7966,22044.3556280876
TX,7967,21306.172119959175
TX,7968,20540.11240502253
TX,7969,19875.143239622734
TX,7970,19376.82435727692
TX,7971,19068.16622450034
TX,7972,18905.445394961596
TX,7973,18936.22664787545
TX,7974,19247.877728554727
TX,7975,20228.15384631836
TX,7976,21578.668347414677
TX,7977,22396.056493691088
TX,7978,22502.217828502488
TX,7979,22354.60436562804
TX,7980,22223.77661197362
TX,7981,22031.71391659107
TX,7982,21844.46375379559
TX,7983,21729.407635790807
TX,7984,21638.43841830512
TX,7985,21783.51409313444
TX,7986,22463.283196645644
TX,7987,23208.385681330185
TX,7988,23034.12500038604
TX,7989,22597.047317739964
TX,7990,22025.047668497546
TX,7991,21271.791907289415
TX,7992,20498.707712020188
TX,7993,20010.803144127056
TX,7994,19533.922630985373
TX,7995,19233.210212057344
TX,7996,19094.681916088344
TX,7997,19150.823097205063
TX,7998,19531.927690250473
TX,7999,20566.04910259018
TX,8000,21978.072497170967
TX,8001,22849.46878747086
TX,8002,22998.051999755386
TX,8003,22885.221403156187
TX,8004,22751.286259989147
TX,8005,22603.31074370943
TX,8006,22472.34969987511
TX,8007,22400.05744506203
TX,8008,22355.439438154114
TX,8009,22537.60354248534
TX,8010,23226.781772153743
TX,8011,24021.72498231457
TX,8012,23863.12658439288
TX,8013,23460.41997693821
TX,8014,22917.97312793071
TX,8015,22179.274755456884
TX,8016,21397.85485990864
TX,8017,20952.705018523663
TX,8018,20411.336213786875
TX,8019,20060.536884409984
TX,8020,19856.26862008116
TX,8021,19823.706390188093
TX,8022,20021.141815522384
TX,8023,20848.062580495128
TX,8024,22100.352237545597
TX,8025,23028.74508238752
TX,8026,23250.606232664754
TX,8027,23231.771063560846
TX,8028,23114.42284921517
TX,8029,22915.746893800282
TX,8030,22704.385300190495
TX,8031,22557.815189453404
TX,8032,22442.582730022497
TX,8033,22583.077425128014
TX,8034,23353.47168628107
TX,8035,24177.638476176554
TX,8036,24000.402430446997
TX,8037,23605.796706855877
TX,8038,23079.26400780811
TX,8039,22335.619052050912
TX,8040,21477.230126273565
TX,8041,20638.64641428113
TX,8042,20108.035878955402
TX,8043,19766.951542951126
TX,8044,19608.092372001302
TX,8045,19582.97967211881
TX,8046,19847.33167593499
TX,8047,20695.959308442568
TX,8048,21974.216907232183
TX,8049,22890.54516846174
TX,8050,23065.223281305922
TX,8051,22973.466441507817
TX,8052,22840.6518194693
TX,8053,22622.345407016205
TX,8054,22408.880825381555
TX,8055,22311.962757077655
TX,8056,22262.52045013255
TX,8057,22437.02064001959
TX,8058,23213.997378876687
TX,8059,24029.891104952657
TX,8060,23866.506900421246
TX,8061,23484.20474447938
TX,8062,22975.326764600386
TX,8063,22257.786511184868
TX,8064,21450.00773582091
TX,8065,20950.36236096517
TX,8066,20403.394087675107
TX,8067,20041.814411320587
TX,8068,19837.836863410068
TX,8069,19788.376012145598
TX,8070,20040.146491038936
TX,8071,20827.513357162335
TX,8072,22000.325303591246
TX,8073,22928.16487409127
TX,8074,23166.31223694807
TX,8075,23139.98417769901
TX,8076,23036.953584929446
TX,8077,22819.43419924392
TX,8078,22619.699229998364
TX,8079,22475.25719980466
TX,8080,22379.59271867801
TX,8081,22528.998050342402
TX,8082,23308.565841515005
TX,8083,24175.835123237686
TX,8084,24003.049154858328
TX,8085,23613.900045133864
TX,8086,23098.39276819077
TX,8087,22377.802717951145
TX,8088,21528.626050624958
TX,8089,20597.990732752603
TX,8090,20064.510722600122
TX,8091,19688.308240081394
TX,8092,19493.025929068622
TX,8093,19477.284525104796
TX,8094,19707.931044577226
TX,8095,20504.149113847973
TX,8096,21737.040245307444
TX,8097,22683.276890134778
TX,8098,22963.276704956453
TX,8099,22977.068718267432
TX,8100,22892.55099728116
TX,8101,22734.770175543495
TX,8102,22560.679763138435
TX,8103,22433.892752405708
TX,8104,22335.86029535665
TX,8105,22497.550525158893
TX,8106,23310.052185366168
TX,8107,24189.30999701659
TX,8108,24051.706579701186
TX,8109,23680.88002172203
TX,8110,23178.895518517123
TX,8111,22449.25527273378
TX,8112,21640.19949369374
TX,8113,20817.064423302096
TX,8114,20262.125542864506
TX,8115,19899.37621911562
TX,8116,19720.81157208668
TX,8117,19681.53392337829
TX,8118,19929.78802534645
TX,8119,20787.242976328418
TX,8120,22085.639925948758
TX,8121,23027.990822315804
TX,8122,23251.444621059903
TX,8123,23240.117015111007
TX,8124,23154.35818231926
TX,8125,22964.201008536055
TX,8126,22767.189153937778
TX,8127,22645.980921882153
TX,8128,22530.629738144267
TX,8129,22656.792884193923
TX,8130,23447.0459062804
TX,8131,24299.343668415823
TX,8132,24137.227999221437
TX,8133,23743.504253521525
TX,8134,23230.178727045303
TX,8135,22489.200756729357
TX,8136,21642.556192407216
TX,8137,21047.005028583467
TX,8138,20474.652366513535
TX,8139,20113.018463229555
TX,8140,19947.683588597275
TX,8141,19953.575873694543
TX,8142,20248.13281835633
TX,8143,21163.713027833527
TX,8144,22538.369387922145
TX,8145,23571.926169352214
TX,8146,23800.47232315845
TX,8147,23741.5773169478
TX,8148,23608.717332826906
TX,8149,23405.50860940885
TX,8150,23198.108796733745
TX,8151,23087.314038575737
TX,8152,22997.934325073413
TX,8153,23158.8144467043
TX,8154,23952.846227378945
TX,8155,24786.60264893857
TX,8156,24601.992346248498
TX,8157,24202.071588819283
TX,8158,23687.115042302132
TX,8159,22981.143461101688
TX,8160,22143.776276397865
TX,8161,21808.755211513667
TX,8162,21254.54466649419
TX,8163,20859.712130452642
TX,8164,20661.932148811115
TX,8165,20618.153419678784
TX,8166,20838.308912897556
TX,8167,21677.772273568173
TX,8168,22948.614617681176
TX,8169,23881.409933814403
TX,8170,24079.32618057048
TX,8171,24008.835270171982
TX,8172,23839.981640058298
TX,8173,23612.644384657866
TX,8174,23371.932479154598
TX,8175,23227.607970292055
TX,8176,23124.608234950994
TX,8177,23243.986314011064
TX,8178,24031.575508076106
TX,8179,24872.264680477773
TX,8180,24686.161114904458
TX,8181,24270.01403090406
TX,8182,23748.334092927685
TX,8183,22997.033169057065
TX,8184,22126.363660101624
TX,8185,21420.42414642619
TX,8186,20879.566571460845
TX,8187,20503.280998272167
TX,8188,20328.408537253303
TX,8189,20312.26655861757
TX,8190,20523.005411358962
TX,8191,21359.3876306727
TX,8192,22629.29485337636
TX,8193,23608.15200530257
TX,8194,23846.152496151447
TX,8195,23809.772322841578
TX,8196,23680.631441785
TX,8197,23463.327454986555
TX,8198,23248.606196940973
TX,8199,23108.87820795821
TX,8200,23006.3372632247
TX,8201,23138.26320783374
TX,8202,23943.583439602822
TX,8203,24784.420865344142
TX,8204,24603.756175145037
TX,8205,24208.431833070243
TX,8206,23681.444985850728
TX,8207,22939.174441181187
TX,8208,22087.681891404564
TX,8209,21604.889612402317
TX,8210,21048.410545366792
TX,8211,20653.684507739012
TX,8212,20453.59662494929
TX,8213,20417.63768844574
TX,8214,20638.85568897696
TX,8215,21472.734038151586
TX,8216,22727.17009649635
TX,8217,23698.651201461914
TX,8218,23944.081443159906
TX,8219,23953.86901279471
TX,8220,23843.94184719944
TX,8221,23650.226184430398
TX,8222,23423.58015118872
TX,8223,23251.506429837598
TX,8224,23130.65861692364
TX,8225,23264.12138452757
TX,8226,24049.07795870256
TX,8227,24891.938668834392
TX,8228,24721.68092749593
TX,8229,24340.347481010227
TX,8230,23834.416950048542
TX,8231,23139.26774642627
TX,8232,22344.425381536457
TX,8233,22071.84565676442
TX,8234,21529.262359930396
TX,8235,21181.640303060355
TX,8236,20977.138265680576
TX,8237,20935.50143253995
TX,8238,21160.428113586207
TX,8239,21912.979796704374
TX,8240,23082.08196998215
TX,8241,24024.151094458453
TX,8242,24302.942743619138
TX,8243,24345.83985937895
TX,8244,24251.059636341765
TX,8245,24066.492553871598
TX,8246,23881.25617149094
TX,8247,23733.27410966659
TX,8248,23616.9998572814
TX,8249,23750.808191653444
TX,8250,24539.20189869845
TX,8251,25340.859528345405
TX,8252,25178.808927306132
TX,8253,24788.847103832765
TX,8254,24265.005150875535
TX,8255,23567.313421170603
TX,8256,22783.84473079663
TX,8257,21664.464274534446
TX,8258,21111.134432355428
TX,8259,20722.500551203662
TX,8260,20525.959099305275
TX,8261,20484.95114758018
TX,8262,20751.810036920926
TX,8263,21552.835238433488
TX,8264,22776.138191237244
TX,8265,23734.677857269702
TX,8266,23983.49082276877
TX,8267,23970.70949045331
TX,8268,23836.78515209643
TX,8269,23611.783864605624
TX,8270,23365.318095725723
TX,8271,23167.64895073544
TX,8272,23046.15492392794
TX,8273,23228.733241499146
TX,8274,24085.943293021472
TX,8275,24974.69765024851
TX,8276,24811.639135835616
TX,8277,24419.20007549075
TX,8278,23895.03309502831
TX,8279,23176.603492656273
TX,8280,22332.744320497913
TX,8281,21257.23113946533
TX,8282,20683.743139412712
TX,8283,20297.684800586776
TX,8284,20109.742147630648
TX,8285,20094.38161014328
TX,8286,20334.74038091982
TX,8287,21166.7641374027
TX,8288,22428.215315362554
TX,8289,23395.885801373055
TX,8290,23590.22203442172
TX,8291,23511.615313051397
TX,8292,23380.492043901995
TX,8293,23162.50706283994
TX,8294,22940.12171829308
TX,8295,22796.332762667273
TX,8296,22710.939287130664
TX,8297,22860.62277093401
TX,8298,23667.681294306576
TX,8299,24549.333935116433
TX,8300,24393.518269770578
TX,8301,24016.69291496274
TX,8302,23489.619290318196
TX,8303,22772.22408365176
TX,8304,21902.03421565828
TX,8305,21037.406169726044
TX,8306,20476.260135560526
TX,8307,20085.515944129824
TX,8308,19912.75904820285
TX,8309,19901.562526689208
TX,8310,20166.55762722226
TX,8311,21035.21336270173
TX,8312,22390.92656639737
TX,8313,23403.865907181725
TX,8314,23614.385426819208
TX,8315,23538.091037089185
TX,8316,23406.194860311622
TX,8317,23182.493428118317
TX,8318,22976.074245104485
TX,8319,22828.06777305044
TX,8320,22692.090417618125
TX,8321,22809.57497413569
TX,8322,23561.86783528062
TX,8323,24387.458480379657
TX,8324,24189.78586884976
TX,8325,23775.625633140542
TX,8326,23239.121801141327
TX,8327,22488.896115278983
TX,8328,21660.370524722673
TX,8329,21184.140622651334
TX,8330,20623.56390017965
TX,8331,20212.469281916214
TX,8332,20013.808889226627
TX,8333,19993.948419540633
TX,8334,20184.564413713787
TX,8335,21011.42601402153
TX,8336,22308.75797972176
TX,8337,23312.328916474552
TX,8338,23567.663268226134
TX,8339,23543.553135123048
TX,8340,23430.113108124
TX,8341,23220.279321906595
TX,8342,23010.25113713753
TX,8343,22882.099239419937
TX,8344,22787.806097111833
TX,8345,22951.4957574191
TX,8346,23741.023797372872
TX,8347,24577.297455709022
TX,8348,24399.121714366217
TX,8349,24018.445279185585
TX,8350,23510.53941144847
TX,8351,22801.601954816345
TX,8352,21982.139440757752
TX,8353,21257.553993814717
TX,8354,20677.88183753012
TX,8355,20290.613994615644
TX,8356,20086.302864157492
TX,8357,20075.151952114417
TX,8358,20303.34207791005
TX,8359,21116.820163916007
TX,8360,22358.040032310463
TX,8361,23320.172832148817
TX,8362,23607.630485706185
TX,8363,23647.88153946096
TX,8364,23602.023641316467
TX,8365,23428.162849474727
TX,8366,23241.113583018652
TX,8367,23106.278117380498
TX,8368,23001.938468723278
TX,8369,23117.061187276768
TX,8370,23879.648922056884
TX,8371,24700.622292306168
TX,8372,24520.106736764845
TX,8373,24093.918827597946
TX,8374,23528.670300696827
TX,8375,22753.41738193159
TX,8376,21893.043138740712
TX,8377,20852.187391754523
TX,8378,20298.96585810517
TX,8379,19967.298937755576
TX,8380,19809.086744210404
TX,8381,19779.2775846894
TX,8382,20036.898348182845
TX,8383,20850.43165138813
TX,8384,22145.95383517488
TX,8385,23191.483522108086
TX,8386,23502.99037561157
TX,8387,23571.498751031847
TX,8388,23515.66864020788
TX,8389,23337.40253600599
TX,8390,23151.857296656434
TX,8391,23015.158833882545
TX,8392,22890.944090293733
TX,8393,23027.52950280136
TX,8394,23795.301922864617
TX,8395,24621.28132996289
TX,8396,24434.427663948348
TX,8397,24027.601630459426
TX,8398,23527.262980614616
TX,8399,22806.59158893388
TX,8400,21985.29313487479
TX,8401,21729.608195545794
TX,8402,21182.598544145662
TX,8403,20834.13752093953
TX,8404,20658.740240837975
TX,8405,20611.383895514905
TX,8406,20813.001975849154
TX,8407,21543.457824703356
TX,8408,22742.024658188637
TX,8409,23719.41547995393
TX,8410,24043.285478500906
TX,8411,24094.845468317164
TX,8412,24041.009985619553
TX,8413,23875.297921589205
TX,8414,23680.492411905476
TX,8415,23544.79414353824
TX,8416,23445.463001254787
TX,8417,23568.46770638368
TX,8418,24357.49783841562
TX,8419,25227.268446295763
TX,8420,25070.34072301055
TX,8421,24704.42965155282
TX,8422,24208.088289578402
TX,8423,23517.074005629105
TX,8424,22712.80226584184
TX,8425,22071.136429724906
TX,8426,21538.765890882676
TX,8427,21197.102047579996
TX,8428,21040.30792566008
TX,8429,21042.143815989604
TX,8430,21349.5480319425
TX,8431,22191.91808704114
TX,8432,23408.945046595342
TX,8433,24388.97875825559
TX,8434,24653.989696175014
TX,8435,24630.37339917576
TX,8436,24491.542346613894
TX,8437,24266.9774645265
TX,8438,24032.17890808159
TX,8439,23873.59066418605
TX,8440,23747.11427024504
TX,8441,23917.495833186432
TX,8442,24775.718059477605
TX,8443,25720.92324108902
TX,8444,25592.904425290627
TX,8445,25236.035320843413
TX,8446,24758.399806724146
TX,8447,24035.57822031074
TX,8448,23185.645397139055
TX,8449,22053.549004676356
TX,8450,21530.992098353643
TX,8451,21186.254330965532
TX,8452,21012.247104534488
TX,8453,20954.724920808566
TX,8454,21201.132966947203
TX,8455,22055.350312032488
TX,8456,23315.434600888903
TX,8457,24313.464003598956
TX,8458,24561.151418699733
TX,8459,24526.779149417912
TX,8460,24394.502406672085
TX,8461,24197.736789071325
TX,8462,23967.310819914154
TX,8463,23816.79931723178
TX,8464,23688.271749867408
TX,8465,23793.4756470061
TX,8466,24549.558159746116
TX,8467,25403.6628238964
TX,8468,25228.557293839316
TX,8469,24840.808643026097
TX,8470,24304.00730933552
TX,8471,23580.780951744597
TX,8472,22719.757773647874
TX,8473,21884.43326754933
TX,8474,21334.49967643652
TX,8475,20972.072423358792
TX,8476,20797.281591314388
TX,8477,20769.175665470726
TX,8478,20976.53329392398
TX,8479,21842.521485353096
TX,8480,23193.990107754765
TX,8481,24226.6613669838
TX,8482,24452.728676488853
TX,8483,24357.600168664884
TX,8484,24191.485048783726
TX,8485,23940.369469221068
TX,8486,23687.094545809394
TX,8487,23533.21276545303
TX,8488,23429.293879825405
TX,8489,23562.369374445794
TX,8490,24336.227533819027
TX,8491,25212.486141207854
TX,8492,25034.20465184806
TX,8493,24647.342915177497
TX,8494,24151.67987948328
TX,8495,23439.237116634445
TX,8496,22607.365769293963
TX,8497,22081.877145995463
TX,8498,21508.112016826427
TX,8499,21132.080146215895
TX,8500,20934.848346159473
TX,8501,20898.45947251769
TX,8502,21079.22992089125
TX,8503,21904.680187963162
TX,8504,23147.061109607893
TX,8505,24131.89241028907
TX,8506,24409.388505552748
TX,8507,24387.572102288654
TX,8508,24258.014427137983
TX,8509,24030.568694331983
TX,8510,23810.745494626296
TX,8511,23660.0173475749
TX,8512,23522.73089576311
TX,8513,23594.412890548725
TX,8514,24305.662601366425
TX,8515,25089.52605771854
TX,8516,24883.027172304473
TX,8517,24488.227418259473
TX,8518,23980.629080751143
TX,8519,23298.057650232867
TX,8520,22485.270329221578
TX,8521,21820.701351715606
TX,8522,21257.111198229538
TX,8523,20869.523792353732
TX,8524,20687.52165336163
TX,8525,20668.550144070704
TX,8526,20888.14200749281
TX,8527,21651.287720370682
TX,8528,22853.68601048393
TX,8529,23848.598051714767
TX,8530,24213.814477787448
TX,8531,24283.52070317046
TX,8532,24210.39482971968
TX,8533,24030.950266134507
TX,8534,23827.453345512204
TX,8535,23637.993294469222
TX,8536,23535.526025952226
TX,8537,23629.690839911675
TX,8538,24387.9010327735
TX,8539,25232.88210908007
TX,8540,25060.022831237415
TX,8541,24674.035547821287
TX,8542,24180.78082192637
TX,8543,23479.32223391138
TX,8544,22675.413452312295
TX,8545,22113.498823955812
TX,8546,21564.997381628405
TX,8547,21187.13138354787
TX,8548,20982.210805456862
TX,8549,20947.22277255777
TX,8550,21155.863855513545
TX,8551,21904.242820450825
TX,8552,23083.818498565098
TX,8553,24058.6376161212
TX,8554,24419.405968372246
TX,8555,24500.056502539152
TX,8556,24409.23666995078
TX,8557,24203.769870326052
TX,8558,23955.721691938642
TX,8559,23788.55893518405
TX,8560,23651.54893174985
TX,8561,23761.005685441575
TX,8562,24513.721735518995
TX,8563,25316.739039896145
TX,8564,25090.370897555133
TX,8565,24665.655341231062
TX,8566,24168.532560234855
TX,8567,23488.64763262565
TX,8568,22677.28909792304
TX,8569,21352.248094712365
TX,8570,20797.1834985371
TX,8571,20428.970532445508
TX,8572,20219.835391415934
TX,8573,20173.37292326576
TX,8574,20342.859151068616
TX,8575,20927.014370921047
TX,8576,21925.314017346636
TX,8577,22812.269921736075
TX,8578,23193.230701044413
TX,8579,23306.612428824742
TX,8580,23237.63519606176
TX,8581,23055.607766387315
TX,8582,22803.62445943522
TX,8583,22642.141738849713
TX,8584,22527.623280015803
TX,8585,22602.642584192687
TX,8586,23255.658661103578
TX,8587,24000.281972147476
TX,8588,23788.8495607996
TX,8589,23392.51998738233
TX,8590,22949.6978265232
TX,8591,22374.914908656553
TX,8592,21693.27807604304
TX,8593,21156.07337548947
TX,8594,20590.18746001452
TX,8595,20228.091183963244
TX,8596,20037.129333478664
TX,8597,20000.077357661972
TX,8598,20198.27463784978
TX,8599,20852.015344352154
TX,8600,21864.983792953208
TX,8601,22771.648680037906
TX,8602,23162.45223777936
TX,8603,23254.113778066305
TX,8604,23213.043650504563
TX,8605,23037.364448806326
TX,8606,22789.46277247846
TX,8607,22586.29804278231
TX,8608,22450.120959356646
TX,8609,22549.477425835846
TX,8610,23240.793103126826
TX,8611,24034.07692177412
TX,8612,23860.280550246227
TX,8613,23523.97914823358
TX,8614,23085.116169242703
TX,8615,22473.15878518874
TX,8616,21728.67424560257
TX,8617,21441.696849496783
TX,8618,20929.590084686073
TX,8619,20607.61476429955
TX,8620,20453.014496547357
TX,8621,20458.606536979584
TX,8622,20713.4029791739
TX,8623,21472.96676646293
TX,8624,22615.76482794067
TX,8625,23531.47648915521
TX,8626,23908.26306549087
TX,8627,24020.899388018396
TX,8628,24001.268210993835
TX,8629,23859.000671435588
TX,8630,23681.616133911238
TX,8631,23525.229571862095
TX,8632,23440.48274433254
TX,8633,23545.10974458412
TX,8634,24295.2893030629
TX,8635,25135.77864090556
TX,8636,24951.238267456983
TX,8637,24533.73430706359
TX,8638,24000.718762847065
TX,8639,23249.22385389665
TX,8640,22438.207202675276
TX,8641,21053.138682999613
TX,8642,20489.166327445894
TX,8643,20114.711481199997
TX,8644,19949.3593024501
TX,8645,19920.87987548591
TX,8646,20143.650328326377
TX,8647,20969.118104477964
TX,8648,22206.55470222762
TX,8649,23220.88206023444
TX,8650,23581.150819017537
TX,8651,23643.73014442353
TX,8652,23587.485074494065
TX,8653,23446.3527317501
TX,8654,23239.139259505837
TX,8655,23104.746072562282
TX,8656,22991.12259743268
TX,8657,23101.49804348595
TX,8658,23860.337651710886
TX,8659,24726.499224675766
TX,8660,24565.198572538286
TX,8661,24169.527358589903
TX,8662,23658.89833093733
TX,8663,22939.769689201793
TX,8664,22143.831149897522
TX,8665,21194.521217316733
TX,8666,20639.21775763159
TX,8667,20270.601635357977
TX,8668,20070.52384764553
TX,8669,20023.52146237108
TX,8670,20176.59441109803
TX,8671,20894.805695261034
TX,8672,22063.42677435403
TX,8673,23003.626035492683
TX,8674,23337.591571754725
TX,8675,23431.2473604334
TX,8676,23388.932000936762
TX,8677,23231.533413186483
TX,8678,23041.336697474776
TX,8679,22899.670160796028
TX,8680,22770.4440479928
TX,8681,22871.422583769288
TX,8682,23583.402359218447
TX,8683,24393.96683704487
TX,8684,24206.51237544389
TX,8685,23801.75397083386
TX,8686,23277.827777828158
TX,8687,22584.108386202445
TX,8688,21802.104394571533
TX,8689,21477.6610161882
TX,8690,20941.926335003732
TX,8691,20570.848244797684
TX,8692,20396.500914278157
TX,8693,20368.841358017484
TX,8694,20597.25613775983
TX,8695,21370.04678214736
TX,8696,22539.67546606667
TX,8697,23531.25259252306
TX,8698,23904.77060768898
TX,8699,24012.020539807498
TX,8700,23976.67982178521
TX,8701,23852.343556756175
TX,8702,23668.074584446245
TX,8703,23535.673150847703
TX,8704,23427.881114161274
TX,8705,23515.244696686178
TX,8706,24237.43467358746
TX,8707,25075.101191047338
TX,8708,24895.860008394678
TX,8709,24497.687319216617
TX,8710,23981.61319798134
TX,8711,23279.293510201367
TX,8712,22464.88679144971
TX,8713,22014.148063998963
TX,8714,21483.79942364159
TX,8715,21123.90533076917
TX,8716,20944.160219420464
TX,8717,20899.95452201532
TX,8718,21117.381764253388
TX,8719,21864.25197931271
TX,8720,23039.010939888975
TX,8721,23997.9406236368
TX,8722,24340.445292569655
TX,8723,24428.83086664972
TX,8724,24392.984277907498
TX,8725,24227.05095522938
TX,8726,24031.803445884
TX,8727,23876.69391726633
TX,8728,23737.582875310544
TX,8729,23813.20162557817
TX,8730,24508.840652830862
TX,8731,25311.03384812124
TX,8732,25106.4540909343
TX,8733,24686.528450281205
TX,8734,24166.225797651183
TX,8735,23451.352420199584
TX,8736,22642.341888944408
TX,8737,21351.370986750915
TX,8738,20799.632396041016
TX,8739,20425.866287286595
TX,8740,20226.489145503677
TX,8741,20160.3512085978
TX,8742,20340.428443063765
TX,8743,21023.2562215333
TX,8744,22081.897979891984
TX,8745,23000.769986504746
TX,8746,23384.078631033717
TX,8747,23535.41490939437
TX,8748,23541.074417081408
TX,8749,23412.91276843878
TX,8750,23234.22314915749
TX,8751,23090.163963885946
TX,8752,22988.22321037472
TX,8753,23102.21885214636
TX,8754,23845.623769123822
TX,8755,24662.74200770343
TX,8756,24452.871336186867
TX,8757,23985.43470651249
TX,8758,23463.71792435323
TX,8759,22813.82139484893
TX,8760,22096.22839409327
CA,1,8438.289214748682
CA,2,8148.187590947735
CA,3,7980.20100457545
CA,4,7951.348352039229
CA,5,8086.312143742951
CA,6,8517.46038518474
CA,7,9287.298815323972
CA,8,9831.917225307839
CA,9,10028.913110645268
CA,10,10072.42122793796
CA,11,10045.014543337956
CA,12,10018.919938044657
CA,13,9974.272099921544
CA,14,9980.030990511843
CA,15,10034.877397126737
CA,16,10312.871172168657
CA,17,10990.15613989917
CA,18,11607.843545894188
CA,19,11478.941094536598
CA,20,11101.009740855405
CA,21,10642.362258931147
CA,22,10070.338386907295
CA,23,9329.91349005748
CA,24,8697.91080029355
CA,25,8452.921067021949
CA,26,8197.636533119237
CA,27,8109.53814790792
CA,28,8151.703547768323
CA,29,8320.863025563739
CA,30,8834.976314791103
CA,31,9671.024036031948
CA,32,10287.466092210682
CA,33,10590.359279165853
CA,34,10702.939322513236
CA,35,10703.794162304604
CA,36,10682.719131650702
CA,37,10605.648848330596
CA,38,10573.792592084521
CA,39,10615.304549927217
CA,40,10843.51888476346
CA,41,11475.175604920462
CA,42,12089.029005479725
CA,43,11930.383420601236
CA,44,11554.826722251171
CA,45,11076.364348835797
CA,46,10454.886739238095
CA,47,9695.82775175367
CA,48,9044.323561400777
CA,49,8854.449418244569
CA,50,8594.5189316082
CA,51,8462.729101597661
CA,52,8493.770411945997
CA,53,8691.299817654837
CA,54,9242.888047954068
CA,55,10139.650901564034
CA,56,10814.722410173117
CA,57,11109.970830028693
CA,58,11195.206103791946
CA,59,11175.029344203795
CA,60,11142.805950136436
CA,61,11087.101745490703
CA,62,11060.842177331251
CA,63,11065.41577430295
CA,64,11229.83448574556
CA,65,11777.899253849544
CA,66,12321.965026574283
CA,67,12129.671119971391
CA,68,11730.380144189402
CA,69,11215.01190930247
CA,70,10543.612919031684
CA,71,9760.336760053457
CA,72,9074.852037084517
CA,73,8591.153944796392
CA,74,8325.753485332516
CA,75,8186.05054729802
CA,76,8205.077356972291
CA,77,8437.066911109214
CA,78,9024.165483228392
CA,79,9977.00329717147
CA,80,10691.926162436197
CA,81,10959.860820628196
CA,82,10966.11532442858
CA,83,10897.991863195626
CA,84,10806.870661861847
CA,85,10727.866420929745
CA,86,10702.1719109267
CA,87,10724.38829458793
CA,88,10966.473794478581
CA,89,11546.82273631242
CA,90,12136.25647088663
CA,91,11946.294721601076
CA,92,11542.956465128224
CA,93,11043.84059459677
CA,94,10395.183409103705
CA,95,9634.185333516799
CA,96,8967.343678404527
CA,97,8626.61573826738
CA,98,8356.511647722964
CA,99,8243.436016457764
CA,100,8248.24710481232
CA,101,8452.641288406339
CA,102,9014.501722125363
CA,103,9931.44218672197
CA,104,10614.482122901407
CA,105,10888.720929381764
CA,106,10948.868910672598
CA,107,10931.59959535401
CA,108,10902.149751027403
CA,109,10827.294580933076
CA,110,10791.150816221924
CA,111,10796.008366141928
CA,112,10982.974359929456
CA,113,11533.655405111961
CA,114,12087.186840742014
CA,115,11907.574092483635
CA,116,11488.537899374055
CA,117,11002.800191272673
CA,118,10354.967694464003
CA,119,9603.210506506395
CA,120,8943.314768003473
CA,121,8708.12762010596
CA,122,8421.512954645522
CA,123,8293.571502176512
CA,124,8296.168795407867
CA,125,8497.402266146263
CA,126,9056.292814858407
CA,127,9959.731797268846
CA,128,10672.875136021991
CA,129,10972.448253390091
CA,130,11008.330151188959
CA,131,10948.60722130523
CA,132,10889.258992981027
CA,133,10806.404222396903
CA,134,10768.97580325693
CA,135,10788.954045750494
CA,136,11021.370890562716
CA,137,11641.720791072546
CA,138,12272.482925471333
CA,139,12124.057862458386
CA,140,11739.746192769015
CA,141,11283.327200790941
CA,142,10660.956729980743
CA,143,9947.301153348713
CA,144,9309.14123179275
CA,145,8972.837037541897
CA,146,8725.085568640285
CA,147,8612.278108372873
CA,148,8630.249891268575
CA,149,8842.117227112261
CA,150,9402.988843663065
CA,151,10309.943248755692
CA,152,10986.378586168422
CA,153,11247.164947001641
CA,154,11269.763953413209
CA,155,11201.034586131902
CA,156,11110.71040773782
CA,157,11011.003700622082
CA,158,10976.265757978176
CA,159,11010.856039774616
CA,160,11250.57834512649
CA,161,11860.332662750846
CA,162,12488.71572626601
CA,163,12329.417503187237
CA,164,11944.833384287316
CA,165,11451.299284258438
CA,166,10820.228771999167
CA,167,10079.915359114048
CA,168,9439.792588860955
CA,169,9013.146858908412
CA,170,8752.664465371222
CA,171,8635.452191768483
CA,172,8662.248399038647
CA,173,8852.146038258322
CA,174,9369.806066305284
CA,175,10243.483099369335
CA,176,10907.432570055493
CA,177,11212.035773528216
CA,178,11259.221538472874
CA,179,11226.70380609787
CA,180,11159.234251389591
CA,181,11069.47128715674
CA,182,11006.07073951666
CA,183,11029.901318692206
CA,184,11278.379380716496
CA,185,11909.477773798647
CA,186,12537.316740562266
CA,187,12392.49938245853
CA,188,12029.41031078723
CA,189,11559.414150324802
CA,190,10949.60065029836
CA,191,10195.747095378513
CA,192,9582.01482518802
CA,193,8984.910780890052
CA,194,8696.224965549312
CA,195,8575.997590777732
CA,196,8579.18752199657
CA,197,8753.077939317128
CA,198,9286.56765393027
CA,199,10156.715934931762
CA,200,10814.288316351528
CA,201,11111.428206781431
CA,202,11169.376289953131
CA,203,11136.38640886571
CA,204,11070.849439728171
CA,205,11004.44540245078
CA,206,10962.957093138776
CA,207,11001.613293665725
CA,208,11219.468790092504
CA,209,11807.811154283108
CA,210,12427.580365316322
CA,211,12312.118526187188
CA,212,11906.365594350714
CA,213,11433.71577532955
CA,214,10794.115629477341
CA,215,10048.427179835087
CA,216,9410.293919952561
CA,217,9189.9746481299
CA,218,8939.0143859132
CA,219,8843.41875731144
CA,220,8873.616885499333
CA,221,9103.689420443745
CA,222,9668.34585772711
CA,223,10619.83527850291
CA,224,11264.765819483248
CA,225,11480.586622298599
CA,226,11476.075076637494
CA,227,11376.43999128773
CA,228,11258.278549636557
CA,229,11141.010910670259
CA,230,11107.504900649026
CA,231,11149.456227610168
CA,232,11391.467517248001
CA,233,12033.653948099685
CA,234,12706.747245614691
CA,235,12613.327249676551
CA,236,12278.469963482056
CA,237,11824.21541155907
CA,238,11194.472668080005
CA,239,10453.795483058045
CA,240,9816.48883196074
CA,241,9167.545669486781
CA,242,8923.695996422039
CA,243,8810.244502973099
CA,244,8837.392619522896
CA,245,9055.020179696447
CA,246,9673.156269908857
CA,247,10658.525552227001
CA,248,11366.714964594847
CA,249,11577.55531770962
CA,250,11535.676360685002
CA,251,11407.058586222565
CA,252,11292.789434439772
CA,253,11191.108729596968
CA,254,11165.248987360801
CA,255,11198.810482650856
CA,256,11425.786112149598
CA,257,12001.317009186216
CA,258,12598.684277892326
CA,259,12433.599018398453
CA,260,12044.616025842
CA,261,11552.495024302372
CA,262,10914.617118490309
CA,263,10147.729621060414
CA,264,9495.992724161079
CA,265,8811.252319508547
CA,266,8553.977635088184
CA,267,8440.23319499043
CA,268,8449.310410695883
CA,269,8655.052112525887
CA,270,9214.764832986255
CA,271,10127.079239576688
CA,272,10825.24699624032
CA,273,11097.51624024164
CA,274,11125.446659512214
CA,275,11050.180377302707
CA,276,10966.499556958343
CA,277,10871.035813025351
CA,278,10810.14536140852
CA,279,10838.072425212108
CA,280,11046.61200155067
CA,281,11623.280086870292
CA,282,12214.154215088785
CA,283,12053.956127415832
CA,284,11664.736292359553
CA,285,11173.875331932816
CA,286,10536.089507413715
CA,287,9783.14930058381
CA,288,9132.834764170806
CA,289,8566.289620162477
CA,290,8300.007804165181
CA,291,8171.746348782763
CA,292,8160.858189775414
CA,293,8351.429164401894
CA,294,8902.510097470687
CA,295,9809.305711607385
CA,296,10524.554324258522
CA,297,10878.805107922947
CA,298,10950.963437161993
CA,299,10907.373197936368
CA,300,10825.614433712811
CA,301,10751.793170806424
CA,302,10702.075187424667
CA,303,10725.81046081788
CA,304,10932.391339562516
CA,305,11514.643410514
CA,306,12145.813727896417
CA,307,11993.583562047517
CA,308,11624.746624155202
CA,309,11151.62880231485
CA,310,10504.196248068398
CA,311,9767.23384362008
CA,312,9123.206214012994
CA,313,8576.282487305072
CA,314,8330.120535236713
CA,315,8221.76693316665
CA,316,8238.385594239357
CA,317,8461.668069058694
CA,318,9038.123949272709
CA,319,9987.349576021495
CA,320,10686.200637390973
CA,321,11002.205665948035
CA,322,11072.805926008277
CA,323,11019.695975370148
CA,324,10942.40320286088
CA,325,10853.039950865117
CA,326,10809.800175331546
CA,327,10803.832764113388
CA,328,10994.006829805514
CA,329,11542.014631869435
CA,330,12142.107935720809
CA,331,12003.500561784959
CA,332,11636.647776899396
CA,333,11169.35626482897
CA,334,10554.015374230163
CA,335,9845.517189983179
CA,336,9237.4360998969
CA,337,9144.341931270413
CA,338,8934.37044364104
CA,339,8855.067052328378
CA,340,8883.233090456967
CA,341,9110.40937777279
CA,342,9667.247319008402
CA,343,10562.995988084849
CA,344,11222.452136969306
CA,345,11479.84742791021
CA,346,11486.848563454634
CA,347,11410.774407022535
CA,348,11338.114178995715
CA,349,11272.248672447983
CA,350,11251.197985641767
CA,351,11299.19078616887
CA,352,11534.432544061477
CA,353,12127.22514123355
CA,354,12756.161852039991
CA,355,12629.440738468196
CA,356,12270.532357958624
CA,357,11803.873892929364
CA,358,11175.394421902867
CA,359,10462.952118714183
CA,360,9827.016991264674
CA,361,9374.483426450238
CA,362,9112.544350791064
CA,363,8988.016561407257
CA,364,8976.373727422798
CA,365,9152.873678901093
CA,366,9668.395985701727
CA,367,10518.282307675051
CA,368,11186.140794987573
CA,369,11478.052029479272
CA,370,11554.352957832789
CA,371,11527.34785558191
CA,372,11471.917162286656
CA,373,11335.487626712487
CA,374,11276.333074484855
CA,375,11266.845589518406
CA,376,11450.605602400344
CA,377,12031.167729476303
CA,378,12650.684980536564
CA,379,12512.99614199528
CA,380,12133.183091206822
CA,381,11667.579095775363
CA,382,11046.025943721663
CA,383,10321.78650894369
CA,384,9683.228369061
CA,385,9190.06456296009
CA,386,8934.099863931344
CA,387,8837.495580741338
CA,388,8860.068794735497
CA,389,9072.9648965292
CA,390,9616.811284104797
CA,391,10532.568105809734
CA,392,11150.668478069177
CA,393,11388.388754104332
CA,394,11327.938104502831
CA,395,11225.215066590295
CA,396,11114.630419471327
CA,397,10990.990346355717
CA,398,10956.516885219495
CA,399,11013.48351034943
CA,400,11261.52785937916
CA,401,11855.469325850665
CA,402,12482.437574418347
CA,403,12350.57333438103
CA,404,11956.663602305525
CA,405,11468.263378999477
CA,406,10814.940088050905
CA,407,10039.817923219882
CA,408,9372.296030049863
CA,409,9290.294224557183
CA,410,9027.903483290828
CA,411,8918.152630275491
CA,412,8932.734173125143
CA,413,9155.398075806026
CA,414,9739.516275491615
CA,415,10696.119268507212
CA,416,11387.95843818877
CA,417,11631.821886281946
CA,418,11652.028910571339
CA,419,11577.20479696902
CA,420,11506.740509048765
CA,421,11423.981906675564
CA,422,11388.22794503017
CA,423,11403.898072378867
CA,424,11614.532021546712
CA,425,12205.788867152052
CA,426,12848.823881799081
CA,427,12709.121736496547
CA,428,12315.89365772216
CA,429,11833.620758530381
CA,430,11198.923986727845
CA,431,10465.542387085074
CA,432,9828.997415203878
CA,433,9323.225263643147
CA,434,9084.341292902776
CA,435,8982.87931263417
CA,436,9000.456145607002
CA,437,9211.791277743302
CA,438,9787.188957322645
CA,439,10711.764892735046
CA,440,11403.151717486304
CA,441,11628.850954451124
CA,442,11580.155714723388
CA,443,11478.064352679773
CA,444,11358.227505431222
CA,445,11269.565247327854
CA,446,11218.02678532882
CA,447,11235.511468398947
CA,448,11416.072487083184
CA,449,11964.50884813351
CA,450,12576.846487815745
CA,451,12433.102139214126
CA,452,12045.322640876917
CA,453,11556.72964254449
CA,454,10914.097050664441
CA,455,10166.12689469671
CA,456,9506.41968021749
CA,457,8620.943938891704
CA,458,8375.513028701294
CA,459,8272.667964318353
CA,460,8271.47942389511
CA,461,8490.365467272309
CA,462,9030.802965765899
CA,463,9940.421549078302
CA,464,10651.754510200524
CA,465,11002.509946436652
CA,466,11116.031550136302
CA,467,11132.158189715282
CA,468,11096.466002181378
CA,469,11032.34753937364
CA,470,10991.971642315585
CA,471,11007.825522479402
CA,472,11192.474171521916
CA,473,11739.906965833033
CA,474,12396.295482355576
CA,475,12254.537377205686
CA,476,11872.564303444342
CA,477,11414.293453090417
CA,478,10818.164006760929
CA,479,10136.802326125794
CA,480,9553.507404450029
CA,481,8900.896681130012
CA,482,8673.597967011336
CA,483,8569.205920927638
CA,484,8583.874508061841
CA,485,8808.444265395984
CA,486,9378.116437741957
CA,487,10295.152443370274
CA,488,10992.98725863199
CA,489,11329.388998035826
CA,490,11402.840949384233
CA,491,11388.875902877148
CA,492,11323.454032833412
CA,493,11242.462903731232
CA,494,11195.928799956288
CA,495,11206.140625967105
CA,496,11408.329873251617
CA,497,11966.458978343129
CA,498,12591.13418197558
CA,499,12460.476563396771
CA,500,12104.519151198469
CA,501,11639.297176201028
CA,502,11005.358361312368
CA,503,10264.928718097568
CA,504,9624.725133401192
CA,505,9647.402443720786
CA,506,9389.436201882674
CA,507,9281.850029506186
CA,508,9315.578147218487
CA,509,9500.481817407707
CA,510,10030.014646634015
CA,511,10890.9422530901
CA,512,11528.761223012726
CA,513,11796.373940426612
CA,514,11831.92834177923
CA,515,11718.020099819988
CA,516,11586.998446063118
CA,517,11481.55135449314
CA,518,11436.406186715308
CA,519,11453.58308732722
CA,520,11654.875064985445
CA,521,12212.799809048509
CA,522,12845.438338186588
CA,523,12722.48958817446
CA,524,12359.060073676307
CA,525,11887.414092874772
CA,526,11256.068452780436
CA,527,10518.9667521931
CA,528,9876.640478325708
CA,529,9545.047194944503
CA,530,9304.407660848993
CA,531,9195.692491027163
CA,532,9213.070909246492
CA,533,9413.056781734713
CA,534,9932.77463186327
CA,535,10783.718573307798
CA,536,11425.346028075984
CA,537,11708.251095279694
CA,538,11795.604491768211
CA,539,11740.274013632266
CA,540,11654.87570863443
CA,541,11550.959507742519
CA,542,11506.856411948297
CA,543,11516.522683300298
CA,544,11722.943673141058
CA,545,12265.640576572164
CA,546,12898.543160942788
CA,547,12784.126281263621
CA,548,12396.15191638117
CA,549,11913.734197225212
CA,550,11265.312102445996
CA,551,10501.295200041287
CA,552,9840.37112134223
CA,553,8948.631452727005
CA,554,8656.623248319864
CA,555,8523.810444103935
CA,556,8541.423102085847
CA,557,8733.114253139165
CA,558,9308.184388107927
CA,559,10247.39999246954
CA,560,10909.388321152907
CA,561,11169.569022666263
CA,562,11208.32002837287
CA,563,11126.39223708391
CA,564,11045.500124883807
CA,565,10976.009036540763
CA,566,10939.154882073941
CA,567,10986.81464761041
CA,568,11218.880868189776
CA,569,11783.675739938174
CA,570,12413.244615589383
CA,571,12290.980325690981
CA,572,11897.187594051708
CA,573,11403.0641816854
CA,574,10761.152110541166
CA,575,9998.010221709334
CA,576,9366.20551717018
CA,577,9262.56339226079
CA,578,9021.835578018313
CA,579,8918.968928725548
CA,580,8930.85860363499
CA,581,9145.92895403454
CA,582,9751.15481713771
CA,583,10705.074189797287
CA,584,11375.568266494708
CA,585,11617.080374218613
CA,586,11596.42320833255
CA,587,11500.7853700164
CA,588,11397.682819143656
CA,589,11275.230840058
CA,590,11229.871631124885
CA,591,11241.598145993406
CA,592,11445.110471664751
CA,593,11985.17876011954
CA,594,12630.326447000591
CA,595,12503.917540596488
CA,596,12136.956225646465
CA,597,11662.801126751235
CA,598,11046.918053105811
CA,599,10321.763282865161
CA,600,9700.29557782427
CA,601,9117.944180888435
CA,602,8919.465077089443
CA,603,8794.352148103552
CA,604,8824.614913809295
CA,605,9057.571969293301
CA,606,9637.984458919659
CA,607,10569.210445098085
CA,608,11253.345845165358
CA,609,11472.263614696928
CA,610,11393.518689835382
CA,611,11266.881987327803
CA,612,11175.320502808411
CA,613,11091.769774710798
CA,614,11061.723301057485
CA,615,11122.086885953493
CA,616,11344.159211763014
CA,617,11925.067500025447
CA,618,12583.496717395343
CA,619,12471.820322070775
CA,620,12119.652500889009
CA,621,11651.436622019224
CA,622,11032.142113386346
CA,623,10291.404393431494
CA,624,9654.903906187439
CA,625,9207.793277549454
CA,626,8959.593375946525
CA,627,8839.346095241583
CA,628,8842.53007851158
CA,629,9045.311926158467
CA,630,9586.439842611746
CA,631,10485.527729822959
CA,632,11126.154618700616
CA,633,11320.404626114243
CA,634,11254.378954626926
CA,635,11106.85871536177
CA,636,10988.267013809839
CA,637,10871.916428414659
CA,638,10817.75257414077
CA,639,10822.071735458017
CA,640,11028.296221481874
CA,641,11602.831949779974
CA,642,12279.99989888272
CA,643,12172.86704319314
CA,644,11803.263735114783
CA,645,11335.76402195976
CA,646,10699.141678700922
CA,647,9944.281885266186
CA,648,9315.299730278818
CA,649,8630.724429037935
CA,650,8380.432478618395
CA,651,8262.957306919894
CA,652,8267.142306343919
CA,653,8493.918847248063
CA,654,9072.654921525203
CA,655,9992.572820203097
CA,656,10671.238445328509
CA,657,10941.586802021314
CA,658,10944.218119114849
CA,659,10835.080184339633
CA,660,10706.62781594498
CA,661,10593.218672512835
CA,662,10531.154038315435
CA,663,10567.915636002022
CA,664,10793.449265040984
CA,665,11373.728644173152
CA,666,12045.251577010525
CA,667,11956.308618466434
CA,668,11613.361500283014
CA,669,11178.005881731925
CA,670,10565.336581821724
CA,671,9871.953500779085
CA,672,9266.816565396908
CA,673,9124.427007234779
CA,674,8901.04821857656
CA,675,8798.48635225825
CA,676,8820.242763391043
CA,677,9027.476988031557
CA,678,9540.928567353387
CA,679,10393.508521983863
CA,680,11029.901215030964
CA,681,11260.221846616774
CA,682,11287.578459239036
CA,683,11227.129897573517
CA,684,11196.740003786408
CA,685,11143.50799824382
CA,686,11080.7618883646
CA,687,11078.926329151855
CA,688,11257.92224804703
CA,689,11779.25164579313
CA,690,12429.814834111719
CA,691,12327.17057747253
CA,692,11963.22384617735
CA,693,11500.004111744227
CA,694,10896.71019420621
CA,695,10159.99298098465
CA,696,9538.37584205672
CA,697,9430.385075616046
CA,698,9191.62963826227
CA,699,9095.85795760117
CA,700,9120.003057964436
CA,701,9343.662983477424
CA,702,9885.69711596489
CA,703,10758.201513505522
CA,704,11360.024485257606
CA,705,11573.624544700424
CA,706,11525.706295770728
CA,707,11394.529573527263
CA,708,11280.180634303182
CA,709,11176.171971705529
CA,710,11109.906481537449
CA,711,11137.393585735468
CA,712,11380.434378867708
CA,713,11979.682723249748
CA,714,12713.699462650197
CA,715,12653.513894472544
CA,716,12324.464261061532
CA,717,11888.563524065562
CA,718,11296.676317208865
CA,719,10577.886484018874
CA,720,9955.624589613217
CA,721,9569.219599913719
CA,722,9348.608586524497
CA,723,9251.831057749783
CA,724,9303.334072963645
CA,725,9555.48440370238
CA,726,10148.852580576634
CA,727,11092.578037105127
CA,728,11743.899499840706
CA,729,11976.053078691928
CA,730,11960.99654737753
CA,731,11836.159081012024
CA,732,11709.079813279697
CA,733,11547.107090043458
CA,734,11438.753953116539
CA,735,11420.221294912833
CA,736,11637.079839048457
CA,737,12243.735467571767
CA,738,12991.131894673973
CA,739,12922.609900325966
CA,740,12584.347994521313
CA,741,12117.559854475063
CA,742,11475.420895190183
CA,743,10703.27819832504
CA,744,10046.714725908544
CA,745,9404.687867056902
CA,746,9182.52030829036
CA,747,9091.507236772221
CA,748,9123.045330945795
CA,749,9366.96673339782
CA,750,9971.28951495711
CA,751,10934.427951630738
CA,752,11557.872897359982
CA,753,11715.75223657827
CA,754,11632.027593078782
CA,755,11513.441800053123
CA,756,11387.58684693829
CA,757,11255.328205762885
CA,758,11144.833449117925
CA,759,11119.177805267524
CA,760,11281.677056856026
CA,761,11732.282504719672
CA,762,12420.719506134798
CA,763,12473.262195991644
CA,764,12114.107366742033
CA,765,11656.550591279924
CA,766,11029.16761779957
CA,767,10317.249257124487
CA,768,9691.929822016558
CA,769,9070.235065032207
CA,770,8820.394609412192
CA,771,8711.85808145423
CA,772,8707.39064350873
CA,773,8928.020195597695
CA,774,9481.741796845704
CA,775,10385.265277048894
CA,776,11012.208491197725
CA,777,11247.941484950797
CA,778,11237.799678274248
CA,779,11138.310872979389
CA,780,11035.885543689323
CA,781,10891.209026802494
CA,782,10788.409941865083
CA,783,10748.866137491266
CA,784,10886.184681111054
CA,785,11305.96174263813
CA,786,12004.074314085809
CA,787,12040.440376656809
CA,788,11649.4043927241
CA,789,11169.222443368879
CA,790,10558.455451730087
CA,791,9843.143116963272
CA,792,9223.30710158273
CA,793,9084.518806450582
CA,794,8849.956515737668
CA,795,8755.733739218448
CA,796,8770.122989185445
CA,797,9001.178787126683
CA,798,9578.920534715259
CA,799,10489.642618634404
CA,800,11133.162257823011
CA,801,11387.08062290811
CA,802,11400.483062438507
CA,803,11314.049837545369
CA,804,11231.812656248287
CA,805,11126.982079716582
CA,806,11057.573924410239
CA,807,11021.508245122439
CA,808,11162.578413057533
CA,809,11610.684481662233
CA,810,12327.06626085901
CA,811,12351.141011980006
CA,812,11963.203305237752
CA,813,11519.817242487282
CA,814,10915.527041972622
CA,815,10239.48338153423
CA,816,9644.349635467316
CA,817,9339.735698256764
CA,818,9094.048198815836
CA,819,9007.350313709175
CA,820,9026.94258022912
CA,821,9256.831465941422
CA,822,9837.004643517599
CA,823,10734.046046613502
CA,824,11352.902938085169
CA,825,11580.513447354848
CA,826,11595.380962302675
CA,827,11516.824109332289
CA,828,11443.735327604182
CA,829,11356.147044402592
CA,830,11304.034118188184
CA,831,11289.165617435053
CA,832,11441.5156665002
CA,833,11826.11013290634
CA,834,12484.5697971543
CA,835,12529.4971708083
CA,836,12158.293326138322
CA,837,11695.085819054741
CA,838,11115.017618302684
CA,839,10417.14133074514
CA,840,9784.342636408605
CA,841,9245.695124964904
CA,842,8987.632593709737
CA,843,8881.813374483842
CA,844,8914.524503920497
CA,845,9096.56600389722
CA,846,9611.93601832123
CA,847,10455.110742833883
CA,848,11012.250861308635
CA,849,11201.699120755723
CA,850,11195.735902810318
CA,851,11050.583301526412
CA,852,10894.749186120947
CA,853,10741.341470427859
CA,854,10628.757315575156
CA,855,10588.952091953352
CA,856,10759.474120914291
CA,857,11201.953205377881
CA,858,11950.52569394235
CA,859,12041.59661251097
CA,860,11686.545656441647
CA,861,11233.529282336523
CA,862,10640.309626565957
CA,863,9944.28396896751
CA,864,9328.167019883
CA,865,8938.946463948367
CA,866,8713.975196366414
CA,867,8658.134444920153
CA,868,8682.140705366015
CA,869,8920.806502258902
CA,870,9495.86474086732
CA,871,10409.66813690535
CA,872,11006.88896712676
CA,873,11200.502292972354
CA,874,11180.19456545161
CA,875,11063.867693988481
CA,876,10947.943545244888
CA,877,10812.292922283515
CA,878,10713.844063405938
CA,879,10669.547486304785
CA,880,10848.341052297508
CA,881,11333.425111636354
CA,882,12127.68921349051
CA,883,12236.857702299396
CA,884,11922.377741947011
CA,885,11475.562036878076
CA,886,10875.963981010905
CA,887,10165.801755651394
CA,888,9536.059635263522
CA,889,9446.17539077146
CA,890,9207.535660305178
CA,891,9108.829111972103
CA,892,9122.382862270864
CA,893,9350.132718658859
CA,894,9934.536338922914
CA,895,10856.063354202757
CA,896,11406.272567215133
CA,897,11541.600388749684
CA,898,11496.62944415252
CA,899,11394.729114033295
CA,900,11292.93716632518
CA,901,11185.754472201497
CA,902,11123.16734181082
CA,903,11097.844883086596
CA,904,11269.799457345863
CA,905,11676.237069218056
CA,906,12339.42236943332
CA,907,12355.804241380827
CA,908,11944.462958878507
CA,909,11476.66310007621
CA,910,10849.088665231616
CA,911,10112.781469373376
CA,912,9484.399963498761
CA,913,9011.237137070497
CA,914,8773.56032872145
CA,915,8694.060155338251
CA,916,8727.019367186951
CA,917,8975.435127875878
CA,918,9595.763660820344
CA,919,10565.549070845472
CA,920,11194.962173156966
CA,921,11429.652015693268
CA,922,11444.304792559032
CA,923,11373.135594785088
CA,924,11291.203408928009
CA,925,11139.194254510262
CA,926,11019.164171603625
CA,927,10967.104620707579
CA,928,11108.222755351287
CA,929,11533.831705369007
CA,930,12258.043883212059
CA,931,12352.587617951569
CA,932,12015.463426026798
CA,933,11571.258132243164
CA,934,10967.359599730989
CA,935,10273.54475428589
CA,936,9649.55466602569
CA,937,9190.401710061167
CA,938,8965.019276551603
CA,939,8879.695468809237
CA,940,8917.006663605278
CA,941,9157.868058220194
CA,942,9748.595698806081
CA,943,10671.403073236153
CA,944,11265.676561979678
CA,945,11407.277146382883
CA,946,11331.561156361756
CA,947,11200.24118759158
CA,948,11083.810367826391
CA,949,10956.497513467838
CA,950,10865.81789502093
CA,951,10840.525214304936
CA,952,10997.270250189231
CA,953,11435.79728554432
CA,954,12161.052238705764
CA,955,12238.60868466931
CA,956,11881.727528393004
CA,957,11442.615563158633
CA,958,10855.097643182848
CA,959,10149.246038967027
CA,960,9520.598368494964
CA,961,8805.564325768842
CA,962,8575.558516054414
CA,963,8476.122533043208
CA,964,8480.02363351283
CA,965,8707.1453514059
CA,966,9249.849863031534
CA,967,10146.433269012869
CA,968,10721.050008558295
CA,969,10884.058188844445
CA,970,10813.301856241287
CA,971,10672.812838223006
CA,972,10562.920872875816
CA,973,10466.972999436756
CA,974,10426.785992416303
CA,975,10428.932106172438
CA,976,10616.963558457273
CA,977,11064.823131691302
CA,978,11815.885745310045
CA,979,11926.00617892084
CA,980,11583.928929906628
CA,981,11152.530029687789
CA,982,10547.70548880517
CA,983,9860.923002964947
CA,984,9222.398600972147
CA,985,8820.69528736663
CA,986,8595.492228819484
CA,987,8502.713251121866
CA,988,8546.906802092494
CA,989,8783.445133714789
CA,990,9383.136210235579
CA,991,10323.389486327022
CA,992,10934.566344719164
CA,993,11114.108730884956
CA,994,11050.60463879597
CA,995,10903.192422630354
CA,996,10794.860566689522
CA,997,10672.27454284997
CA,998,10572.089706962483
CA,999,10540.856182548364
CA,1000,10718.425890054545
CA,1001,11176.662790789466
CA,1002,11928.658604720082
CA,1003,12044.014293357218
CA,1004,11698.67989614863
CA,1005,11254.765619900665
CA,1006,10684.787469217603
CA,1007,9975.059346491543
CA,1008,9381.622852429935
CA,1009,9280.434619377838
CA,1010,9070.05714687564
CA,1011,8976.854999644493
CA,1012,9008.880686595111
CA,1013,9233.474751434166
CA,1014,9773.170932308608
CA,1015,10644.631661592934
CA,1016,11240.08393545988
CA,1017,11458.859006209103
CA,1018,11439.290913481276
CA,1019,11335.009734075992
CA,1020,11242.44355128589
CA,1021,11151.960578362264
CA,1022,11089.685671028926
CA,1023,11064.047929609814
CA,1024,11203.976859842696
CA,1025,11607.242895243349
CA,1026,12314.762162707744
CA,1027,12384.349390307431
CA,1028,12008.671150698275
CA,1029,11529.28712620839
CA,1030,10947.602519241968
CA,1031,10255.330715832686
CA,1032,9640.579659949083
CA,1033,9058.17745373805
CA,1034,8819.711181803305
CA,1035,8714.563918548548
CA,1036,8725.943544658733
CA,1037,8941.424204834348
CA,1038,9480.154645023472
CA,1039,10329.472320607412
CA,1040,10920.610449886736
CA,1041,11185.062231068265
CA,1042,11254.836889556602
CA,1043,11184.966159343986
CA,1044,11085.851131289935
CA,1045,10964.422781661423
CA,1046,10900.237883289215
CA,1047,10871.826651218305
CA,1048,11042.560887396464
CA,1049,11459.179494445177
CA,1050,12168.76254549368
CA,1051,12264.024180191077
CA,1052,11897.97500025359
CA,1053,11433.847338486936
CA,1054,10844.254023639728
CA,1055,10146.309967333707
CA,1056,9537.803029772077
CA,1057,9254.265004939192
CA,1058,9025.930542455232
CA,1059,8931.56593923884
CA,1060,8966.197016783164
CA,1061,9195.252792699074
CA,1062,9768.937996541037
CA,1063,10683.96826065726
CA,1064,11261.630654010652
CA,1065,11440.60071231638
CA,1066,11412.954291204901
CA,1067,11282.039089409983
CA,1068,11142.430623373901
CA,1069,11003.713596254054
CA,1070,10892.170812020735
CA,1071,10851.037726013686
CA,1072,11032.393354999627
CA,1073,11481.49750356782
CA,1074,12214.716335498917
CA,1075,12336.974990502055
CA,1076,12008.034174895851
CA,1077,11578.420976399157
CA,1078,11006.378115160192
CA,1079,10337.976026049644
CA,1080,9747.450401642789
CA,1081,9349.853994079716
CA,1082,9140.38828645014
CA,1083,9062.018601485128
CA,1084,9099.136936152993
CA,1085,9357.213648684548
CA,1086,9983.26806419397
CA,1087,10915.629575253954
CA,1088,11518.628411135023
CA,1089,11704.111694917556
CA,1090,11674.091287940152
CA,1091,11582.742982020733
CA,1092,11480.360041398761
CA,1093,11316.489785557616
CA,1094,11209.888295402337
CA,1095,11153.357411848365
CA,1096,11280.698801591784
CA,1097,11705.207341492649
CA,1098,12405.078411696294
CA,1099,12492.622030041202
CA,1100,12135.657377998967
CA,1101,11683.26130134931
CA,1102,11067.756347585574
CA,1103,10343.167775564478
CA,1104,9708.804558291826
CA,1105,8893.198591922364
CA,1106,8654.486975626638
CA,1107,8553.369106159536
CA,1108,8580.628410845046
CA,1109,8817.523795558635
CA,1110,9390.83562361212
CA,1111,10301.671563880447
CA,1112,10918.481932321344
CA,1113,11143.69503208055
CA,1114,11114.34402996104
CA,1115,10999.75874325465
CA,1116,10889.187314545946
CA,1117,10743.738904010636
CA,1118,10643.725997913736
CA,1119,10605.39758223454
CA,1120,10747.792777427579
CA,1121,11154.611784597806
CA,1122,11878.181695538592
CA,1123,11991.577036093975
CA,1124,11636.2280154664
CA,1125,11204.379425624019
CA,1126,10604.047048008965
CA,1127,9934.080945443633
CA,1128,9337.004800337452
CA,1129,8846.872801903968
CA,1130,8595.220245233019
CA,1131,8482.568783909574
CA,1132,8507.38016339597
CA,1133,8718.739751362836
CA,1134,9283.115842176008
CA,1135,10161.783794818842
CA,1136,10744.990544434353
CA,1137,10960.806297327384
CA,1138,10976.771308031106
CA,1139,10934.949623793251
CA,1140,10865.376968866634
CA,1141,10761.746154120857
CA,1142,10711.669787880936
CA,1143,10699.213904026548
CA,1144,10835.604059836625
CA,1145,11225.699219703763
CA,1146,11924.739041681615
CA,1147,12024.484928974424
CA,1148,11685.492037002858
CA,1149,11249.467058955153
CA,1150,10651.506123824067
CA,1151,9965.636144912144
CA,1152,9352.190759592435
CA,1153,8838.77189291185
CA,1154,8610.020125658881
CA,1155,8519.75753723603
CA,1156,8554.150779116164
CA,1157,8788.609194873542
CA,1158,9345.228200701564
CA,1159,10208.462942105388
CA,1160,10771.846984396293
CA,1161,10971.58748580661
CA,1162,10948.85480038259
CA,1163,10832.301159101302
CA,1164,10711.314566446582
CA,1165,10585.253932667792
CA,1166,10497.337042678742
CA,1167,10461.797309102806
CA,1168,10627.541309498888
CA,1169,11069.311331231543
CA,1170,11812.52725273133
CA,1171,11972.20039401835
CA,1172,11669.205666266894
CA,1173,11261.192357656773
CA,1174,10710.756968045308
CA,1175,10044.376638169696
CA,1176,9448.789211952942
CA,1177,8850.722923227893
CA,1178,8634.457635302184
CA,1179,8564.241526466867
CA,1180,8618.65160932388
CA,1181,8849.011595240146
CA,1182,9381.493946848556
CA,1183,10214.156158316776
CA,1184,10753.62837477924
CA,1185,10925.586310985889
CA,1186,10908.413009615648
CA,1187,10789.970513827484
CA,1188,10681.43885919541
CA,1189,10580.465577214397
CA,1190,10499.204623244367
CA,1191,10460.54627448936
CA,1192,10617.05834836433
CA,1193,10974.796838985677
CA,1194,11703.625922867623
CA,1195,11881.605725721565
CA,1196,11538.472270756875
CA,1197,11103.468126926037
CA,1198,10520.763766199437
CA,1199,9829.884655855311
CA,1200,9221.096027944043
CA,1201,9019.17778685073
CA,1202,8750.942215776215
CA,1203,8648.585260662713
CA,1204,8660.661090142053
CA,1205,8855.313076526867
CA,1206,9369.89694030802
CA,1207,10195.384495636041
CA,1208,10752.995770583327
CA,1209,10961.71156007
CA,1210,10912.221624695901
CA,1211,10776.533442385366
CA,1212,10669.595867666656
CA,1213,10541.774174342894
CA,1214,10401.42395143191
CA,1215,10328.252551904031
CA,1216,10485.289759859974
CA,1217,10914.765429508927
CA,1218,11653.861188898325
CA,1219,11806.27622960603
CA,1220,11465.20813151149
CA,1221,11012.294772268836
CA,1222,10425.990602070852
CA,1223,9730.104887542996
CA,1224,9117.749618065107
CA,1225,8870.213598517022
CA,1226,8627.901594672574
CA,1227,8533.653961303445
CA,1228,8563.89224150797
CA,1229,8792.401356859065
CA,1230,9337.530177580913
CA,1231,10173.195735062757
CA,1232,10730.762742129428
CA,1233,10943.147877228549
CA,1234,10933.238085080818
CA,1235,10836.45796002605
CA,1236,10738.373586194523
CA,1237,10604.19173441691
CA,1238,10531.028319194226
CA,1239,10480.544107135376
CA,1240,10623.08140384295
CA,1241,11052.803426564147
CA,1242,11765.001886860416
CA,1243,11928.885397400114
CA,1244,11556.756642328594
CA,1245,11088.783242928908
CA,1246,10480.740561023097
CA,1247,9767.82010162081
CA,1248,9153.101242325311
CA,1249,8509.504859189978
CA,1250,8276.737923444552
CA,1251,8195.80979643426
CA,1252,8216.11858499542
CA,1253,8458.900790092242
CA,1254,9035.674556467574
CA,1255,9929.720726989268
CA,1256,10511.489252990113
CA,1257,10673.30732912845
CA,1258,10622.219200074072
CA,1259,10519.883634962582
CA,1260,10470.288975330622
CA,1261,10398.373669812754
CA,1262,10393.612402649714
CA,1263,10378.48237423208
CA,1264,10516.058314124692
CA,1265,10920.038990542341
CA,1266,11596.317461931644
CA,1267,11698.555415498118
CA,1268,11329.751660665707
CA,1269,10862.953127044094
CA,1270,10257.246157163776
CA,1271,9564.292851533448
CA,1272,8938.272139335298
CA,1273,8424.36154865914
CA,1274,8190.612418390067
CA,1275,8101.50838445071
CA,1276,8129.456059804278
CA,1277,8383.602826188948
CA,1278,8937.697844251872
CA,1279,9788.206196741667
CA,1280,10383.006015143737
CA,1281,10638.79509109698
CA,1282,10650.624987034785
CA,1283,10547.997724350903
CA,1284,10460.599629912725
CA,1285,10347.90933475503
CA,1286,10273.668791930369
CA,1287,10227.743596618573
CA,1288,10357.43836867761
CA,1289,10774.053794888058
CA,1290,11512.458975761426
CA,1291,11671.83370453269
CA,1292,11346.745757075075
CA,1293,10925.42791764537
CA,1294,10359.792765144554
CA,1295,9697.046531995136
CA,1296,9073.19493206568
CA,1297,8785.386516968128
CA,1298,8576.135572972662
CA,1299,8475.848436325874
CA,1300,8492.562471541348
CA,1301,8729.199097635998
CA,1302,9283.599889852805
CA,1303,10125.720833471012
CA,1304,10685.256313112443
CA,1305,10914.36744018377
CA,1306,10938.916752743177
CA,1307,10883.97859410235
CA,1308,10816.851931589781
CA,1309,10720.960091918753
CA,1310,10633.256987877617
CA,1311,10561.25636659449
CA,1312,10641.628872352737
CA,1313,11014.243928275862
CA,1314,11712.243922719269
CA,1315,11860.641081745909
CA,1316,11515.496938361798
CA,1317,11073.13997744213
CA,1318,10475.890390908022
CA,1319,9811.111743822067
CA,1320,9183.781098769874
CA,1321,8628.542168889265
CA,1322,8385.73884785986
CA,1323,8282.368347746234
CA,1324,8301.960355703953
CA,1325,8541.682774389354
CA,1326,9110.042285970918
CA,1327,9990.846531742989
CA,1328,10605.264265312309
CA,1329,10887.702149272716
CA,1330,10968.00985251525
CA,1331,10965.09893214008
CA,1332,10939.291658418375
CA,1333,10838.396933581695
CA,1334,10770.52305563657
CA,1335,10713.59624360789
CA,1336,10817.2646545923
CA,1337,11191.882559731441
CA,1338,11865.984621507708
CA,1339,11991.21690505726
CA,1340,11645.225226073444
CA,1341,11199.45928696225
CA,1342,10603.252558892574
CA,1343,9920.36886079267
CA,1344,9314.29136579046
CA,1345,9174.031677481182
CA,1346,8939.041666636077
CA,1347,8849.947438670064
CA,1348,8879.924893463738
CA,1349,9120.431439820747
CA,1350,9671.298444351494
CA,1351,10506.341364678597
CA,1352,11050.170434864372
CA,1353,11234.710460965863
CA,1354,11221.350962911131
CA,1355,11131.635578289385
CA,1356,11023.695283375837
CA,1357,10890.052396274402
CA,1358,10773.063617266228
CA,1359,10709.861959145917
CA,1360,10822.194565885967
CA,1361,11235.14196086974
CA,1362,11971.569100315122
CA,1363,12156.290500571414
CA,1364,11830.042794015077
CA,1365,11400.502289781203
CA,1366,10832.442431098807
CA,1367,10164.280734483434
CA,1368,9576.445459775968
CA,1369,9157.404926840343
CA,1370,8949.980709886054
CA,1371,8861.575304179839
CA,1372,8896.20619483165
CA,1373,9104.641823793553
CA,1374,9653.7050411819
CA,1375,10498.622698705063
CA,1376,11035.919417446271
CA,1377,11220.595375255977
CA,1378,11235.020151671836
CA,1379,11144.521389699609
CA,1380,11010.772384612656
CA,1381,10860.983980674762
CA,1382,10775.231090262988
CA,1383,10731.126630011957
CA,1384,10866.483997776877
CA,1385,11263.096282308265
CA,1386,11957.58015497673
CA,1387,12093.119496686464
CA,1388,11767.396699864628
CA,1389,11314.86093314146
CA,1390,10721.887349309965
CA,1391,10015.04966986545
CA,1392,9398.078401268686
CA,1393,8722.56049879308
CA,1394,8507.560226304465
CA,1395,8437.0359164343
CA,1396,8486.070793894301
CA,1397,8753.079919051299
CA,1398,9342.38520821913
CA,1399,10185.027623677898
CA,1400,10719.653035343331
CA,1401,10907.097146122965
CA,1402,10880.141323636655
CA,1403,10793.236825888453
CA,1404,10705.416550136142
CA,1405,10576.185293473433
CA,1406,10496.450438946482
CA,1407,10447.095616635313
CA,1408,10589.525229527172
CA,1409,11009.025966007753
CA,1410,11728.410541498096
CA,1411,11863.967726883827
CA,1412,11534.769862008536
CA,1413,11083.085879040425
CA,1414,10490.035937811527
CA,1415,9790.188962987902
CA,1416,9182.868456986764
CA,1417,9205.532395595155
CA,1418,8967.395497779519
CA,1419,8864.850071797886
CA,1420,8880.271761373983
CA,1421,9102.347959625934
CA,1422,9694.355759876931
CA,1423,10628.391582870456
CA,1424,11167.968243219326
CA,1425,11222.792333207567
CA,1426,11074.03873868828
CA,1427,10911.604040031083
CA,1428,10799.769505574996
CA,1429,10655.318388320556
CA,1430,10553.88087098147
CA,1431,10492.153379847956
CA,1432,10600.396567718898
CA,1433,10941.553227189218
CA,1434,11484.880080719321
CA,1435,11767.063327955933
CA,1436,11648.881487032975
CA,1437,11233.016183538647
CA,1438,10608.162441069942
CA,1439,9875.239820065051
CA,1440,9245.514314235688
CA,1441,8575.82882609134
CA,1442,8318.842844836205
CA,1443,8204.832570422488
CA,1444,8214.979581659298
CA,1445,8434.002337987357
CA,1446,9011.016562298908
CA,1447,9964.898780501542
CA,1448,10542.610568489788
CA,1449,10679.067213444624
CA,1450,10627.243653675002
CA,1451,10526.91476022368
CA,1452,10412.838434574908
CA,1453,10279.82348184115
CA,1454,10152.958279566095
CA,1455,10095.576745171009
CA,1456,10216.987822178584
CA,1457,10595.531305929219
CA,1458,11181.790374408516
CA,1459,11474.406968442342
CA,1460,11366.372225374288
CA,1461,10960.698589764943
CA,1462,10360.190999382288
CA,1463,9633.811016957148
CA,1464,9005.363815372755
CA,1465,8555.816933098537
CA,1466,8290.499491712335
CA,1467,8177.79871667919
CA,1468,8175.845056199115
CA,1469,8379.156463445105
CA,1470,8930.26952504042
CA,1471,9847.417030235855
CA,1472,10391.851113842922
CA,1473,10431.489012013458
CA,1474,10260.924785716288
CA,1475,10078.623673546852
CA,1476,9929.333792026872
CA,1477,9800.554603502135
CA,1478,9734.011383555584
CA,1479,9766.168703122032
CA,1480,9975.794248186606
CA,1481,10420.05799067684
CA,1482,11023.77208865856
CA,1483,11344.429737831803
CA,1484,11257.362595752246
CA,1485,10858.389035174557
CA,1486,10260.752532354832
CA,1487,9538.635401748444
CA,1488,8911.383905955436
CA,1489,8662.667375231509
CA,1490,8428.17137303364
CA,1491,8337.42748647692
CA,1492,8369.548875113015
CA,1493,8606.100893674943
CA,1494,9173.125989659532
CA,1495,10070.872479385448
CA,1496,10608.61707023766
CA,1497,10722.150423344855
CA,1498,10664.175670911005
CA,1499,10560.606793977149
CA,1500,10441.869540015105
CA,1501,10297.502248097745
CA,1502,10182.507949208855
CA,1503,10137.859011397518
CA,1504,10274.996931135403
CA,1505,10679.20732005228
CA,1506,11285.909624608976
CA,1507,11624.721484302226
CA,1508,11534.38637349936
CA,1509,11133.886639071312
CA,1510,10546.652017189723
CA,1511,9830.501626102139
CA,1512,9226.707364382234
CA,1513,8964.115758189564
CA,1514,8732.568409757121
CA,1515,8642.901493062016
CA,1516,8669.259235673529
CA,1517,8862.020143071687
CA,1518,9399.459416154373
CA,1519,10244.390689908094
CA,1520,10680.73399186924
CA,1521,10701.145763809711
CA,1522,10576.709036614734
CA,1523,10372.411092107894
CA,1524,10211.082545209706
CA,1525,10061.139132792263
CA,1526,9931.480671602504
CA,1527,9896.217001575046
CA,1528,10079.139020050816
CA,1529,10478.146335639716
CA,1530,11093.943349454063
CA,1531,11467.736910277802
CA,1532,11376.352596338037
CA,1533,10990.97600582268
CA,1534,10400.769850092294
CA,1535,9688.032837458652
CA,1536,9077.084864624656
CA,1537,8577.930418715454
CA,1538,8342.076812915558
CA,1539,8237.45165079031
CA,1540,8252.59735027335
CA,1541,8461.4359770349
CA,1542,9002.86311102222
CA,1543,9848.935837191544
CA,1544,10278.133362783338
CA,1545,10306.087245189131
CA,1546,10198.764835426811
CA,1547,10056.563451799683
CA,1548,9951.870207663752
CA,1549,9813.346059246555
CA,1550,9679.133727071672
CA,1551,9686.189497716063
CA,1552,9901.707125974118
CA,1553,10346.344318275907
CA,1554,10989.236200589877
CA,1555,11358.310365085515
CA,1556,11272.910143926673
CA,1557,10869.238481781943
CA,1558,10277.422064460133
CA,1559,9560.390209745716
CA,1560,8930.173086742736
CA,1561,8495.672725714025
CA,1562,8261.526267405296
CA,1563,8167.277405318638
CA,1564,8207.274411604407
CA,1565,8434.224428276401
CA,1566,9021.734550423687
CA,1567,9926.835107675783
CA,1568,10379.861849307165
CA,1569,10388.371394373662
CA,1570,10257.99945621539
CA,1571,10104.059402900289
CA,1572,9973.524327209498
CA,1573,9845.043365698995
CA,1574,9748.844553909294
CA,1575,9727.792877202633
CA,1576,9878.5049809823
CA,1577,10313.841112823157
CA,1578,10919.747461724128
CA,1579,11269.946483996748
CA,1580,11195.694292877993
CA,1581,10817.665878192603
CA,1582,10206.988777920635
CA,1583,9479.737893051563
CA,1584,8849.755480859377
CA,1585,8562.179069548016
CA,1586,8329.364978844708
CA,1587,8388.120273339249
CA,1588,8259.909340975652
CA,1589,8501.497587362516
CA,1590,9142.416637285551
CA,1591,10101.818505241312
CA,1592,10581.708322705838
CA,1593,10540.118802393277
CA,1594,10332.875901446311
CA,1595,10152.251160405418
CA,1596,10010.83861576958
CA,1597,9845.781560995114
CA,1598,9721.88102278886
CA,1599,9669.14484135009
CA,1600,9814.620946120655
CA,1601,10254.995566898176
CA,1602,10872.840744244934
CA,1603,11251.802580316491
CA,1604,11188.715067423816
CA,1605,10793.544342600601
CA,1606,10184.39054812612
CA,1607,9461.182269259295
CA,1608,8823.441435836864
CA,1609,8598.38298543558
CA,1610,8372.223558328097
CA,1611,8408.327964951264
CA,1612,8282.739158924471
CA,1613,8508.547455131474
CA,1614,9102.363298293925
CA,1615,10021.256234361527
CA,1616,10545.702353847272
CA,1617,10595.740583681987
CA,1618,10415.702011962871
CA,1619,10236.390871773954
CA,1620,10065.346350632671
CA,1621,9899.861915596532
CA,1622,9784.208611131021
CA,1623,9760.796094103451
CA,1624,9918.472903405755
CA,1625,10341.549533722178
CA,1626,10955.812358759301
CA,1627,11331.07574866344
CA,1628,11275.252049556158
CA,1629,10890.383905253993
CA,1630,10311.368525764983
CA,1631,9599.002067017562
CA,1632,8972.633481000535
CA,1633,8548.212181620768
CA,1634,8323.0835466953
CA,1635,8231.651658110898
CA,1636,8256.709018310278
CA,1637,8507.54682308563
CA,1638,9097.999900155772
CA,1639,10013.65173672741
CA,1640,10503.241754594276
CA,1641,10496.635234312059
CA,1642,10313.340375744458
CA,1643,10127.660242809132
CA,1644,9971.715093704182
CA,1645,9801.130386435862
CA,1646,9677.074933281366
CA,1647,9637.3085205895
CA,1648,9799.48166176505
CA,1649,10241.134237043582
CA,1650,10850.525087818268
CA,1651,11199.06587695679
CA,1652,11136.197452746094
CA,1653,10737.077865504395
CA,1654,10130.196245064749
CA,1655,9427.46504289576
CA,1656,8817.376879361312
CA,1657,8231.65124122671
CA,1658,8005.246126127354
CA,1659,7949.461870257549
CA,1660,7911.381741696989
CA,1661,8135.816171361638
CA,1662,8721.483227839089
CA,1663,9651.129067265678
CA,1664,10186.350967740065
CA,1665,10244.630472142207
CA,1666,10107.636984526737
CA,1667,9935.333969375066
CA,1668,9769.396487902586
CA,1669,9594.700356743072
CA,1670,9453.478759831725
CA,1671,9404.192642635747
CA,1672,9540.060834125704
CA,1673,9914.108832777668
CA,1674,10470.38699398326
CA,1675,10846.07930056978
CA,1676,10844.907890879922
CA,1677,10485.414566729942
CA,1678,9903.518243950765
CA,1679,9201.210333854013
CA,1680,8604.787265942013
CA,1681,8385.49841581577
CA,1682,8153.45352884922
CA,1683,7918.5319386928095
CA,1684,8066.60359958692
CA,1685,8268.01658440161
CA,1686,8788.786820565981
CA,1687,9616.200780660755
CA,1688,10120.632024475102
CA,1689,10184.73982356479
CA,1690,10079.384331203277
CA,1691,9952.572642916268
CA,1692,9847.190807293437
CA,1693,9738.536065028699
CA,1694,9592.667272995222
CA,1695,9561.235969426654
CA,1696,9703.73456029359
CA,1697,10106.444415249612
CA,1698,10673.57653404055
CA,1699,11031.508291532866
CA,1700,11013.832443759819
CA,1701,10633.083746631526
CA,1702,10046.786543347556
CA,1703,9338.541181451317
CA,1704,8760.675006173962
CA,1705,8344.655948922862
CA,1706,8082.253463968712
CA,1707,8207.140188355543
CA,1708,8018.791736325877
CA,1709,8236.851320670878
CA,1710,8808.49588980812
CA,1711,9694.137395281158
CA,1712,10220.271130797235
CA,1713,10287.021910207748
CA,1714,10170.25799541464
CA,1715,10015.281924467047
CA,1716,9872.568328106171
CA,1717,9726.567068126673
CA,1718,9612.622355564678
CA,1719,9578.573780301989
CA,1720,9744.814166752041
CA,1721,10182.078809856277
CA,1722,10747.985422713446
CA,1723,11102.032439245827
CA,1724,11057.269785559523
CA,1725,10655.625307529245
CA,1726,10062.1497865282
CA,1727,9314.762859224627
CA,1728,8654.493095388528
CA,1729,8477.508383704782
CA,1730,8209.731124845655
CA,1731,8152.465139153957
CA,1732,8138.739481831513
CA,1733,8345.70036827588
CA,1734,8922.51922769094
CA,1735,9846.564271436959
CA,1736,10422.812719185501
CA,1737,10540.441473417436
CA,1738,10444.028379191751
CA,1739,10312.371915757216
CA,1740,10215.779187991064
CA,1741,10091.64842347184
CA,1742,9986.699730835854
CA,1743,9925.322017181202
CA,1744,10024.759057922916
CA,1745,10375.644857169336
CA,1746,10894.14226196249
CA,1747,11232.291205995104
CA,1748,11252.178306349679
CA,1749,10873.99758930562
CA,1750,10254.68910711289
CA,1751,9521.023803707813
CA,1752,8862.892124408742
CA,1753,8393.742624663677
CA,1754,8134.892527804029
CA,1755,8029.13232408072
CA,1756,8047.184067314863
CA,1757,8279.405908958182
CA,1758,8891.427944087022
CA,1759,9903.318733606158
CA,1760,10540.469986013322
CA,1761,10636.91893154227
CA,1762,10499.69962670842
CA,1763,10317.576255275412
CA,1764,10150.885708280487
CA,1765,9990.055684518945
CA,1766,9872.54720642625
CA,1767,9785.570314722086
CA,1768,9890.047824077277
CA,1769,10245.01078329851
CA,1770,10800.77638459192
CA,1771,11162.10560528713
CA,1772,11259.556855226197
CA,1773,10903.462022449963
CA,1774,10325.01011686737
CA,1775,9602.806410210395
CA,1776,8972.95930337994
CA,1777,8376.48284929058
CA,1778,8125.85839508606
CA,1779,8022.419098217537
CA,1780,8055.896547806121
CA,1781,8275.363924820526
CA,1782,8861.249419254412
CA,1783,9820.395422837052
CA,1784,10399.933037685715
CA,1785,10488.762460617668
CA,1786,10320.452481389207
CA,1787,10106.317502320403
CA,1788,9914.3734451963
CA,1789,9734.55142129067
CA,1790,9565.987783127513
CA,1791,9471.57397581575
CA,1792,9585.302837799878
CA,1793,9975.488580376746
CA,1794,10526.702612409014
CA,1795,10888.80632382613
CA,1796,11000.419581588968
CA,1797,10659.843979326963
CA,1798,10103.392820156653
CA,1799,9403.64075845158
CA,1800,8790.47160721194
CA,1801,8222.023623221927
CA,1802,7990.607307510525
CA,1803,7879.356762869579
CA,1804,7905.107997301263
CA,1805,8111.29887201496
CA,1806,8681.262224824975
CA,1807,9605.514114539139
CA,1808,10153.934669191887
CA,1809,10224.427290968213
CA,1810,10074.615758949827
CA,1811,9894.955975727369
CA,1812,9628.797711379633
CA,1813,9483.95202225343
CA,1814,9342.313533663775
CA,1815,9240.431146969565
CA,1816,9351.993948543196
CA,1817,9717.749676952243
CA,1818,10255.937561295726
CA,1819,10633.166353829385
CA,1820,10735.663252056963
CA,1821,10408.01949989568
CA,1822,9837.097267567938
CA,1823,9133.801899361735
CA,1824,8528.714643698306
CA,1825,8297.988577190784
CA,1826,8050.980905084009
CA,1827,7964.200537390197
CA,1828,7989.881233847775
CA,1829,8228.522903189472
CA,1830,8794.63720174877
CA,1831,9733.576385514349
CA,1832,10300.157114463106
CA,1833,10378.550439613832
CA,1834,10226.369312548233
CA,1835,10030.918788383737
CA,1836,9803.559349055533
CA,1837,9498.33575296918
CA,1838,9281.04772353285
CA,1839,9124.222083828712
CA,1840,9194.833812729042
CA,1841,9533.426549805702
CA,1842,10187.115396612468
CA,1843,10643.757052913806
CA,1844,10754.566137380332
CA,1845,10428.951949985606
CA,1846,9866.868797305779
CA,1847,9176.164162290496
CA,1848,8562.145540173647
CA,1849,8235.809426981454
CA,1850,7990.174353130016
CA,1851,7889.892709991499
CA,1852,7923.33460158418
CA,1853,8142.071174392063
CA,1854,8686.385309284843
CA,1855,9586.41002565358
CA,1856,10125.8102838554
CA,1857,10214.648767204158
CA,1858,10073.906271491117
CA,1859,9929.394839129074
CA,1860,9789.072912845551
CA,1861,9650.948439683564
CA,1862,9511.08686164714
CA,1863,9418.39632836297
CA,1864,9483.940154126488
CA,1865,9835.597470404661
CA,1866,10405.93057853306
CA,1867,10806.24845880603
CA,1868,10962.84616917282
CA,1869,10646.625822294814
CA,1870,10104.522973605672
CA,1871,9403.486730240607
CA,1872,8782.24621050642
CA,1873,8395.568213138427
CA,1874,8167.281431610741
CA,1875,8075.292853616137
CA,1876,8121.578733913017
CA,1877,8338.840637984395
CA,1878,8885.148892313651
CA,1879,9737.759593319772
CA,1880,10163.848210910343
CA,1881,10089.700671328643
CA,1882,9841.091780799516
CA,1883,9547.496096281211
CA,1884,9320.258121767457
CA,1885,9150.557339988726
CA,1886,8980.937017020315
CA,1887,8890.553705181327
CA,1888,9005.66735620095
CA,1889,9381.684452611267
CA,1890,10069.086795174671
CA,1891,10533.976359437494
CA,1892,10682.344888537592
CA,1893,10385.398151504344
CA,1894,9846.956542557647
CA,1895,9131.100047007328
CA,1896,8506.797665025466
CA,1897,8116.789125749802
CA,1898,7888.501434632353
CA,1899,7796.978278554475
CA,1900,7830.029989710871
CA,1901,8074.704123781162
CA,1902,8680.393221241514
CA,1903,9640.344814122074
CA,1904,10187.529641539587
CA,1905,10202.746890175943
CA,1906,10014.671420785978
CA,1907,9821.184067322106
CA,1908,9657.21036871892
CA,1909,9510.149420378065
CA,1910,9368.842106589684
CA,1911,9283.424569546764
CA,1912,9399.028552106486
CA,1913,9775.039376264411
CA,1914,10352.305165771105
CA,1915,10751.929105430735
CA,1916,10871.782025310837
CA,1917,10537.710847105467
CA,1918,9941.533951943684
CA,1919,9193.683503109808
CA,1920,8536.887456648635
CA,1921,8126.969310994335
CA,1922,7889.929150578136
CA,1923,7797.3675625804235
CA,1924,7832.11517383289
CA,1925,8080.38699874035
CA,1926,8715.99031695847
CA,1927,9731.73677763491
CA,1928,10357.180209953672
CA,1929,10388.080278468536
CA,1930,10205.62201928877
CA,1931,9996.874535842142
CA,1932,9841.63133931385
CA,1933,9665.729242691654
CA,1934,9515.483625566253
CA,1935,9413.995011038155
CA,1936,9500.304520752746
CA,1937,9868.460327069403
CA,1938,10446.947679898459
CA,1939,10812.876646130553
CA,1940,10913.008123415041
CA,1941,10569.990986974593
CA,1942,9985.476840396277
CA,1943,9270.10665435281
CA,1944,8636.252269685043
CA,1945,8158.602130563922
CA,1946,7922.3393050343995
CA,1947,7831.609180188604
CA,1948,7860.634312703859
CA,1949,8094.826353087878
CA,1950,8670.71803180073
CA,1951,9605.988501794606
CA,1952,10189.97373712331
CA,1953,10288.819635300976
CA,1954,10128.32433514365
CA,1955,9941.13585584304
CA,1956,9786.396800957235
CA,1957,9642.620758848029
CA,1958,9533.29221153058
CA,1959,9468.255325419152
CA,1960,9564.973161326089
CA,1961,9893.376891380665
CA,1962,10405.301110992363
CA,1963,10724.564130075546
CA,1964,10823.756563461227
CA,1965,10480.562175215931
CA,1966,9914.421187526958
CA,1967,9212.672292031668
CA,1968,8600.634958455588
CA,1969,7838.499384589606
CA,1970,7598.468720169579
CA,1971,7493.992620545134
CA,1972,7523.416030999103
CA,1973,7738.225408822401
CA,1974,8317.096572605882
CA,1975,9230.670778766052
CA,1976,9798.746796143782
CA,1977,9910.156687259603
CA,1978,9803.840062478319
CA,1979,9665.180072197009
CA,1980,9534.847074674516
CA,1981,9338.667753038424
CA,1982,9206.328433928528
CA,1983,9144.647568404997
CA,1984,9282.0026449801
CA,1985,9644.440235337642
CA,1986,10165.603791275501
CA,1987,10490.707941564466
CA,1988,10581.694052206997
CA,1989,10252.261539992597
CA,1990,9669.749584433944
CA,1991,8960.752756819426
CA,1992,8333.98449128492
CA,1993,7943.21532997005
CA,1994,7713.743310498132
CA,1995,7606.896245509646
CA,1996,7625.7958216715584
CA,1997,7837.670140621787
CA,1998,8404.74250590899
CA,1999,9344.209770554396
CA,2000,9916.896132188077
CA,2001,10040.107656650875
CA,2002,9944.156838525368
CA,2003,9790.786445424535
CA,2004,9656.483226860987
CA,2005,9497.313217611993
CA,2006,9388.010580387363
CA,2007,9298.145782325857
CA,2008,9374.086968224194
CA,2009,9699.198987259978
CA,2010,10199.328361101799
CA,2011,10531.83235105315
CA,2012,10628.634385766217
CA,2013,10303.62586527837
CA,2014,9736.274007567369
CA,2015,9021.594280114954
CA,2016,8402.668393313741
CA,2017,7976.903050377842
CA,2018,7720.161911977767
CA,2019,7614.710960835172
CA,2020,7636.836710986429
CA,2021,7823.389807392521
CA,2022,8339.88331909844
CA,2023,9174.097501494428
CA,2024,9665.933212145918
CA,2025,9715.930363820998
CA,2026,9574.066852149238
CA,2027,9442.731682212411
CA,2028,9329.191521576067
CA,2029,9240.145172784956
CA,2030,9104.554887943594
CA,2031,9012.237716922318
CA,2032,9118.01408764144
CA,2033,9433.25329926026
CA,2034,9972.786734055124
CA,2035,10362.616321835798
CA,2036,10488.555443381797
CA,2037,10178.550365432843
CA,2038,9634.131817046052
CA,2039,8936.904854173775
CA,2040,8331.371481935328
CA,2041,7976.99779920042
CA,2042,7743.844472180629
CA,2043,7653.78640425269
CA,2044,7685.00686731897
CA,2045,7891.551619148048
CA,2046,8416.001318429393
CA,2047,9297.341343600431
CA,2048,9721.399740695896
CA,2049,9688.326781967994
CA,2050,9513.231392319836
CA,2051,9272.926858311024
CA,2052,9099.286355645651
CA,2053,8947.41707063199
CA,2054,8844.342745362104
CA,2055,8817.998784784495
CA,2056,8963.524765189826
CA,2057,9388.958132717486
CA,2058,9980.300949403722
CA,2059,10395.670703873023
CA,2060,10516.199523273135
CA,2061,10212.410644352136
CA,2062,9664.674101268028
CA,2063,8936.329407208508
CA,2064,8313.34421977315
CA,2065,7641.0982708208435
CA,2066,7418.353764031023
CA,2067,7327.768088950884
CA,2068,7352.262313745814
CA,2069,7581.047885394121
CA,2070,8180.308408008889
CA,2071,9135.27420310307
CA,2072,9701.694445084216
CA,2073,9768.320574156675
CA,2074,9604.551304529725
CA,2075,9396.179898380835
CA,2076,9218.178147128102
CA,2077,9014.865930938903
CA,2078,8994.362619378423
CA,2079,8986.468490723682
CA,2080,9204.32916922437
CA,2081,9680.63350079167
CA,2082,10293.543903502073
CA,2083,10608.063309835483
CA,2084,10665.492325406836
CA,2085,10304.408426157384
CA,2086,9689.066482918376
CA,2087,8942.25165889128
CA,2088,8283.512201403871
CA,2089,7834.096010381687
CA,2090,7585.860508967069
CA,2091,7491.345402883114
CA,2092,7513.032794276502
CA,2093,7741.426506241617
CA,2094,8371.0305158852
CA,2095,9343.332576713452
CA,2096,9913.100168530404
CA,2097,9928.364892834958
CA,2098,9707.293308324214
CA,2099,9483.208481740114
CA,2100,9380.186192973191
CA,2101,9172.765386188857
CA,2102,9049.084855272936
CA,2103,8954.405824205194
CA,2104,9056.724420725718
CA,2105,9472.888677868426
CA,2106,10083.286848079709
CA,2107,10428.224367210293
CA,2108,10523.402211802035
CA,2109,10196.010949367105
CA,2110,9596.469814683102
CA,2111,8884.163421127871
CA,2112,8246.377538174222
CA,2113,7835.637891666655
CA,2114,7607.930687283544
CA,2115,7503.638988489412
CA,2116,7529.866599490211
CA,2117,7758.992578515285
CA,2118,8358.870276065577
CA,2119,9297.908705178479
CA,2120,9847.9365029515
CA,2121,9888.99665695895
CA,2122,9702.172178004426
CA,2123,9508.52888511567
CA,2124,9329.959092116773
CA,2125,9159.699793830535
CA,2126,9010.285329906015
CA,2127,8908.71981580208
CA,2128,8982.353241841661
CA,2129,9325.245961031944
CA,2130,9912.851977901115
CA,2131,10322.571751622117
CA,2132,10476.326419941241
CA,2133,10187.484618015029
CA,2134,9623.670578314327
CA,2135,8930.227332815175
CA,2136,8312.472386435328
CA,2137,7833.942720773984
CA,2138,7591.506296214135
CA,2139,7490.762354388515
CA,2140,7509.723690110136
CA,2141,7720.748275380599
CA,2142,8282.924049258117
CA,2143,9159.294248639581
CA,2144,9665.315295658436
CA,2145,9682.469004589214
CA,2146,9519.989568368272
CA,2147,9352.339363032028
CA,2148,9239.95482476495
CA,2149,9133.69313408721
CA,2150,9056.817888028872
CA,2151,9018.843815576965
CA,2152,9129.692366227161
CA,2153,9487.957046567752
CA,2154,9998.511760241612
CA,2155,10316.02680679569
CA,2156,10374.191079164515
CA,2157,10041.058414393419
CA,2158,9479.11969536292
CA,2159,8791.668774748828
CA,2160,8175.491076895916
CA,2161,7594.85410563031
CA,2162,7337.375877070685
CA,2163,7213.242474036249
CA,2164,7202.561798552192
CA,2165,7402.947046031199
CA,2166,7934.6505577213025
CA,2167,8783.570865485506
CA,2168,9331.46380866383
CA,2169,9486.19417666586
CA,2170,9433.05590067042
CA,2171,9344.59432239343
CA,2172,9294.801196210436
CA,2173,9165.396204877258
CA,2174,9030.770117087972
CA,2175,8942.921809276966
CA,2176,8985.08811352472
CA,2177,9210.989259595362
CA,2178,9635.65102330504
CA,2179,9891.315196991897
CA,2180,10101.989453036362
CA,2181,9966.263492630166
CA,2182,9423.479644578984
CA,2183,8719.892972636824
CA,2184,8075.32786407641
CA,2185,7577.004944356553
CA,2186,7312.355838575144
CA,2187,7381.832101369622
CA,2188,7200.182956864267
CA,2189,7401.429075481116
CA,2190,7946.435901408296
CA,2191,8787.951589440462
CA,2192,9296.846217239777
CA,2193,9373.931538896182
CA,2194,9213.989812423446
CA,2195,9040.623269258855
CA,2196,8897.837248247031
CA,2197,8735.842249714892
CA,2198,8591.813387787951
CA,2199,8506.22696726078
CA,2200,8588.446444195027
CA,2201,8885.612389912668
CA,2202,9380.295906922374
CA,2203,9711.958183673007
CA,2204,9965.476964080276
CA,2205,9852.56092760889
CA,2206,9331.424325862027
CA,2207,8641.28433692825
CA,2208,8006.281033701297
CA,2209,7657.598018970323
CA,2210,7386.19385367767
CA,2211,7344.069167007486
CA,2212,7261.226139689397
CA,2213,7483.815470181067
CA,2214,8012.344302747831
CA,2215,8860.932089560901
CA,2216,9375.779408681804
CA,2217,9452.729015983312
CA,2218,9316.794852472373
CA,2219,9114.535580047255
CA,2220,8954.7827295034
CA,2221,8790.530086544875
CA,2222,8703.552640191843
CA,2223,8663.75480868297
CA,2224,8766.246109261672
CA,2225,9069.517714857662
CA,2226,9535.092912944052
CA,2227,9825.8824902947
CA,2228,10046.160495244635
CA,2229,9914.587371147926
CA,2230,9370.574485651012
CA,2231,8647.669349456395
CA,2232,7991.744192857934
CA,2233,7502.045297645159
CA,2234,7238.32054311862
CA,2235,7150.998110577527
CA,2236,7123.757009115797
CA,2237,7332.6861935182555
CA,2238,7883.033654158307
CA,2239,8785.707089191892
CA,2240,9321.58954047916
CA,2241,9405.672758566068
CA,2242,9288.813709793791
CA,2243,9138.603720482164
CA,2244,9000.35780638405
CA,2245,8845.84771035354
CA,2246,8715.709965848543
CA,2247,8631.176296980572
CA,2248,8692.836994891579
CA,2249,9001.205010776768
CA,2250,9435.322553803589
CA,2251,9717.647903865458
CA,2252,9955.34180490875
CA,2253,9819.887658317342
CA,2254,9276.741713806365
CA,2255,8569.145919849907
CA,2256,7926.7238542624785
CA,2257,7609.646630388665
CA,2258,7363.732957529449
CA,2259,7275.945654444543
CA,2260,7245.621776052044
CA,2261,7462.7274446571015
CA,2262,8039.38641291539
CA,2263,8962.027369573514
CA,2264,9505.95970825388
CA,2265,9587.542970078315
CA,2266,9478.801154393768
CA,2267,9350.091320153393
CA,2268,9243.67765234925
CA,2269,9131.547414384109
CA,2270,9027.760856997455
CA,2271,8963.028030049815
CA,2272,9031.882544051989
CA,2273,9303.728990448489
CA,2274,9729.954727301703
CA,2275,9983.21447813298
CA,2276,10159.320497579133
CA,2277,9988.439288287944
CA,2278,9406.574205143844
CA,2279,8663.796192185325
CA,2280,8009.341887788787
CA,2281,7559.302902946643
CA,2282,7301.77409011658
CA,2283,7217.205954466822
CA,2284,7186.2486869053415
CA,2285,7388.141183357904
CA,2286,7932.688339188222
CA,2287,8795.034529922642
CA,2288,9366.4175027196
CA,2289,9527.511710377466
CA,2290,9452.160456214354
CA,2291,9310.884877609029
CA,2292,9177.241747214694
CA,2293,9016.281903753152
CA,2294,8901.77264327263
CA,2295,8806.887639953755
CA,2296,8843.219288737984
CA,2297,9098.03547068186
CA,2298,9498.720767772795
CA,2299,9746.495559015477
CA,2300,9943.125449147942
CA,2301,9807.698378874962
CA,2302,9256.167753260133
CA,2303,8534.630514179828
CA,2304,7886.457868481948
CA,2305,7480.954893539716
CA,2306,7232.988209913918
CA,2307,7236.045177127552
CA,2308,7135.9050505504635
CA,2309,7354.508788568985
CA,2310,7909.344565204696
CA,2311,8734.559221213667
CA,2312,9263.794597660176
CA,2313,9355.63278934237
CA,2314,9273.63751103955
CA,2315,9160.677900771576
CA,2316,9054.200198889617
CA,2317,8910.24099214777
CA,2318,8815.881296809758
CA,2319,8749.6313160804
CA,2320,8812.946860057348
CA,2321,9072.864794187279
CA,2322,9478.8196594261
CA,2323,9716.963084633614
CA,2324,9921.070251506295
CA,2325,9766.812471295655
CA,2326,9225.138118285418
CA,2327,8512.443983148207
CA,2328,7862.250681315345
CA,2329,7435.001608570487
CA,2330,7194.482925433653
CA,2331,7088.315374254627
CA,2332,7103.047215096457
CA,2333,7319.809939380465
CA,2334,7887.900311691422
CA,2335,8783.282101765412
CA,2336,9340.576878953083
CA,2337,9467.993831507943
CA,2338,9402.958482577619
CA,2339,9306.81074225185
CA,2340,9211.0170133868
CA,2341,9080.966045945434
CA,2342,8958.604912995531
CA,2343,8860.755423730886
CA,2344,8914.394800353433
CA,2345,9152.925048171596
CA,2346,9560.648045119668
CA,2347,9795.690546310265
CA,2348,9982.644632005508
CA,2349,9844.920878432761
CA,2350,9289.710078502083
CA,2351,8585.84287145286
CA,2352,7930.052160985281
CA,2353,7487.150176381788
CA,2354,7272.539719072147
CA,2355,7169.983777222475
CA,2356,7181.487516116693
CA,2357,7395.835388134203
CA,2358,7895.816802797767
CA,2359,8681.065124955504
CA,2360,9149.155933534418
CA,2361,9201.621964064953
CA,2362,9093.080889260479
CA,2363,8968.471295379317
CA,2364,8801.764647017643
CA,2365,8647.82565119779
CA,2366,8543.168331027093
CA,2367,8470.350754409166
CA,2368,8519.303539902298
CA,2369,8790.378567084153
CA,2370,9231.815716934273
CA,2371,9550.690013110781
CA,2372,9811.922158119739
CA,2373,9721.107785581015
CA,2374,9200.342335406997
CA,2375,8507.602257904255
CA,2376,7871.356371309519
CA,2377,7405.771760974578
CA,2378,7176.65922765016
CA,2379,7069.635720066367
CA,2380,7076.132923474096
CA,2381,7291.873140125138
CA,2382,7790.172851481859
CA,2383,8553.478046916725
CA,2384,9032.06967488892
CA,2385,9069.571320273486
CA,2386,8948.473670093192
CA,2387,8800.20157793156
CA,2388,8665.485433442898
CA,2389,8528.189196798703
CA,2390,8421.066571792299
CA,2391,8344.039946853922
CA,2392,8411.039002973121
CA,2393,8706.669755287846
CA,2394,9138.408443512608
CA,2395,9448.932670016816
CA,2396,9679.442643950276
CA,2397,9569.81216633774
CA,2398,9021.650739546985
CA,2399,8309.203864117215
CA,2400,7669.825206308362
CA,2401,7293.60559307706
CA,2402,7058.708179851801
CA,2403,6956.726663718309
CA,2404,6983.043407050412
CA,2405,7205.813732149326
CA,2406,7763.592373306985
CA,2407,8610.173212475011
CA,2408,9099.587720062752
CA,2409,9162.705954124345
CA,2410,9060.169273149402
CA,2411,8951.624057659792
CA,2412,8860.134942179306
CA,2413,8756.96848932113
CA,2414,8663.161870959746
CA,2415,8587.637296275757
CA,2416,8673.819041489221
CA,2417,8974.34293399038
CA,2418,9397.441097551873
CA,2419,9664.684549565095
CA,2420,9880.68637076412
CA,2421,9761.67510784653
CA,2422,9199.316105705982
CA,2423,8461.844901660116
CA,2424,7813.936545294919
CA,2425,7412.604683144851
CA,2426,7158.202787592338
CA,2427,7049.950242640519
CA,2428,7055.942898243997
CA,2429,7274.813912388982
CA,2430,7844.5120786335645
CA,2431,8699.023251625446
CA,2432,9226.533999858454
CA,2433,9314.360350364822
CA,2434,9240.128027303118
CA,2435,9126.250608658193
CA,2436,8965.15993032642
CA,2437,8775.74458221571
CA,2438,8617.75587194103
CA,2439,8527.362128275414
CA,2440,8579.310875348877
CA,2441,8819.388667410195
CA,2442,9222.890133919318
CA,2443,9495.032445068913
CA,2444,9718.496604479048
CA,2445,9606.912851360725
CA,2446,9051.909826634484
CA,2447,8327.449393759712
CA,2448,7695.529537815954
CA,2449,7241.705781908627
CA,2450,6972.070009267188
CA,2451,6858.1586442282525
CA,2452,6857.596880378976
CA,2453,7057.218696831691
CA,2454,7599.419418896156
CA,2455,8465.401121209094
CA,2456,9003.298032149468
CA,2457,9136.195792459002
CA,2458,9103.264542593566
CA,2459,9022.933952989804
CA,2460,8926.618731415065
CA,2461,8786.155528874083
CA,2462,8658.777676691132
CA,2463,8555.145697631925
CA,2464,8624.874212439611
CA,2465,8911.808504984098
CA,2466,9329.215416193476
CA,2467,9577.087091145621
CA,2468,9781.280042901
CA,2469,9668.37032374502
CA,2470,9121.092541171992
CA,2471,8400.829230376019
CA,2472,7751.959724683195
CA,2473,7284.694484328382
CA,2474,7022.975269124137
CA,2475,6905.397377708132
CA,2476,6888.944190412328
CA,2477,7078.556594355849
CA,2478,7604.371189234647
CA,2479,8389.63716020261
CA,2480,8891.93530282994
CA,2481,9014.693519041138
CA,2482,8958.093907835076
CA,2483,8852.34722900461
CA,2484,8777.60917074789
CA,2485,8669.831977087872
CA,2486,8562.59820481647
CA,2487,8529.781500402946
CA,2488,8629.82555142905
CA,2489,8892.265061013113
CA,2490,9296.208542485791
CA,2491,9529.518247424775
CA,2492,9698.470226409402
CA,2493,9564.484193081087
CA,2494,9007.665653207178
CA,2495,8301.700036366723
CA,2496,7670.58449006572
CA,2497,7143.455477370095
CA,2498,6895.668103140364
CA,2499,6777.927581094863
CA,2500,6788.613978762663
CA,2501,6988.057721315133
CA,2502,7507.888318314668
CA,2503,8298.042960556787
CA,2504,8810.879335451762
CA,2505,8933.950744177254
CA,2506,8901.773021018847
CA,2507,8848.94813040179
CA,2508,8787.10076909278
CA,2509,8697.464052977947
CA,2510,8610.89895603302
CA,2511,8546.690807997797
CA,2512,8612.27832409548
CA,2513,8855.090869045288
CA,2514,9224.12710802748
CA,2515,9419.779290198063
CA,2516,9590.05636196253
CA,2517,9461.930300491671
CA,2518,8914.82274257302
CA,2519,8212.236485939048
CA,2520,7560.769813896676
CA,2521,7148.181447069938
CA,2522,6896.559101655613
CA,2523,6786.066052008351
CA,2524,6770.35740292008
CA,2525,6948.622114199672
CA,2526,7430.4380695097
CA,2527,8155.983151566396
CA,2528,8694.4591746086
CA,2529,8876.544378908807
CA,2530,8880.54959948675
CA,2531,8814.34651995367
CA,2532,8748.298356040841
CA,2533,8647.695538783365
CA,2534,8562.817688066156
CA,2535,8475.559078644219
CA,2536,8552.877806841925
CA,2537,8836.590269179732
CA,2538,9234.745564146554
CA,2539,9472.971345613466
CA,2540,9653.702711181577
CA,2541,9525.024079830626
CA,2542,8988.585098712377
CA,2543,8318.150014663228
CA,2544,7672.293060698535
CA,2545,7379.392628952299
CA,2546,7113.32830804669
CA,2547,6988.009715754864
CA,2548,6971.799404146643
CA,2549,7167.549224942036
CA,2550,7637.614015434846
CA,2551,8354.101456124988
CA,2552,8840.986815485767
CA,2553,8917.842353595134
CA,2554,8870.292218587908
CA,2555,8804.378609060352
CA,2556,8761.304146261429
CA,2557,8655.80530431209
CA,2558,8541.736978075217
CA,2559,8418.970868119453
CA,2560,8438.006998358002
CA,2561,8686.786025820947
CA,2562,9040.435840922202
CA,2563,9270.277475430532
CA,2564,9483.005172266008
CA,2565,9403.099329579538
CA,2566,8882.45454014055
CA,2567,8195.510336289193
CA,2568,7587.814483923374
CA,2569,7196.564681997959
CA,2570,6952.514664787423
CA,2571,6865.614924572381
CA,2572,6877.666843479288
CA,2573,7105.260268780857
CA,2574,7636.543172953886
CA,2575,8393.304157145453
CA,2576,8900.22748538556
CA,2577,8996.94052293583
CA,2578,8921.59516423504
CA,2579,8856.230195210824
CA,2580,8759.795696676287
CA,2581,8676.254803832881
CA,2582,8602.01678653747
CA,2583,8517.49760253631
CA,2584,8592.930650054303
CA,2585,8879.522428482266
CA,2586,9249.855188873417
CA,2587,9500.263889789101
CA,2588,9687.76032523393
CA,2589,9561.673595286388
CA,2590,9027.147839356521
CA,2591,8334.738869090598
CA,2592,7693.131755334632
CA,2593,7342.502746844924
CA,2594,7090.9685225365795
CA,2595,6986.331056196623
CA,2596,6991.7774082249275
CA,2597,7206.369642372855
CA,2598,7745.7941121250125
CA,2599,8518.669849361492
CA,2600,9006.73100140369
CA,2601,9094.468875348998
CA,2602,8991.959992252815
CA,2603,8906.697237689364
CA,2604,8841.312712650137
CA,2605,8734.204617034841
CA,2606,8631.573312883017
CA,2607,8542.513321446856
CA,2608,8586.214486928991
CA,2609,8837.7231730893
CA,2610,9243.24887496931
CA,2611,9483.184864697769
CA,2612,9683.16940067604
CA,2613,9580.254269554699
CA,2614,9062.46547310918
CA,2615,8376.761098721282
CA,2616,7750.081685534331
CA,2617,7164.151485211906
CA,2618,6930.432108315583
CA,2619,6828.448828537603
CA,2620,6857.008506239445
CA,2621,7074.104379302269
CA,2622,7605.681975525597
CA,2623,8359.831261065331
CA,2624,8821.661813657709
CA,2625,8909.721427214176
CA,2626,8795.068901854428
CA,2627,8656.417116226075
CA,2628,8537.3442410076
CA,2629,8394.030232293582
CA,2630,8308.696931514394
CA,2631,8224.913224565018
CA,2632,8307.127449957111
CA,2633,8564.632672055712
CA,2634,8988.383631379449
CA,2635,9261.226558671565
CA,2636,9478.345868824922
CA,2637,9398.796271220867
CA,2638,8882.242286375671
CA,2639,8192.310072021689
CA,2640,7558.528647890517
CA,2641,7097.316115524358
CA,2642,6857.537360657419
CA,2643,6750.821857050428
CA,2644,6762.4741316820245
CA,2645,6970.62661145489
CA,2646,7489.723179444123
CA,2647,8230.801460144662
CA,2648,8712.706915299181
CA,2649,8823.933392061754
CA,2650,8766.684564565692
CA,2651,8671.527081782187
CA,2652,8586.591404846127
CA,2653,8475.363055532299
CA,2654,8375.324100937016
CA,2655,8292.116529687684
CA,2656,8344.753141273916
CA,2657,8606.063041211762
CA,2658,8986.847007187958
CA,2659,9208.504054617158
CA,2660,9395.472292793356
CA,2661,9300.414113340112
CA,2662,8773.872853389328
CA,2663,8085.516647236233
CA,2664,7485.47281553679
CA,2665,7164.532184446708
CA,2666,6934.656554994576
CA,2667,6821.087678894453
CA,2668,6824.172261857916
CA,2669,7018.107963675334
CA,2670,7529.638973445935
CA,2671,8306.445648763656
CA,2672,8819.524462491678
CA,2673,8946.143145896132
CA,2674,8917.384498815858
CA,2675,8836.89818483518
CA,2676,8750.560947203724
CA,2677,8648.270971963075
CA,2678,8564.42331374321
CA,2679,8500.712909021956
CA,2680,8566.02477865767
CA,2681,8816.107192302084
CA,2682,9196.618795383792
CA,2683,9430.62439529397
CA,2684,9606.281720582894
CA,2685,9488.34806011722
CA,2686,8945.985098370826
CA,2687,8236.666709258268
CA,2688,7610.89856870791
CA,2689,7262.8793480957325
CA,2690,7026.991834121122
CA,2691,6905.448062538286
CA,2692,6905.065815936319
CA,2693,7093.309127806714
CA,2694,7598.788583240077
CA,2695,8377.543538185973
CA,2696,8892.321233803786
CA,2697,9058.162246386985
CA,2698,9036.883023410141
CA,2699,8981.365062084219
CA,2700,8884.304066357615
CA,2701,8763.28901303274
CA,2702,8673.919866346823
CA,2703,8575.82430198803
CA,2704,8625.38949910713
CA,2705,8866.81949231779
CA,2706,9227.8963802805
CA,2707,9445.545034603223
CA,2708,9625.460390164355
CA,2709,9501.318420623805
CA,2710,8943.598865222768
CA,2711,8237.38378847641
CA,2712,7591.026790820822
CA,2713,7146.665793130579
CA,2714,6921.049008525333
CA,2715,6765.281099842807
CA,2716,6757.13895877095
CA,2717,6959.820661006725
CA,2718,7424.548716671533
CA,2719,8185.57677660645
CA,2720,8670.739650187258
CA,2721,8754.730408971954
CA,2722,8653.503341725743
CA,2723,8543.300236545996
CA,2724,8393.857578777993
CA,2725,8256.668615116839
CA,2726,8124.001365820034
CA,2727,8034.281067375582
CA,2728,8090.38594879071
CA,2729,8359.283722375094
CA,2730,8775.937707258697
CA,2731,9051.091050954046
CA,2732,9294.150161435514
CA,2733,9216.771666562499
CA,2734,8697.715816307392
CA,2735,8029.998631850862
CA,2736,7385.1132300898366
CA,2737,7099.943377108068
CA,2738,6869.482092273996
CA,2739,6758.534902356323
CA,2740,6768.544163057984
CA,2741,6989.069721379796
CA,2742,7495.545220268219
CA,2743,8276.223813693829
CA,2744,8773.645626328497
CA,2745,8864.62101205621
CA,2746,8790.490165954644
CA,2747,8691.97814560305
CA,2748,8607.03739639349
CA,2749,8514.696228830099
CA,2750,8431.26962315734
CA,2751,8351.978677089019
CA,2752,8381.760216959298
CA,2753,8633.96916859259
CA,2754,9040.500295337027
CA,2755,9280.93967338072
CA,2756,9478.025989708035
CA,2757,9395.23378238633
CA,2758,8843.113933965206
CA,2759,8138.859781542859
CA,2760,7485.048278576656
CA,2761,7967.571195939247
CA,2762,7732.507677795625
CA,2763,7637.104132332402
CA,2764,7653.610856170831
CA,2765,7873.074313882603
CA,2766,8424.936148175775
CA,2767,9283.631897734415
CA,2768,9841.002373466095
CA,2769,9989.23550337208
CA,2770,9947.907636096893
CA,2771,9865.033014797008
CA,2772,9795.511607927047
CA,2773,9698.001452579014
CA,2774,9621.172110532644
CA,2775,9558.118869856536
CA,2776,9605.359596636545
CA,2777,9842.592829344397
CA,2778,10228.387857999074
CA,2779,10450.534413296962
CA,2780,10620.79606688643
CA,2781,10487.970493257508
CA,2782,9927.639772168384
CA,2783,9200.94103411197
CA,2784,8543.369248580996
CA,2785,7195.349079864595
CA,2786,6947.048601914175
CA,2787,6842.925340940471
CA,2788,6845.551545100656
CA,2789,7054.838526544156
CA,2790,7576.8714828381745
CA,2791,8362.77805024019
CA,2792,8874.731165403976
CA,2793,8981.636240943509
CA,2794,8919.775558511047
CA,2795,8808.18181209136
CA,2796,8712.492256091451
CA,2797,8567.652514762676
CA,2798,8419.339392270519
CA,2799,8284.362325163716
CA,2800,8289.17002142594
CA,2801,8528.27243576238
CA,2802,8935.611592314853
CA,2803,9193.973971352667
CA,2804,9427.13460355374
CA,2805,9407.382849591746
CA,2806,8898.884329134727
CA,2807,8235.493737848527
CA,2808,7621.801018283051
CA,2809,8692.12559211802
CA,2810,8443.150442956284
CA,2811,8340.893510457908
CA,2812,8344.189075375965
CA,2813,8544.124162824245
CA,2814,9067.959439137791
CA,2815,9852.772783734164
CA,2816,10337.355159848386
CA,2817,10416.588845448008
CA,2818,10291.971263858978
CA,2819,10133.508657887402
CA,2820,10018.572815185703
CA,2821,9902.532174388117
CA,2822,9794.94121995747
CA,2823,9745.948005326852
CA,2824,9827.600338674307
CA,2825,10113.406048691438
CA,2826,10548.355983779969
CA,2827,10834.855300693027
CA,2828,11051.139210871725
CA,2829,10980.109205441583
CA,2830,10447.638025376444
CA,2831,9759.706254013727
CA,2832,9131.09076367449
CA,2833,9139.436239117304
CA,2834,8894.54693386797
CA,2835,8796.532553553684
CA,2836,8807.578772936367
CA,2837,9026.528989144408
CA,2838,9532.811739602883
CA,2839,10289.730293989095
CA,2840,10778.282825481195
CA,2841,10866.530858916196
CA,2842,10795.704352208325
CA,2843,10705.083254742505
CA,2844,10634.487591348497
CA,2845,10535.697075058273
CA,2846,10458.896728011242
CA,2847,10385.058020431245
CA,2848,10434.428817485509
CA,2849,10709.230223038647
CA,2850,11095.573669560112
CA,2851,11328.804342356918
CA,2852,11513.554424361505
CA,2853,11416.863334486282
CA,2854,10900.177041216958
CA,2855,10202.190948268031
CA,2856,9575.323575260361
CA,2857,7888.235488815415
CA,2858,7653.6595505705876
CA,2859,7535.673006241242
CA,2860,7544.687255056007
CA,2861,7733.941269392532
CA,2862,8212.606507425619
CA,2863,8959.204515850768
CA,2864,9480.17580817371
CA,2865,9592.609885397458
CA,2866,9575.413814559981
CA,2867,9522.335443408302
CA,2868,9468.137434268819
CA,2869,9398.475706669515
CA,2870,9330.707385409516
CA,2871,9226.723273502618
CA,2872,9256.417028505481
CA,2873,9509.559826160316
CA,2874,9862.922482737405
CA,2875,10092.400321321197
CA,2876,10300.102147481992
CA,2877,10229.637058147798
CA,2878,9724.183669478622
CA,2879,9039.688192033866
CA,2880,8419.990964772525
CA,2881,7104.236996312738
CA,2882,6844.916157669533
CA,2883,6724.599179035195
CA,2884,6711.035224414874
CA,2885,6885.409168022633
CA,2886,7300.039751803606
CA,2887,7966.330188682125
CA,2888,8412.544983778234
CA,2889,8533.283265533179
CA,2890,8522.743412258517
CA,2891,8468.486422766958
CA,2892,8437.944466127684
CA,2893,8409.231720810709
CA,2894,8416.65706695756
CA,2895,8441.833143530607
CA,2896,8548.930735187666
CA,2897,8826.103613378143
CA,2898,9212.126226141976
CA,2899,9408.804053897013
CA,2900,9459.989386740249
CA,2901,9456.475575642388
CA,2902,8955.959473961745
CA,2903,8205.657285022193
CA,2904,7513.896804337837
CA,2905,7134.078515833123
CA,2906,6859.4341704132695
CA,2907,6735.171171058473
CA,2908,6714.454016163527
CA,2909,6865.4592886799595
CA,2910,7300.203581196362
CA,2911,8029.617686139341
CA,2912,8543.077300672016
CA,2913,8683.221508781852
CA,2914,8703.846084975014
CA,2915,8711.925586409105
CA,2916,8745.897931427741
CA,2917,8786.968174731356
CA,2918,8819.386917990848
CA,2919,8801.136243216577
CA,2920,8905.853668367323
CA,2921,9149.243811983522
CA,2922,9470.188471175009
CA,2923,9623.905074124421
CA,2924,9679.771669290218
CA,2925,9653.820640886936
CA,2926,9132.47347518616
CA,2927,8371.196632719363
CA,2928,7664.9681158261895
CA,2929,7112.914942410968
CA,2930,6818.59103276577
CA,2931,6677.001050481291
CA,2932,6656.85708347372
CA,2933,6828.462701749335
CA,2934,7301.423540099463
CA,2935,8078.711411475364
CA,2936,8614.977291527117
CA,2937,8757.101756217809
CA,2938,8729.497577661498
CA,2939,8685.743835340498
CA,2940,8659.806187522118
CA,2941,8636.239455792408
CA,2942,8660.743115920612
CA,2943,8703.229075666071
CA,2944,8818.806845299328
CA,2945,9079.041943159824
CA,2946,9442.890410257284
CA,2947,9588.79796470089
CA,2948,9628.128908786328
CA,2949,9582.854059978132
CA,2950,9075.496759609765
CA,2951,8315.108245657473
CA,2952,7615.427666159616
CA,2953,7165.624987065654
CA,2954,6869.133166823598
CA,2955,6730.585598904175
CA,2956,6697.986814252183
CA,2957,6859.889665838764
CA,2958,7304.207697928703
CA,2959,8036.966850315762
CA,2960,8594.60076913566
CA,2961,8784.696400857783
CA,2962,8798.93177798725
CA,2963,8760.763258504245
CA,2964,8726.79964019479
CA,2965,8680.937960861716
CA,2966,8640.154593692262
CA,2967,8616.590170623526
CA,2968,8702.67135774286
CA,2969,8935.619865661021
CA,2970,9266.146673436408
CA,2971,9450.25704825894
CA,2972,9521.115301416463
CA,2973,9514.79339969656
CA,2974,9015.08983439527
CA,2975,8268.297709665406
CA,2976,7575.393290319963
CA,2977,7256.936071424537
CA,2978,6940.8196902248225
CA,2979,6785.462566362273
CA,2980,6766.037857367376
CA,2981,6915.460124018768
CA,2982,7349.880732204431
CA,2983,8064.747982601528
CA,2984,8577.645963013621
CA,2985,8730.521385730446
CA,2986,8696.722256195466
CA,2987,8661.269645192338
CA,2988,8649.636798727592
CA,2989,8610.456893910648
CA,2990,8597.824118907436
CA,2991,8590.542881805952
CA,2992,8693.65822159874
CA,2993,8950.575609640175
CA,2994,9315.428786238185
CA,2995,9494.218869933158
CA,2996,9553.443875513
CA,2997,9571.886320495729
CA,2998,9076.172938351943
CA,2999,8333.262702284781
CA,3000,7640.030480621654
CA,3001,7111.572423946247
CA,3002,6826.622533502459
CA,3003,6693.441421155146
CA,3004,6684.293141643418
CA,3005,6856.8505947305916
CA,3006,7294.010404357896
CA,3007,8010.468128994129
CA,3008,8479.905292946931
CA,3009,8580.072796798872
CA,3010,8513.752931566872
CA,3011,8434.757331229225
CA,3012,8382.695637807206
CA,3013,8315.474397833965
CA,3014,8282.126607607571
CA,3015,8280.981974826656
CA,3016,8400.274793078411
CA,3017,8677.307808390115
CA,3018,9078.998962815774
CA,3019,9319.496159229901
CA,3020,9408.684199954331
CA,3021,9445.837369320639
CA,3022,8972.981447753869
CA,3023,8243.788577895467
CA,3024,7570.821973465888
CA,3025,7080.526681596064
CA,3026,6787.53135622822
CA,3027,6665.9245545065655
CA,3028,6648.685795389934
CA,3029,6817.603301647684
CA,3030,7215.591692821554
CA,3031,7883.534918439947
CA,3032,8343.501725054143
CA,3033,8467.337748683478
CA,3034,8462.268985821987
CA,3035,8439.963129032796
CA,3036,8461.596502832652
CA,3037,8455.244173033169
CA,3038,8442.537901379813
CA,3039,8510.049478512009
CA,3040,8647.34795955366
CA,3041,8960.354494680688
CA,3042,9389.301120091995
CA,3043,9589.846236133337
CA,3044,9658.810349822287
CA,3045,9649.703696771278
CA,3046,9139.53298471117
CA,3047,8372.09856255556
CA,3048,7666.044973558278
CA,3049,7148.860183428056
CA,3050,6863.420908662879
CA,3051,6721.2726820028825
CA,3052,6697.259650167112
CA,3053,6863.236919034596
CA,3054,7271.576892813703
CA,3055,7959.72709810318
CA,3056,8426.307869947145
CA,3057,8576.686854044137
CA,3058,8556.628558828828
CA,3059,8509.145738938175
CA,3060,8482.849832779117
CA,3061,8452.045751438117
CA,3062,8457.224149233012
CA,3063,8463.667727624493
CA,3064,8608.737220627063
CA,3065,8933.959555824964
CA,3066,9325.486208379735
CA,3067,9555.087520187644
CA,3068,9595.505562641224
CA,3069,9607.914975323174
CA,3070,9098.911826283649
CA,3071,8332.064306867153
CA,3072,7604.9976688145104
CA,3073,7146.044586086827
CA,3074,6853.3233169573
CA,3075,6713.896532327232
CA,3076,6690.053742113849
CA,3077,6857.619758255427
CA,3078,7304.358068819375
CA,3079,8039.535399867674
CA,3080,8532.001695265066
CA,3081,8634.157071409108
CA,3082,8607.76070113117
CA,3083,8541.258428042612
CA,3084,8561.340328849115
CA,3085,8562.119692247025
CA,3086,8514.553520651567
CA,3087,8580.52551779262
CA,3088,8744.087302022686
CA,3089,9007.22763634909
CA,3090,9439.18896409011
CA,3091,9623.56310885789
CA,3092,9611.628226987628
CA,3093,9614.294919287046
CA,3094,9097.007908932365
CA,3095,8303.02391175034
CA,3096,7581.472824696111
CA,3097,7176.600494551464
CA,3098,6865.285561810601
CA,3099,6713.915163207391
CA,3100,6681.483494072336
CA,3101,6848.975837476822
CA,3102,7316.8342110925675
CA,3103,8109.822327021257
CA,3104,8672.180805185073
CA,3105,8802.092918939067
CA,3106,8765.221977988432
CA,3107,8757.07656226413
CA,3108,8781.830868879103
CA,3109,8777.28116103336
CA,3110,8785.956294583467
CA,3111,8781.441060958855
CA,3112,8890.678919167032
CA,3113,9173.972038506923
CA,3114,9502.66035774239
CA,3115,9650.902711715961
CA,3116,9671.099048413078
CA,3117,9642.824342802955
CA,3118,9118.18883872488
CA,3119,8336.017623172078
CA,3120,7615.900939780254
CA,3121,7078.141066218567
CA,3122,6777.693489961354
CA,3123,6637.46161917941
CA,3124,6599.599433529082
CA,3125,6760.0977678414145
CA,3126,7179.105250274794
CA,3127,7894.813025122193
CA,3128,8381.602897433998
CA,3129,8484.648787101667
CA,3130,8450.659711679608
CA,3131,8406.253762577704
CA,3132,8417.808369299548
CA,3133,8398.162295649955
CA,3134,8425.67159644029
CA,3135,8493.491803678522
CA,3136,8636.244355629408
CA,3137,8916.878588998182
CA,3138,9318.263462894851
CA,3139,9496.361432701624
CA,3140,9498.224473309099
CA,3141,9477.896059222193
CA,3142,8979.36275930209
CA,3143,8227.521940173304
CA,3144,7511.173589793115
CA,3145,7077.486398842421
CA,3146,6779.3430997202675
CA,3147,6626.238799151799
CA,3148,6602.593473180684
CA,3149,6752.185336512802
CA,3150,7152.111024038139
CA,3151,7862.336636114224
CA,3152,8401.472820061915
CA,3153,8635.72191751244
CA,3154,8699.74050356021
CA,3155,8702.032994544522
CA,3156,8773.355445182686
CA,3157,8837.485147443886
CA,3158,8935.14029817391
CA,3159,9034.141188508904
CA,3160,9165.45744805352
CA,3161,9411.926368410892
CA,3162,9731.916194144244
CA,3163,9873.609007551797
CA,3164,9828.558031104402
CA,3165,9748.429636196473
CA,3166,9206.645551776836
CA,3167,8411.741530165886
CA,3168,7679.620835520248
CA,3169,7221.57883747495
CA,3170,6921.104230611407
CA,3171,6779.456520255496
CA,3172,6756.524048697421
CA,3173,6914.14188414134
CA,3174,7330.806765441316
CA,3175,8052.772174456482
CA,3176,8577.889140515582
CA,3177,8751.754660651917
CA,3178,8772.34242150592
CA,3179,8760.919755732653
CA,3180,8776.922073843883
CA,3181,8780.591231564074
CA,3182,8792.783295168016
CA,3183,8829.833462237906
CA,3184,8977.616075042793
CA,3185,9288.823788267447
CA,3186,9679.566359627556
CA,3187,9873.841889804776
CA,3188,9877.185440050338
CA,3189,9833.912923229054
CA,3190,9313.197841473329
CA,3191,8541.194948734448
CA,3192,7817.23586221561
CA,3193,7255.262966023191
CA,3194,6939.378350994979
CA,3195,6779.7276478591595
CA,3196,6733.6749365893445
CA,3197,6872.238698929382
CA,3198,7248.921064928181
CA,3199,7921.975301413158
CA,3200,8406.726263372672
CA,3201,8582.146540384134
CA,3202,8589.575135685616
CA,3203,8584.782068554373
CA,3204,8615.10058937726
CA,3205,8656.073440647745
CA,3206,8701.567141583562
CA,3207,8762.703435290929
CA,3208,8911.37598233408
CA,3209,9199.453675938306
CA,3210,9550.293185554
CA,3211,9689.436004671954
CA,3212,9690.37022105173
CA,3213,9678.156821084263
CA,3214,9185.360232772696
CA,3215,8413.516850963074
CA,3216,7701.549643189767
CA,3217,7225.336429042734
CA,3218,6924.558629558549
CA,3219,6769.359188450479
CA,3220,6728.722748963457
CA,3221,6870.4972135266
CA,3222,7249.85785681604
CA,3223,7918.818631735714
CA,3224,8380.183433958685
CA,3225,8556.843280402656
CA,3226,8624.379040823404
CA,3227,8663.678365629236
CA,3228,8748.58060607897
CA,3229,8791.276912880873
CA,3230,8819.832978792329
CA,3231,8881.552041577557
CA,3232,8988.575613782778
CA,3233,9227.774717608316
CA,3234,9570.253790534911
CA,3235,9746.197397095782
CA,3236,9793.130822467258
CA,3237,9772.623187061122
CA,3238,9257.862830103296
CA,3239,8473.945486517426
CA,3240,7737.720454799633
CA,3241,7226.056769734932
CA,3242,6930.610880802526
CA,3243,6774.414473183837
CA,3244,6750.896295110053
CA,3245,6910.678767271599
CA,3246,7318.48824712194
CA,3247,8022.76879739076
CA,3248,8533.135375816347
CA,3249,8714.735600640417
CA,3250,8736.509778737425
CA,3251,8719.341095798088
CA,3252,8780.108626051996
CA,3253,8826.447558905413
CA,3254,8880.854858734475
CA,3255,8912.339774243247
CA,3256,9049.678399691885
CA,3257,9314.461636856386
CA,3258,9625.17268619116
CA,3259,9737.533011278616
CA,3260,9733.530517479387
CA,3261,9729.853788796591
CA,3262,9231.397240064691
CA,3263,8456.452205168514
CA,3264,7754.79502938195
CA,3265,7267.318013598534
CA,3266,6944.345799261946
CA,3267,6769.318865894124
CA,3268,6723.728805882933
CA,3269,6872.3645133137445
CA,3270,7297.925718585016
CA,3271,8067.83824670988
CA,3272,8610.82701694238
CA,3273,8778.683855414117
CA,3274,8741.112283154465
CA,3275,8681.95414375774
CA,3276,8691.978421870287
CA,3277,8706.924666718782
CA,3278,8729.862950331718
CA,3279,8725.818373883047
CA,3280,8835.625769280643
CA,3281,9059.384667676381
CA,3282,9385.023349845941
CA,3283,9520.25458918259
CA,3284,9545.591686689665
CA,3285,9568.139194072742
CA,3286,9081.049957477317
CA,3287,8315.4813011444
CA,3288,7612.311381663171
CA,3289,7213.701152828058
CA,3290,6918.776620062299
CA,3291,6775.990243539913
CA,3292,6749.631564495147
CA,3293,6911.724088883604
CA,3294,7310.872070681248
CA,3295,8001.815258965676
CA,3296,8453.636362591363
CA,3297,8526.135666262164
CA,3298,8460.659886805189
CA,3299,8392.191889904439
CA,3300,8377.639927713208
CA,3301,8369.976781248278
CA,3302,8376.383364880915
CA,3303,8418.396098327639
CA,3304,8550.43597429599
CA,3305,8893.310545762697
CA,3306,9316.777963384155
CA,3307,9503.504945157157
CA,3308,9551.2415844326
CA,3309,9587.30301816613
CA,3310,9116.029438593243
CA,3311,8359.335696296903
CA,3312,7639.964323723469
CA,3313,7185.212280519964
CA,3314,6893.389124177556
CA,3315,6746.202598916336
CA,3316,6709.8971807694925
CA,3317,6853.902529563748
CA,3318,7229.046264406287
CA,3319,7909.92932420588
CA,3320,8410.94437711189
CA,3321,8574.645376296221
CA,3322,8625.772102899711
CA,3323,8630.368983164336
CA,3324,8658.348987418702
CA,3325,8690.711412471654
CA,3326,8709.763926361386
CA,3327,8758.110398198212
CA,3328,8900.561414753035
CA,3329,9185.132238845199
CA,3330,9540.66056281684
CA,3331,9683.088913888765
CA,3332,9675.452517562986
CA,3333,9662.111613761455
CA,3334,9161.366167218688
CA,3335,8404.696670363384
CA,3336,7699.10872403226
CA,3337,7282.189111489956
CA,3338,6956.257180785259
CA,3339,6804.9970118947
CA,3340,6758.672199482391
CA,3341,6899.826224549543
CA,3342,7295.434692934756
CA,3343,8009.857278145484
CA,3344,8559.675953308295
CA,3345,8793.39309387797
CA,3346,8847.732531058984
CA,3347,8838.520449152188
CA,3348,8865.682881168652
CA,3349,8876.93092511909
CA,3350,8932.657714589315
CA,3351,9000.447475557442
CA,3352,9142.0882299035
CA,3353,9409.513219958738
CA,3354,9757.327839462368
CA,3355,9840.659232682567
CA,3356,9805.650258771006
CA,3357,9780.937900092272
CA,3358,9299.14299206638
CA,3359,8543.744202111741
CA,3360,7816.628115914101
CA,3361,7286.592965409058
CA,3362,6972.410917135261
CA,3363,6811.025358167873
CA,3364,6763.620624414222
CA,3365,6898.759499468064
CA,3366,7252.311671044621
CA,3367,7889.989970419837
CA,3368,8365.986157014481
CA,3369,8546.813124464736
CA,3370,8581.934627991314
CA,3371,8549.496705656653
CA,3372,8562.325430558312
CA,3373,8597.648681721031
CA,3374,8623.808060439517
CA,3375,8758.190877070113
CA,3376,8996.092761286278
CA,3377,9359.199271583037
CA,3378,9744.717678017427
CA,3379,9915.68721067378
CA,3380,9874.911032787919
CA,3381,9832.651585664838
CA,3382,9325.624990933816
CA,3383,8551.273384723803
CA,3384,7808.791043189061
CA,3385,7317.507239594101
CA,3386,6999.2336281897805
CA,3387,6832.230046329875
CA,3388,6783.9413462870475
CA,3389,6906.155322121623
CA,3390,7260.569954248135
CA,3391,7915.913613564069
CA,3392,8422.65770579717
CA,3393,8628.84797452804
CA,3394,8739.945095762822
CA,3395,8807.935524101856
CA,3396,8949.10253423656
CA,3397,9021.545617983767
CA,3398,9073.342419487997
CA,3399,9217.546544510183
CA,3400,9405.0287756653
CA,3401,9688.36771507196
CA,3402,10046.043111449851
CA,3403,10170.583998875891
CA,3404,10115.156767780741
CA,3405,10070.079307692914
CA,3406,9544.033112305774
CA,3407,8734.0941795069
CA,3408,7978.332201035232
CA,3409,7429.302337982066
CA,3410,7114.848851896718
CA,3411,6946.014273456963
CA,3412,6899.7907731319605
CA,3413,7044.4085364604145
CA,3414,7414.610884020143
CA,3415,8106.714561552998
CA,3416,8636.16523335077
CA,3417,8854.807621173656
CA,3418,8910.948768061127
CA,3419,8930.47894425821
CA,3420,9007.32320518327
CA,3421,9057.155092072266
CA,3422,9135.344384014518
CA,3423,9198.676357799457
CA,3424,9346.78759530712
CA,3425,9626.648614136654
CA,3426,9947.62730991877
CA,3427,10016.64094276907
CA,3428,9917.167191247309
CA,3429,9855.992344684246
CA,3430,9341.90128099996
CA,3431,8535.678809569044
CA,3432,7775.402138677517
CA,3433,7180.885542342539
CA,3434,6874.127697413124
CA,3435,6724.199373233248
CA,3436,6684.022304347101
CA,3437,6862.418162940119
CA,3438,7273.72055156403
CA,3439,8018.454044398124
CA,3440,8540.055327321467
CA,3441,8752.392743082327
CA,3442,8796.322743634557
CA,3443,8807.539601717776
CA,3444,8826.305594725586
CA,3445,8837.210384342628
CA,3446,8888.715465459164
CA,3447,8954.34381827605
CA,3448,9103.622785502568
CA,3449,9362.537977398864
CA,3450,9696.713846624721
CA,3451,9782.243246634762
CA,3452,9719.616581946495
CA,3453,9668.59258352388
CA,3454,9187.462629614778
CA,3455,8417.662718427618
CA,3456,7697.438164354931
CA,3457,7269.227651652431
CA,3458,6954.099535613128
CA,3459,6793.96400416773
CA,3460,6750.028564755452
CA,3461,6902.718759139209
CA,3462,7293.886297766896
CA,3463,8001.588804693053
CA,3464,8533.675048326975
CA,3465,8726.44346341175
CA,3466,8731.985488088823
CA,3467,8719.470320306705
CA,3468,8732.12082580962
CA,3469,8725.031556370848
CA,3470,8781.031896779457
CA,3471,8833.908029297202
CA,3472,8985.026214642819
CA,3473,9278.273934961593
CA,3474,9643.413446937238
CA,3475,9784.28463601177
CA,3476,9788.626249962874
CA,3477,9768.032974404068
CA,3478,9292.560473994417
CA,3479,8518.025023620417
CA,3480,7790.942852650165
CA,3481,7417.574330400404
CA,3482,7090.179927091672
CA,3483,6927.527337609359
CA,3484,6881.671555221316
CA,3485,7031.321286713151
CA,3486,7461.393809783877
CA,3487,8234.296008075955
CA,3488,8831.890398104132
CA,3489,9079.374041601552
CA,3490,9130.633568097029
CA,3491,9152.925163910467
CA,3492,9229.24177117805
CA,3493,9326.211137972704
CA,3494,9417.14775711485
CA,3495,9495.561145856358
CA,3496,9641.987655343778
CA,3497,9888.920240044746
CA,3498,10181.606015870797
CA,3499,10234.141451627476
CA,3500,10148.132038136156
CA,3501,10063.146580739827
CA,3502,9577.922159469225
CA,3503,8803.942091456655
CA,3504,8062.74947915893
CA,3505,7562.393238570469
CA,3506,7240.300130578101
CA,3507,7071.62131231741
CA,3508,7015.416275986171
CA,3509,7146.5065141587205
CA,3510,7502.902535369542
CA,3511,8174.763763593603
CA,3512,8725.04338945506
CA,3513,8967.613912583785
CA,3514,9052.490108557386
CA,3515,9091.855692259315
CA,3516,9150.560761202994
CA,3517,9202.617210456832
CA,3518,9231.721048907422
CA,3519,9282.187882027639
CA,3520,9465.659940776264
CA,3521,9772.241783896208
CA,3522,10087.660789302996
CA,3523,10185.096524488726
CA,3524,10107.688055512503
CA,3525,10059.747190452768
CA,3526,9556.407601023311
CA,3527,8768.103363497248
CA,3528,8021.85736914927
CA,3529,7485.78457378213
CA,3530,7144.171901186838
CA,3531,6961.6702639174
CA,3532,6910.244993283563
CA,3533,7037.555350560127
CA,3534,7402.784875626124
CA,3535,8066.002586188532
CA,3536,8606.628963253673
CA,3537,8879.796911170835
CA,3538,8989.187377112366
CA,3539,9046.24597563314
CA,3540,9142.131411612995
CA,3541,9176.764204455136
CA,3542,9226.506541266462
CA,3543,9263.655657501756
CA,3544,9427.472645852895
CA,3545,9647.052207516218
CA,3546,9956.4605966578
CA,3547,10027.498370015282
CA,3548,9952.771377687426
CA,3549,9866.990927696587
CA,3550,9371.092666072283
CA,3551,8602.850696176642
CA,3552,7880.921145433305
CA,3553,7393.554331672902
CA,3554,7065.023650503013
CA,3555,6886.172319240311
CA,3556,6837.597178382567
CA,3557,6950.768687633897
CA,3558,7296.881921453562
CA,3559,7928.16708792034
CA,3560,8421.575030159945
CA,3561,8707.568867294928
CA,3562,8832.928614024583
CA,3563,8900.249785099964
CA,3564,9008.352316548383
CA,3565,9040.98488503618
CA,3566,9038.523432957493
CA,3567,9049.883820683315
CA,3568,9182.271947510369
CA,3569,9419.562132201847
CA,3570,9786.531073922015
CA,3571,9907.543098580529
CA,3572,9840.96138791651
CA,3573,9769.830439446796
CA,3574,9293.61229809713
CA,3575,8534.466240868634
CA,3576,7812.79118010082
CA,3577,7357.17939112127
CA,3578,7023.9513696447275
CA,3579,6873.389103358878
CA,3580,6831.828925292648
CA,3581,6963.192773443494
CA,3582,7332.866603590032
CA,3583,8021.496855813382
CA,3584,8586.505705488662
CA,3585,8896.422120421237
CA,3586,9050.464913438784
CA,3587,9159.389625529677
CA,3588,9274.206391456323
CA,3589,9358.329046380074
CA,3590,9427.223087584446
CA,3591,9537.98051811735
CA,3592,9684.952454200726
CA,3593,9942.7909554715
CA,3594,10197.164121372204
CA,3595,10169.399632022284
CA,3596,9992.954846365501
CA,3597,9879.093917539185
CA,3598,9360.45434689264
CA,3599,8570.368337741193
CA,3600,7849.149431600852
CA,3601,7414.646270003976
CA,3602,7098.633403083238
CA,3603,6942.750764574184
CA,3604,6908.205105388467
CA,3605,7056.575255344704
CA,3606,7466.466978319118
CA,3607,8203.937020515223
CA,3608,8766.71875700758
CA,3609,9015.157564245367
CA,3610,9086.328473603995
CA,3611,9140.772326739548
CA,3612,9181.147073631879
CA,3613,9189.023447052183
CA,3614,9199.53129097632
CA,3615,9214.715216779528
CA,3616,9391.368689866978
CA,3617,9699.32315319192
CA,3618,10018.273678212726
CA,3619,10152.4610350177
CA,3620,10118.21526371945
CA,3621,10034.232830585115
CA,3622,9513.976707036454
CA,3623,8701.838035231006
CA,3624,7959.188017881033
CA,3625,7932.192096420883
CA,3626,7531.1905327509425
CA,3627,7307.768038909948
CA,3628,7213.149569740951
CA,3629,7304.173359663463
CA,3630,7613.6800180042785
CA,3631,8310.1685412906
CA,3632,8909.924512518726
CA,3633,9242.986102881462
CA,3634,9469.375658951144
CA,3635,9666.62816975174
CA,3636,9841.488448792022
CA,3637,9999.23340256347
CA,3638,10149.68774045409
CA,3639,10291.012825567634
CA,3640,10489.661556212923
CA,3641,10745.701734371693
CA,3642,10984.033666543365
CA,3643,11046.052122948941
CA,3644,10850.281904974041
CA,3645,10659.23398959986
CA,3646,10197.722681585812
CA,3647,9335.107812104342
CA,3648,8485.294721324895
CA,3649,8035.187543067144
CA,3650,7659.882400253308
CA,3651,7453.445807759566
CA,3652,7368.160135438908
CA,3653,7465.384323611452
CA,3654,7792.310407883802
CA,3655,8526.069847103196
CA,3656,9191.217793284833
CA,3657,9579.100704168699
CA,3658,9856.166918296598
CA,3659,10072.763291637806
CA,3660,10270.00569932828
CA,3661,10409.717712268385
CA,3662,10589.698851495598
CA,3663,10738.553211569418
CA,3664,10883.20325918285
CA,3665,11098.231369742127
CA,3666,11340.769698988675
CA,3667,11333.849483107384
CA,3668,11165.643650490535
CA,3669,10960.183633881098
CA,3670,10466.645724070025
CA,3671,9598.087170314637
CA,3672,8733.484328383176
CA,3673,8090.569114710638
CA,3674,7686.139247407858
CA,3675,7464.516734952921
CA,3676,7351.502409564513
CA,3677,7433.2760181808855
CA,3678,7717.140037801546
CA,3679,8341.971439627653
CA,3680,8890.137270384255
CA,3681,9184.919369207453
CA,3682,9306.526150912605
CA,3683,9421.501644757797
CA,3684,9514.153608309751
CA,3685,9610.661324183054
CA,3686,9756.19841288189
CA,3687,9874.143036057331
CA,3688,10032.094223852411
CA,3689,10323.026073392656
CA,3690,10659.162578243876
CA,3691,10823.045970605978
CA,3692,10793.40944588636
CA,3693,10681.90873723427
CA,3694,10256.225608096896
CA,3695,9436.519215131424
CA,3696,8630.359644204146
CA,3697,7635.419184917752
CA,3698,7262.060576231094
CA,3699,7048.808670526594
CA,3700,6966.248536688478
CA,3701,7053.813435382765
CA,3702,7332.536094616475
CA,3703,7928.503027324656
CA,3704,8442.114707421007
CA,3705,8756.815642143597
CA,3706,8992.728083231208
CA,3707,9149.650664911519
CA,3708,9288.315680666253
CA,3709,9395.019378202317
CA,3710,9509.664380082745
CA,3711,9608.398035330465
CA,3712,9760.532425128368
CA,3713,10040.002423387987
CA,3714,10361.649585299057
CA,3715,10473.479800566048
CA,3716,10397.706083593718
CA,3717,10294.568630971487
CA,3718,9898.050289691987
CA,3719,9090.969853241171
CA,3720,8281.800316104531
CA,3721,7726.943785633022
CA,3722,7335.736825522548
CA,3723,7137.1337272793625
CA,3724,7039.591568116309
CA,3725,7119.8557899047
CA,3726,7380.498075402268
CA,3727,8027.652091206383
CA,3728,8637.23984772908
CA,3729,8971.899144291257
CA,3730,9164.736024313488
CA,3731,9322.42855348072
CA,3732,9522.781669764752
CA,3733,9681.423643859672
CA,3734,9789.920758911821
CA,3735,10054.873576807635
CA,3736,10279.922125117945
CA,3737,10577.190624884498
CA,3738,10936.591965140202
CA,3739,11028.80016423648
CA,3740,10938.077043485292
CA,3741,10801.9440071845
CA,3742,10357.124527138772
CA,3743,9496.343212281413
CA,3744,8656.24845720869
CA,3745,7962.323448893389
CA,3746,7556.414512282536
CA,3747,7334.275774070369
CA,3748,7237.881883991431
CA,3749,7320.0484716524725
CA,3750,7620.934655005892
CA,3751,8294.559631384665
CA,3752,8873.533972286756
CA,3753,9183.268344233664
CA,3754,9378.761827149198
CA,3755,9560.665082445956
CA,3756,9712.55122497413
CA,3757,9873.71775605
CA,3758,10042.74204908438
CA,3759,10183.98553443933
CA,3760,10428.218995427313
CA,3761,10774.343699920546
CA,3762,11106.841004934664
CA,3763,11203.39874327377
CA,3764,11087.200100734188
CA,3765,10924.828490600529
CA,3766,10464.43817857934
CA,3767,9556.60348872279
CA,3768,8689.34940505932
CA,3769,7948.829537745887
CA,3770,7527.570299854303
CA,3771,7297.045654726758
CA,3772,7189.437406790009
CA,3773,7277.056378911341
CA,3774,7578.4456680202235
CA,3775,8262.32359697277
CA,3776,8851.162987213005
CA,3777,9167.38895580358
CA,3778,9395.597956525373
CA,3779,9636.243447167072
CA,3780,9897.556973443304
CA,3781,10120.553712891791
CA,3782,10340.186298745044
CA,3783,10564.392243345425
CA,3784,10770.183924915512
CA,3785,11023.170218379047
CA,3786,11304.03381967733
CA,3787,11365.983508296406
CA,3788,11223.981751969653
CA,3789,11044.19524633201
CA,3790,10577.473311581661
CA,3791,9684.539061898798
CA,3792,8804.217294690227
CA,3793,8301.614729126179
CA,3794,7861.309674084536
CA,3795,7622.089172958523
CA,3796,7502.307454143813
CA,3797,7589.189426002354
CA,3798,7896.194597173081
CA,3799,8639.593848928202
CA,3800,9335.33364896813
CA,3801,9780.931151944491
CA,3802,9994.266660170293
CA,3803,10172.552480830854
CA,3804,10345.387194964916
CA,3805,10511.233776028671
CA,3806,10694.868947164128
CA,3807,10880.613920117238
CA,3808,11043.753665213595
CA,3809,11279.377769818334
CA,3810,11527.63000239549
CA,3811,11577.95428956269
CA,3812,11370.849168056917
CA,3813,11149.67770695532
CA,3814,10687.144726005027
CA,3815,9805.8272697185
CA,3816,8929.091799475232
CA,3817,8122.37236238918
CA,3818,7698.961330941381
CA,3819,7470.994582539409
CA,3820,7363.285071312161
CA,3821,7443.280745743464
CA,3822,7717.17589203007
CA,3823,8356.439172530585
CA,3824,8941.298181118444
CA,3825,9339.693855166148
CA,3826,9536.901677361184
CA,3827,9716.4570413548
CA,3828,9953.16431808133
CA,3829,10155.780543736894
CA,3830,10364.283836442132
CA,3831,10574.348926559367
CA,3832,10808.062127546085
CA,3833,11101.731130720587
CA,3834,11382.572360062499
CA,3835,11409.142303082376
CA,3836,11156.06288400809
CA,3837,10913.573907871411
CA,3838,10501.241433930158
CA,3839,9625.017108085466
CA,3840,8747.588447811768
CA,3841,8011.378023931538
CA,3842,7580.835554511042
CA,3843,7325.139445708345
CA,3844,7220.87406914515
CA,3845,7306.106170538018
CA,3846,7569.703551233104
CA,3847,8241.630353060385
CA,3848,8874.698127270428
CA,3849,9270.878892839951
CA,3850,9463.89058831665
CA,3851,9594.370947088706
CA,3852,9754.327712642109
CA,3853,9881.846271670634
CA,3854,10039.63380119729
CA,3855,10184.915598474593
CA,3856,10306.699893650967
CA,3857,10592.452204713869
CA,3858,10873.863445957278
CA,3859,10881.151837407462
CA,3860,10726.881120688798
CA,3861,10580.068050831738
CA,3862,10162.982961326607
CA,3863,9321.829261134653
CA,3864,8434.705441596721
CA,3865,8006.68495031646
CA,3866,7602.510883460976
CA,3867,7375.519129439901
CA,3868,7285.719155212912
CA,3869,7370.377302775264
CA,3870,7662.5930817405035
CA,3871,8324.946980736406
CA,3872,8922.11460597325
CA,3873,9291.62694625591
CA,3874,9502.375425854575
CA,3875,9677.942099721927
CA,3876,9811.226383110403
CA,3877,9932.37065540628
CA,3878,10125.200145619894
CA,3879,10302.702433879624
CA,3880,10505.6154674104
CA,3881,10785.782191763367
CA,3882,11109.532547988168
CA,3883,11245.71547726065
CA,3884,11142.209354001794
CA,3885,10979.249574270808
CA,3886,10563.459848641996
CA,3887,9714.712923130845
CA,3888,8866.974198360246
CA,3889,7954.3721488672405
CA,3890,7563.909332473616
CA,3891,7350.372922380047
CA,3892,7243.702104801878
CA,3893,7321.068558554095
CA,3894,7589.732575903046
CA,3895,8234.499129560511
CA,3896,8785.656858168739
CA,3897,9092.29240841162
CA,3898,9273.350574098277
CA,3899,9419.883561901543
CA,3900,9557.268149971424
CA,3901,9713.34726661659
CA,3902,9862.539280652632
CA,3903,10015.256347330004
CA,3904,10188.390286852766
CA,3905,10528.453136185744
CA,3906,10892.432605266448
CA,3907,11031.377490470518
CA,3908,10975.878966479176
CA,3909,10828.561276157759
CA,3910,10425.27843350708
CA,3911,9592.291465374684
CA,3912,8771.824604588147
CA,3913,8069.754568505802
CA,3914,7661.405558985456
CA,3915,7443.623262406473
CA,3916,7339.566315781829
CA,3917,7424.569989910329
CA,3918,7726.633275093103
CA,3919,8379.20379858009
CA,3920,8949.34452928847
CA,3921,9324.155885972425
CA,3922,9584.152606714696
CA,3923,9801.353598271987
CA,3924,10054.849397962673
CA,3925,10224.910844456243
CA,3926,10316.873172859136
CA,3927,10563.484916681588
CA,3928,10749.096699275993
CA,3929,11039.08402168714
CA,3930,11387.781746096124
CA,3931,11447.997973528773
CA,3932,11228.885372394727
CA,3933,11006.026646865084
CA,3934,10531.89856802866
CA,3935,9631.383112258659
CA,3936,8745.626935061651
CA,3937,8069.189324304938
CA,3938,7645.235733066045
CA,3939,7417.212271280071
CA,3940,7328.154796664482
CA,3941,7428.276027791784
CA,3942,7731.941817265236
CA,3943,8430.972706830465
CA,3944,9060.629944066612
CA,3945,9433.025960715867
CA,3946,9624.281218140052
CA,3947,9780.164128015155
CA,3948,9993.875137781982
CA,3949,10140.18573592791
CA,3950,10328.86101304294
CA,3951,10469.236831735287
CA,3952,10580.288517294761
CA,3953,10836.276988798158
CA,3954,11110.75434722158
CA,3955,11123.985507352007
CA,3956,10967.446377584078
CA,3957,10783.258187952983
CA,3958,10347.558160494145
CA,3959,9493.786445742852
CA,3960,8632.360699104982
CA,3961,7963.296613826351
CA,3962,7560.328581380342
CA,3963,7343.783796635972
CA,3964,7245.249657683466
CA,3965,7327.998456284858
CA,3966,7599.901260945016
CA,3967,8270.331013268766
CA,3968,8861.530387233811
CA,3969,9247.405467579592
CA,3970,9455.129717047887
CA,3971,9621.565992782102
CA,3972,9803.53730717114
CA,3973,9965.705735647598
CA,3974,10133.895328242204
CA,3975,10358.10541060697
CA,3976,10597.044822304918
CA,3977,10916.327433160752
CA,3978,11221.182439157218
CA,3979,11258.711786800623
CA,3980,11042.311779212456
CA,3981,10866.428038143715
CA,3982,10442.13059711242
CA,3983,9578.439445941195
CA,3984,8717.897363538086
CA,3985,8217.194335233941
CA,3986,7819.856652945149
CA,3987,7581.830301086982
CA,3988,7422.8404479497385
CA,3989,7498.607182278247
CA,3990,7778.40816789069
CA,3991,8416.919055382875
CA,3992,9026.12473725996
CA,3993,9457.44228821422
CA,3994,9707.159479164709
CA,3995,9952.902845605982
CA,3996,10121.581865820557
CA,3997,10283.88836930925
CA,3998,10443.234945576114
CA,3999,10594.143795166259
CA,4000,10753.037283300687
CA,4001,11006.879142833336
CA,4002,11282.626775964165
CA,4003,11348.395665042904
CA,4004,11196.635101858359
CA,4005,11017.824056966653
CA,4006,10576.501819035329
CA,4007,9731.200217047228
CA,4008,8925.332072872516
CA,4009,8323.873837532894
CA,4010,7964.936438513623
CA,4011,7732.355453499852
CA,4012,7656.520769860979
CA,4013,7726.64329514179
CA,4014,8032.397611573344
CA,4015,8736.684678961813
CA,4016,9462.248472846222
CA,4017,9987.920945272132
CA,4018,10254.457606723367
CA,4019,10459.817541923528
CA,4020,10643.673839939884
CA,4021,10787.576784515737
CA,4022,10931.330232578194
CA,4023,11001.031264291276
CA,4024,11096.381245805397
CA,4025,11397.465415198383
CA,4026,11720.357409037584
CA,4027,11755.083209000734
CA,4028,11511.288801181708
CA,4029,11235.918614361625
CA,4030,10758.613291418937
CA,4031,9867.847727981966
CA,4032,8987.342956411073
CA,4033,8408.334610212526
CA,4034,7990.8092158411295
CA,4035,7768.870539331932
CA,4036,7642.096361157674
CA,4037,7710.791972220268
CA,4038,7961.336200308875
CA,4039,8588.185843499733
CA,4040,9206.456877606872
CA,4041,9801.97777686369
CA,4042,10148.160679522913
CA,4043,10367.253300794161
CA,4044,10593.048008787783
CA,4045,10746.157127273525
CA,4046,10822.817871725247
CA,4047,11052.10843525676
CA,4048,11200.343906309033
CA,4049,11405.677350047936
CA,4050,11710.190197304149
CA,4051,11729.069021447232
CA,4052,11482.880532985032
CA,4053,11332.572705304761
CA,4054,10923.59249073878
CA,4055,10058.432391835922
CA,4056,9206.665091251086
CA,4057,8387.892489008848
CA,4058,7969.915165193305
CA,4059,7743.705812077735
CA,4060,7631.2032809077355
CA,4061,7677.257731990297
CA,4062,7959.958978537817
CA,4063,8600.925755183631
CA,4064,9123.650151096763
CA,4065,9659.657004107558
CA,4066,9942.368926094833
CA,4067,10148.994575578952
CA,4068,10408.378024140525
CA,4069,10554.237729214046
CA,4070,10736.143427677657
CA,4071,10887.787581621629
CA,4072,10992.482383800107
CA,4073,11109.439630077471
CA,4074,11390.016524428267
CA,4075,11354.077987424926
CA,4076,11149.891454612895
CA,4077,10958.60058112463
CA,4078,10519.420555346363
CA,4079,9668.313988899477
CA,4080,8838.026583502815
CA,4081,8355.046000433992
CA,4082,7912.740391129858
CA,4083,7692.836252303938
CA,4084,7589.6940335128775
CA,4085,7681.66413124112
CA,4086,7996.2394464494055
CA,4087,8672.063973052653
CA,4088,9282.629944173664
CA,4089,9709.837316732125
CA,4090,9981.726898631797
CA,4091,10187.67900430114
CA,4092,10408.616013134466
CA,4093,10580.287805692327
CA,4094,10757.569466252422
CA,4095,10863.430720501462
CA,4096,11062.396149034127
CA,4097,11314.653720812505
CA,4098,11601.419062353056
CA,4099,11699.629565392502
CA,4100,11595.34689875609
CA,4101,11430.672769770364
CA,4102,10997.0162069191
CA,4103,10116.663369504357
CA,4104,9246.125830601676
CA,4105,8402.430394325194
CA,4106,7985.039063140819
CA,4107,7745.5120542159674
CA,4108,7630.01452952506
CA,4109,7722.326134535214
CA,4110,8055.431559182297
CA,4111,8785.932452618926
CA,4112,9468.275245923108
CA,4113,9895.611528644023
CA,4114,10145.228845929486
CA,4115,10396.257063064361
CA,4116,10638.75437400577
CA,4117,10796.09693115394
CA,4118,10949.057573498202
CA,4119,11098.061762590437
CA,4120,11236.451745374564
CA,4121,11484.04339247437
CA,4122,11774.673492258875
CA,4123,11812.451716508473
CA,4124,11609.821820202095
CA,4125,11408.073746391675
CA,4126,10931.870095002887
CA,4127,10066.660255890328
CA,4128,9177.232695412217
CA,4129,8502.891999919054
CA,4130,8076.1743125659
CA,4131,7824.714366943304
CA,4132,7697.320102170237
CA,4133,7792.52202136378
CA,4134,8075.488912413176
CA,4135,8756.436942959178
CA,4136,9443.340672186633
CA,4137,9906.72924574007
CA,4138,10185.427252402576
CA,4139,10421.486841724535
CA,4140,10571.652201894342
CA,4141,10642.262411958091
CA,4142,10736.926006928401
CA,4143,10807.859454760036
CA,4144,10881.959754801185
CA,4145,11132.232424826855
CA,4146,11417.228641767956
CA,4147,11474.969409792623
CA,4148,11335.03679161777
CA,4149,11163.791904662974
CA,4150,10719.065339065256
CA,4151,9878.437883165736
CA,4152,9028.07507684945
CA,4153,8295.09091203764
CA,4154,7869.740218071905
CA,4155,7645.033982475137
CA,4156,7530.169300673091
CA,4157,7611.806315749526
CA,4158,7868.466444578326
CA,4159,8500.51043886934
CA,4160,9124.521464516066
CA,4161,9490.379679949227
CA,4162,9731.003446357148
CA,4163,9949.300748044976
CA,4164,10216.064021320324
CA,4165,10388.117419968932
CA,4166,10558.595090803909
CA,4167,10747.498474409113
CA,4168,10929.76709802817
CA,4169,11249.988703122959
CA,4170,11583.825396675579
CA,4171,11672.755025405573
CA,4172,11504.98673739314
CA,4173,11326.271428701265
CA,4174,10928.008917081772
CA,4175,10075.31334294544
CA,4176,9220.105238428847
CA,4177,8620.390510293841
CA,4178,8185.155414410074
CA,4179,7943.64114053269
CA,4180,7821.945699925961
CA,4181,7890.828323348414
CA,4182,8143.124437767616
CA,4183,8802.925760167842
CA,4184,9410.497074070593
CA,4185,9847.379636843536
CA,4186,10143.457379037939
CA,4187,10375.733063574655
CA,4188,10655.85698223616
CA,4189,10822.003514525122
CA,4190,11015.382149161592
CA,4191,11242.080845691467
CA,4192,11434.214336916202
CA,4193,11710.690408501318
CA,4194,11977.25042748297
CA,4195,12035.73463273247
CA,4196,11786.990904807835
CA,4197,11502.04645717261
CA,4198,11040.461485597973
CA,4199,10147.196451946357
CA,4200,9285.854735245746
CA,4201,8520.99293412453
CA,4202,8055.927488930864
CA,4203,7834.595408135906
CA,4204,7707.094623158853
CA,4205,7766.226906401126
CA,4206,8044.75324153479
CA,4207,8746.730268778055
CA,4208,9424.090986841335
CA,4209,9949.729703666973
CA,4210,10282.312823827443
CA,4211,10530.947100896428
CA,4212,10828.452654175674
CA,4213,11021.845868487642
CA,4214,11249.249771426701
CA,4215,11420.8663924896
CA,4216,11609.205131890445
CA,4217,11852.57900356847
CA,4218,12173.995803738741
CA,4219,12193.868281929712
CA,4220,12033.926162552115
CA,4221,11810.107463775077
CA,4222,11344.312691446552
CA,4223,10448.541021738224
CA,4224,9581.926919598265
CA,4225,8777.95895732934
CA,4226,8330.323767831258
CA,4227,8067.771263474432
CA,4228,7947.968184516741
CA,4229,8017.07296248056
CA,4230,8294.433860234854
CA,4231,8974.967176074811
CA,4232,9736.786043448173
CA,4233,10334.117261011839
CA,4234,10755.302791286349
CA,4235,11064.432759268113
CA,4236,11458.388490022797
CA,4237,11716.315157400798
CA,4238,11877.615352893299
CA,4239,12144.056000442895
CA,4240,12304.691091467491
CA,4241,12551.91787891489
CA,4242,12765.704209477276
CA,4243,12721.70854525836
CA,4244,12415.505168245183
CA,4245,12091.187442602203
CA,4246,11566.835383329327
CA,4247,10596.548484701374
CA,4248,9693.98335073087
CA,4249,8998.544412303712
CA,4250,8545.388791376057
CA,4251,8251.825613260717
CA,4252,8102.383706160166
CA,4253,8170.638117599628
CA,4254,8537.798528290548
CA,4255,9304.004188959722
CA,4256,10003.736125058305
CA,4257,10453.093137324622
CA,4258,10747.26394863978
CA,4259,11011.332796884949
CA,4260,11213.13842669773
CA,4261,11356.750927961578
CA,4262,11537.833775961461
CA,4263,11622.202186083355
CA,4264,11764.802314363404
CA,4265,12041.663046321812
CA,4266,12411.583540231469
CA,4267,12458.552820579728
CA,4268,12301.057226055343
CA,4269,12092.754168999333
CA,4270,11641.40093189971
CA,4271,10735.574097529513
CA,4272,9832.212327316755
CA,4273,8794.565588637523
CA,4274,8316.226385889365
CA,4275,8044.480237540139
CA,4276,7921.618504787866
CA,4277,8008.814394401519
CA,4278,8321.703691700217
CA,4279,9054.615521188557
CA,4280,9802.743896670183
CA,4281,10309.674379475227
CA,4282,10652.40338547108
CA,4283,10925.38423789793
CA,4284,11220.975049699122
CA,4285,11399.991691500293
CA,4286,11603.80052771349
CA,4287,11814.092779175743
CA,4288,12006.454012554977
CA,4289,12267.423017001532
CA,4290,12603.947230171507
CA,4291,12635.846364641989
CA,4292,12339.920504171737
CA,4293,12041.958899867762
CA,4294,11543.535651814292
CA,4295,10601.111836450205
CA,4296,9698.175968552945
CA,4297,9279.29445053297
CA,4298,8825.355047836394
CA,4299,8551.698930624928
CA,4300,8385.435232478649
CA,4301,8422.44415938878
CA,4302,8716.974878224246
CA,4303,9465.750960875727
CA,4304,10278.624238497828
CA,4305,10867.37435958755
CA,4306,11240.301210584411
CA,4307,11581.100050790385
CA,4308,11860.222259016767
CA,4309,12094.868482134196
CA,4310,12346.067576782659
CA,4311,12551.871878137034
CA,4312,12678.790252886813
CA,4313,12852.468595481582
CA,4314,13050.57170950115
CA,4315,13011.552192085968
CA,4316,12747.601745340846
CA,4317,12442.296275417354
CA,4318,11910.962341140552
CA,4319,10962.054405848848
CA,4320,10023.368283138936
CA,4321,9147.685553347703
CA,4322,8698.594257769734
CA,4323,8382.460473015076
CA,4324,8206.889586821882
CA,4325,8298.35454916372
CA,4326,8611.628311944884
CA,4327,9395.584865375083
CA,4328,10185.561812987359
CA,4329,10697.116607792918
CA,4330,11033.104730406201
CA,4331,11319.358042979362
CA,4332,11537.87256064858
CA,4333,11711.940331235745
CA,4334,11915.719904298129
CA,4335,12102.199243267236
CA,4336,12233.570077880836
CA,4337,12468.894589056612
CA,4338,12696.522521375877
CA,4339,12689.252772544114
CA,4340,12464.130675077918
CA,4341,12211.508618527459
CA,4342,11716.337269471166
CA,4343,10818.50514570272
CA,4344,9919.434149810321
CA,4345,9319.923760660851
CA,4346,8813.252410518665
CA,4347,8535.839750913427
CA,4348,8392.192475786224
CA,4349,8462.040837045626
CA,4350,8643.108437668495
CA,4351,9162.352972222278
CA,4352,9860.549862215937
CA,4353,10451.724636199208
CA,4354,10911.733459555384
CA,4355,11374.569437573218
CA,4356,11747.760823559933
CA,4357,12079.55085461963
CA,4358,12369.78612290062
CA,4359,12559.548004672415
CA,4360,12685.273554489152
CA,4361,12853.561942610462
CA,4362,13065.901599406402
CA,4363,13050.507384456905
CA,4364,12779.673547205684
CA,4365,12494.426333348713
CA,4366,11958.679790076664
CA,4367,10993.43781754952
CA,4368,10090.724523700533
CA,4369,9389.541339329599
CA,4370,8931.770277858217
CA,4371,8646.618278028942
CA,4372,8490.700904793481
CA,4373,8453.790559662506
CA,4374,8618.0403636484
CA,4375,9064.084428837514
CA,4376,9709.812923504195
CA,4377,10294.271442382943
CA,4378,10715.986518398385
CA,4379,11086.3322513271
CA,4380,11417.013855149134
CA,4381,11652.421542588518
CA,4382,11873.825476423836
CA,4383,12092.595585805833
CA,4384,12305.036282738033
CA,4385,12495.560173344174
CA,4386,12777.428307477724
CA,4387,12679.448871254442
CA,4388,12191.896387122055
CA,4389,11854.09845940257
CA,4390,11367.403823793385
CA,4391,10502.358553547634
CA,4392,9631.919520853732
CA,4393,8698.907118683335
CA,4394,8239.593885564982
CA,4395,7988.060076413812
CA,4396,7853.050432137516
CA,4397,7892.618692755712
CA,4398,8031.026137424071
CA,4399,8403.057884929165
CA,4400,9071.27213907928
CA,4401,9715.084299536874
CA,4402,10136.809223094417
CA,4403,10477.217824709582
CA,4404,10790.007024591118
CA,4405,11062.10856197556
CA,4406,11350.709225093599
CA,4407,11618.50254802307
CA,4408,11920.309377958926
CA,4409,12228.786959088803
CA,4410,12533.569791823025
CA,4411,12504.729138363277
CA,4412,12081.20298807489
CA,4413,11664.282811583643
CA,4414,11170.050838551346
CA,4415,10373.916191251197
CA,4416,9527.865400101572
CA,4417,8778.540032774725
CA,4418,8327.817593058784
CA,4419,8050.968098279837
CA,4420,7891.037345386361
CA,4421,7922.506199433047
CA,4422,8007.656887743726
CA,4423,8318.238970847409
CA,4424,8894.383160501357
CA,4425,9510.433372107059
CA,4426,10021.888715616074
CA,4427,10364.952521789531
CA,4428,10833.257439428479
CA,4429,11107.386690989
CA,4430,11334.105585568311
CA,4431,11576.203050291506
CA,4432,11823.2757043362
CA,4433,11939.570250642898
CA,4434,12286.959480807218
CA,4435,12173.049106048323
CA,4436,11925.240072769697
CA,4437,11638.7461195528
CA,4438,11160.217772007908
CA,4439,10303.47510456572
CA,4440,9486.72865841256
CA,4441,8667.87806385419
CA,4442,8228.11518423453
CA,4443,7960.302735255578
CA,4444,7811.93333120962
CA,4445,7830.637453474042
CA,4446,7966.6811829132165
CA,4447,8367.998698913784
CA,4448,8869.325510120532
CA,4449,9436.767853408359
CA,4450,9921.694194090017
CA,4451,10358.276787235434
CA,4452,10769.820561417253
CA,4453,11077.21507761518
CA,4454,11384.283385309995
CA,4455,11679.49551737652
CA,4456,12033.323969598547
CA,4457,12310.713043281032
CA,4458,12543.171314925821
CA,4459,12490.718563796584
CA,4460,12158.104783512265
CA,4461,11847.57624306767
CA,4462,11391.158497995134
CA,4463,10504.843341241832
CA,4464,9594.032238497622
CA,4465,9298.933515749212
CA,4466,8828.065603697139
CA,4467,8551.864764478864
CA,4468,8449.65248063586
CA,4469,8502.529025663838
CA,4470,8688.752688848638
CA,4471,9167.487096437428
CA,4472,9996.974556685386
CA,4473,10710.140132942838
CA,4474,11261.0142838991
CA,4475,11719.925047038863
CA,4476,12138.009997754482
CA,4477,12488.800785520674
CA,4478,12841.622056579117
CA,4479,13154.18256693363
CA,4480,13462.054006115116
CA,4481,13658.293471391667
CA,4482,13776.201709588952
CA,4483,13590.390127634732
CA,4484,13150.0600786974
CA,4485,12712.626358006933
CA,4486,12159.420156676164
CA,4487,11168.20887304774
CA,4488,10198.995854785323
CA,4489,9220.021546199288
CA,4490,8758.951666230224
CA,4491,8451.46403004247
CA,4492,8294.880576887227
CA,4493,8341.512464684042
CA,4494,8510.539100525834
CA,4495,8912.181196163912
CA,4496,9478.624369243434
CA,4497,9994.091326661351
CA,4498,10431.848105059068
CA,4499,10854.649317874525
CA,4500,11260.192946198151
CA,4501,11628.918704295474
CA,4502,11972.66916142596
CA,4503,12312.907745444342
CA,4504,12559.82411790481
CA,4505,12850.759449872546
CA,4506,13071.02564223422
CA,4507,13022.0008672889
CA,4508,12649.321033281543
CA,4509,12229.4940487616
CA,4510,11742.983416418472
CA,4511,10822.091869137742
CA,4512,9892.358155772488
CA,4513,8819.59542908923
CA,4514,8320.445584510242
CA,4515,8067.574334249251
CA,4516,7946.23026642224
CA,4517,7998.215215194216
CA,4518,8164.808052394335
CA,4519,8656.579936054426
CA,4520,9312.275258859897
CA,4521,9848.589939967619
CA,4522,10316.796801679997
CA,4523,10718.953449797064
CA,4524,11098.894408928315
CA,4525,11389.46907934364
CA,4526,11659.137554753807
CA,4527,11897.576029360014
CA,4528,12134.779335379768
CA,4529,12355.745098179119
CA,4530,12542.731275014626
CA,4531,12447.935911122293
CA,4532,12117.857222218825
CA,4533,11772.713684264259
CA,4534,11237.267128919486
CA,4535,10324.480320893368
CA,4536,9398.362179232576
CA,4537,8956.43283485091
CA,4538,8458.021218286422
CA,4539,8194.435345280258
CA,4540,8028.732583622329
CA,4541,8045.224091096046
CA,4542,8161.562735574748
CA,4543,8551.465837485326
CA,4544,9119.442637860196
CA,4545,9620.69921815041
CA,4546,10063.487792288251
CA,4547,10390.170973947061
CA,4548,10803.363139907283
CA,4549,11089.416729935968
CA,4550,11352.799987818353
CA,4551,11636.23224733405
CA,4552,11886.800525246889
CA,4553,12195.424390586066
CA,4554,12455.20769660405
CA,4555,12485.54863771937
CA,4556,12172.380366087761
CA,4557,11820.054437693504
CA,4558,11331.742419913077
CA,4559,10445.438225476568
CA,4560,9526.033490387308
CA,4561,9250.832482979424
CA,4562,8850.7545617215
CA,4563,8560.432336951783
CA,4564,8398.262476207707
CA,4565,8426.924613961473
CA,4566,8566.642735873245
CA,4567,8944.486762941473
CA,4568,9663.00779569458
CA,4569,10341.16167726651
CA,4570,10801.233911434394
CA,4571,11114.780016841317
CA,4572,11489.972849289178
CA,4573,11745.350681133035
CA,4574,12001.034271106713
CA,4575,12343.41462486792
CA,4576,12560.24759393076
CA,4577,12823.657138736168
CA,4578,13020.737514871518
CA,4579,12974.323513290907
CA,4580,12628.419371836658
CA,4581,12230.218805458495
CA,4582,11705.697288128901
CA,4583,10691.394614172616
CA,4584,9777.597343974072
CA,4585,9121.291097034904
CA,4586,8587.18456178787
CA,4587,8399.66144858678
CA,4588,8267.569413178183
CA,4589,8300.614847287774
CA,4590,8455.729760974997
CA,4591,8935.961750590145
CA,4592,9529.340978362638
CA,4593,10236.07900532935
CA,4594,10676.409678599853
CA,4595,10951.995101325096
CA,4596,11501.30811739955
CA,4597,11846.050319591486
CA,4598,12012.850410399635
CA,4599,12494.628441561478
CA,4600,12741.811421277175
CA,4601,12823.435920409645
CA,4602,13236.487330085383
CA,4603,13173.401913076203
CA,4604,12713.040703950597
CA,4605,12435.363972912345
CA,4606,11935.0525024475
CA,4607,11001.73891792684
CA,4608,10023.678950520935
CA,4609,9050.579982945052
CA,4610,8567.396560525655
CA,4611,8304.986991910054
CA,4612,8181.047214012967
CA,4613,8239.726357997055
CA,4614,8451.335325890339
CA,4615,8990.682464095194
CA,4616,9786.25091667648
CA,4617,10481.198031089894
CA,4618,10990.78420284123
CA,4619,11343.014952820967
CA,4620,11830.720846553195
CA,4621,12170.78271851225
CA,4622,12472.075441537047
CA,4623,12818.062059704522
CA,4624,13081.032826275484
CA,4625,13179.149586157411
CA,4626,13378.03917892667
CA,4627,13223.670404029148
CA,4628,12818.170670219558
CA,4629,12474.32552353597
CA,4630,11918.27435757962
CA,4631,10906.443793904916
CA,4632,9949.754352773594
CA,4633,9110.787657070276
CA,4634,8651.301013674628
CA,4635,8364.125836511757
CA,4636,8227.64337902948
CA,4637,8300.633902848435
CA,4638,8506.618517474067
CA,4639,9037.52396962366
CA,4640,9750.114929443859
CA,4641,10368.347462792944
CA,4642,10828.838374681379
CA,4643,11296.314626669407
CA,4644,11705.000875943506
CA,4645,12043.909374336389
CA,4646,12343.53359172853
CA,4647,12581.208070889215
CA,4648,12777.212202640493
CA,4649,13019.690198241204
CA,4650,13234.44120694013
CA,4651,13250.295702512783
CA,4652,13003.09448190995
CA,4653,12675.64647595413
CA,4654,12139.533916542698
CA,4655,11196.90213723774
CA,4656,10280.116308961142
CA,4657,9141.064431655426
CA,4658,8639.38102729614
CA,4659,8389.00069179508
CA,4660,8248.145795360204
CA,4661,8311.705116568048
CA,4662,8470.178665709163
CA,4663,8894.133593269787
CA,4664,9564.11167573473
CA,4665,10202.32727406636
CA,4666,10740.764043405127
CA,4667,11168.132519208084
CA,4668,11581.639591108068
CA,4669,11905.810297626186
CA,4670,12123.00082432534
CA,4671,12414.867523309795
CA,4672,12674.18175209756
CA,4673,13004.87485704444
CA,4674,13287.224303314959
CA,4675,13250.115990840756
CA,4676,12904.327848817944
CA,4677,12509.777560389068
CA,4678,11939.289096643202
CA,4679,10988.046331801488
CA,4680,10023.223746865707
CA,4681,9612.460023632094
CA,4682,9091.914418441787
CA,4683,8778.815510051516
CA,4684,8595.585429782023
CA,4685,8559.96094237904
CA,4686,8865.117103846028
CA,4687,9436.802524500333
CA,4688,10129.988252630087
CA,4689,10720.422594453263
CA,4690,11186.231097764564
CA,4691,11680.87852196808
CA,4692,12142.132937171919
CA,4693,12479.736783187647
CA,4694,12780.850338978038
CA,4695,13065.250407046015
CA,4696,13315.544787679354
CA,4697,13571.718070372338
CA,4698,13787.07990112055
CA,4699,13717.06259455145
CA,4700,13391.638157072947
CA,4701,13016.57803086154
CA,4702,12481.741601353914
CA,4703,11514.488705525988
CA,4704,10539.001416947423
CA,4705,9709.01391339146
CA,4706,9159.798614026883
CA,4707,8840.117578591624
CA,4708,8644.760260105908
CA,4709,8673.885984718032
CA,4710,8894.131835480831
CA,4711,9467.893154223768
CA,4712,10234.914757642693
CA,4713,10951.330089586222
CA,4714,11554.276663292326
CA,4715,12004.735604750415
CA,4716,12450.163346971415
CA,4717,12788.067328414364
CA,4718,12972.97736460332
CA,4719,13309.31721029548
CA,4720,13568.544569955101
CA,4721,13748.421395757953
CA,4722,13901.643111864308
CA,4723,13812.1046591284
CA,4724,13436.599951853413
CA,4725,13056.288272251068
CA,4726,12431.713454329648
CA,4727,11573.901757230468
CA,4728,10572.408354066807
CA,4729,10015.036613762142
CA,4730,9510.829185403313
CA,4731,9204.50560558369
CA,4732,9026.995140736659
CA,4733,9020.828489766767
CA,4734,9246.614555884516
CA,4735,9815.46568577447
CA,4736,10598.382033852271
CA,4737,11272.749507173668
CA,4738,11785.965777664785
CA,4739,12266.389576269436
CA,4740,12694.565033119176
CA,4741,13150.814636883284
CA,4742,13542.974903951746
CA,4743,13831.684891799817
CA,4744,14100.031935832304
CA,4745,14171.274622750175
CA,4746,14423.764144809432
CA,4747,14317.57321748797
CA,4748,13855.773946361206
CA,4749,13561.720921500857
CA,4750,12931.927534059547
CA,4751,11934.527035190055
CA,4752,10935.408066129341
CA,4753,9901.250023494676
CA,4754,9419.070276361216
CA,4755,9090.262212611988
CA,4756,8906.397316967494
CA,4757,8940.332942191171
CA,4758,9173.854512003102
CA,4759,9734.589615728025
CA,4760,10442.31907545239
CA,4761,11114.170945440778
CA,4762,11645.718897942269
CA,4763,11965.075677475848
CA,4764,12448.973588639282
CA,4765,12748.065080246565
CA,4766,12880.113892836226
CA,4767,13281.367755061106
CA,4768,13459.842396838049
CA,4769,13421.157537129925
CA,4770,13741.394303813893
CA,4771,13585.015761486558
CA,4772,13049.61856581758
CA,4773,12803.41005875311
CA,4774,12225.858264925378
CA,4775,11201.617193996846
CA,4776,10279.751363974645
CA,4777,9515.227851550607
CA,4778,9040.406963084365
CA,4779,8763.044239882454
CA,4780,8591.233914120682
CA,4781,8650.768176017833
CA,4782,8914.362987686195
CA,4783,9497.362504411015
CA,4784,10292.648649622684
CA,4785,11012.110005778153
CA,4786,11482.067924265461
CA,4787,11843.44364601211
CA,4788,12272.132384160082
CA,4789,12597.169912980059
CA,4790,12889.620759814433
CA,4791,13186.650996873304
CA,4792,13444.925538055776
CA,4793,13666.602254605728
CA,4794,13830.045588668716
CA,4795,13809.369574041849
CA,4796,13427.379315148626
CA,4797,13168.206311813663
CA,4798,12625.725195465655
CA,4799,11644.42737023669
CA,4800,10697.359222697049
CA,4801,10058.61820417512
CA,4802,9551.554993395273
CA,4803,9187.219437210832
CA,4804,9038.458506839547
CA,4805,9024.395448239943
CA,4806,9230.538676210923
CA,4807,9695.589973670451
CA,4808,10343.90612220367
CA,4809,10976.913652125129
CA,4810,11483.594538513286
CA,4811,11935.436721466697
CA,4812,12398.659197284351
CA,4813,12813.513107233797
CA,4814,13170.350630605245
CA,4815,13452.6456567216
CA,4816,13718.759298191316
CA,4817,13982.372348480228
CA,4818,14227.700304298105
CA,4819,14173.81667856673
CA,4820,13816.819761974351
CA,4821,13464.462820351192
CA,4822,12939.531908416896
CA,4823,11940.940743980555
CA,4824,10942.255970873978
CA,4825,9978.25406651727
CA,4826,9417.082842840427
CA,4827,9089.19325090783
CA,4828,8883.969441410294
CA,4829,8894.739038741587
CA,4830,9030.755514950942
CA,4831,9402.159414595959
CA,4832,10159.66875082617
CA,4833,10918.661810402927
CA,4834,11458.781200151353
CA,4835,11892.543422979333
CA,4836,12319.88080053912
CA,4837,12637.936719893212
CA,4838,12979.380046015011
CA,4839,13309.125795479181
CA,4840,13500.83321761708
CA,4841,13612.221548762015
CA,4842,13752.41797248835
CA,4843,13576.942424920084
CA,4844,13204.820558471708
CA,4845,12821.278124725822
CA,4846,12284.924169291596
CA,4847,11329.038359053385
CA,4848,10371.690250831445
CA,4849,9603.863047075297
CA,4850,9095.653498893592
CA,4851,8768.010607221187
CA,4852,8616.519819418398
CA,4853,8656.413166346958
CA,4854,8816.128500532606
CA,4855,9236.779060300398
CA,4856,9998.872753786559
CA,4857,10651.746319192739
CA,4858,11162.920930129033
CA,4859,11596.930648683852
CA,4860,12002.514524797517
CA,4861,12315.304655601112
CA,4862,12563.508567621431
CA,4863,12836.587919458024
CA,4864,13053.708582110085
CA,4865,13253.666542814452
CA,4866,13418.891127353264
CA,4867,13354.227306497647
CA,4868,13047.518517480071
CA,4869,12681.090491198468
CA,4870,12175.78169538132
CA,4871,11267.517029745663
CA,4872,10252.899239922087
CA,4873,10262.863830526822
CA,4874,9733.772875890619
CA,4875,9378.955951045304
CA,4876,9127.063252193127
CA,4877,9110.554662276318
CA,4878,9276.56459600939
CA,4879,9756.322382212034
CA,4880,10312.721681566531
CA,4881,10882.547670009433
CA,4882,11361.122571419099
CA,4883,11781.211902613096
CA,4884,12176.173469390301
CA,4885,12453.733897319319
CA,4886,12770.154829285376
CA,4887,13005.692044759853
CA,4888,13239.935057751357
CA,4889,13448.924308391158
CA,4890,13692.245284048425
CA,4891,13616.660267091964
CA,4892,13265.889620701646
CA,4893,12903.63287079461
CA,4894,12385.135447669427
CA,4895,11434.15115717802
CA,4896,10538.822444868682
CA,4897,9794.819086229728
CA,4898,9323.140235157574
CA,4899,9035.561404240191
CA,4900,8890.785708130945
CA,4901,8921.665989234357
CA,4902,9076.840535665081
CA,4903,9484.140047867143
CA,4904,10119.494171084366
CA,4905,10747.177012993719
CA,4906,11199.048447784254
CA,4907,11456.952530564779
CA,4908,12053.723564214566
CA,4909,12417.920116324602
CA,4910,12714.392113737146
CA,4911,13033.359140604427
CA,4912,13299.767014684464
CA,4913,13487.39540118354
CA,4914,13839.7283450901
CA,4915,13730.588277419963
CA,4916,13365.371873627348
CA,4917,12996.506122677905
CA,4918,12499.873023456644
CA,4919,11497.979515652267
CA,4920,10519.519530584525
CA,4921,9408.01965697139
CA,4922,8930.567574269446
CA,4923,8641.92376256589
CA,4924,8505.501839056429
CA,4925,8545.889314652758
CA,4926,8733.029103968416
CA,4927,9173.855039244929
CA,4928,9819.658163580222
CA,4929,10346.299822882115
CA,4930,10824.249725203314
CA,4931,11135.819961830402
CA,4932,11573.767932248382
CA,4933,11859.897920199106
CA,4934,11936.652462313527
CA,4935,12309.888808955538
CA,4936,12509.405933897016
CA,4937,12618.489056641309
CA,4938,12877.010445610903
CA,4939,12800.137219836026
CA,4940,12429.564723679013
CA,4941,12148.856251516357
CA,4942,11655.229510741625
CA,4943,10742.308321998673
CA,4944,9831.35391174374
CA,4945,9081.796615276186
CA,4946,8616.857369742014
CA,4947,8329.48812991804
CA,4948,8194.831475530824
CA,4949,8258.568078235651
CA,4950,8464.22718610279
CA,4951,8977.225365662937
CA,4952,9727.798579786151
CA,4953,10398.704573129763
CA,4954,10977.61247739957
CA,4955,11388.833202636544
CA,4956,11875.314699366164
CA,4957,12208.289073323392
CA,4958,12488.415734077682
CA,4959,12835.907240711947
CA,4960,13024.68969732408
CA,4961,13295.72606443294
CA,4962,13533.478526587903
CA,4963,13430.594163200189
CA,4964,13077.705730413903
CA,4965,12710.465429971
CA,4966,12133.391128686307
CA,4967,11168.911017783365
CA,4968,10170.890457632145
CA,4969,9300.243392530481
CA,4970,8778.725730463716
CA,4971,8489.918948426737
CA,4972,8342.078425570401
CA,4973,8370.720489202725
CA,4974,8527.866121229438
CA,4975,8939.7860515587
CA,4976,9635.131181479196
CA,4977,10297.535905310296
CA,4978,10772.16341745239
CA,4979,11223.336892274125
CA,4980,11626.562546500445
CA,4981,11981.260795192282
CA,4982,12370.415722833878
CA,4983,12692.34605381695
CA,4984,12957.733018620726
CA,4985,13181.791041174504
CA,4986,13403.064895357724
CA,4987,13307.975204414317
CA,4988,12977.290147291662
CA,4989,12580.114111436748
CA,4990,12004.588238560817
CA,4991,11073.036410506626
CA,4992,10151.574795865931
CA,4993,9378.998675690793
CA,4994,8876.857731727878
CA,4995,8611.501676764687
CA,4996,8483.086594120918
CA,4997,8498.589306093905
CA,4998,8639.75830650081
CA,4999,9048.690645340276
CA,5000,9683.739425980121
CA,5001,10242.120086274745
CA,5002,10691.570445768882
CA,5003,11135.866466177992
CA,5004,11554.306859673078
CA,5005,11908.492441688267
CA,5006,12263.12866204825
CA,5007,12557.322577236205
CA,5008,12779.67548744
CA,5009,13071.964476397813
CA,5010,13380.856906265098
CA,5011,13334.722227742207
CA,5012,13062.49673978967
CA,5013,12769.021358694868
CA,5014,12210.619990897099
CA,5015,11294.934710940872
CA,5016,10389.784811754645
CA,5017,9803.429270354963
CA,5018,9284.446264424403
CA,5019,8984.226698294798
CA,5020,8790.847590013922
CA,5021,8759.595366693626
CA,5022,9006.462124101816
CA,5023,9472.674472274234
CA,5024,10106.622469189674
CA,5025,10725.043441651227
CA,5026,11232.131083529568
CA,5027,11688.269250189924
CA,5028,12122.620843155442
CA,5029,12475.96455441453
CA,5030,12742.638644208876
CA,5031,13000.970465208948
CA,5032,13231.41596101103
CA,5033,13345.360492633775
CA,5034,13544.01290854452
CA,5035,13459.992728041414
CA,5036,13138.924891757185
CA,5037,12785.218664346468
CA,5038,12240.636168014344
CA,5039,11264.921321037408
CA,5040,10376.755187769247
CA,5041,9932.403103501418
CA,5042,9349.849307649091
CA,5043,9077.924323251933
CA,5044,8845.469492689375
CA,5045,8760.670131947313
CA,5046,8963.41861695077
CA,5047,9426.298872760396
CA,5048,9999.876962589157
CA,5049,10732.658046631473
CA,5050,11137.942964991668
CA,5051,11425.223252883008
CA,5052,11911.064804149369
CA,5053,12220.860176935673
CA,5054,12330.597356528864
CA,5055,12712.638466477541
CA,5056,12957.315635701644
CA,5057,13153.923431935352
CA,5058,13387.667232317911
CA,5059,13286.955569251255
CA,5060,12854.934640385823
CA,5061,12471.142519470451
CA,5062,11934.695836716532
CA,5063,10972.018885071503
CA,5064,10065.65374208951
CA,5065,9610.804783429085
CA,5066,9099.026267467801
CA,5067,8810.830753582305
CA,5068,8648.22936041845
CA,5069,8628.333507585033
CA,5070,8798.0284208031
CA,5071,9183.31665484919
CA,5072,9792.744124141286
CA,5073,10382.777627498518
CA,5074,10798.721728088626
CA,5075,11024.7730025195
CA,5076,11610.279070157606
CA,5077,11989.27311832753
CA,5078,12267.688887324447
CA,5079,12601.23468462917
CA,5080,12831.11470984954
CA,5081,12988.562617702978
CA,5082,13262.404029970607
CA,5083,13181.276729752204
CA,5084,12905.028045418323
CA,5085,12645.44521117138
CA,5086,12097.502792688745
CA,5087,11217.375777201685
CA,5088,10333.580090587638
CA,5089,9378.581127081652
CA,5090,8925.503138924245
CA,5091,8634.775582109901
CA,5092,8483.084773574658
CA,5093,8564.687402847024
CA,5094,8910.346188149148
CA,5095,9445.491299954627
CA,5096,10047.47899020561
CA,5097,10584.017460315097
CA,5098,10889.10435437361
CA,5099,11201.479320326012
CA,5100,11594.929269785087
CA,5101,11901.464909865016
CA,5102,12217.48971617021
CA,5103,12490.52434784267
CA,5104,12767.273496307393
CA,5105,13028.049724078823
CA,5106,13341.307539878551
CA,5107,13188.216232182384
CA,5108,12732.069625505632
CA,5109,12390.000073202055
CA,5110,11717.17893295168
CA,5111,10767.45478146689
CA,5112,9813.620220898644
CA,5113,9064.119787782001
CA,5114,8595.116323624184
CA,5115,8313.88393259372
CA,5116,8187.096467834511
CA,5117,8263.272251463336
CA,5118,8643.479530046559
CA,5119,9193.887788754742
CA,5120,9842.940214376004
CA,5121,10330.444259117101
CA,5122,10654.06766655153
CA,5123,10954.058304639176
CA,5124,11391.68735293953
CA,5125,11733.515404084649
CA,5126,12091.659046162587
CA,5127,12334.563654393138
CA,5128,12582.634239788655
CA,5129,12967.467185462295
CA,5130,13356.43665245199
CA,5131,13333.977059184578
CA,5132,12926.092039362578
CA,5133,12645.566764595829
CA,5134,11974.234083577038
CA,5135,10977.652421871767
CA,5136,10050.481089030644
CA,5137,9273.307346669016
CA,5138,8764.23299462485
CA,5139,8423.49428112382
CA,5140,8289.76403408663
CA,5141,8363.484276110743
CA,5142,8678.710452289836
CA,5143,9206.057091092715
CA,5144,9837.934074103858
CA,5145,10316.673411582912
CA,5146,10691.454850907908
CA,5147,11101.690844219307
CA,5148,11463.979063475241
CA,5149,11749.870960939324
CA,5150,12082.979448404355
CA,5151,12330.288937414009
CA,5152,12573.458889118175
CA,5153,12860.040672594
CA,5154,13126.887032190323
CA,5155,13084.101526688695
CA,5156,12789.606519751644
CA,5157,12520.66341102549
CA,5158,11873.025570539612
CA,5159,10941.327867227507
CA,5160,10029.162037271478
CA,5161,9941.364391108122
CA,5162,9439.99985628614
CA,5163,9113.949672250598
CA,5164,8934.256375201151
CA,5165,8959.945085589505
CA,5166,9302.093877173112
CA,5167,9866.998681435271
CA,5168,10561.187902043148
CA,5169,11115.862390019043
CA,5170,11488.864750403243
CA,5171,11896.438142271405
CA,5172,12320.826654730963
CA,5173,12664.47731565483
CA,5174,13034.498035761159
CA,5175,13303.998313333842
CA,5176,13560.228794168067
CA,5177,13756.251880974617
CA,5178,13966.355389974122
CA,5179,13883.37403097711
CA,5180,13500.55935008204
CA,5181,13166.94815052641
CA,5182,12495.528065355936
CA,5183,11522.57877730386
CA,5184,10595.27625581175
CA,5185,9826.227699484813
CA,5186,9275.354159632274
CA,5187,8970.206876768355
CA,5188,8800.147089023282
CA,5189,8846.95531542696
CA,5190,9218.268145718252
CA,5191,9815.995756145163
CA,5192,10455.729917758006
CA,5193,11014.958524872268
CA,5194,11335.508299044493
CA,5195,11655.492406820366
CA,5196,11998.691668619845
CA,5197,12330.232495044383
CA,5198,12635.137436629451
CA,5199,12916.823296855899
CA,5200,13126.276415081641
CA,5201,13330.160086206316
CA,5202,13565.28294834362
CA,5203,13484.053068894498
CA,5204,13132.630655463698
CA,5205,12884.29743163342
CA,5206,12234.446821811169
CA,5207,11309.907099624564
CA,5208,10380.270817183513
CA,5209,9243.861668535553
CA,5210,8764.22703442194
CA,5211,8475.12002972138
CA,5212,8322.027088590778
CA,5213,8407.508736328564
CA,5214,8711.100462774963
CA,5215,9162.770815039638
CA,5216,9721.036553606954
CA,5217,10204.791327698391
CA,5218,10591.47589920868
CA,5219,10972.604780467162
CA,5220,11355.85932649506
CA,5221,11727.841917196113
CA,5222,12089.950074969229
CA,5223,12371.711913198682
CA,5224,12654.644786059954
CA,5225,13000.717472213035
CA,5226,13287.420955170607
CA,5227,13219.364879664393
CA,5228,12880.959566132372
CA,5229,12588.081421708416
CA,5230,11927.161523458532
CA,5231,11009.054926200898
CA,5232,10114.220209551728
CA,5233,9253.455352448006
CA,5234,8804.116151745596
CA,5235,8506.248125431414
CA,5236,8375.204031743888
CA,5237,8433.947808955047
CA,5238,8722.552833846041
CA,5239,9151.287767743284
CA,5240,9702.05548358045
CA,5241,10146.708182123932
CA,5242,10572.018830956267
CA,5243,10989.022781516407
CA,5244,11434.769078887761
CA,5245,11804.79664476889
CA,5246,12174.016873324266
CA,5247,12502.642864135835
CA,5248,12711.807349581079
CA,5249,13030.270293180184
CA,5250,13252.853172309585
CA,5251,13105.906614268738
CA,5252,12683.804708677172
CA,5253,12416.885932537047
CA,5254,11827.434295360852
CA,5255,10958.903726898896
CA,5256,10073.426694510546
CA,5257,9040.800747660919
CA,5258,8608.043852059213
CA,5259,8337.485265033008
CA,5260,8205.636750987189
CA,5261,8339.776303265234
CA,5262,8676.978410323922
CA,5263,9157.764599260076
CA,5264,9706.82583647627
CA,5265,10155.144803424081
CA,5266,10589.304907282715
CA,5267,10944.187577330847
CA,5268,11454.891255090203
CA,5269,11815.918924749134
CA,5270,12107.642245712242
CA,5271,12521.691035919963
CA,5272,12745.12565543619
CA,5273,12919.15740898436
CA,5274,13232.630820909215
CA,5275,13116.038506455752
CA,5276,12716.43957874655
CA,5277,12428.485262477178
CA,5278,11749.2358235536
CA,5279,10757.321773732546
CA,5280,9869.01506726006
CA,5281,9285.81743958519
CA,5282,8842.666773829135
CA,5283,8567.534432148712
CA,5284,8454.494164196568
CA,5285,8569.695487901928
CA,5286,8926.81979257867
CA,5287,9442.27093114254
CA,5288,10049.693299441326
CA,5289,10569.81699944713
CA,5290,10903.321844984692
CA,5291,11286.166089254678
CA,5292,11684.29396290987
CA,5293,11968.57610852776
CA,5294,12311.918572995127
CA,5295,12563.242878922662
CA,5296,12707.658396804318
CA,5297,12980.366383225979
CA,5298,13214.569194627067
CA,5299,13151.412051847268
CA,5300,12818.587927922394
CA,5301,12537.4964862572
CA,5302,11850.654568413114
CA,5303,10896.803209245885
CA,5304,9981.95408284444
CA,5305,9486.167741335851
CA,5306,8955.406825390918
CA,5307,8640.710847845048
CA,5308,8473.191722279145
CA,5309,8481.525327394587
CA,5310,8800.925147447247
CA,5311,9259.22058459644
CA,5312,9963.97830086089
CA,5313,10542.57034503649
CA,5314,10915.424081346908
CA,5315,11259.101921881724
CA,5316,11609.365615183698
CA,5317,11902.695957347163
CA,5318,12221.729800899356
CA,5319,12426.85950408851
CA,5320,12607.127750411651
CA,5321,12829.044355232272
CA,5322,13038.785349408839
CA,5323,12900.769360747699
CA,5324,12526.998908313004
CA,5325,12200.685070207745
CA,5326,11512.434278195368
CA,5327,10630.284945761943
CA,5328,9758.327386813008
CA,5329,9413.34535375396
CA,5330,8930.20018145937
CA,5331,8647.776378706794
CA,5332,8488.69891567696
CA,5333,8534.72563576648
CA,5334,8819.12403816959
CA,5335,9321.04963541446
CA,5336,9827.632276907586
CA,5337,10319.914219633995
CA,5338,10564.571402284255
CA,5339,11035.773216648685
CA,5340,11404.018110966081
CA,5341,11741.558778786585
CA,5342,12114.146587003594
CA,5343,12433.514771648829
CA,5344,12719.461751039004
CA,5345,13041.225878976393
CA,5346,13352.216674792391
CA,5347,13269.351977710707
CA,5348,12990.515618819137
CA,5349,12722.516547335587
CA,5350,12053.8474041647
CA,5351,11104.105586851123
CA,5352,10207.270502117405
CA,5353,9440.53019951043
CA,5354,8940.10997649884
CA,5355,8679.465572087105
CA,5356,8528.483479732179
CA,5357,8590.946164344137
CA,5358,8883.604408814813
CA,5359,9316.4302876061
CA,5360,9820.092354277694
CA,5361,10234.13097122783
CA,5362,10585.76300344531
CA,5363,10918.629332890008
CA,5364,11379.584648907356
CA,5365,11771.646244427606
CA,5366,12133.600930377272
CA,5367,12471.0532025385
CA,5368,12739.111717499238
CA,5369,13046.130285422942
CA,5370,13359.229605483598
CA,5371,13310.237557508232
CA,5372,13022.108395534508
CA,5373,12723.75863406841
CA,5374,12046.514217779299
CA,5375,11116.994630798251
CA,5376,10222.456332445487
CA,5377,9695.555044998496
CA,5378,9185.683372410395
CA,5379,8921.584767162054
CA,5380,8763.377540488039
CA,5381,8764.47021665699
CA,5382,9065.627880577967
CA,5383,9546.690473616902
CA,5384,10070.206446832099
CA,5385,10574.767761668213
CA,5386,10978.671886906813
CA,5387,11383.035101328804
CA,5388,11801.03666147179
CA,5389,12171.848263032395
CA,5390,12553.00103426535
CA,5391,12825.020115794123
CA,5392,13035.331218741952
CA,5393,13263.54675078981
CA,5394,13491.899433898476
CA,5395,13323.280019627228
CA,5396,12979.107715188126
CA,5397,12717.672066295883
CA,5398,12060.972893757947
CA,5399,11127.635190401522
CA,5400,10251.502362724972
CA,5401,9955.052148024588
CA,5402,9469.496095342983
CA,5403,9174.005665696416
CA,5404,8990.009197709663
CA,5405,9022.715184644117
CA,5406,9324.183077381054
CA,5407,9780.304713532857
CA,5408,10347.07483157033
CA,5409,10892.64759336357
CA,5410,11349.350039130233
CA,5411,11685.896542551156
CA,5412,12056.17893669782
CA,5413,12330.944722733959
CA,5414,12495.606740658706
CA,5415,12842.536359178716
CA,5416,13029.21345771017
CA,5417,13315.560578503648
CA,5418,13595.250041406594
CA,5419,13547.184197110878
CA,5420,13195.65921973021
CA,5421,12953.911922623002
CA,5422,12202.63297724223
CA,5423,11157.185000186258
CA,5424,10212.938787540981
CA,5425,9123.344971033092
CA,5426,8634.670217058284
CA,5427,8327.276507789941
CA,5428,8173.635836554581
CA,5429,8259.986416191095
CA,5430,8568.261935404516
CA,5431,9037.624658844306
CA,5432,9624.043409739286
CA,5433,10137.463093486836
CA,5434,10428.603277661507
CA,5435,10685.304629444135
CA,5436,11109.57814592002
CA,5437,11386.695115659665
CA,5438,11591.912370713963
CA,5439,11924.454336856186
CA,5440,12138.015764689003
CA,5441,12406.923558242674
CA,5442,12759.088009777741
CA,5443,12758.715848255955
CA,5444,12472.15527712692
CA,5445,12239.746268205211
CA,5446,11563.963963230165
CA,5447,10633.259002965914
CA,5448,9756.550755107577
CA,5449,9073.106719530214
CA,5450,8619.422264926182
CA,5451,8321.540552336527
CA,5452,8189.465066672227
CA,5453,8299.193787336598
CA,5454,8678.309953019616
CA,5455,9279.681661347855
CA,5456,9893.291721096649
CA,5457,10413.372528556254
CA,5458,10814.475985517044
CA,5459,11185.439008938278
CA,5460,11516.437020196083
CA,5461,11776.05602820723
CA,5462,12088.05409297239
CA,5463,12295.800735559498
CA,5464,12488.68919596333
CA,5465,12707.222880506324
CA,5466,12937.558562943732
CA,5467,12902.065568234436
CA,5468,12645.220587345452
CA,5469,12411.45145679632
CA,5470,11737.527749324943
CA,5471,10800.611118033713
CA,5472,9921.112958729726
CA,5473,9389.080397947582
CA,5474,8927.496514863941
CA,5475,8643.622191727715
CA,5476,8480.2328979539
CA,5477,8534.27361593137
CA,5478,8866.645077406918
CA,5479,9362.758723439196
CA,5480,10021.296493059888
CA,5481,10631.672645373126
CA,5482,11049.140316330304
CA,5483,11380.782563394087
CA,5484,11744.96654236163
CA,5485,12039.56271978925
CA,5486,12353.149892717745
CA,5487,12502.277017704335
CA,5488,12709.230587940477
CA,5489,12911.297821599172
CA,5490,13072.444693947553
CA,5491,12912.186347386164
CA,5492,12587.724692924262
CA,5493,12284.47097734212
CA,5494,11628.999427868939
CA,5495,10734.284139338317
CA,5496,9837.314508309671
CA,5497,9621.300247233398
CA,5498,9163.486274080682
CA,5499,8825.295819540266
CA,5500,8677.031313394014
CA,5501,8730.258021733963
CA,5502,9057.664374710214
CA,5503,9520.108813353731
CA,5504,10133.358080997983
CA,5505,10755.095055320496
CA,5506,11175.055506253274
CA,5507,11498.376749688115
CA,5508,11898.372949450215
CA,5509,12252.196232717695
CA,5510,12571.29960154376
CA,5511,12839.79086539413
CA,5512,13017.769886921451
CA,5513,13257.888410620023
CA,5514,13526.498825681156
CA,5515,13430.439856626505
CA,5516,13161.578706190172
CA,5517,12865.78011600755
CA,5518,12161.398440786737
CA,5519,11249.116896914147
CA,5520,10310.111621643768
CA,5521,9247.574587622173
CA,5522,8817.754519152283
CA,5523,8507.964245414742
CA,5524,8353.96805203326
CA,5525,8440.781266437487
CA,5526,8713.861527303916
CA,5527,9116.741267268603
CA,5528,9611.3692117277
CA,5529,10023.194028204886
CA,5530,10312.000019423834
CA,5531,10715.08740739716
CA,5532,11119.778514170166
CA,5533,11454.129244537503
CA,5534,11754.138360634453
CA,5535,12015.684887887177
CA,5536,12233.730140807568
CA,5537,12487.393892215277
CA,5538,12664.797631971625
CA,5539,12589.792522323993
CA,5540,12392.146845662355
CA,5541,12213.546288932724
CA,5542,11585.570380246745
CA,5543,10710.418745718533
CA,5544,9829.498303224064
CA,5545,9192.64087701774
CA,5546,8739.327617174663
CA,5547,8433.765571025642
CA,5548,8315.442880576478
CA,5549,8371.689416619757
CA,5550,8662.780987540321
CA,5551,9087.998397218287
CA,5552,9623.679843279696
CA,5553,10052.243732121031
CA,5554,10357.09927769915
CA,5555,10725.57999586297
CA,5556,11126.978459676097
CA,5557,11528.190959864276
CA,5558,11938.712682463331
CA,5559,12289.537928419188
CA,5560,12594.469722600286
CA,5561,12886.11984034703
CA,5562,13084.581447261266
CA,5563,13007.816147460113
CA,5564,12685.421047424372
CA,5565,12378.303574412548
CA,5566,11705.21100884899
CA,5567,10763.67994804769
CA,5568,9876.104742238324
CA,5569,9429.772742695787
CA,5570,8963.586285792218
CA,5571,8680.184964370731
CA,5572,8537.917491498494
CA,5573,8592.382725196764
CA,5574,8887.851915457261
CA,5575,9317.598999822193
CA,5576,9884.400233414658
CA,5577,10415.90578538251
CA,5578,10853.819792317973
CA,5579,11265.879318096664
CA,5580,11728.706331752644
CA,5581,12122.709958799803
CA,5582,12441.982437496133
CA,5583,12630.775542122391
CA,5584,12799.114426350028
CA,5585,13026.553801736107
CA,5586,13277.943631172539
CA,5587,13270.751992972986
CA,5588,13060.852193930216
CA,5589,12773.965090697251
CA,5590,12066.676863546618
CA,5591,11113.739055440009
CA,5592,10190.500253496204
CA,5593,9301.269449999243
CA,5594,8842.431717872635
CA,5595,8532.005431921114
CA,5596,8373.090131362023
CA,5597,8451.222134553516
CA,5598,8743.743144942847
CA,5599,9209.657073746728
CA,5600,9695.897840253513
CA,5601,10051.56336336776
CA,5602,10315.819803002352
CA,5603,10570.429047268272
CA,5604,10986.586418523915
CA,5605,11297.445153211148
CA,5606,11475.83809059559
CA,5607,11846.71084125342
CA,5608,12099.953665690336
CA,5609,12336.789582867704
CA,5610,12657.967531023882
CA,5611,12603.124714131244
CA,5612,12328.582590395193
CA,5613,12156.444238094403
CA,5614,11503.37481932637
CA,5615,10594.947291031273
CA,5616,9743.512973713381
CA,5617,9209.314512337421
CA,5618,8719.295365074416
CA,5619,8408.18223272772
CA,5620,8267.58604814887
CA,5621,8365.679917851422
CA,5622,8716.74245784667
CA,5623,9204.4380443138
CA,5624,9749.323809268553
CA,5625,10255.694446109757
CA,5626,10609.421774914843
CA,5627,10896.25075470568
CA,5628,11270.7050793928
CA,5629,11583.123338109786
CA,5630,11844.613625667279
CA,5631,12067.174948656765
CA,5632,12231.66257958241
CA,5633,12356.355611794912
CA,5634,12634.016984934659
CA,5635,12572.347457862893
CA,5636,12323.986740351721
CA,5637,12128.720654310607
CA,5638,11479.196597106197
CA,5639,10571.917076149527
CA,5640,9711.885468414783
CA,5641,8783.869225940084
CA,5642,8341.050008150946
CA,5643,8089.844485606411
CA,5644,7962.854105371973
CA,5645,8049.158821348882
CA,5646,8367.073042290933
CA,5647,8784.861822607425
CA,5648,9191.252668559752
CA,5649,9487.387612181234
CA,5650,9676.249268205098
CA,5651,9943.160964446934
CA,5652,10328.489119332309
CA,5653,10713.859798906315
CA,5654,11063.348624734392
CA,5655,11448.638031790544
CA,5656,11731.267297108676
CA,5657,12044.448326877086
CA,5658,12240.568711123364
CA,5659,12055.25246115485
CA,5660,11924.61545547392
CA,5661,11795.289997351999
CA,5662,11172.423094834881
CA,5663,10312.489941066598
CA,5664,9470.98963226256
CA,5665,9002.52613295464
CA,5666,8553.633803936178
CA,5667,8280.662469688824
CA,5668,8149.667355785098
CA,5669,8229.578906694284
CA,5670,8530.434486377972
CA,5671,8959.72837382997
CA,5672,9499.400943869075
CA,5673,9993.79375961473
CA,5674,10319.16064522047
CA,5675,10741.894304282795
CA,5676,11159.04119733293
CA,5677,11503.865865551006
CA,5678,11853.783324390987
CA,5679,12107.621587238228
CA,5680,12280.817297650593
CA,5681,12555.128691855954
CA,5682,12694.936612510675
CA,5683,12585.397568400554
CA,5684,12350.825942075488
CA,5685,12076.386278980083
CA,5686,11399.031164936797
CA,5687,10502.311633975806
CA,5688,9636.054159313726
CA,5689,8943.008547173175
CA,5690,8501.26004189977
CA,5691,8231.314003119337
CA,5692,8095.389961724765
CA,5693,8180.205244626592
CA,5694,8502.138870540634
CA,5695,8936.382657780129
CA,5696,9437.958452415312
CA,5697,9936.07544567198
CA,5698,10270.943485325677
CA,5699,10661.00794901722
CA,5700,11110.531930494643
CA,5701,11504.662073997675
CA,5702,11871.451808261337
CA,5703,12145.502337952173
CA,5704,12304.060839610289
CA,5705,12539.793748481287
CA,5706,12743.927754712303
CA,5707,12650.431929568562
CA,5708,12433.872715848011
CA,5709,12167.308362023608
CA,5710,11473.21421422709
CA,5711,10554.398448137455
CA,5712,9695.877222317039
CA,5713,9072.79876806676
CA,5714,8598.540711196398
CA,5715,8284.835602879232
CA,5716,8141.663938847238
CA,5717,8189.35547913759
CA,5718,8480.202803351089
CA,5719,8945.599131058486
CA,5720,9501.63031692718
CA,5721,10013.482173455216
CA,5722,10385.404455233205
CA,5723,10776.748449715136
CA,5724,11101.59892523152
CA,5725,11359.179995301433
CA,5726,11640.165560009939
CA,5727,11883.803127845887
CA,5728,12127.13925811667
CA,5729,12403.503195423761
CA,5730,12618.671200058817
CA,5731,12570.637064843426
CA,5732,12300.047223923169
CA,5733,12045.439550453608
CA,5734,11340.414909192186
CA,5735,10423.352855246854
CA,5736,9579.583266868273
CA,5737,9328.035330850955
CA,5738,8852.142659563556
CA,5739,8566.971891858605
CA,5740,8439.756321674752
CA,5741,8436.821816891166
CA,5742,8798.696924102961
CA,5743,9301.989368904039
CA,5744,9873.55837507841
CA,5745,10451.638737028068
CA,5746,10825.358472380238
CA,5747,11084.322520488026
CA,5748,11543.262561963683
CA,5749,11862.181767708147
CA,5750,12027.307433889412
CA,5751,12371.302499442152
CA,5752,12522.379845462819
CA,5753,12743.23623727334
CA,5754,12959.289515365668
CA,5755,12908.92943760467
CA,5756,12709.039637807162
CA,5757,12425.5457124416
CA,5758,11713.829419220811
CA,5759,10750.191274264141
CA,5760,9926.187891631269
CA,5761,9112.126809925703
CA,5762,8685.018119565022
CA,5763,8430.318855195146
CA,5764,8260.04245681611
CA,5765,8341.782896945551
CA,5766,8634.760366476954
CA,5767,9106.378301223362
CA,5768,9705.36991235889
CA,5769,10157.578844982512
CA,5770,10489.00968525438
CA,5771,10799.333024612473
CA,5772,11209.77251773973
CA,5773,11536.288727801393
CA,5774,11796.114643389444
CA,5775,12245.55355653465
CA,5776,12534.58864915589
CA,5777,12727.414482572458
CA,5778,13015.468906438269
CA,5779,12856.4995993779
CA,5780,12588.94877129932
CA,5781,12270.06338493454
CA,5782,11546.700893444912
CA,5783,10642.027461726622
CA,5784,9761.210561044582
CA,5785,8867.555754802249
CA,5786,8419.27343836972
CA,5787,8152.307419705087
CA,5788,8035.043695163917
CA,5789,8132.69503342522
CA,5790,8479.940835554382
CA,5791,9022.194480022124
CA,5792,9538.126346254518
CA,5793,9967.139666966306
CA,5794,10300.504796461256
CA,5795,10698.64031737703
CA,5796,11107.213255212278
CA,5797,11446.826691852449
CA,5798,11781.245703233845
CA,5799,12050.01031192628
CA,5800,12308.229415710445
CA,5801,12596.41717549928
CA,5802,12832.540117211606
CA,5803,12627.471099606188
CA,5804,12389.166865730147
CA,5805,12078.612299572123
CA,5806,11381.820696850431
CA,5807,10489.08922774123
CA,5808,9556.56881924192
CA,5809,9197.16082136188
CA,5810,8740.231789960776
CA,5811,8449.161178770925
CA,5812,8311.44023066123
CA,5813,8402.408014870375
CA,5814,8727.691065692886
CA,5815,9148.422890021815
CA,5816,9627.819036481286
CA,5817,9930.728727018527
CA,5818,10107.509461421765
CA,5819,10354.228125945337
CA,5820,10719.282695433309
CA,5821,11024.187658769883
CA,5822,11332.495344514534
CA,5823,11562.951799454286
CA,5824,11781.444425806818
CA,5825,12059.531617480225
CA,5826,12294.052800077209
CA,5827,12252.21735947432
CA,5828,12013.547925534498
CA,5829,11741.566044236635
CA,5830,11113.315953548197
CA,5831,10235.541266184738
CA,5832,9389.571275884206
CA,5833,8310.086568060068
CA,5834,7938.203736843494
CA,5835,7721.0671348561775
CA,5836,7637.925492174447
CA,5837,7741.431447185297
CA,5838,8177.589358747841
CA,5839,8882.899650045626
CA,5840,9395.286611804194
CA,5841,9677.946000331564
CA,5842,9824.349198098274
CA,5843,9916.558444730574
CA,5844,9991.25349639635
CA,5845,10046.222177572897
CA,5846,10138.126269059821
CA,5847,10244.726157332147
CA,5848,10451.541674705556
CA,5849,10751.925243110469
CA,5850,11074.967130895606
CA,5851,11068.859495217685
CA,5852,11013.086999169504
CA,5853,10656.133097942513
CA,5854,10029.67360946198
CA,5855,9269.315050169311
CA,5856,8553.467776166723
CA,5857,7956.407135664845
CA,5858,7624.075134874658
CA,5859,7423.500455158488
CA,5860,7371.8010583946425
CA,5861,7500.728551012533
CA,5862,7933.09497440618
CA,5863,8584.218674620038
CA,5864,9043.817531100448
CA,5865,9282.848601295083
CA,5866,9383.740799599492
CA,5867,9450.040296303811
CA,5868,9568.082047492046
CA,5869,9712.705899733228
CA,5870,9839.544258304347
CA,5871,10001.50477026878
CA,5872,10240.749071359616
CA,5873,10598.199797583367
CA,5874,10957.978099912845
CA,5875,10994.541494938954
CA,5876,10961.96690800224
CA,5877,10624.922168139413
CA,5878,10019.123379060423
CA,5879,9258.345247898719
CA,5880,8564.295656086657
CA,5881,7826.911831721472
CA,5882,7494.7945683988015
CA,5883,7290.351641745019
CA,5884,7223.371199847027
CA,5885,7334.094382872324
CA,5886,7766.737956711351
CA,5887,8426.303277839564
CA,5888,8925.619246857451
CA,5889,9206.806163705568
CA,5890,9354.489173575704
CA,5891,9482.773506897416
CA,5892,9636.356356514476
CA,5893,9793.13794000722
CA,5894,9945.981218675453
CA,5895,10158.87287346531
CA,5896,10431.937902921376
CA,5897,10785.453761692795
CA,5898,11150.141085382744
CA,5899,11141.466202374689
CA,5900,11086.659995058127
CA,5901,10723.791354923202
CA,5902,10093.442832658022
CA,5903,9320.80269224031
CA,5904,8605.047502579122
CA,5905,8373.34494062906
CA,5906,7990.360147651853
CA,5907,7807.132567442874
CA,5908,7712.788338502092
CA,5909,7798.396415116899
CA,5910,8221.72344447727
CA,5911,8830.972269397071
CA,5912,9299.272110611739
CA,5913,9710.950164165624
CA,5914,9950.286066600185
CA,5915,10099.302028330785
CA,5916,10283.2425511254
CA,5917,10433.976729173127
CA,5918,10615.64497533372
CA,5919,10807.966048095375
CA,5920,11054.09331277808
CA,5921,11376.304068241215
CA,5922,11679.535511392274
CA,5923,11665.273565404123
CA,5924,11582.077717627556
CA,5925,11186.695892110668
CA,5926,10501.993679098911
CA,5927,9676.44011562891
CA,5928,8907.317837632585
CA,5929,8264.360563961626
CA,5930,7908.1495221650115
CA,5931,7698.519932515472
CA,5932,7618.5521649601995
CA,5933,7716.801436712585
CA,5934,8154.51812365839
CA,5935,8826.971577821668
CA,5936,9297.755540846326
CA,5937,9593.574680282996
CA,5938,9819.498657444585
CA,5939,9976.581357966792
CA,5940,10169.708078954173
CA,5941,10296.047407000575
CA,5942,10380.463586569942
CA,5943,10589.945011344042
CA,5944,10774.029831986928
CA,5945,11065.907319983344
CA,5946,11328.327154623794
CA,5947,11265.306991202616
CA,5948,11225.239375724726
CA,5949,10865.896673096772
CA,5950,10235.476228525743
CA,5951,9442.53461459158
CA,5952,8732.636016385468
CA,5953,8207.381963307622
CA,5954,7863.7237341069985
CA,5955,7671.311789959606
CA,5956,7601.325525628924
CA,5957,7742.291123561905
CA,5958,8231.778848295933
CA,5959,8991.308005797055
CA,5960,9533.13332478334
CA,5961,9891.69086784097
CA,5962,10122.727865007324
CA,5963,10265.64063122193
CA,5964,10438.511958928784
CA,5965,10588.191780034512
CA,5966,10737.342335944346
CA,5967,10839.894726285237
CA,5968,11003.160259702385
CA,5969,11274.441705470617
CA,5970,11569.506573828626
CA,5971,11556.141924122779
CA,5972,11486.773615555972
CA,5973,11067.776603555837
CA,5974,10379.250123698377
CA,5975,9561.924227805411
CA,5976,8806.64918624422
CA,5977,8251.944996822797
CA,5978,7887.824062680911
CA,5979,7675.466625936987
CA,5980,7578.832284492421
CA,5981,7691.0252133605
CA,5982,8142.322568311716
CA,5983,8865.135999763682
CA,5984,9362.507723231499
CA,5985,9650.518452446974
CA,5986,9822.246545859311
CA,5987,9966.058603327875
CA,5988,10132.612931191037
CA,5989,10293.768409587246
CA,5990,10460.729348690887
CA,5991,10613.18685590232
CA,5992,10827.787573333705
CA,5993,11135.733587922834
CA,5994,11427.757816923513
CA,5995,11357.04470878467
CA,5996,11298.840619405672
CA,5997,10899.038776058646
CA,5998,10227.530875844364
CA,5999,9422.500127642607
CA,6000,8701.03609507962
CA,6001,8294.956155868409
CA,6002,7922.000589546968
CA,6003,7730.629961721799
CA,6004,7649.024600974894
CA,6005,7760.933981059474
CA,6006,8232.098429760612
CA,6007,8974.98115323715
CA,6008,9523.687542425671
CA,6009,9894.395097880242
CA,6010,10102.315092429539
CA,6011,10231.967368126947
CA,6012,10386.758569722339
CA,6013,10533.492563031013
CA,6014,10694.085633747653
CA,6015,10830.509583789421
CA,6016,10954.162163064384
CA,6017,11221.891372064213
CA,6018,11567.93224143722
CA,6019,11576.829423904245
CA,6020,11526.862419948365
CA,6021,11094.48672590506
CA,6022,10407.187234195693
CA,6023,9578.57180129497
CA,6024,8828.22446087802
CA,6025,8233.681698833728
CA,6026,7862.322641335447
CA,6027,7688.376151978926
CA,6028,7619.781412910674
CA,6029,7728.65790963557
CA,6030,8195.75232943827
CA,6031,8947.276636918346
CA,6032,9482.294735057698
CA,6033,9790.111255986007
CA,6034,9941.291717573023
CA,6035,10038.758631075696
CA,6036,10123.805371965297
CA,6037,10207.627336561103
CA,6038,10354.110671185197
CA,6039,10509.409825803262
CA,6040,10708.893781116938
CA,6041,10990.258170012531
CA,6042,11305.149700967872
CA,6043,11342.315620749973
CA,6044,11325.169469251424
CA,6045,10915.552897670578
CA,6046,10249.688571795602
CA,6047,9458.513722994937
CA,6048,8730.62178594737
CA,6049,8239.849748358871
CA,6050,7888.794080770144
CA,6051,7678.640753251969
CA,6052,7593.43321054333
CA,6053,7686.739528114412
CA,6054,8114.85235388241
CA,6055,8782.818084541747
CA,6056,9289.464402137066
CA,6057,9476.126186689992
CA,6058,9535.132925576463
CA,6059,9642.28958973343
CA,6060,9711.633888309562
CA,6061,9841.385185652483
CA,6062,9978.179970391864
CA,6063,10095.621983935285
CA,6064,10262.305027843414
CA,6065,10529.721220862811
CA,6066,10853.903698532157
CA,6067,10955.822425646826
CA,6068,10997.01280793771
CA,6069,10666.071590088883
CA,6070,10060.525590901532
CA,6071,9299.054711454076
CA,6072,8596.228383145128
CA,6073,8072.60996623279
CA,6074,7741.062368476661
CA,6075,7556.58694477287
CA,6076,7491.486053363898
CA,6077,7604.078359565621
CA,6078,8060.010904704408
CA,6079,8753.654466372165
CA,6080,9234.354351482828
CA,6081,9441.3760531976
CA,6082,9500.20694670365
CA,6083,9579.94870086344
CA,6084,9689.145215642498
CA,6085,9841.598757877954
CA,6086,9998.394618151128
CA,6087,10134.306219503486
CA,6088,10335.416544868831
CA,6089,10622.418470934656
CA,6090,10948.67888492739
CA,6091,11017.72707889163
CA,6092,11051.10862568442
CA,6093,10697.203201785264
CA,6094,10076.89727987366
CA,6095,9296.140789527266
CA,6096,8583.402647651958
CA,6097,7998.890653394758
CA,6098,7655.097843056161
CA,6099,7454.246557791934
CA,6100,7388.01179142912
CA,6101,7518.283572914764
CA,6102,7994.595869874363
CA,6103,8744.955197444312
CA,6104,9231.356601463517
CA,6105,9470.038670384666
CA,6106,9585.577092790649
CA,6107,9691.609698075771
CA,6108,9765.559208928224
CA,6109,9827.65964970732
CA,6110,9951.721146190092
CA,6111,10088.327978352778
CA,6112,10321.914350266464
CA,6113,10675.688503826354
CA,6114,11034.703847139012
CA,6115,11104.855549131598
CA,6116,11168.713614625446
CA,6117,10802.693245313126
CA,6118,10154.999122975784
CA,6119,9336.14809368143
CA,6120,8592.245460495342
CA,6121,8081.090581182467
CA,6122,7735.911866500113
CA,6123,7541.235212585955
CA,6124,7473.6284806131135
CA,6125,7599.591527939092
CA,6126,8106.621641427568
CA,6127,8900.414261457112
CA,6128,9422.850262808335
CA,6129,9669.869402040655
CA,6130,9773.911906423299
CA,6131,9877.124035788306
CA,6132,9968.20256372377
CA,6133,10058.472813240648
CA,6134,10155.221108178653
CA,6135,10250.010562972971
CA,6136,10442.013776099856
CA,6137,10757.832446824295
CA,6138,11101.39700306698
CA,6139,11152.385777057917
CA,6140,11147.166767348823
CA,6141,10748.023441530446
CA,6142,10090.468204518753
CA,6143,9274.481295628258
CA,6144,8529.944805502561
CA,6145,8019.99761386639
CA,6146,7653.57252220191
CA,6147,7454.031090891215
CA,6148,7371.93274168606
CA,6149,7478.78611867836
CA,6150,7930.734404287875
CA,6151,8661.496993683263
CA,6152,9165.902671334663
CA,6153,9418.5919382538
CA,6154,9526.467955775596
CA,6155,9609.831303374303
CA,6156,9702.754898430753
CA,6157,9822.611137995573
CA,6158,9971.022497951505
CA,6159,10111.97545728668
CA,6160,10335.173533562047
CA,6161,10655.650527681551
CA,6162,11033.440662751905
CA,6163,11122.653918341502
CA,6164,11129.690393316821
CA,6165,10723.853856585418
CA,6166,10058.658000826886
CA,6167,9265.386142675753
CA,6168,8523.800596331569
CA,6169,7927.086189228168
CA,6170,7584.24446672218
CA,6171,7409.733940946458
CA,6172,7345.408924473959
CA,6173,7471.17493134565
CA,6174,7939.037111137104
CA,6175,8671.028808385042
CA,6176,9152.058929885342
CA,6177,9374.030979521978
CA,6178,9399.021874584056
CA,6179,9426.042064545815
CA,6180,9519.063941080319
CA,6181,9628.67139375578
CA,6182,9768.728431368915
CA,6183,9892.415030888667
CA,6184,10088.26244718774
CA,6185,10426.006903772608
CA,6186,10789.226437900577
CA,6187,10903.543613393678
CA,6188,10936.96651355419
CA,6189,10554.502012322198
CA,6190,9902.821755984474
CA,6191,9109.121715348923
CA,6192,8389.522733575921
CA,6193,7831.203785998601
CA,6194,7491.078360001552
CA,6195,7302.0102350842535
CA,6196,7230.989801297494
CA,6197,7343.336740371166
CA,6198,7810.919261107093
CA,6199,8552.193267511225
CA,6200,9038.16263495727
CA,6201,9254.016247129602
CA,6202,9282.441726543674
CA,6203,9276.199873982732
CA,6204,9306.702083657413
CA,6205,9337.185453340897
CA,6206,9435.081375234752
CA,6207,9520.970307555189
CA,6208,9686.435344904408
CA,6209,10018.477831404264
CA,6210,10390.612270884013
CA,6211,10544.413230998337
CA,6212,10609.846627715147
CA,6213,10250.877495684344
CA,6214,9641.716556560917
CA,6215,8885.014314375656
CA,6216,8178.340056384005
CA,6217,7652.424035109684
CA,6218,7332.405472874525
CA,6219,7155.150322955649
CA,6220,7097.03357901074
CA,6221,7225.358984112646
CA,6222,7674.967857909477
CA,6223,8376.973331164908
CA,6224,8817.081010413567
CA,6225,9040.059658493028
CA,6226,9149.619842262855
CA,6227,9199.856930851452
CA,6228,9319.679572505104
CA,6229,9408.160613569427
CA,6230,9491.545139063193
CA,6231,9633.979342909562
CA,6232,9842.30379310826
CA,6233,10142.618946028264
CA,6234,10574.906265218258
CA,6235,10686.461807265049
CA,6236,10701.902570796074
CA,6237,10309.714894856297
CA,6238,9683.855840050667
CA,6239,8922.405777537607
CA,6240,8217.511490559996
CA,6241,7723.037534736989
CA,6242,7408.775297607481
CA,6243,7223.961330815016
CA,6244,7158.420671723976
CA,6245,7290.707835412048
CA,6246,7740.702963208832
CA,6247,8454.81847508105
CA,6248,8968.232815081729
CA,6249,9250.59420258345
CA,6250,9349.937389501662
CA,6251,9377.301204663073
CA,6252,9438.953007243713
CA,6253,9518.40118745214
CA,6254,9620.792710823086
CA,6255,9737.278165800841
CA,6256,9955.690300271707
CA,6257,10330.090290348316
CA,6258,10723.086637779874
CA,6259,10864.748649330581
CA,6260,10875.042991331245
CA,6261,10493.516100151664
CA,6262,9862.937044870664
CA,6263,9095.92251148712
CA,6264,8377.07937659287
CA,6265,7699.940396139986
CA,6266,7368.152520326302
CA,6267,7191.419156463765
CA,6268,7129.954910863732
CA,6269,7245.357410220873
CA,6270,7718.283853320043
CA,6271,8456.607020815474
CA,6272,8905.321228043814
CA,6273,9047.557774895942
CA,6274,9063.18322621677
CA,6275,9073.475851163863
CA,6276,9109.795955939672
CA,6277,9162.829683682832
CA,6278,9241.418756529892
CA,6279,9329.50168457546
CA,6280,9528.979165852732
CA,6281,9892.364783049679
CA,6282,10308.332557391672
CA,6283,10462.937022697547
CA,6284,10508.257800390682
CA,6285,10146.526115822516
CA,6286,9523.428471071952
CA,6287,8750.001863944858
CA,6288,8048.296641294147
CA,6289,7574.427111436017
CA,6290,7257.436384493723
CA,6291,7083.003728256562
CA,6292,7025.412165381332
CA,6293,7178.54547772464
CA,6294,7670.196377290697
CA,6295,8478.110260061898
CA,6296,8974.01600138093
CA,6297,9145.584395977504
CA,6298,9168.926360791996
CA,6299,9179.667099979657
CA,6300,9240.632729139552
CA,6301,9298.036770935614
CA,6302,9409.992722014621
CA,6303,9547.396765789555
CA,6304,9739.837694502908
CA,6305,10056.84558590965
CA,6306,10420.544263712213
CA,6307,10573.05033940805
CA,6308,10604.759349126779
CA,6309,10195.276581017541
CA,6310,9560.377868278094
CA,6311,8767.89440685435
CA,6312,8064.896256143808
CA,6313,7621.134704995837
CA,6314,7297.365392016062
CA,6315,7121.527581318108
CA,6316,7063.293543596556
CA,6317,7190.764134625193
CA,6318,7666.19017238711
CA,6319,8422.196502302794
CA,6320,8925.947540937862
CA,6321,9121.99615203959
CA,6322,9178.883007850299
CA,6323,9284.634020376652
CA,6324,9354.2027913179
CA,6325,9439.885857281824
CA,6326,9548.873596348695
CA,6327,9664.51108984553
CA,6328,9888.510646547923
CA,6329,10231.230603759576
CA,6330,10590.239675387966
CA,6331,10725.002953679441
CA,6332,10766.493345690431
CA,6333,10373.599964008505
CA,6334,9745.996256984615
CA,6335,8971.96043252289
CA,6336,8260.559247525173
CA,6337,7823.374185605087
CA,6338,7474.167208389436
CA,6339,7313.200459545932
CA,6340,7254.360317672632
CA,6341,7349.236561787496
CA,6342,7799.805835194796
CA,6343,8539.708062277294
CA,6344,9066.452864689833
CA,6345,9347.924147323127
CA,6346,9491.094373539624
CA,6347,9559.631714299794
CA,6348,9636.044233431633
CA,6349,9717.156728879273
CA,6350,9820.867742163792
CA,6351,9889.552755666136
CA,6352,10056.292074766695
CA,6353,10382.359408804414
CA,6354,10768.720935661294
CA,6355,10905.670694612358
CA,6356,10921.76944817598
CA,6357,10514.055948085144
CA,6358,9873.925869443315
CA,6359,9089.682921832635
CA,6360,8365.68831235673
CA,6361,7822.4786216029765
CA,6362,7473.793600628723
CA,6363,7264.599521570634
CA,6364,7184.8034400541065
CA,6365,7313.827880460053
CA,6366,7786.746641438194
CA,6367,8536.364477449945
CA,6368,9027.381813619614
CA,6369,9250.48333074458
CA,6370,9359.495486738082
CA,6371,9408.21181390426
CA,6372,9479.98370928084
CA,6373,9558.736948655364
CA,6374,9667.674924745848
CA,6375,9809.498888497137
CA,6376,10038.436060732623
CA,6377,10360.800721031872
CA,6378,10689.110011014211
CA,6379,10824.100219536671
CA,6380,10856.502576739855
CA,6381,10470.195774176513
CA,6382,9854.123178934346
CA,6383,9072.742361193882
CA,6384,8358.224188352933
CA,6385,7971.3731067880556
CA,6386,7622.1041284939
CA,6387,7424.101630076891
CA,6388,7359.2475689654275
CA,6389,7483.113790175311
CA,6390,7933.722180231631
CA,6391,8656.913918446502
CA,6392,9202.651347280895
CA,6393,9505.203896954752
CA,6394,9621.075200883547
CA,6395,9676.576788106551
CA,6396,9710.69437085078
CA,6397,9722.887278842954
CA,6398,9777.506996860287
CA,6399,9808.846094557916
CA,6400,9962.522629970925
CA,6401,10281.184058270577
CA,6402,10667.685063158958
CA,6403,10799.42120492517
CA,6404,10773.337037183332
CA,6405,10337.750913784339
CA,6406,9691.819473985115
CA,6407,8923.137382149555
CA,6408,8213.039522072709
CA,6409,7751.797884811543
CA,6410,7438.153093943805
CA,6411,7255.261922084874
CA,6412,7191.022623693712
CA,6413,7287.8339187663945
CA,6414,7716.505408913803
CA,6415,8428.884232671242
CA,6416,8930.42048992554
CA,6417,9169.5931411918
CA,6418,9241.60203190641
CA,6419,9261.148840271353
CA,6420,9320.19724647772
CA,6421,9393.175439388784
CA,6422,9474.144630840714
CA,6423,9578.018037124632
CA,6424,9791.31210001419
CA,6425,10107.600284276852
CA,6426,10467.156364716454
CA,6427,10624.664430809643
CA,6428,10619.306857036493
CA,6429,10193.637500517223
CA,6430,9546.95955792987
CA,6431,8771.257815796236
CA,6432,8084.055061334398
CA,6433,7527.53540428717
CA,6434,7215.58540359842
CA,6435,7049.860004927477
CA,6436,7003.597897790929
CA,6437,7138.708207730161
CA,6438,7615.354330817525
CA,6439,8377.616901636738
CA,6440,8875.87589137751
CA,6441,9063.25840212216
CA,6442,9115.271870213938
CA,6443,9107.628568092421
CA,6444,9133.465679960409
CA,6445,9192.235762425934
CA,6446,9315.971408827146
CA,6447,9429.28873561419
CA,6448,9638.439462389398
CA,6449,10020.35091125931
CA,6450,10457.806556868306
CA,6451,10641.3479350919
CA,6452,10644.579816254916
CA,6453,10224.28325079512
CA,6454,9575.58375923609
CA,6455,8803.647089536433
CA,6456,8109.543137212185
CA,6457,7581.245441068315
CA,6458,7264.004440755433
CA,6459,7071.4875766961045
CA,6460,7027.035951134365
CA,6461,7176.907463003425
CA,6462,7687.16386243246
CA,6463,8499.150486845066
CA,6464,9022.054041888671
CA,6465,9228.753450966394
CA,6466,9286.723077597994
CA,6467,9324.038647356764
CA,6468,9382.773311730977
CA,6469,9472.816396274874
CA,6470,9553.795047829814
CA,6471,9663.813120908566
CA,6472,9883.25131214696
CA,6473,10238.906580580355
CA,6474,10631.694573352105
CA,6475,10785.20755959707
CA,6476,10771.178398209175
CA,6477,10325.488465625252
CA,6478,9658.628409973986
CA,6479,8862.346380801847
CA,6480,8139.90532771876
CA,6481,7592.885829766864
CA,6482,7256.177281527997
CA,6483,7085.290696261843
CA,6484,7016.896269494934
CA,6485,7098.740947989978
CA,6486,7604.842351396113
CA,6487,8366.171620296319
CA,6488,8878.216866183815
CA,6489,9112.528361323536
CA,6490,9181.989136143972
CA,6491,9233.289574536546
CA,6492,9279.964987159698
CA,6493,9311.966735405013
CA,6494,9393.512798034278
CA,6495,9490.531524852633
CA,6496,9675.11561369353
CA,6497,10009.25285595894
CA,6498,10415.701781318301
CA,6499,10583.484089296258
CA,6500,10575.85463437244
CA,6501,10148.718028876067
CA,6502,9506.69303392775
CA,6503,8731.10047877745
CA,6504,8038.14338969621
CA,6505,7534.45310564483
CA,6506,7218.2382396653475
CA,6507,7046.60798732405
CA,6508,6981.89318328454
CA,6509,7103.711788671975
CA,6510,7566.547948797485
CA,6511,8315.681678636532
CA,6512,8806.735893986588
CA,6513,8984.775077139295
CA,6514,8966.833911527843
CA,6515,8942.42876657222
CA,6516,8941.409974942504
CA,6517,8975.662627378867
CA,6518,9052.281711796276
CA,6519,9132.462070699116
CA,6520,9318.837002348154
CA,6521,9684.896786554555
CA,6522,10140.243944961995
CA,6523,10350.332255275411
CA,6524,10374.630451626059
CA,6525,9991.70446294346
CA,6526,9367.385120610829
CA,6527,8605.802626630942
CA,6528,7919.722074225982
CA,6529,7309.1738268206425
CA,6530,6997.031815593106
CA,6531,6841.219648354797
CA,6532,6791.692128492831
CA,6533,6939.759496549007
CA,6534,7423.789742162512
CA,6535,8198.255568894675
CA,6536,8691.993727721208
CA,6537,8859.584843662319
CA,6538,8829.737935686737
CA,6539,8780.341543882743
CA,6540,8760.682045030777
CA,6541,8760.717524115048
CA,6542,8806.131149006932
CA,6543,8873.08209861249
CA,6544,9076.89911188572
CA,6545,9466.495918083641
CA,6546,9967.309887603152
CA,6547,10228.945832505834
CA,6548,10263.599724723829
CA,6549,9881.847222377864
CA,6550,9267.396542593946
CA,6551,8511.809217858417
CA,6552,7820.355535460129
CA,6553,7143.304136430924
CA,6554,6869.606884023491
CA,6555,6727.294649286189
CA,6556,6695.208140959121
CA,6557,6849.085993552901
CA,6558,7326.764049603969
CA,6559,8187.051987444347
CA,6560,8775.10539629512
CA,6561,9015.549964314268
CA,6562,9032.329211702411
CA,6563,8965.172549406946
CA,6564,8933.173299214026
CA,6565,8934.62067594513
CA,6566,8946.007708244755
CA,6567,8979.327307376735
CA,6568,9109.670574726122
CA,6569,9392.877191494497
CA,6570,9802.795914505356
CA,6571,10124.426834319461
CA,6572,10008.998642803531
CA,6573,9609.519670243735
CA,6574,9033.35563047807
CA,6575,8333.408171865447
CA,6576,7686.294490065237
CA,6577,7190.66959565941
CA,6578,6906.063600360515
CA,6579,6754.805250504045
CA,6580,6729.77551399336
CA,6581,6898.163416780262
CA,6582,7381.51440155972
CA,6583,8233.88212706414
CA,6584,8812.252189424783
CA,6585,9032.474363557203
CA,6586,9068.212394121518
CA,6587,9062.740869602472
CA,6588,9051.481046154239
CA,6589,9029.510080790033
CA,6590,9001.83210903419
CA,6591,9062.811075605525
CA,6592,9202.663300271968
CA,6593,9473.741085169461
CA,6594,9820.741647549866
CA,6595,10100.545595989812
CA,6596,9944.620557063383
CA,6597,9515.622344625315
CA,6598,8915.893338774183
CA,6599,8208.506441679845
CA,6600,7546.930925784102
CA,6601,7056.670509578986
CA,6602,6805.804814122385
CA,6603,6666.251813524566
CA,6604,6648.93920504963
CA,6605,6812.483629948911
CA,6606,7340.856284185587
CA,6607,8239.483447529249
CA,6608,8864.088523188041
CA,6609,9046.354974843009
CA,6610,9058.68718761935
CA,6611,9032.819340100184
CA,6612,9026.72709751982
CA,6613,8992.561982558042
CA,6614,9026.506111950372
CA,6615,9065.877484051702
CA,6616,9206.491847390014
CA,6617,9495.750779379694
CA,6618,9905.925202672117
CA,6619,10184.1290926707
CA,6620,10038.147769573095
CA,6621,9601.97367682713
CA,6622,9007.013028852443
CA,6623,8279.57521923173
CA,6624,7614.010429818389
CA,6625,7167.538330964831
CA,6626,6895.018416584595
CA,6627,6754.866994464637
CA,6628,6740.198699081099
CA,6629,6924.889231004422
CA,6630,7462.7485061773715
CA,6631,8412.587779735292
CA,6632,9031.271447426276
CA,6633,9213.45739685777
CA,6634,9214.00371766806
CA,6635,9189.89453732955
CA,6636,9163.836490666458
CA,6637,9138.635824541776
CA,6638,9161.103428010728
CA,6639,9175.729629004204
CA,6640,9327.189621832755
CA,6641,9631.515022993982
CA,6642,10047.416118734771
CA,6643,10328.344842124515
CA,6644,10176.256142456314
CA,6645,9748.869214059678
CA,6646,9145.443089288099
CA,6647,8413.897283761628
CA,6648,7735.534224622527
CA,6649,7250.131192265483
CA,6650,6966.846177311728
CA,6651,6831.664654759845
CA,6652,6810.883180912076
CA,6653,6962.488065140628
CA,6654,7474.718083616366
CA,6655,8373.737544080107
CA,6656,9012.371231428256
CA,6657,9251.53011447349
CA,6658,9276.162318333409
CA,6659,9225.187991113062
CA,6660,9183.141272357739
CA,6661,9149.302264541651
CA,6662,9165.330349662119
CA,6663,9160.663443621718
CA,6664,9285.182584226586
CA,6665,9542.376060456695
CA,6666,9896.261777459722
CA,6667,10187.593854223357
CA,6668,10042.92697206366
CA,6669,9628.035943416805
CA,6670,9045.981982084115
CA,6671,8338.16160688136
CA,6672,7684.76871177532
CA,6673,7111.8319905723455
CA,6674,6838.019452224808
CA,6675,6701.59298015652
CA,6676,6674.396354592886
CA,6677,6827.745070153596
CA,6678,7332.016415509468
CA,6679,8234.643423017147
CA,6680,8861.15344923165
CA,6681,9131.255786239779
CA,6682,9206.13105251617
CA,6683,9229.433431334034
CA,6684,9251.512980207032
CA,6685,9274.790938152924
CA,6686,9332.800968662918
CA,6687,9364.250965502386
CA,6688,9465.177604732858
CA,6689,9740.490699702253
CA,6690,10054.884498109942
CA,6691,10260.417481906876
CA,6692,10051.311651874595
CA,6693,9621.87616664085
CA,6694,8999.33442318118
CA,6695,8273.065182856149
CA,6696,7603.85641845564
CA,6697,7114.481847216775
CA,6698,6842.531577539409
CA,6699,6694.872961114555
CA,6700,6681.409259532262
CA,6701,6842.56687576177
CA,6702,7354.905488649403
CA,6703,8261.58116610843
CA,6704,8884.123306367751
CA,6705,9134.542888667177
CA,6706,9212.433615056463
CA,6707,9261.751278527854
CA,6708,9276.5596209326
CA,6709,9285.047358273372
CA,6710,9331.010620044283
CA,6711,9379.402328253326
CA,6712,9490.744175334191
CA,6713,9781.25869368851
CA,6714,10104.132898580602
CA,6715,10309.120910763879
CA,6716,10096.00716121444
CA,6717,9643.895457936509
CA,6718,9044.060469165105
CA,6719,8317.053570082376
CA,6720,7654.569409132355
CA,6721,7219.102588328642
CA,6722,6932.333393930357
CA,6723,6786.751054180962
CA,6724,6748.377569339835
CA,6725,6894.422938884556
CA,6726,7381.520577579927
CA,6727,8222.07820681628
CA,6728,8799.859786025166
CA,6729,9022.280226772374
CA,6730,9003.4754158463
CA,6731,8952.847558290463
CA,6732,8950.102055237304
CA,6733,8975.516138570729
CA,6734,9005.441917097356
CA,6735,9096.436983127445
CA,6736,9231.296937024435
CA,6737,9455.164427975374
CA,6738,9726.26356556355
CA,6739,10001.697625684752
CA,6740,9847.813262013275
CA,6741,9433.429647366703
CA,6742,8863.171805190408
CA,6743,8193.99706266767
CA,6744,7556.310883373745
CA,6745,7081.80890687414
CA,6746,6824.7941770949865
CA,6747,6675.5245805823025
CA,6748,6653.060014333815
CA,6749,6794.704816344047
CA,6750,7273.466704899471
CA,6751,8088.46536838619
CA,6752,8694.465639342846
CA,6753,8969.455116942314
CA,6754,9031.164767795916
CA,6755,9056.264068509876
CA,6756,9078.611209456756
CA,6757,9083.48079867531
CA,6758,9094.016934473517
CA,6759,9180.876483982978
CA,6760,9266.540585545778
CA,6761,9509.284236645332
CA,6762,9801.854879180642
CA,6763,10052.971656459667
CA,6764,9879.158990443724
CA,6765,9427.90436979088
CA,6766,8853.114348522192
CA,6767,8162.740911486456
CA,6768,7510.35907469681
CA,6769,7093.2406514940425
CA,6770,6814.311921482674
CA,6771,6655.624046712192
CA,6772,6626.611746218406
CA,6773,6779.144971905996
CA,6774,7275.160158500155
CA,6775,8143.524260471143
CA,6776,8748.793587555573
CA,6777,8976.83542210999
CA,6778,9027.674141055654
CA,6779,9038.114191578272
CA,6780,9023.194907591813
CA,6781,9021.652015669634
CA,6782,9051.502154922524
CA,6783,9073.654180330996
CA,6784,9195.251969415082
CA,6785,9485.101448697653
CA,6786,9871.659541852887
CA,6787,10150.188624788353
CA,6788,9971.312930133797
CA,6789,9535.718235195372
CA,6790,8950.713706916316
CA,6791,8248.817323924035
CA,6792,7590.70729708617
CA,6793,7132.068041193953
CA,6794,6854.904510631953
CA,6795,6715.082900261912
CA,6796,6697.073294912454
CA,6797,6876.456105281602
CA,6798,7411.290946879529
CA,6799,8340.609454223125
CA,6800,8951.09801669702
CA,6801,9139.306479043825
CA,6802,9107.0991494487
CA,6803,9006.655871887396
CA,6804,8950.407291513363
CA,6805,8909.639800146477
CA,6806,8917.304671034382
CA,6807,8929.11502925304
CA,6808,9047.832346551445
CA,6809,9345.116641107957
CA,6810,9827.93427045014
CA,6811,10175.149354310967
CA,6812,10012.831723733472
CA,6813,9585.827976462813
CA,6814,8988.479415374169
CA,6815,8272.656479905484
CA,6816,7625.731184608085
CA,6817,7244.110429039101
CA,6818,6966.88564986156
CA,6819,6828.592255483577
CA,6820,6808.102263622278
CA,6821,6967.447759266454
CA,6822,7493.053024485237
CA,6823,8395.321907790489
CA,6824,8984.029833291732
CA,6825,9148.090476483793
CA,6826,9090.853385948684
CA,6827,8990.872901781904
CA,6828,8906.62419432505
CA,6829,8852.49990596835
CA,6830,8883.422285890932
CA,6831,8938.411469893236
CA,6832,9086.03650399448
CA,6833,9441.759197521316
CA,6834,9900.86167713939
CA,6835,10235.811915889439
CA,6836,10064.296575503414
CA,6837,9634.231841156174
CA,6838,9050.218366530073
CA,6839,8325.146518672309
CA,6840,7659.8721053875085
CA,6841,7159.274964022106
CA,6842,6879.700596061184
CA,6843,6739.993680253538
CA,6844,6720.25930176508
CA,6845,6874.258832352368
CA,6846,7381.438256391276
CA,6847,8291.667549571308
CA,6848,8903.476699678873
CA,6849,9108.418433513087
CA,6850,9113.958964468253
CA,6851,9069.220421435464
CA,6852,9008.855087334554
CA,6853,8959.222652445689
CA,6854,8960.477854977348
CA,6855,9000.319369399689
CA,6856,9185.805502756786
CA,6857,9539.99250817293
CA,6858,9961.157673200148
CA,6859,10255.218364157754
CA,6860,10056.942463313542
CA,6861,9614.241014542852
CA,6862,9024.72626171892
CA,6863,8312.096401191816
CA,6864,7659.032353409779
CA,6865,7115.472412104079
CA,6866,6838.210925107288
CA,6867,6706.6257849461826
CA,6868,6692.6809591205005
CA,6869,6857.6027833157305
CA,6870,7363.255745897147
CA,6871,8254.853316466958
CA,6872,8879.41575427944
CA,6873,9105.881564499885
CA,6874,9141.630623540658
CA,6875,9123.521872906336
CA,6876,9151.874386097385
CA,6877,9171.857873990827
CA,6878,9242.632083550774
CA,6879,9277.69128018104
CA,6880,9362.79325826072
CA,6881,9621.690862870189
CA,6882,9933.243740329207
CA,6883,10164.748412288056
CA,6884,9954.114563931611
CA,6885,9529.01394923774
CA,6886,8944.249309182593
CA,6887,8234.56925010053
CA,6888,7577.035752742743
CA,6889,7109.619623258526
CA,6890,6820.15681517476
CA,6891,6672.466015230914
CA,6892,6633.738582149536
CA,6893,6794.436142912898
CA,6894,7276.285881614089
CA,6895,8143.124829953571
CA,6896,8730.610642207438
CA,6897,8926.667232653221
CA,6898,8939.269324552118
CA,6899,8891.979047807448
CA,6900,8859.15304949199
CA,6901,8839.39628857269
CA,6902,8878.19907142679
CA,6903,8903.931779667696
CA,6904,9047.932434334998
CA,6905,9364.60221268318
CA,6906,9766.049324844845
CA,6907,10070.512121207889
CA,6908,9894.659380893241
CA,6909,9459.483657610448
CA,6910,8875.37101558957
CA,6911,8166.218455024623
CA,6912,7506.894535304673
CA,6913,7134.912677766257
CA,6914,6872.032320137311
CA,6915,6713.067499991774
CA,6916,6691.8589034804175
CA,6917,6844.874225510609
CA,6918,7325.181351694192
CA,6919,8198.78630168634
CA,6920,8797.152598308044
CA,6921,8985.624589591517
CA,6922,8977.07296628612
CA,6923,8888.834700168388
CA,6924,8865.828446132507
CA,6925,8857.43861516775
CA,6926,8860.132734991529
CA,6927,8884.446727950731
CA,6928,9033.035290224081
CA,6929,9366.780689179553
CA,6930,9785.887183751331
CA,6931,10097.996373765724
CA,6932,9894.102159794219
CA,6933,9466.627930031413
CA,6934,8880.195706378704
CA,6935,8162.476050239878
CA,6936,7496.903304734577
CA,6937,7228.720663276768
CA,6938,6939.324433799767
CA,6939,6785.080205595286
CA,6940,6755.691920769942
CA,6941,6912.171926450268
CA,6942,7406.326324423536
CA,6943,8284.17368114682
CA,6944,8885.644422881315
CA,6945,9070.28433174643
CA,6946,9070.660973726588
CA,6947,9035.471969733553
CA,6948,9003.428514473983
CA,6949,8984.615177600546
CA,6950,9003.459774177896
CA,6951,9013.778726734843
CA,6952,9137.357100627659
CA,6953,9438.03578071281
CA,6954,9847.494343540706
CA,6955,10140.33394048562
CA,6956,9947.019193273471
CA,6957,9506.498024883822
CA,6958,8914.978036503383
CA,6959,8193.871831450732
CA,6960,7551.610792667974
CA,6961,7135.9760846195694
CA,6962,6870.125875687451
CA,6963,6744.6656115819925
CA,6964,6746.618660360194
CA,6965,6931.494430355615
CA,6966,7496.7249805043155
CA,6967,8483.248118392178
CA,6968,9145.439444324058
CA,6969,9306.318069772491
CA,6970,9254.35613637655
CA,6971,9157.057578084853
CA,6972,9099.251918077618
CA,6973,9031.381215001144
CA,6974,9025.821819915627
CA,6975,9034.757405026033
CA,6976,9153.172593190293
CA,6977,9467.020413286562
CA,6978,9901.916581135856
CA,6979,10226.649298656481
CA,6980,10028.076218497642
CA,6981,9601.69707678404
CA,6982,9014.113783754237
CA,6983,8302.81774914129
CA,6984,7641.137944933197
CA,6985,7185.2302944600135
CA,6986,6911.500658843927
CA,6987,6780.41509414462
CA,6988,6759.706130643899
CA,6989,6927.384571831433
CA,6990,7456.842083625681
CA,6991,8397.140339513912
CA,6992,9025.905307681448
CA,6993,9174.058533307338
CA,6994,9069.536758913822
CA,6995,8914.901326341578
CA,6996,8818.50595374412
CA,6997,8774.47690216965
CA,6998,8796.018875735411
CA,6999,8855.853208203166
CA,7000,9039.348819658104
CA,7001,9415.664733971777
CA,7002,9867.095789516952
CA,7003,10181.009637367609
CA,7004,9984.447741298673
CA,7005,9555.662076055116
CA,7006,8973.928415280431
CA,7007,8265.359692335434
CA,7008,7621.620318904787
CA,7009,7087.60691421362
CA,7010,6795.48891228669
CA,7011,6664.469714121722
CA,7012,6651.031084863742
CA,7013,6820.530379562068
CA,7014,7330.639144196303
CA,7015,8255.60620903088
CA,7016,8888.87874195593
CA,7017,9089.183640277685
CA,7018,9067.460386843793
CA,7019,8983.41058131462
CA,7020,8920.653653755998
CA,7021,8863.894418870348
CA,7022,8863.284370762392
CA,7023,8869.50801957551
CA,7024,9005.439915096197
CA,7025,9307.891700540665
CA,7026,9742.474120265351
CA,7027,10069.238863714892
CA,7028,9893.491537770677
CA,7029,9500.853963806998
CA,7030,8927.251341505766
CA,7031,8232.643501229614
CA,7032,7582.732512064878
CA,7033,7066.074452953129
CA,7034,6792.832141451735
CA,7035,6669.424148635291
CA,7036,6646.199317010245
CA,7037,6807.6716146420875
CA,7038,7332.748033697246
CA,7039,8278.639587684099
CA,7040,8890.241148065346
CA,7041,9058.049194809797
CA,7042,9003.689429672418
CA,7043,8958.266887601239
CA,7044,8958.445243415575
CA,7045,8986.931651162598
CA,7046,9027.17960652131
CA,7047,9029.92884261274
CA,7048,9126.040472267434
CA,7049,9346.371625750525
CA,7050,9706.876185618192
CA,7051,9973.577070564518
CA,7052,9763.593074124191
CA,7053,9339.194550774142
CA,7054,8763.115552461686
CA,7055,8072.970147061092
CA,7056,7439.006523191473
CA,7057,7118.173582634211
CA,7058,6842.383384676837
CA,7059,6705.449252018874
CA,7060,6678.918876395465
CA,7061,6840.669395280076
CA,7062,7329.199908073146
CA,7063,8213.57562103651
CA,7064,8820.074274622762
CA,7065,9030.027882739205
CA,7066,9005.62999149754
CA,7067,8924.05903359305
CA,7068,8874.110866123429
CA,7069,8833.685750556803
CA,7070,8846.489854171969
CA,7071,8892.236053453956
CA,7072,9051.915903206549
CA,7073,9411.835397384007
CA,7074,9858.808412448004
CA,7075,10146.540175162404
CA,7076,9934.55602704229
CA,7077,9520.48160563898
CA,7078,8959.338881010748
CA,7079,8275.806213405245
CA,7080,7634.481405603668
CA,7081,7143.987141111725
CA,7082,6888.303966438796
CA,7083,6731.978488955942
CA,7084,6714.787760609514
CA,7085,6860.459683097728
CA,7086,7351.864473402205
CA,7087,8224.305364503145
CA,7088,8858.502112139048
CA,7089,9088.952795362898
CA,7090,9084.54063283947
CA,7091,8994.431628640514
CA,7092,8904.062865298753
CA,7093,8828.035990946066
CA,7094,8810.36360820633
CA,7095,8847.897965671464
CA,7096,9010.979076450889
CA,7097,9381.752839081113
CA,7098,9826.37893074043
CA,7099,10122.895666215692
CA,7100,9909.404464492608
CA,7101,9487.326722152057
CA,7102,8908.120052596253
CA,7103,8214.825292020755
CA,7104,7571.840464886729
CA,7105,7100.003553125491
CA,7106,6841.119569065402
CA,7107,6710.972076369907
CA,7108,6706.181073601709
CA,7109,6883.428969228799
CA,7110,7406.360927416381
CA,7111,8341.312853756007
CA,7112,8968.47697972793
CA,7113,9145.61886117362
CA,7114,9097.347551444921
CA,7115,9019.268305687723
CA,7116,8976.988717382486
CA,7117,8957.506224035592
CA,7118,9012.3933429298
CA,7119,9059.11141874987
CA,7120,9211.63156666149
CA,7121,9531.74336061619
CA,7122,9941.82025586542
CA,7123,10223.26061019721
CA,7124,9994.826921087881
CA,7125,9524.816230565484
CA,7126,8905.985686272418
CA,7127,8170.31168476063
CA,7128,7500.579789842827
CA,7129,7113.2808948467385
CA,7130,6834.167662327331
CA,7131,6698.312518911518
CA,7132,6690.672376301198
CA,7133,6867.005488966838
CA,7134,7423.045945592388
CA,7135,8379.045705319152
CA,7136,9033.952795403955
CA,7137,9238.8841739169
CA,7138,9252.52189628946
CA,7139,9232.127421852995
CA,7140,9193.66969832489
CA,7141,9148.236430108742
CA,7142,9164.88244257919
CA,7143,9189.277581980686
CA,7144,9323.343049908019
CA,7145,9640.18310577475
CA,7146,10054.707726271644
CA,7147,10288.428991343325
CA,7148,10038.283889002185
CA,7149,9581.41333605789
CA,7150,8973.217499580118
CA,7151,8241.296525105154
CA,7152,7580.189712192507
CA,7153,7151.534267052529
CA,7154,6875.696240236972
CA,7155,6738.074744831099
CA,7156,6720.426336246861
CA,7157,6884.5708040462235
CA,7158,7411.283087866402
CA,7159,8334.79573369207
CA,7160,8989.992381869895
CA,7161,9228.907598964462
CA,7162,9248.644207390363
CA,7163,9191.363995642812
CA,7164,9149.087847670268
CA,7165,9111.062402264823
CA,7166,9109.77163881532
CA,7167,9134.124604090353
CA,7168,9286.753633997385
CA,7169,9614.299119737007
CA,7170,10018.781045791116
CA,7171,10256.074989354865
CA,7172,10001.522699328206
CA,7173,9554.861544952423
CA,7174,8971.817893870067
CA,7175,8253.920130295688
CA,7176,7604.049369793049
CA,7177,7125.02760199223
CA,7178,6848.751471908232
CA,7179,6708.391214934494
CA,7180,6677.705076983669
CA,7181,6823.272796881385
CA,7182,7324.67687400652
CA,7183,8202.774793205505
CA,7184,8829.481705979632
CA,7185,9079.208377185106
CA,7186,9116.630099871685
CA,7187,9111.278894178074
CA,7188,9083.84256357665
CA,7189,9070.141234228165
CA,7190,9090.97625830432
CA,7191,9110.721922179291
CA,7192,9275.793064664432
CA,7193,9607.352368075
CA,7194,9988.893689313667
CA,7195,10223.709171537909
CA,7196,9966.724416950006
CA,7197,9537.59578130885
CA,7198,8942.418592793256
CA,7199,8233.374667757923
CA,7200,7584.932922288917
CA,7201,7140.179872740159
CA,7202,6876.225109321013
CA,7203,6736.08233061336
CA,7204,6713.845161256467
CA,7205,6880.030205670735
CA,7206,7385.148785801741
CA,7207,8314.293449707963
CA,7208,8933.542822954886
CA,7209,9164.193073701208
CA,7210,9160.582178155064
CA,7211,9103.360028207609
CA,7212,9069.153153787104
CA,7213,9050.342024891272
CA,7214,9075.668923174353
CA,7215,9128.009564834622
CA,7216,9299.469654906412
CA,7217,9667.373257852178
CA,7218,10100.903165024867
CA,7219,10342.462711340444
CA,7220,10086.354450170385
CA,7221,9633.987681229657
CA,7222,9034.827199417991
CA,7223,8325.425356508708
CA,7224,7675.834717827554
CA,7225,7202.38133809957
CA,7226,6921.250341899946
CA,7227,6765.092056300944
CA,7228,6745.796943171658
CA,7229,6908.33446155256
CA,7230,7382.409620539841
CA,7231,8244.07716849779
CA,7232,8858.17195196892
CA,7233,9102.114213275204
CA,7234,9140.348173670107
CA,7235,9116.211694527285
CA,7236,9090.83669232054
CA,7237,9062.965815792396
CA,7238,9074.287327428607
CA,7239,9127.85773816291
CA,7240,9301.32488979578
CA,7241,9666.652907762865
CA,7242,10078.188139147999
CA,7243,10300.781916622595
CA,7244,10033.269598448939
CA,7245,9569.446194932523
CA,7246,8975.560859692605
CA,7247,8269.029872302765
CA,7248,7607.252989102641
CA,7249,7209.897590350408
CA,7250,6942.016707959022
CA,7251,6794.634596952497
CA,7252,6783.29584993755
CA,7253,6923.547576770409
CA,7254,7401.757901274858
CA,7255,8284.971763384847
CA,7256,8900.87213752031
CA,7257,9133.915168143199
CA,7258,9171.088804167004
CA,7259,9127.541347248485
CA,7260,9080.89908685637
CA,7261,9047.760051737724
CA,7262,9063.923020853927
CA,7263,9074.724200625464
CA,7264,9224.498062649875
CA,7265,9570.669003611306
CA,7266,10030.273437382615
CA,7267,10275.685812764587
CA,7268,10028.671734760982
CA,7269,9593.472251997696
CA,7270,8997.027222681835
CA,7271,8297.80327280774
CA,7272,7634.688277088621
CA,7273,7189.883799066684
CA,7274,6908.602905052551
CA,7275,6771.068494099606
CA,7276,6751.5564108346435
CA,7277,6913.893978087252
CA,7278,7434.711456629562
CA,7279,8364.941072521734
CA,7280,9007.60596537694
CA,7281,9209.258023005148
CA,7282,9178.398120610845
CA,7283,9131.057195274385
CA,7284,9092.655973504067
CA,7285,9056.22104557707
CA,7286,9072.349063401226
CA,7287,9105.053827302969
CA,7288,9296.866931055103
CA,7289,9643.301615763438
CA,7290,10017.37540623328
CA,7291,10180.660097411986
CA,7292,9943.345372458666
CA,7293,9557.571629052436
CA,7294,8987.842147796513
CA,7295,8267.891091127394
CA,7296,7609.34642114075
CA,7297,7329.000738804683
CA,7298,7075.1362139192
CA,7299,6965.6440190514495
CA,7300,6966.6008611781045
CA,7301,7172.726762061109
CA,7302,7730.790644236823
CA,7303,8702.057534708516
CA,7304,9329.914513829994
CA,7305,9464.543472585381
CA,7306,9420.95096863322
CA,7307,9328.442310652514
CA,7308,9278.451305000592
CA,7309,9261.281379519845
CA,7310,9311.392358321315
CA,7311,9390.568032699592
CA,7312,9620.005605841547
CA,7313,10107.20952653758
CA,7314,10592.063338440344
CA,7315,10628.25772264086
CA,7316,10306.126074610825
CA,7317,9885.446519068795
CA,7318,9313.249294782565
CA,7319,8619.18567977669
CA,7320,7954.357761290173
CA,7321,7431.725731153129
CA,7322,7185.110190356578
CA,7323,7071.221216481089
CA,7324,7085.245826571775
CA,7325,7303.062188199528
CA,7326,7870.882624833439
CA,7327,8808.207308652708
CA,7328,9422.933488157572
CA,7329,9554.748096556775
CA,7330,9406.907472867536
CA,7331,9217.75618502461
CA,7332,9096.906221974407
CA,7333,9042.535975887645
CA,7334,9079.428855732077
CA,7335,9182.89107494334
CA,7336,9443.70744305923
CA,7337,10006.27747489176
CA,7338,10510.756695884318
CA,7339,10564.350709686234
CA,7340,10254.236205216927
CA,7341,9825.889565763024
CA,7342,9275.853623912639
CA,7343,8592.968582612148
CA,7344,8004.168359666512
CA,7345,7350.992620898247
CA,7346,7101.40313835689
CA,7347,6983.572670610966
CA,7348,6977.37899250473
CA,7349,7197.361453363756
CA,7350,7754.58282128171
CA,7351,8703.695921475664
CA,7352,9331.55996402681
CA,7353,9495.69222696891
CA,7354,9391.758904460078
CA,7355,9248.550297015305
CA,7356,9131.434647411654
CA,7357,9067.402139422576
CA,7358,9088.374254943018
CA,7359,9195.98211629021
CA,7360,9472.228461955034
CA,7361,10003.050749308436
CA,7362,10499.737884816476
CA,7363,10535.082157270699
CA,7364,10221.541309045563
CA,7365,9805.650386315826
CA,7366,9222.096401395422
CA,7367,8534.418573062933
CA,7368,7943.174543784138
CA,7369,7320.983328029102
CA,7370,7083.7394589851534
CA,7371,6997.233834784383
CA,7372,7012.088963249488
CA,7373,7249.2400354721465
CA,7374,7831.263744341608
CA,7375,8747.383954135863
CA,7376,9286.455448644658
CA,7377,9345.057235739972
CA,7378,9228.516731615633
CA,7379,9077.165118293914
CA,7380,8956.257891718316
CA,7381,8953.512574556909
CA,7382,8982.966751819877
CA,7383,9109.802869008233
CA,7384,9426.087073355253
CA,7385,10009.039926428061
CA,7386,10507.428826044691
CA,7387,10492.595059743529
CA,7388,10178.052360284841
CA,7389,9772.67635137248
CA,7390,9195.856884720339
CA,7391,8525.105218519021
CA,7392,7923.357046567986
CA,7393,7513.168903965734
CA,7394,7262.501781935264
CA,7395,7168.783563101293
CA,7396,7159.919933822106
CA,7397,7355.230274562105
CA,7398,7861.796559007702
CA,7399,8725.530983809834
CA,7400,9265.997312349931
CA,7401,9420.728218047081
CA,7402,9370.432786035805
CA,7403,9253.013495737655
CA,7404,9179.631611711718
CA,7405,9127.127691180151
CA,7406,9147.14726986034
CA,7407,9233.923741086354
CA,7408,9479.68936666338
CA,7409,10023.192358659067
CA,7410,10514.657912033098
CA,7411,10536.316713947748
CA,7412,10225.904993782752
CA,7413,9816.001843662146
CA,7414,9255.08412519296
CA,7415,8572.594599903415
CA,7416,7936.657500143465
CA,7417,7294.203514132526
CA,7418,7052.1258342307895
CA,7419,6954.342212248284
CA,7420,7010.470372338425
CA,7421,7194.129235783887
CA,7422,7744.107870674369
CA,7423,8630.68273097382
CA,7424,9156.164056915319
CA,7425,9294.873154610215
CA,7426,9220.916472470568
CA,7427,9088.35827299316
CA,7428,9017.270018986842
CA,7429,9035.617164124211
CA,7430,9099.821993549549
CA,7431,9217.272939801006
CA,7432,9474.149388011186
CA,7433,10014.119997982892
CA,7434,10505.50267839555
CA,7435,10517.232743538697
CA,7436,10174.443387068324
CA,7437,9754.39063453585
CA,7438,9185.629925537885
CA,7439,8497.164928215936
CA,7440,7881.177326327269
CA,7441,7416.940387513285
CA,7442,7177.228228230235
CA,7443,7080.128240885249
CA,7444,7095.317891138281
CA,7445,7320.424636173722
CA,7446,7893.684119835486
CA,7447,8793.890279962293
CA,7448,9337.364800107222
CA,7449,9504.885444300866
CA,7450,9467.640515652906
CA,7451,9351.279757901748
CA,7452,9277.428859098574
CA,7453,9224.100424646096
CA,7454,9269.52053285129
CA,7455,9375.549467536896
CA,7456,9648.178925956698
CA,7457,10191.5432801202
CA,7458,10678.832908662942
CA,7459,10607.590413310263
CA,7460,10273.409603850554
CA,7461,9847.328576901536
CA,7462,9265.02563891403
CA,7463,8592.041481938374
CA,7464,7988.336022987956
CA,7465,7430.155294149469
CA,7466,7197.137496339212
CA,7467,7100.544526670679
CA,7468,7137.531761637633
CA,7469,7395.219926085409
CA,7470,8013.84766970588
CA,7471,8984.321657924248
CA,7472,9509.10395374988
CA,7473,9541.557259955162
CA,7474,9386.57770102746
CA,7475,9258.384327029281
CA,7476,9204.792938820987
CA,7477,9178.910233286215
CA,7478,9256.62573958185
CA,7479,9422.57270454016
CA,7480,9764.964116410368
CA,7481,10427.155526075024
CA,7482,10944.458547269283
CA,7483,10841.583254415447
CA,7484,10524.871579628687
CA,7485,10099.344544545742
CA,7486,9520.428269720764
CA,7487,8835.965792951413
CA,7488,8216.668170812154
CA,7489,7681.293513881084
CA,7490,7437.238641582486
CA,7491,7315.722995028951
CA,7492,7343.461428721391
CA,7493,7566.145045886904
CA,7494,8190.543268350156
CA,7495,9127.75501260579
CA,7496,9646.000698104826
CA,7497,9740.131790646462
CA,7498,9642.56237084822
CA,7499,9518.961966732956
CA,7500,9450.992713704442
CA,7501,9422.039511216278
CA,7502,9465.094651319568
CA,7503,9592.79196253083
CA,7504,9888.320747145057
CA,7505,10480.729766353965
CA,7506,10938.039588034885
CA,7507,10808.10704394246
CA,7508,10475.867289296804
CA,7509,10036.974145009193
CA,7510,9467.101181730673
CA,7511,8773.415781075167
CA,7512,8157.287837016373
CA,7513,7741.7075287286465
CA,7514,7476.49352402388
CA,7515,7353.564561522831
CA,7516,7360.403474867226
CA,7517,7576.208431558988
CA,7518,8131.674659677277
CA,7519,9019.78007554527
CA,7520,9570.233560449738
CA,7521,9701.786930927181
CA,7522,9632.6990760794
CA,7523,9540.070308574824
CA,7524,9490.73127490158
CA,7525,9468.457781186732
CA,7526,9531.744946875452
CA,7527,9655.023187629201
CA,7528,9917.535615084933
CA,7529,10500.547924994867
CA,7530,10956.215073996608
CA,7531,10798.054897401613
CA,7532,10447.187600811274
CA,7533,10027.18412011595
CA,7534,9469.684039344841
CA,7535,8787.383309096752
CA,7536,8169.5927729808
CA,7537,7818.342600987843
CA,7538,7555.956157696815
CA,7539,7429.537696554421
CA,7540,7438.199544618276
CA,7541,7617.5339232424255
CA,7542,8163.454970899249
CA,7543,9028.133059050294
CA,7544,9555.529668767656
CA,7545,9692.749642901765
CA,7546,9633.313005263904
CA,7547,9508.711793506407
CA,7548,9421.903753376926
CA,7549,9401.23494652483
CA,7550,9467.645455406885
CA,7551,9618.412221097453
CA,7552,9936.389987933362
CA,7553,10528.570235067619
CA,7554,10972.955001344168
CA,7555,10832.082404754857
CA,7556,10488.338001152632
CA,7557,10061.953045064309
CA,7558,9482.566413531629
CA,7559,8817.756494840495
CA,7560,8225.841119161913
CA,7561,7720.536088299043
CA,7562,7452.070116078504
CA,7563,7342.206826093468
CA,7564,7354.384442884218
CA,7565,7570.8558227625415
CA,7566,8097.068733191788
CA,7567,8987.050598962298
CA,7568,9537.802772420227
CA,7569,9718.236016993348
CA,7570,9728.327801728918
CA,7571,9637.689460924038
CA,7572,9584.51362785001
CA,7573,9557.246241423057
CA,7574,9566.5419099585
CA,7575,9681.011820619437
CA,7576,9990.053906561021
CA,7577,10586.112395152567
CA,7578,11031.861900523749
CA,7579,10891.711097067189
CA,7580,10553.364559040785
CA,7581,10123.78052871637
CA,7582,9555.359498442217
CA,7583,8858.92217439414
CA,7584,8255.606435023575
CA,7585,7909.932541180276
CA,7586,7662.180009326514
CA,7587,7547.262179399454
CA,7588,7571.479318104203
CA,7589,7775.9201520075
CA,7590,8337.887163304163
CA,7591,9209.09846761008
CA,7592,9664.944558866214
CA,7593,9708.199423690688
CA,7594,9598.490483544257
CA,7595,9428.291907491044
CA,7596,9326.063966653495
CA,7597,9287.07192944593
CA,7598,9331.342371055342
CA,7599,9497.129219539469
CA,7600,9856.270726004423
CA,7601,10500.075333752909
CA,7602,10981.291335349814
CA,7603,10864.139730911814
CA,7604,10544.521477683855
CA,7605,10137.124666269372
CA,7606,9576.479325319733
CA,7607,8871.78910808392
CA,7608,8262.229186164388
CA,7609,7887.096030931901
CA,7610,7649.8696209429635
CA,7611,7557.82081847322
CA,7612,7589.2196106309635
CA,7613,7793.8725913693085
CA,7614,8368.016717284755
CA,7615,9283.330476253461
CA,7616,9787.092954876137
CA,7617,9852.258635148624
CA,7618,9743.015111093875
CA,7619,9600.897694702605
CA,7620,9562.790302057708
CA,7621,9558.657091008008
CA,7622,9608.170264160087
CA,7623,9731.415418223616
CA,7624,10000.397162065807
CA,7625,10614.053219768754
CA,7626,11071.719489501556
CA,7627,10960.236643089441
CA,7628,10632.8262458812
CA,7629,10189.444170932562
CA,7630,9586.703952660498
CA,7631,8868.622917753763
CA,7632,8232.443687531527
CA,7633,7955.5854772863555
CA,7634,7719.605698833907
CA,7635,7614.593647490175
CA,7636,7624.911482811822
CA,7637,7856.370565891995
CA,7638,8476.05929943317
CA,7639,9456.105362690874
CA,7640,9999.413033514866
CA,7641,10008.465039817946
CA,7642,9817.74654733462
CA,7643,9686.820300929696
CA,7644,9602.169766097854
CA,7645,9574.580494474361
CA,7646,9675.477822320921
CA,7647,9820.803710745084
CA,7648,10122.423798805102
CA,7649,10726.335239119326
CA,7650,11201.745907732423
CA,7651,11076.143911315269
CA,7652,10745.95306782703
CA,7653,10308.857879989873
CA,7654,9692.752606771728
CA,7655,8981.684757766622
CA,7656,8315.984092623438
CA,7657,7957.798665855238
CA,7658,7718.639682878708
CA,7659,7628.923888286389
CA,7660,7650.104938052549
CA,7661,7886.596342262163
CA,7662,8476.619705399958
CA,7663,9419.215789568609
CA,7664,9968.988973786002
CA,7665,10063.290364855051
CA,7666,9945.579125774072
CA,7667,9810.04146891959
CA,7668,9722.36468394351
CA,7669,9691.061149907851
CA,7670,9736.02272929559
CA,7671,9888.923894447858
CA,7672,10247.178920047146
CA,7673,10874.272960244673
CA,7674,11336.420110796276
CA,7675,11209.027303309131
CA,7676,10874.861161861928
CA,7677,10451.318383488216
CA,7678,9872.405854947983
CA,7679,9186.762378514151
CA,7680,8571.120063235954
CA,7681,8032.970307994804
CA,7682,7780.24665369373
CA,7683,7676.658260869642
CA,7684,7675.588440213767
CA,7685,7895.157666704295
CA,7686,8470.454832472313
CA,7687,9382.305084417757
CA,7688,9908.64616068863
CA,7689,9987.113737548382
CA,7690,9870.40697170709
CA,7691,9749.805806841026
CA,7692,9702.638756048941
CA,7693,9703.530517706282
CA,7694,9739.897853127008
CA,7695,9877.184033984882
CA,7696,10200.275106664606
CA,7697,10823.316269960749
CA,7698,11259.026046853865
CA,7699,11115.268435544188
CA,7700,10771.078552088762
CA,7701,10340.313856076365
CA,7702,9733.874672300734
CA,7703,9028.629057493747
CA,7704,8369.911911198628
CA,7705,8020.47699891324
CA,7706,7774.768724677365
CA,7707,7685.567863982797
CA,7708,7695.5620501578785
CA,7709,7921.035170998246
CA,7710,8499.72561589453
CA,7711,9389.175786647636
CA,7712,9901.600349929144
CA,7713,10005.203787809446
CA,7714,9909.076724117194
CA,7715,9777.361233419402
CA,7716,9703.576024303896
CA,7717,9658.917178744948
CA,7718,9691.911402812769
CA,7719,9835.083052044277
CA,7720,10151.20654085925
CA,7721,10764.687348938397
CA,7722,11221.644284035317
CA,7723,11090.159644963704
CA,7724,10745.722851498993
CA,7725,10325.23102222738
CA,7726,9739.944109383456
CA,7727,9055.164499365013
CA,7728,8434.253207656521
CA,7729,7938.822988828975
CA,7730,7666.755005877378
CA,7731,7557.960582687671
CA,7732,7560.81389064897
CA,7733,7763.390498242895
CA,7734,8293.875100887654
CA,7735,9168.120611513684
CA,7736,9689.341904332245
CA,7737,9787.821939999219
CA,7738,9688.24821489758
CA,7739,9577.321079967332
CA,7740,9510.821298623853
CA,7741,9489.67759393961
CA,7742,9565.142571708424
CA,7743,9753.996752558278
CA,7744,10109.744472004289
CA,7745,10746.426496056841
CA,7746,11202.723130318734
CA,7747,11080.039196360294
CA,7748,10752.09771869754
CA,7749,10323.842425970927
CA,7750,9757.688767367567
CA,7751,9067.744136918769
CA,7752,8451.51422526346
CA,7753,7907.811791878867
CA,7754,7642.538819441028
CA,7755,7525.255581194621
CA,7756,7551.441883121479
CA,7757,7732.0850290433265
CA,7758,8278.02748364555
CA,7759,9170.509020921077
CA,7760,9711.149846418325
CA,7761,9788.827547360821
CA,7762,9686.132383138617
CA,7763,9550.49710548985
CA,7764,9484.890593337209
CA,7765,9482.764279709052
CA,7766,9502.18587527549
CA,7767,9683.03997589643
CA,7768,10041.756779078053
CA,7769,10698.682490747583
CA,7770,11162.193930041019
CA,7771,11061.505022826482
CA,7772,10743.99869511909
CA,7773,10320.951731885343
CA,7774,9754.844901542066
CA,7775,9055.225436476837
CA,7776,8445.169460218361
CA,7777,7892.7878229575485
CA,7778,7655.0179936832645
CA,7779,7561.434298315323
CA,7780,7578.612314440232
CA,7781,7801.222583487851
CA,7782,8383.240123742716
CA,7783,9323.023400251275
CA,7784,9835.19954404947
CA,7785,9889.562790200392
CA,7786,9754.288447318242
CA,7787,9582.24080902339
CA,7788,9499.326541266555
CA,7789,9485.7574327394
CA,7790,9553.77525145742
CA,7791,9723.551138494212
CA,7792,10056.20959385232
CA,7793,10713.021162209888
CA,7794,11156.832116698064
CA,7795,11039.196259648328
CA,7796,10696.296536214017
CA,7797,10242.714676990701
CA,7798,9636.432875177924
CA,7799,8911.665944375708
CA,7800,8263.33184406004
CA,7801,8022.932890140336
CA,7802,7773.100108194353
CA,7803,7664.430377140613
CA,7804,7669.830049801534
CA,7805,7899.209787608107
CA,7806,8497.327011741666
CA,7807,9460.925201143377
CA,7808,10035.782314415016
CA,7809,10173.375313225781
CA,7810,10116.99139063682
CA,7811,10030.582515368376
CA,7812,9945.955105488217
CA,7813,9910.544092151365
CA,7814,9942.219153941334
CA,7815,10062.446330051106
CA,7816,10350.736685720179
CA,7817,10917.817245485955
CA,7818,11315.399501035431
CA,7819,11177.021467049183
CA,7820,10830.92613542293
CA,7821,10389.00970678671
CA,7822,9794.263886642202
CA,7823,9094.841155120589
CA,7824,8451.823052737696
CA,7825,8130.887829820825
CA,7826,7872.4879110306984
CA,7827,7744.586400048866
CA,7828,7749.3933894981755
CA,7829,7980.618339645907
CA,7830,8538.175155565511
CA,7831,9414.111318383037
CA,7832,9991.210392673032
CA,7833,10126.57855752034
CA,7834,10016.27769805017
CA,7835,9881.977119161474
CA,7836,9772.207615411734
CA,7837,9699.043684389997
CA,7838,9733.240416116429
CA,7839,9889.027941670435
CA,7840,10212.447771208419
CA,7841,10799.111119420548
CA,7842,11204.444291250274
CA,7843,11087.060831722376
CA,7844,10803.824862853453
CA,7845,10396.643890417355
CA,7846,9858.16564595831
CA,7847,9196.401389855213
CA,7848,8582.55882477527
CA,7849,8095.777136809266
CA,7850,7852.752257087713
CA,7851,7745.930498021617
CA,7852,7761.403435726433
CA,7853,7960.148325220537
CA,7854,8478.818733984664
CA,7855,9316.032162025081
CA,7856,9885.045985880895
CA,7857,10063.340162709752
CA,7858,10027.125986183021
CA,7859,9936.75287551439
CA,7860,9882.382302383489
CA,7861,9848.879874444137
CA,7862,9881.116183567812
CA,7863,10028.52022822726
CA,7864,10323.287928036937
CA,7865,10872.726485726513
CA,7866,11237.871045075984
CA,7867,11095.491237861415
CA,7868,10775.99334189684
CA,7869,10379.089346924665
CA,7870,9819.425349872526
CA,7871,9153.361001279327
CA,7872,8547.459744530437
CA,7873,8194.347748236211
CA,7874,7971.352379264475
CA,7875,7872.975127296839
CA,7876,7875.819989392498
CA,7877,8067.471734721156
CA,7878,8578.239726691905
CA,7879,9400.14043586967
CA,7880,9903.467164613698
CA,7881,10036.232950485521
CA,7882,9960.315841997524
CA,7883,9830.642272408827
CA,7884,9749.724545721689
CA,7885,9691.188237223772
CA,7886,9696.045300816607
CA,7887,9817.062117466612
CA,7888,10106.41168768633
CA,7889,10689.210073573259
CA,7890,11089.367604525934
CA,7891,10966.310867221988
CA,7892,10660.737391538987
CA,7893,10261.30662289412
CA,7894,9717.360103664737
CA,7895,9050.678924347784
CA,7896,8440.940342291135
CA,7897,8076.56706316246
CA,7898,7821.47971577773
CA,7899,7705.801059113085
CA,7900,7726.70504215987
CA,7901,7894.537097477281
CA,7902,8428.150267881755
CA,7903,9284.239471631553
CA,7904,9804.162232632002
CA,7905,9938.767858956348
CA,7906,9855.413939732154
CA,7907,9718.647199709626
CA,7908,9651.53938871014
CA,7909,9635.995587419265
CA,7910,9709.503254041554
CA,7911,9880.688952125336
CA,7912,10198.110560519265
CA,7913,10794.53822669723
CA,7914,11209.180225267337
CA,7915,11076.56904476928
CA,7916,10740.270612941002
CA,7917,10317.079306154072
CA,7918,9739.646665633186
CA,7919,9062.134045385877
CA,7920,8450.489305656431
CA,7921,8030.524471166938
CA,7922,7766.117243458749
CA,7923,7670.807885585475
CA,7924,7685.979395879537
CA,7925,7884.172263918526
CA,7926,8421.744360529509
CA,7927,9298.560012422552
CA,7928,9837.152559467556
CA,7929,9976.482626879328
CA,7930,9935.729801265518
CA,7931,9823.094765734208
CA,7932,9799.451293176983
CA,7933,9803.772719420499
CA,7934,9848.187911063503
CA,7935,9992.46140707155
CA,7936,10309.971960200988
CA,7937,10908.044880120185
CA,7938,11310.907837725326
CA,7939,11172.951145378837
CA,7940,10825.537618204569
CA,7941,10382.736106657857
CA,7942,9795.021313230949
CA,7943,9091.257973831567
CA,7944,8469.096280294286
CA,7945,7764.959097606912
CA,7946,7487.256898141002
CA,7947,7357.942447615162
CA,7948,7371.999802330769
CA,7949,7552.535336521408
CA,7950,8084.971687280678
CA,7951,8985.056774036464
CA,7952,9577.45653893904
CA,7953,9801.052356081488
CA,7954,9826.318099598804
CA,7955,9772.397888417455
CA,7956,9741.939113510258
CA,7957,9740.936708103021
CA,7958,9748.156197728731
CA,7959,9840.800463962529
CA,7960,10089.501109950875
CA,7961,10676.292602216813
CA,7962,11082.386341198676
CA,7963,10963.719944807266
CA,7964,10653.370637634163
CA,7965,10262.958376805999
CA,7966,9706.938440655929
CA,7967,9026.36967861047
CA,7968,8421.957022855162
CA,7969,8112.846012542223
CA,7970,7899.549816201472
CA,7971,7807.603970848505
CA,7972,7847.479586369368
CA,7973,8093.290740398972
CA,7974,8692.326734809686
CA,7975,9652.913201728659
CA,7976,10195.37793464966
CA,7977,10269.709853474883
CA,7978,10136.167644134286
CA,7979,9979.952363729263
CA,7980,9881.182059481295
CA,7981,9839.070090783027
CA,7982,9886.190586348224
CA,7983,10062.665797073416
CA,7984,10437.596650848853
CA,7985,11112.33431909756
CA,7986,11577.718039710524
CA,7987,11476.964266175598
CA,7988,11160.150414137313
CA,7989,10722.589156037701
CA,7990,10119.535312094023
CA,7991,9391.274787801235
CA,7992,8743.106134355473
CA,7993,8544.026625763273
CA,7994,8286.257994077546
CA,7995,8152.634643476576
CA,7996,8161.97664899894
CA,7997,8369.136057780258
CA,7998,8945.462089271652
CA,7999,9885.670692491734
CA,8000,10451.831296206251
CA,8001,10544.060712828184
CA,8002,10414.376981076227
CA,8003,10251.12290989694
CA,8004,10143.498191250178
CA,8005,10127.927014085282
CA,8006,10208.453371075098
CA,8007,10351.15091094469
CA,8008,10649.882138441766
CA,8009,11246.38170046639
CA,8010,11641.25654810923
CA,8011,11483.139860900371
CA,8012,11104.49037983697
CA,8013,10637.20801697186
CA,8014,10010.923417801376
CA,8015,9281.140232263253
CA,8016,8616.784824997467
CA,8017,8324.913626315613
CA,8018,8044.961078207685
CA,8019,7928.263081324281
CA,8020,7941.863272178557
CA,8021,8160.865884193328
CA,8022,8725.919299046346
CA,8023,9638.188449418726
CA,8024,10281.070360662737
CA,8025,10503.692044158253
CA,8026,10503.882284308773
CA,8027,10471.158458499811
CA,8028,10444.108202633728
CA,8029,10423.48387271783
CA,8030,10482.739409814457
CA,8031,10596.518374996059
CA,8032,10881.309722305778
CA,8033,11581.556219450095
CA,8034,11966.517206095903
CA,8035,11768.383891977592
CA,8036,11419.857094897234
CA,8037,10973.732838988239
CA,8038,10353.674765716763
CA,8039,9588.8916358741
CA,8040,8883.05338340569
CA,8041,8388.993296300695
CA,8042,8105.01219248927
CA,8043,7995.632621803322
CA,8044,8025.576876079763
CA,8045,8219.36708875794
CA,8046,8771.637649194655
CA,8047,9669.19262873376
CA,8048,10306.681553937263
CA,8049,10581.642027047362
CA,8050,10614.9445936523
CA,8051,10564.209244433927
CA,8052,10487.057376110439
CA,8053,10412.401102424859
CA,8054,10443.87902747429
CA,8055,10521.044461859749
CA,8056,10776.163610437665
CA,8057,11453.692048766545
CA,8058,11842.847312260858
CA,8059,11651.513277702133
CA,8060,11335.474018672722
CA,8061,10928.889256945498
CA,8062,10337.67623133563
CA,8063,9584.721949866456
CA,8064,8908.257408721946
CA,8065,8507.07644926723
CA,8066,8217.796428178422
CA,8067,8111.431246929673
CA,8068,8137.375292363044
CA,8069,8315.944234351917
CA,8070,8837.20409015072
CA,8071,9657.983151007116
CA,8072,10253.26823572581
CA,8073,10539.386045752321
CA,8074,10615.035601296524
CA,8075,10597.85739796178
CA,8076,10547.161188755073
CA,8077,10484.95888661143
CA,8078,10488.630991268668
CA,8079,10572.689202265453
CA,8080,10849.442304058913
CA,8081,11522.002825554367
CA,8082,11919.604568926504
CA,8083,11709.10212822767
CA,8084,11381.578001915539
CA,8085,10959.328576179596
CA,8086,10390.762432085591
CA,8087,9640.928152116034
CA,8088,8959.783104491422
CA,8089,8453.470439723247
CA,8090,8156.02079654761
CA,8091,8029.388402902045
CA,8092,8063.308430740692
CA,8093,8243.989511126856
CA,8094,8781.670665927221
CA,8095,9658.3358536753
CA,8096,10289.942292519193
CA,8097,10522.659374328235
CA,8098,10527.656261677887
CA,8099,10414.616997255068
CA,8100,10303.748548292274
CA,8101,10265.617622996608
CA,8102,10294.4418068851
CA,8103,10426.906709799292
CA,8104,10750.643213069162
CA,8105,11469.985743328225
CA,8106,11900.885596812376
CA,8107,11748.090481138245
CA,8108,11429.347703745671
CA,8109,11021.20062892549
CA,8110,10435.79900612883
CA,8111,9636.835569130808
CA,8112,8939.538769547365
CA,8113,8327.413774878563
CA,8114,8047.21819539207
CA,8115,7941.429310332288
CA,8116,7958.555331101601
CA,8117,8186.910684301498
CA,8118,8764.630772506319
CA,8119,9677.61675760042
CA,8120,10303.523774103327
CA,8121,10509.086726700964
CA,8122,10487.758574554904
CA,8123,10415.222640124824
CA,8124,10364.729974396683
CA,8125,10353.588480597395
CA,8126,10426.860507312847
CA,8127,10586.342907588909
CA,8128,10915.090358105866
CA,8129,11646.285387712188
CA,8130,12076.142896031882
CA,8131,11901.562332541129
CA,8132,11576.16371215789
CA,8133,11154.3316024248
CA,8134,10530.678765536576
CA,8135,9748.621938397136
CA,8136,9048.883374046843
CA,8137,8754.771624120513
CA,8138,8465.517767090379
CA,8139,8344.064286801096
CA,8140,8354.070670858897
CA,8141,8573.392063073086
CA,8142,9159.297482019356
CA,8143,10118.403315771625
CA,8144,10762.739638236829
CA,8145,11022.646574959227
CA,8146,11045.403478574952
CA,8147,10991.162819667151
CA,8148,10903.017300514678
CA,8149,10809.694011833866
CA,8150,10824.075106532232
CA,8151,10895.344027981333
CA,8152,11140.664889032228
CA,8153,11832.87009261439
CA,8154,12225.172711647582
CA,8155,12018.053263724813
CA,8156,11685.099580933281
CA,8157,11231.10857973745
CA,8158,10611.601803664415
CA,8159,9839.770567614984
CA,8160,9117.086516563013
CA,8161,8835.761520222235
CA,8162,8539.957804733499
CA,8163,8427.235845907962
CA,8164,8449.28295899564
CA,8165,8657.184536892842
CA,8166,9216.786632788732
CA,8167,10159.563046269193
CA,8168,10839.713105938532
CA,8169,11102.248709640962
CA,8170,11124.939193989297
CA,8171,11091.863037464767
CA,8172,11046.780208042339
CA,8173,10998.300028226613
CA,8174,11012.174857931488
CA,8175,11098.95468904484
CA,8176,11346.451119520035
CA,8177,12010.705176176382
CA,8178,12396.138149028905
CA,8179,12210.195437355539
CA,8180,11867.892072107727
CA,8181,11469.138427664051
CA,8182,10874.769462108393
CA,8183,10108.365488031192
CA,8184,9413.446287162296
CA,8185,8731.285160440185
CA,8186,8459.413687221254
CA,8187,8349.570091268268
CA,8188,8351.999470296628
CA,8189,8576.525010436221
CA,8190,9140.071730315684
CA,8191,10025.770854476399
CA,8192,10665.161844980739
CA,8193,10891.588058614959
CA,8194,10860.332499113525
CA,8195,10782.098032691817
CA,8196,10698.311747714225
CA,8197,10640.048727365873
CA,8198,10671.257394743305
CA,8199,10782.269286659242
CA,8200,11072.58342437552
CA,8201,11798.09723985625
CA,8202,12201.302749695621
CA,8203,12007.801265229544
CA,8204,11685.99495654858
CA,8205,11282.036541158446
CA,8206,10695.565171333282
CA,8207,9944.453639676112
CA,8208,9265.182258129439
CA,8209,8939.954756968136
CA,8210,8667.342791856523
CA,8211,8532.140845524317
CA,8212,8535.612620877084
CA,8213,8747.001408949021
CA,8214,9306.226928799852
CA,8215,10219.775725517641
CA,8216,10849.279230201152
CA,8217,11072.668256183878
CA,8218,11054.885335200778
CA,8219,10961.802178665746
CA,8220,10884.573127826812
CA,8221,10834.538323294643
CA,8222,10859.319892556538
CA,8223,10964.810392488756
CA,8224,11243.483081782948
CA,8225,11941.797551494986
CA,8226,12315.31070625687
CA,8227,12100.294451544904
CA,8228,11776.011702985162
CA,8229,11335.067466946414
CA,8230,10742.068167488279
CA,8231,9966.346003965551
CA,8232,9288.60715521744
CA,8233,8792.228398055945
CA,8234,8491.54816054975
CA,8235,8364.292775783326
CA,8236,8377.574111708697
CA,8237,8580.135956240268
CA,8238,9106.914677713425
CA,8239,9984.662207637324
CA,8240,10601.655427172474
CA,8241,10884.598866355791
CA,8242,10940.13885518629
CA,8243,10912.81777515352
CA,8244,10834.831816531418
CA,8245,10768.159717415744
CA,8246,10792.579550745765
CA,8247,10879.774735846496
CA,8248,11155.900861057692
CA,8249,11842.49574705183
CA,8250,12215.873342522261
CA,8251,12039.906599473582
CA,8252,11724.16144657542
CA,8253,11326.039452278817
CA,8254,10730.094350485848
CA,8255,9964.448515159019
CA,8256,9275.05685139953
CA,8257,8567.779742438965
CA,8258,8254.394395052294
CA,8259,8145.680880329623
CA,8260,8183.861645168452
CA,8261,8375.89946997168
CA,8262,8920.139285049098
CA,8263,9791.93147982216
CA,8264,10449.586586896315
CA,8265,10769.332896259547
CA,8266,10906.14566260736
CA,8267,10907.828708578773
CA,8268,10872.079333623704
CA,8269,10818.784251994987
CA,8270,10787.910812118827
CA,8271,10881.630133381144
CA,8272,11181.548616989131
CA,8273,11875.12424092917
CA,8274,12287.913834544883
CA,8275,12108.70782166359
CA,8276,11784.975268849143
CA,8277,11374.385535237865
CA,8278,10774.865608516368
CA,8279,10010.62764299886
CA,8280,9309.183294000183
CA,8281,8718.173851800778
CA,8282,8444.484697143473
CA,8283,8321.944693564891
CA,8284,8330.47075334081
CA,8285,8537.160569866861
CA,8286,9114.205775574948
CA,8287,10014.375346387514
CA,8288,10663.038625299633
CA,8289,10901.67491895948
CA,8290,10889.096332123414
CA,8291,10770.567307347328
CA,8292,10643.07953704382
CA,8293,10550.05983453041
CA,8294,10555.341337930995
CA,8295,10681.880149681826
CA,8296,10995.76349641169
CA,8297,11740.87967189858
CA,8298,12167.815497998896
CA,8299,12000.14415842134
CA,8300,11675.708667064988
CA,8301,11270.190744530936
CA,8302,10651.571693442927
CA,8303,9865.483849176286
CA,8304,9134.767177663678
CA,8305,8764.434311489445
CA,8306,8471.783842558732
CA,8307,8357.624302638332
CA,8308,8384.307973406402
CA,8309,8612.432408982407
CA,8310,9213.908390747031
CA,8311,10175.014224786924
CA,8312,10823.45574368642
CA,8313,11023.150080887728
CA,8314,10969.95479050649
CA,8315,10859.345496381897
CA,8316,10758.112881987556
CA,8317,10650.30699812617
CA,8318,10671.815609868815
CA,8319,10800.923570424024
CA,8320,11102.740400216836
CA,8321,11812.505580767509
CA,8322,12239.387658013815
CA,8323,12045.14527006275
CA,8324,11723.793736042897
CA,8325,11326.869485740687
CA,8326,10721.88698810493
CA,8327,9945.061149542294
CA,8328,9236.919959354307
CA,8329,8879.309911224723
CA,8330,8589.289701979066
CA,8331,8476.527433681293
CA,8332,8479.422574843104
CA,8333,8692.921936693043
CA,8334,9236.457098250032
CA,8335,10163.358466505453
CA,8336,10825.223368987043
CA,8337,11048.29326445595
CA,8338,11014.82650814464
CA,8339,10929.856913412667
CA,8340,10858.036094356393
CA,8341,10786.16027165676
CA,8342,10833.481156976815
CA,8343,10960.455489492555
CA,8344,11265.441353911728
CA,8345,11968.94785916196
CA,8346,12374.378688329307
CA,8347,12184.018315988078
CA,8348,11830.43842639349
CA,8349,11416.61156138754
CA,8350,10811.849874715024
CA,8351,10038.544561941418
CA,8352,9334.264586540712
CA,8353,8705.585628866144
CA,8354,8397.286977996396
CA,8355,8274.457288953862
CA,8356,8315.954170429924
CA,8357,8532.166719932404
CA,8358,9049.42263451592
CA,8359,9957.326799764578
CA,8360,10610.436921941664
CA,8361,10880.014534720532
CA,8362,10874.059233999537
CA,8363,10795.454309500537
CA,8364,10709.359669813557
CA,8365,10660.083302244601
CA,8366,10716.895786686973
CA,8367,10820.50020216829
CA,8368,11095.514118664353
CA,8369,11816.062824903126
CA,8370,12223.653672028265
CA,8371,12021.14334502386
CA,8372,11680.74481368597
CA,8373,11307.268508411799
CA,8374,10695.755617271548
CA,8375,9937.171306121892
CA,8376,9207.055255806537
CA,8377,8783.33830092731
CA,8378,8491.573655950566
CA,8379,8378.967620144037
CA,8380,8384.705871590482
CA,8381,8585.364898390281
CA,8382,9130.370371763215
CA,8383,10036.549046351478
CA,8384,10710.675003594925
CA,8385,10987.703927822333
CA,8386,11035.651223372431
CA,8387,11002.116649918054
CA,8388,10934.136609006432
CA,8389,10869.499024054582
CA,8390,10864.521742456377
CA,8391,10945.580783396785
CA,8392,11201.754785516087
CA,8393,11886.706085387289
CA,8394,12278.508167865773
CA,8395,12093.143806048046
CA,8396,11759.281164633409
CA,8397,11334.570303632653
CA,8398,10744.003946605257
CA,8399,9968.722108659067
CA,8400,9252.448438233948
CA,8401,8769.019360694754
CA,8402,8473.709016777212
CA,8403,8347.89977660874
CA,8404,8348.914838588593
CA,8405,8524.644601196005
CA,8406,9040.734495529314
CA,8407,9882.384673900848
CA,8408,10492.299544376591
CA,8409,10770.0332293488
CA,8410,10838.949682629668
CA,8411,10795.250188256059
CA,8412,10746.603828424456
CA,8413,10705.7634948508
CA,8414,10715.093632840784
CA,8415,10826.878098611799
CA,8416,11051.773345006458
CA,8417,11720.36334237557
CA,8418,12101.801566948494
CA,8419,11896.70582705285
CA,8420,11568.013700264954
CA,8421,11183.052223992654
CA,8422,10608.781033614337
CA,8423,9876.092696696068
CA,8424,9184.272037963373
CA,8425,8784.199208966164
CA,8426,8501.920961070722
CA,8427,8374.017105134612
CA,8428,8375.87178973107
CA,8429,8571.848089531565
CA,8430,9105.516535835406
CA,8431,9964.192237217507
CA,8432,10593.887269241044
CA,8433,10874.065170475465
CA,8434,10924.582637393637
CA,8435,10869.406664590871
CA,8436,10766.08173141748
CA,8437,10688.476493132848
CA,8438,10720.772541391316
CA,8439,10836.091285154314
CA,8440,11133.648610591253
CA,8441,11828.442590340115
CA,8442,12241.510272148808
CA,8443,12108.557737199213
CA,8444,11782.321289554677
CA,8445,11382.885024237329
CA,8446,10808.59110162106
CA,8447,10041.124916053526
CA,8448,9368.400156434667
CA,8449,8925.576630800764
CA,8450,8665.496862266854
CA,8451,8549.947301609953
CA,8452,8572.322557363092
CA,8453,8801.068354944208
CA,8454,9363.140604160137
CA,8455,10283.054501135851
CA,8456,10922.744926228894
CA,8457,11152.644436600493
CA,8458,11138.879912782743
CA,8459,11033.254381833176
CA,8460,10950.975657735778
CA,8461,10896.053696456766
CA,8462,10932.229263084738
CA,8463,11037.457259780687
CA,8464,11315.749629611483
CA,8465,12036.747933663445
CA,8466,12465.145160311838
CA,8467,12306.5546426068
CA,8468,12009.475491526342
CA,8469,11604.071378803505
CA,8470,11008.216151873262
CA,8471,10231.273670216472
CA,8472,9524.43723954066
CA,8473,9043.145549101718
CA,8474,8764.675951171158
CA,8475,8654.466038962365
CA,8476,8679.608329565934
CA,8477,8910.599557631283
CA,8478,9520.168287864626
CA,8479,10470.794443323888
CA,8480,11137.45147273401
CA,8481,11339.767692243786
CA,8482,11290.127587999159
CA,8483,11160.821104620803
CA,8484,11037.772318984619
CA,8485,10948.711267526294
CA,8486,10973.7333665009
CA,8487,11096.301669866863
CA,8488,11403.923330909338
CA,8489,12140.89210771562
CA,8490,12580.2124717968
CA,8491,12423.144182437012
CA,8492,12125.497135895744
CA,8493,11726.04640827471
CA,8494,11135.193487004102
CA,8495,10369.03383858187
CA,8496,9647.254546356452
CA,8497,9110.824426104537
CA,8498,8843.940939899971
CA,8499,8722.625586479166
CA,8500,8737.877481597513
CA,8501,8949.92315650905
CA,8502,9526.670101013442
CA,8503,10440.214136228834
CA,8504,11105.003609502946
CA,8505,11322.142057155046
CA,8506,11263.352805610657
CA,8507,11118.895497470161
CA,8508,10982.420387580968
CA,8509,10883.56334806334
CA,8510,10900.521108906496
CA,8511,11026.38953484452
CA,8512,11341.314428463367
CA,8513,12061.887452666387
CA,8514,12491.663654336332
CA,8515,12301.41571659968
CA,8516,11986.698638232491
CA,8517,11590.414104990257
CA,8518,10998.88667676269
CA,8519,10224.5519090185
CA,8520,9514.68441175161
CA,8521,8684.681812201886
CA,8522,8395.207082608202
CA,8523,8264.804349293703
CA,8524,8273.122731006763
CA,8525,8477.02885782495
CA,8526,9010.986209230285
CA,8527,9897.592349856073
CA,8528,10586.63714247834
CA,8529,10864.189363523042
CA,8530,10911.095960918294
CA,8531,10870.291899957063
CA,8532,10762.775778290205
CA,8533,10658.22164987766
CA,8534,10660.15915047963
CA,8535,10750.85409617092
CA,8536,11029.671352435587
CA,8537,11730.67657753228
CA,8538,12139.216853968714
CA,8539,11940.117687570384
CA,8540,11612.300092971221
CA,8541,11197.10041704218
CA,8542,10602.477834532465
CA,8543,9843.264211881646
CA,8544,9139.590104638286
CA,8545,8798.65884603191
CA,8546,8510.072469187996
CA,8547,8388.912422457077
CA,8548,8387.068381910865
CA,8549,8588.154561899016
CA,8550,9105.033466258144
CA,8551,9952.052934446643
CA,8552,10583.98173117534
CA,8553,10839.219880162114
CA,8554,10838.173134750726
CA,8555,10738.02808568892
CA,8556,10627.677275916495
CA,8557,10550.888826145867
CA,8558,10568.786789045934
CA,8559,10677.652110324365
CA,8560,10930.32176320592
CA,8561,11613.674629566507
CA,8562,11990.667418826941
CA,8563,11788.0644559688
CA,8564,11467.932043582328
CA,8565,11095.872966919265
CA,8566,10530.785458200459
CA,8567,9790.28673920765
CA,8568,9108.665504674105
CA,8569,8752.763070672618
CA,8570,8450.729698548006
CA,8571,8326.646739645525
CA,8572,8323.848757169698
CA,8573,8512.452773995939
CA,8574,8998.875952977034
CA,8575,9787.929051327954
CA,8576,10434.977358187934
CA,8577,10789.516079129
CA,8578,10922.866912941625
CA,8579,10907.679954942811
CA,8580,10856.493248746752
CA,8581,10801.535435412932
CA,8582,10808.447638468287
CA,8583,10898.340217992002
CA,8584,11150.253090083861
CA,8585,11783.273473714099
CA,8586,12092.286758863901
CA,8587,11836.366230951135
CA,8588,11494.80512061418
CA,8589,11139.261803508017
CA,8590,10645.84101252549
CA,8591,10004.15724408914
CA,8592,9374.929605900164
CA,8593,9108.974008552757
CA,8594,8824.83110884626
CA,8595,8689.340327375735
CA,8596,8691.229131968434
CA,8597,8844.1733275685
CA,8598,9282.829250646856
CA,8599,10009.118773862298
CA,8600,10597.422113596021
CA,8601,10901.990820320226
CA,8602,10947.175278458865
CA,8603,10855.985765109578
CA,8604,10756.00931352955
CA,8605,10672.34143621218
CA,8606,10626.922309293656
CA,8607,10676.88535363703
CA,8608,10914.730285731789
CA,8609,11543.314190816838
CA,8610,11880.465424950444
CA,8611,11713.602940148945
CA,8612,11443.543330196864
CA,8613,11109.864044672467
CA,8614,10608.291469313595
CA,8615,9929.292529398626
CA,8616,9289.47921659183
CA,8617,8836.840634219707
CA,8618,8562.505754142531
CA,8619,8448.590489384198
CA,8620,8458.926088668807
CA,8621,8661.929620873156
CA,8622,9175.134145595669
CA,8623,9993.730669907087
CA,8624,10633.215880894673
CA,8625,10967.329219999382
CA,8626,11055.627871235364
CA,8627,11035.719786751974
CA,8628,11006.648604176133
CA,8629,10979.600825083306
CA,8630,10992.910201016738
CA,8631,11084.990392939448
CA,8632,11363.93722065981
CA,8633,12077.889881981646
CA,8634,12479.286001220263
CA,8635,12285.037639559938
CA,8636,11942.171434395158
CA,8637,11531.681991524902
CA,8638,10949.116823442996
CA,8639,10200.686352245187
CA,8640,9512.996161227294
CA,8641,8643.866738563682
CA,8642,8353.922804547887
CA,8643,8232.159750389899
CA,8644,8223.713196148074
CA,8645,8453.265271963517
CA,8646,8993.368497278365
CA,8647,9859.521937273632
CA,8648,10494.399556874027
CA,8649,10792.035887054235
CA,8650,10884.40421951633
CA,8651,10867.779071301493
CA,8652,10791.005975106449
CA,8653,10684.006834561261
CA,8654,10686.180353131013
CA,8655,10750.979150483035
CA,8656,11019.086188480115
CA,8657,11702.192181063461
CA,8658,12101.059321786787
CA,8659,11906.868868356462
CA,8660,11583.3125912909
CA,8661,11181.440414446106
CA,8662,10597.612950165084
CA,8663,9849.513758327314
CA,8664,9144.637086009524
CA,8665,8673.44755645492
CA,8666,8377.840489931035
CA,8667,8255.38894270539
CA,8668,8254.462467368757
CA,8669,8440.806607660372
CA,8670,8945.241189280042
CA,8671,9767.205840396427
CA,8672,10408.430836305833
CA,8673,10717.968063358596
CA,8674,10782.14964150143
CA,8675,10719.905695515733
CA,8676,10595.894876235057
CA,8677,10482.019040727014
CA,8678,10448.131419681761
CA,8679,10535.779496027587
CA,8680,10802.976771382829
CA,8681,11491.879527317012
CA,8682,11921.761007628028
CA,8683,11715.082702315753
CA,8684,11423.424553170971
CA,8685,11013.100269900324
CA,8686,10454.52172265096
CA,8687,9738.524093665454
CA,8688,9047.47731994475
CA,8689,8563.890930555203
CA,8690,8277.321920293021
CA,8691,8148.754319608212
CA,8692,8137.071977041767
CA,8693,8339.853218370614
CA,8694,8822.513489789037
CA,8695,9643.745565969942
CA,8696,10280.315245751712
CA,8697,10590.8106605392
CA,8698,10648.080183395987
CA,8699,10635.095079742351
CA,8700,10580.45568968111
CA,8701,10534.087249422079
CA,8702,10578.87750456216
CA,8703,10691.65186629615
CA,8704,10955.74970787414
CA,8705,11635.181470445199
CA,8706,12015.327046625732
CA,8707,11799.485338777773
CA,8708,11458.038656059088
CA,8709,11041.757617414493
CA,8710,10461.094943497963
CA,8711,9742.215055867167
CA,8712,9057.651803370684
CA,8713,8871.029131849726
CA,8714,8578.048474532407
CA,8715,8448.903583876342
CA,8716,8447.322267335018
CA,8717,8637.154891186986
CA,8718,9134.91683175191
CA,8719,9956.818872068133
CA,8720,10612.197021107438
CA,8721,10943.992253377077
CA,8722,11054.95838240735
CA,8723,11049.66415238724
CA,8724,11019.738896421801
CA,8725,10968.337021557055
CA,8726,10967.408218985788
CA,8727,11029.746673344778
CA,8728,11240.031633503618
CA,8729,11889.145938726774
CA,8730,12275.87254804223
CA,8731,12063.444411350956
CA,8732,11725.226469630838
CA,8733,11316.963946019381
CA,8734,10745.826281990928
CA,8735,9997.343859543376
CA,8736,9314.624131222772
CA,8737,8940.060002503152
CA,8738,8634.602612057346
CA,8739,8503.295959613368
CA,8740,8497.631139429467
CA,8741,8664.710866080886
CA,8742,9133.624224832603
CA,8743,9898.190479074847
CA,8744,10487.262118908081
CA,8745,10811.984021255322
CA,8746,10946.031175172283
CA,8747,10983.65304223256
CA,8748,10944.05776360681
CA,8749,10902.28316898159
CA,8750,10918.43047037183
CA,8751,10973.297251233246
CA,8752,11223.724367274668
CA,8753,11876.259664906392
CA,8754,12241.690409494892
CA,8755,11951.688982748536
CA,8756,11556.524567069843
CA,8757,11116.446596691667
CA,8758,10562.100335452048
CA,8759,9885.807764753347
CA,8760,9248.548677482713
NY,1,7459.695265304715
NY,2,7276.0211114650755
NY,3,7147.505535870676
NY,4,7114.123240149309
NY,5,7194.673383619722
NY,6,7462.500230983624
NY,7,7922.280721803302
NY,8,8302.913951014666
NY,9,8462.598020180748
NY,10,8558.077953317648
NY,11,8607.279040392417
NY,12,8589.684496462787
NY,13,8519.056507130859
NY,14,8476.002057760205
NY,15,8519.062464913375
NY,16,8663.655604517245
NY,17,9023.226035512842
NY,18,9492.579980692009
NY,19,9501.235277178418
NY,20,9313.910023497641
NY,21,9069.14316754049
NY,22,8698.469088551098
NY,23,8224.125086455722
NY,24,7797.613057306697
NY,25,7659.322261960095
NY,26,7504.073855707997
NY,27,7416.170293506648
NY,28,7412.090582691719
NY,29,7511.217204831664
NY,30,7825.1205620182045
NY,31,8351.798454965726
NY,32,8794.34296893171
NY,33,8989.242104472387
NY,34,9106.959210867451
NY,35,9154.091651543649
NY,36,9136.213150060296
NY,37,9077.152898766412
NY,38,9043.488359337587
NY,39,9041.57182035079
NY,40,9167.218247186089
NY,41,9523.436390675084
NY,42,9999.61603191172
NY,43,9992.674585575331
NY,44,9788.246064027627
NY,45,9503.668584095594
NY,46,9092.896695039887
NY,47,8576.657313183732
NY,48,8115.324068990072
NY,49,7895.738858813123
NY,50,7706.66618771237
NY,51,7576.660167733239
NY,52,7581.083795541754
NY,53,7669.231800852721
NY,54,8006.968906842934
NY,55,8579.390153498123
NY,56,9031.937921299178
NY,57,9210.795664690655
NY,58,9302.48043811286
NY,59,9370.106980632567
NY,60,9372.184517688957
NY,61,9312.5818644334
NY,62,9285.241569003068
NY,63,9263.529941393074
NY,64,9335.678506162175
NY,65,9648.598679987439
NY,66,10096.661214340235
NY,67,10078.529114489578
NY,68,9864.16119791703
NY,69,9574.500670578903
NY,70,9153.406564426556
NY,71,8629.866512468555
NY,72,8180.231798956896
NY,73,7681.001301837585
NY,74,7508.812888114123
NY,75,7407.898755243021
NY,76,7404.137546061056
NY,77,7508.825937230019
NY,78,7880.317301592027
NY,79,8511.243097349867
NY,80,8984.889942061582
NY,81,9140.12720278073
NY,82,9163.669071449817
NY,83,9151.600153791067
NY,84,9102.007642398725
NY,85,9017.840564097966
NY,86,8990.371034609053
NY,87,8985.21194185183
NY,88,9063.250248825097
NY,89,9379.50740970449
NY,90,9850.144745017179
NY,91,9827.40904458613
NY,92,9618.215811679134
NY,93,9326.260213123364
NY,94,8923.676083496472
NY,95,8394.688728245884
NY,96,7935.718240791633
NY,97,7715.196662637237
NY,98,7539.102140619983
NY,99,7442.80127150665
NY,100,7425.79630144215
NY,101,7545.372109339558
NY,102,7878.215225048129
NY,103,8463.064985192371
NY,104,8931.733933123764
NY,105,9080.458580333264
NY,106,9133.861705104346
NY,107,9138.002324751712
NY,108,9091.338888888162
NY,109,9011.408305533784
NY,110,8973.785217946505
NY,111,8956.012604740607
NY,112,9052.657840880459
NY,113,9378.967615733632
NY,114,9840.381222157685
NY,115,9825.392785673188
NY,116,9629.992032603093
NY,117,9347.26453836307
NY,118,8925.150797174018
NY,119,8409.427043788744
NY,120,7950.704104896407
NY,121,7870.541599577383
NY,122,7693.246360211165
NY,123,7591.726840014777
NY,124,7581.505546410553
NY,125,7700.941780908645
NY,126,8033.720728135863
NY,127,8624.211239778951
NY,128,9092.886974836654
NY,129,9282.118065839198
NY,130,9346.686559121947
NY,131,9355.636617693493
NY,132,9300.26393261933
NY,133,9234.771516738203
NY,134,9208.589574923726
NY,135,9208.664113088853
NY,136,9321.78902909398
NY,137,9658.41978874532
NY,138,10136.587637755477
NY,139,10134.958964541347
NY,140,9933.5806165437
NY,141,9667.025503474612
NY,142,9262.60759372387
NY,143,8758.951494372642
NY,144,8315.431948577997
NY,145,8162.245427803354
NY,146,7999.205211746631
NY,147,7913.747143606864
NY,148,7889.339147915568
NY,149,8012.918221891466
NY,150,8359.121731541087
NY,151,8957.657020983628
NY,152,9408.789279394618
NY,153,9544.134621537331
NY,154,9589.158841805526
NY,155,9577.82128019556
NY,156,9510.272458570737
NY,157,9430.04168081987
NY,158,9382.390892999004
NY,159,9374.365862675864
NY,160,9470.89724657982
NY,161,9807.143679748744
NY,162,10272.421771568322
NY,163,10258.458585291827
NY,164,10062.690140775304
NY,165,9781.70287420629
NY,166,9376.92893033227
NY,167,8858.641821940626
NY,168,8411.026399243111
NY,169,8152.66622140334
NY,170,7969.852278317689
NY,171,7876.402756572401
NY,172,7854.285432022815
NY,173,7943.882883566691
NY,174,8270.696666590098
NY,175,8837.32258058175
NY,176,9290.790166138809
NY,177,9476.525570718614
NY,178,9521.354229591052
NY,179,9501.818847492284
NY,180,9432.74453588295
NY,181,9333.786112683994
NY,182,9287.06031846313
NY,183,9276.492076023027
NY,184,9399.913609023503
NY,185,9767.067876989751
NY,186,10263.273087683734
NY,187,10265.56587811995
NY,188,10062.493538504967
NY,189,9788.435330018125
NY,190,9383.811394148989
NY,191,8874.375335952747
NY,192,8448.781340053733
NY,193,8097.300731190934
NY,194,7925.179540905421
NY,195,7817.983320936861
NY,196,7794.909102452345
NY,197,7906.927662282905
NY,198,8238.317143670532
NY,199,8804.00151877132
NY,200,9256.764038905017
NY,201,9434.350924870696
NY,202,9506.476359974272
NY,203,9526.328562282622
NY,204,9489.075629799242
NY,205,9410.0699331836
NY,206,9369.677556396608
NY,207,9349.712272634463
NY,208,9462.71392739403
NY,209,9820.438400683143
NY,210,10290.677956851288
NY,211,10283.277966195785
NY,212,10085.305300913488
NY,213,9811.6215814462
NY,214,9410.309354314306
NY,215,8909.861407298386
NY,216,8466.626351756794
NY,217,8350.818176776455
NY,218,8182.864672572896
NY,219,8110.40299805736
NY,220,8102.202506315333
NY,221,8232.700739842393
NY,222,8599.390675382809
NY,223,9186.576677151214
NY,224,9641.967294030483
NY,225,9777.283220660717
NY,226,9807.127852164635
NY,227,9781.842902292261
NY,228,9738.894840969317
NY,229,9655.056714509088
NY,230,9602.736523339413
NY,231,9599.440171173818
NY,232,9749.066019216363
NY,233,10089.721747869328
NY,234,10609.823683718227
NY,235,10630.994851839777
NY,236,10449.17592609862
NY,237,10171.562582794706
NY,238,9763.744382031659
NY,239,9243.967070567628
NY,240,8793.583471215431
NY,241,8255.606465406101
NY,242,8081.130577816381
NY,243,7989.967633146427
NY,244,7972.537515155387
NY,245,8089.212530884557
NY,246,8455.798022064174
NY,247,9084.658159661595
NY,248,9561.54893032624
NY,249,9682.78042228784
NY,250,9702.771555184821
NY,251,9668.962123958936
NY,252,9572.95020163115
NY,253,9497.957009608193
NY,254,9458.319331197481
NY,255,9438.405066751127
NY,256,9533.78337206243
NY,257,9864.624427103982
NY,258,10344.21678644336
NY,259,10350.253700691972
NY,260,10144.919733129505
NY,261,9862.585662632203
NY,262,9451.476818476737
NY,263,8931.017432336164
NY,264,8485.981433203662
NY,265,7912.361366113527
NY,266,7729.783343242339
NY,267,7615.3574031043885
NY,268,7588.620519789447
NY,269,7686.418641557323
NY,270,8039.37467858638
NY,271,8622.796498194118
NY,272,9098.401071804666
NY,273,9286.42196797339
NY,274,9359.400195213881
NY,275,9370.928074629022
NY,276,9318.970401960184
NY,277,9232.736036811746
NY,278,9189.889880245364
NY,279,9157.388946679491
NY,280,9232.778178164695
NY,281,9537.433273764051
NY,282,9984.923074366582
NY,283,9987.664163499723
NY,284,9790.109003110492
NY,285,9503.570895626204
NY,286,9097.694946443225
NY,287,8582.593921373322
NY,288,8127.933219037095
NY,289,7810.474009331388
NY,290,7638.833592671811
NY,291,7560.824457794031
NY,292,7558.962351414632
NY,293,7686.467614751413
NY,294,8048.794240040495
NY,295,8649.20409191372
NY,296,9124.28899734042
NY,297,9303.738082583228
NY,298,9373.484977098851
NY,299,9379.118110929118
NY,300,9332.340811625505
NY,301,9265.018706315116
NY,302,9211.62882842027
NY,303,9191.074550801147
NY,304,9269.269231369108
NY,305,9586.279557948329
NY,306,10054.386150642777
NY,307,10050.732631376897
NY,308,9839.259993108556
NY,309,9564.02634778671
NY,310,9157.078012662657
NY,311,8644.57779153094
NY,312,8195.280607086117
NY,313,7871.220847294147
NY,314,7701.8965072851415
NY,315,7606.609479949812
NY,316,7604.987384861928
NY,317,7722.114085911249
NY,318,8086.868523017701
NY,319,8698.896738302205
NY,320,9178.13600336935
NY,321,9351.171047925936
NY,322,9421.298818735366
NY,323,9421.863036418054
NY,324,9372.47671640234
NY,325,9283.452451195918
NY,326,9244.485022023024
NY,327,9218.271419090167
NY,328,9311.21471797767
NY,329,9635.889463083164
NY,330,10145.033558495088
NY,331,10161.393786459481
NY,332,9973.402443068823
NY,333,9714.865429664476
NY,334,9334.357604961351
NY,335,8837.290175613369
NY,336,8380.703507314323
NY,337,8351.91989031419
NY,338,8194.918242712594
NY,339,8118.838993789893
NY,340,8119.3929812274
NY,341,8233.27244196993
NY,342,8561.334682422109
NY,343,9130.48692713242
NY,344,9572.71321264598
NY,345,9733.949078581254
NY,346,9777.895726041617
NY,347,9763.375306578308
NY,348,9697.768183120623
NY,349,9611.79957201356
NY,350,9555.88175636379
NY,351,9540.857465395895
NY,352,9652.751456377123
NY,353,9989.59722840273
NY,354,10479.993134213412
NY,355,10466.326412544444
NY,356,10289.052303480826
NY,357,10031.1540944834
NY,358,9637.259952432627
NY,359,9126.586218271374
NY,360,8699.514607441959
NY,361,8314.579682592594
NY,362,8148.412367726472
NY,363,8038.418886930636
NY,364,8032.370950345491
NY,365,8125.804726649616
NY,366,8452.401737529629
NY,367,9002.2135867365
NY,368,9452.660705213182
NY,369,9623.122705856574
NY,370,9648.029407086158
NY,371,9606.854688511257
NY,372,9528.945318110626
NY,373,9427.388080264233
NY,374,9385.21578193339
NY,375,9394.25027484671
NY,376,9534.081471541166
NY,377,9904.62905666669
NY,378,10420.389964405306
NY,379,10429.468734828216
NY,380,10239.048365626203
NY,381,9978.097903976655
NY,382,9572.90865193684
NY,383,9070.929974307958
NY,384,8635.65691890345
NY,385,8279.343653967134
NY,386,8102.613019998016
NY,387,8027.346261007072
NY,388,8006.598064107944
NY,389,8125.684237091118
NY,390,8482.379669116456
NY,391,9041.40266883026
NY,392,9472.769758101554
NY,393,9612.887188112872
NY,394,9626.281968740226
NY,395,9628.137246125108
NY,396,9596.5957067495
NY,397,9517.790561980737
NY,398,9484.13797119204
NY,399,9451.91955184402
NY,400,9532.401400292706
NY,401,9840.547772198335
NY,402,10306.262112686145
NY,403,10298.367170012199
NY,404,10090.583068924746
NY,405,9797.323765408084
NY,406,9375.573648291702
NY,407,8846.095686338185
NY,408,8382.821891169995
NY,409,8406.767436061049
NY,410,8231.398224749208
NY,411,8134.553622580436
NY,412,8114.554938658454
NY,413,8234.17565971701
NY,414,8588.743394542286
NY,415,9192.357941505882
NY,416,9663.41356953168
NY,417,9831.030325543423
NY,418,9897.154928531428
NY,419,9916.728080631247
NY,420,9879.51506602958
NY,421,9816.3122249049
NY,422,9775.737477359296
NY,423,9761.05905189033
NY,424,9846.128453891327
NY,425,10150.338750402135
NY,426,10624.585579041677
NY,427,10617.736845968109
NY,428,10413.153516565474
NY,429,10129.754013182273
NY,430,9718.07644719477
NY,431,9215.591847524092
NY,432,8772.460754932695
NY,433,8375.054759215658
NY,434,8195.226197653826
NY,435,8100.364986633439
NY,436,8076.393049573655
NY,437,8186.468716470575
NY,438,8523.50719621039
NY,439,9111.275492300098
NY,440,9562.541464745165
NY,441,9718.764663252943
NY,442,9781.390786913011
NY,443,9793.006093129497
NY,444,9743.325333324359
NY,445,9660.693021531356
NY,446,9613.829574645633
NY,447,9570.5220123269
NY,448,9638.940327879796
NY,449,9936.610023512243
NY,450,10400.55410228339
NY,451,10397.402422458088
NY,452,10187.725692868275
NY,453,9902.833163954783
NY,454,9471.926303437884
NY,455,8956.671782923255
NY,456,8499.84492855209
NY,457,7947.7022445818095
NY,458,7771.190428942474
NY,459,7697.855092698877
NY,460,7675.764976096253
NY,461,7803.745854335937
NY,462,8156.221649276853
NY,463,8748.552133633387
NY,464,9234.52420474756
NY,465,9418.919073077884
NY,466,9508.112709636439
NY,467,9540.533713796718
NY,468,9511.128171787623
NY,469,9448.585544651683
NY,470,9426.756821672226
NY,471,9412.099047411907
NY,472,9515.32297547492
NY,473,9851.3345174719
NY,474,10359.493718990702
NY,475,10379.755298897903
NY,476,10196.146025942417
NY,477,9939.674852688324
NY,478,9547.306438051264
NY,479,9043.63543673597
NY,480,8599.61760770028
NY,481,8048.021429456496
NY,482,7900.853706244556
NY,483,7817.878334699831
NY,484,7805.25436520327
NY,485,7932.369676183216
NY,486,8270.655742692925
NY,487,8848.21949673375
NY,488,9327.895465439124
NY,489,9511.905650949243
NY,490,9582.51053251713
NY,491,9595.826214541784
NY,492,9549.288075367203
NY,493,9460.346048573793
NY,494,9407.36464972769
NY,495,9375.801581629597
NY,496,9462.594639645122
NY,497,9788.402367924643
NY,498,10263.723635462169
NY,499,10283.328466667994
NY,500,10081.615125366087
NY,501,9814.902772964116
NY,502,9393.079369399292
NY,503,8883.149893143099
NY,504,8423.540905849086
NY,505,8584.058078872108
NY,506,8412.845837500514
NY,507,8320.083156297297
NY,508,8312.225689640742
NY,509,8432.577412900512
NY,510,8769.208994344226
NY,511,9319.979559900071
NY,512,9748.910562458791
NY,513,9892.850443248655
NY,514,9920.501238679504
NY,515,9886.168779309168
NY,516,9811.70799078217
NY,517,9724.521056781976
NY,518,9671.183133014154
NY,519,9655.317217874382
NY,520,9742.775869131089
NY,521,10055.295324653802
NY,522,10550.113411012473
NY,523,10574.704396983451
NY,524,10386.147543869344
NY,525,10118.645172017494
NY,526,9697.487217869408
NY,527,9177.222182773242
NY,528,8719.782629936503
NY,529,8510.929779875081
NY,530,8331.818879250045
NY,531,8231.905205811978
NY,532,8208.521135098358
NY,533,8298.072767618489
NY,534,8623.062922407687
NY,535,9182.423348456489
NY,536,9619.423794516184
NY,537,9801.9423704743
NY,538,9869.121916859198
NY,539,9871.749319721468
NY,540,9816.168728947583
NY,541,9736.933755545126
NY,542,9690.76183569907
NY,543,9665.268111231713
NY,544,9739.261172284174
NY,545,10044.051341422021
NY,546,10524.197702154595
NY,547,10537.22027513075
NY,548,10340.5375439082
NY,549,10048.721648803612
NY,550,9628.926091599705
NY,551,9111.772487099719
NY,552,8658.844315720263
NY,553,8013.379100516653
NY,554,7855.3621415785555
NY,555,7765.015498223287
NY,556,7753.099645455138
NY,557,7881.109157640523
NY,558,8231.061114354842
NY,559,8844.192591578988
NY,560,9312.303847304554
NY,561,9475.016103765855
NY,562,9519.137172353052
NY,563,9528.861788472874
NY,564,9477.917314293743
NY,565,9425.681859192826
NY,566,9409.931667197931
NY,567,9415.521997692466
NY,568,9512.185036833516
NY,569,9821.439179838531
NY,570,10301.236981512272
NY,571,10328.236710192284
NY,572,10127.227228529403
NY,573,9837.045065966922
NY,574,9422.743396599692
NY,575,8908.305129041771
NY,576,8443.969354080988
NY,577,8363.691005437033
NY,578,8195.242551729923
NY,579,8112.079412765308
NY,580,8099.466340440227
NY,581,8221.926734760656
NY,582,8614.723017635002
NY,583,9240.460324102715
NY,584,9724.907535250761
NY,585,9870.836330101412
NY,586,9889.516899874614
NY,587,9881.528726127287
NY,588,9805.921608808799
NY,589,9719.671852425819
NY,590,9681.020621379822
NY,591,9658.941123321247
NY,592,9737.302608492707
NY,593,10060.720307232355
NY,594,10558.242053359072
NY,595,10590.341088548453
NY,596,10399.693644202266
NY,597,10127.162438907723
NY,598,9712.69595025729
NY,599,9210.876248399787
NY,600,8764.199349570395
NY,601,8343.44484044671
NY,602,8188.259808394292
NY,603,8101.060462889274
NY,604,8088.695400480193
NY,605,8208.476006370258
NY,606,8556.542834916558
NY,607,9144.606544628735
NY,608,9604.87789829621
NY,609,9761.012322099036
NY,610,9799.644007484707
NY,611,9776.898943796613
NY,612,9724.367130846648
NY,613,9642.669152293697
NY,614,9605.846523194272
NY,615,9584.716689856277
NY,616,9661.523932080119
NY,617,9983.328474503237
NY,618,10464.334093468656
NY,619,10501.569666838185
NY,620,10305.827792733679
NY,621,10017.003937185146
NY,622,9624.844119561907
NY,623,9127.512419839329
NY,624,8679.78351163205
NY,625,8184.374988357005
NY,626,8004.331596560279
NY,627,7907.856476013182
NY,628,7877.019995841892
NY,629,7991.213623722146
NY,630,8319.406779080573
NY,631,8886.532109101257
NY,632,9332.44437922916
NY,633,9459.35115900489
NY,634,9486.780714085782
NY,635,9434.359895060007
NY,636,9372.232541588764
NY,637,9301.575684639037
NY,638,9255.412062395292
NY,639,9223.194621889117
NY,640,9294.985606629172
NY,641,9624.532325596375
NY,642,10118.422178260545
NY,643,10152.548743742571
NY,644,9956.091211857538
NY,645,9683.838671382627
NY,646,9269.192292582838
NY,647,8757.75879423495
NY,648,8301.882146944411
NY,649,7897.782103390208
NY,650,7735.707112861658
NY,651,7657.579332885623
NY,652,7648.4564278362095
NY,653,7781.89480506687
NY,654,8158.623625810367
NY,655,8766.297202272233
NY,656,9228.306747551875
NY,657,9373.933708862385
NY,658,9380.624137157199
NY,659,9355.165149506519
NY,660,9277.24965821637
NY,661,9185.85265382161
NY,662,9129.936668824522
NY,663,9126.380028588422
NY,664,9239.647053751588
NY,665,9592.048941554095
NY,666,10108.73803966415
NY,667,10169.450954127022
NY,668,9993.812171508553
NY,669,9732.477624020566
NY,670,9348.893735605571
NY,671,8845.640874432261
NY,672,8395.870408878155
NY,673,8322.841358638085
NY,674,8174.613624562701
NY,675,8087.05067818743
NY,676,8079.010176476508
NY,677,8200.063848842257
NY,678,8536.505619068407
NY,679,9093.156246808618
NY,680,9508.494694998832
NY,681,9657.141423405037
NY,682,9717.823247388433
NY,683,9699.248456975631
NY,684,9633.907573069648
NY,685,9547.605810459185
NY,686,9484.36497465295
NY,687,9433.211824800715
NY,688,9502.320517393152
NY,689,9819.949424852636
NY,690,10315.267580944045
NY,691,10370.330135404613
NY,692,10185.68902707433
NY,693,9931.07953836731
NY,694,9540.248079482652
NY,695,9041.233546640681
NY,696,8595.705065371321
NY,697,8536.187462362507
NY,698,8379.13631399085
NY,699,8298.260495312908
NY,700,8294.265210501267
NY,701,8416.054083413886
NY,702,8766.198137259972
NY,703,9332.771617714172
NY,704,9760.592268300302
NY,705,9904.956427614811
NY,706,9925.117536701359
NY,707,9881.501569018443
NY,708,9803.753520329627
NY,709,9712.38830746717
NY,710,9653.240839774845
NY,711,9644.894506135818
NY,712,9744.699821802635
NY,713,10081.817882838687
NY,714,10603.337125697015
NY,715,10680.323894086053
NY,716,10527.187679403113
NY,717,10281.457033504138
NY,718,9887.933535982839
NY,719,9387.917551743064
NY,720,8961.352133340977
NY,721,8648.865905179585
NY,722,8486.762117343657
NY,723,8405.15338621524
NY,724,8397.252227172153
NY,725,8515.91035645364
NY,726,8866.09954952459
NY,727,9452.66906851328
NY,728,9882.487072608363
NY,729,10033.087632617455
NY,730,10034.73679862425
NY,731,9984.67409309615
NY,732,9877.282966456487
NY,733,9763.350277905285
NY,734,9659.985257973656
NY,735,9612.345598031668
NY,736,9682.74330092039
NY,737,10025.800897759778
NY,738,10560.293076915018
NY,739,10634.633817494743
NY,740,10453.615339760916
NY,741,10168.691711821321
NY,742,9752.473968305193
NY,743,9242.908989249242
NY,744,8799.991938523931
NY,745,8422.135999716696
NY,746,8265.944297159692
NY,747,8184.87365612833
NY,748,8184.031322406536
NY,749,8312.081350730105
NY,750,8700.589190360148
NY,751,9348.665926242095
NY,752,9738.719210119815
NY,753,9824.361860835687
NY,754,9755.421937036909
NY,755,9653.63374178696
NY,756,9522.723945837539
NY,757,9380.790315970186
NY,758,9305.062387349608
NY,759,9253.502237709833
NY,760,9341.333482619707
NY,761,9634.89068358055
NY,762,10120.466716909013
NY,763,10349.410463908624
NY,764,10188.635818824828
NY,765,9918.377188120827
NY,766,9523.732478277262
NY,767,9035.104165123853
NY,768,8603.699278892185
NY,769,8236.543572943322
NY,770,8062.347434840664
NY,771,7975.728989631017
NY,772,7955.674950760385
NY,773,8067.226614995855
NY,774,8416.429334901315
NY,775,9004.80212329132
NY,776,9408.760378312573
NY,777,9547.671966405016
NY,778,9530.766741535908
NY,779,9449.138999692972
NY,780,9320.59335755379
NY,781,9195.015458898839
NY,782,9128.378813286238
NY,783,9071.220300136623
NY,784,9153.113230169089
NY,785,9416.8183640356
NY,786,9864.32343569712
NY,787,10061.954672840073
NY,788,9898.647574218442
NY,789,9624.367863328123
NY,790,9224.71399266873
NY,791,8740.946230583946
NY,792,8310.647527696213
NY,793,8335.380237391366
NY,794,8176.447929748432
NY,795,8097.428833022832
NY,796,8092.713957855862
NY,797,8232.681741631698
NY,798,8587.67082527972
NY,799,9173.219841326281
NY,800,9574.795767482863
NY,801,9715.504422752952
NY,802,9702.831778986708
NY,803,9652.676553812556
NY,804,9556.452099117047
NY,805,9443.450819468918
NY,806,9387.615182792645
NY,807,9344.169610586382
NY,808,9409.764328843503
NY,809,9671.582243634079
NY,810,10136.653926027805
NY,811,10350.462304509474
NY,812,10182.248892980606
NY,813,9925.588024219936
NY,814,9550.56312994487
NY,815,9072.15163818748
NY,816,8637.880682015428
NY,817,8399.9640468919
NY,818,8225.67952920951
NY,819,8141.239589049315
NY,820,8129.073075007208
NY,821,8263.35682892537
NY,822,8620.341681934173
NY,823,9221.041675132
NY,824,9635.132287986442
NY,825,9789.088126914237
NY,826,9769.250736407406
NY,827,9712.319663535004
NY,828,9622.450585726787
NY,829,9528.991209465316
NY,830,9480.15155595438
NY,831,9441.407066817819
NY,832,9491.63072763813
NY,833,9718.886766566632
NY,834,10166.219183774825
NY,835,10389.843656067477
NY,836,10226.642121347048
NY,837,9957.520830888372
NY,838,9574.270646887857
NY,839,9079.76468654381
NY,840,8639.250782062568
NY,841,8256.542147885211
NY,842,8078.126936669653
NY,843,7986.812244880967
NY,844,7968.319081825687
NY,845,8080.911686499196
NY,846,8405.583309697244
NY,847,8983.013206374016
NY,848,9365.584387931914
NY,849,9501.895157990875
NY,850,9496.747288057312
NY,851,9424.756283516585
NY,852,9298.532318098854
NY,853,9176.966834831049
NY,854,9115.490378350266
NY,855,9088.42830829801
NY,856,9170.1742173528
NY,857,9444.386056814455
NY,858,9907.592678826243
NY,859,10138.1298442437
NY,860,9993.334020227485
NY,861,9740.696167734026
NY,862,9364.990710033112
NY,863,8894.2854120271
NY,864,8475.341897679067
NY,865,8162.88750496306
NY,866,8028.72220501143
NY,867,7959.331755965121
NY,868,7962.006408835383
NY,869,8094.383630472173
NY,870,8443.567541111078
NY,871,9030.382452301012
NY,872,9404.089614695367
NY,873,9527.100301289991
NY,874,9518.462925246164
NY,875,9454.943046043693
NY,876,9370.048011871683
NY,877,9249.602332689566
NY,878,9164.748823704329
NY,879,9094.630785080756
NY,880,9154.228470097786
NY,881,9452.822833857066
NY,882,9940.93844240429
NY,883,10178.454083696511
NY,884,10032.534184205938
NY,885,9768.464961831986
NY,886,9377.090742739306
NY,887,8887.940304852906
NY,888,8443.959063657498
NY,889,8392.876950443425
NY,890,8231.531206274338
NY,891,8157.170116233923
NY,892,8145.58211466607
NY,893,8262.863774143138
NY,894,8612.300966203373
NY,895,9207.169832896666
NY,896,9559.643399845463
NY,897,9634.407707337774
NY,898,9587.225260300757
NY,899,9507.83496077019
NY,900,9394.167576060937
NY,901,9274.04946672144
NY,902,9219.27475947435
NY,903,9196.061543798411
NY,904,9251.894377838342
NY,905,9516.166326347314
NY,906,9963.87729838576
NY,907,10182.871359374829
NY,908,10011.053772751826
NY,909,9733.085712286714
NY,910,9352.320198337871
NY,911,8850.382508956951
NY,912,8404.020833617883
NY,913,8176.282916281616
NY,914,8036.155289373276
NY,915,7971.2296195165395
NY,916,7984.361572975708
NY,917,8128.275250511008
NY,918,8523.152960068142
NY,919,9184.715907281374
NY,920,9580.288431221359
NY,921,9693.921893272439
NY,922,9649.860148353495
NY,923,9555.61618782439
NY,924,9419.360175930764
NY,925,9294.150089463438
NY,926,9216.757064934226
NY,927,9151.566755326156
NY,928,9241.10305268153
NY,929,9561.207878605229
NY,930,10064.79968567413
NY,931,10329.140388244127
NY,932,10205.315229796863
NY,933,9958.018446634801
NY,934,9576.993399195715
NY,935,9106.505033047931
NY,936,8682.300091931841
NY,937,8349.696797248486
NY,938,8195.554075217094
NY,939,8122.689130555731
NY,940,8117.068908105756
NY,941,8258.752407845789
NY,942,8613.757585223485
NY,943,9209.538927422615
NY,944,9582.52429362716
NY,945,9703.165461945696
NY,946,9684.841851279234
NY,947,9626.269100683968
NY,948,9525.201222769079
NY,949,9383.221101902246
NY,950,9296.110610814555
NY,951,9240.196414539005
NY,952,9293.918354403424
NY,953,9553.936918480527
NY,954,9983.495856559294
NY,955,10211.957171803325
NY,956,10067.029603200801
NY,957,9805.976328308551
NY,958,9422.726464990106
NY,959,8946.167649690608
NY,960,8502.37013571043
NY,961,7916.400550488241
NY,962,7765.446228255327
NY,963,7677.6596520882014
NY,964,7669.519278969541
NY,965,7790.128206710901
NY,966,8149.27529131919
NY,967,8743.875790271147
NY,968,9148.367442032617
NY,969,9300.033107477994
NY,970,9293.243188856541
NY,971,9250.08719999281
NY,972,9160.521230743612
NY,973,9078.296551165524
NY,974,9045.634366182155
NY,975,9011.08658793611
NY,976,9097.768773230879
NY,977,9364.370937523523
NY,978,9795.473507594318
NY,979,10008.415423863948
NY,980,9856.500410183727
NY,981,9589.20264508145
NY,982,9207.338852202016
NY,983,8736.906037733338
NY,984,8303.1626617299
NY,985,8022.24475305934
NY,986,7865.5547551159675
NY,987,7796.295593650883
NY,988,7796.2755780767115
NY,989,7936.224507518812
NY,990,8309.625558862697
NY,991,8936.222054159547
NY,992,9347.559920995458
NY,993,9466.189865302972
NY,994,9432.490110520645
NY,995,9363.180906584004
NY,996,9243.085697792424
NY,997,9110.489646631624
NY,998,9048.270034300607
NY,999,8993.97952985366
NY,1000,9066.328417630897
NY,1001,9361.595988508808
NY,1002,9834.128931899615
NY,1003,10094.35900971827
NY,1004,9960.855400215108
NY,1005,9721.86697510947
NY,1006,9358.138916439119
NY,1007,8895.992636504525
NY,1008,8477.206004013597
NY,1009,8334.531818460464
NY,1010,8184.433985354232
NY,1011,8106.515205069883
NY,1012,8097.454341772904
NY,1013,8219.431914197491
NY,1014,8546.497186302576
NY,1015,9126.032718328972
NY,1016,9503.72521933534
NY,1017,9647.019734940212
NY,1018,9639.590052070979
NY,1019,9598.629522810466
NY,1020,9513.413345362663
NY,1021,9413.501120556713
NY,1022,9353.753419041176
NY,1023,9308.053513379155
NY,1024,9369.227901138604
NY,1025,9636.634792329607
NY,1026,10074.507937594102
NY,1027,10288.992105579922
NY,1028,10109.865892237423
NY,1029,9854.741328411379
NY,1030,9479.057264074454
NY,1031,9013.056652988482
NY,1032,8590.451886064676
NY,1033,8284.168695505743
NY,1034,8135.997780197645
NY,1035,8067.01994919075
NY,1036,8059.371743101556
NY,1037,8189.7965263542
NY,1038,8527.48368632521
NY,1039,9094.69493745082
NY,1040,9455.929546434673
NY,1041,9580.962819564968
NY,1042,9568.168402591722
NY,1043,9517.733918223756
NY,1044,9422.957270247773
NY,1045,9330.755665924556
NY,1046,9282.67416123807
NY,1047,9257.159065465574
NY,1048,9339.557403696391
NY,1049,9627.982884982124
NY,1050,10079.301400141492
NY,1051,10306.61311831292
NY,1052,10135.545420054987
NY,1053,9880.087565923294
NY,1054,9491.049015777751
NY,1055,9013.144104036286
NY,1056,8590.150384762667
NY,1057,8488.557712566772
NY,1058,8327.92044297349
NY,1059,8244.886219529908
NY,1060,8251.461965595254
NY,1061,8382.726986849647
NY,1062,8750.187828504338
NY,1063,9356.202129818083
NY,1064,9710.234798859029
NY,1065,9769.577922640536
NY,1066,9690.391013854613
NY,1067,9599.719437714418
NY,1068,9472.305849445101
NY,1069,9341.615558632283
NY,1070,9259.034341653567
NY,1071,9195.931326995593
NY,1072,9289.40108004907
NY,1073,9608.857575605587
NY,1074,10104.447736747474
NY,1075,10384.800977862241
NY,1076,10254.889728378902
NY,1077,10018.225651022561
NY,1078,9662.106266743272
NY,1079,9190.863029753817
NY,1080,8765.25316238626
NY,1081,8418.890097295575
NY,1082,8280.235564567956
NY,1083,8205.469863793535
NY,1084,8211.300867699045
NY,1085,8349.123776988684
NY,1086,8724.567664551795
NY,1087,9343.807131041876
NY,1088,9721.580868927704
NY,1089,9803.51661597939
NY,1090,9723.523925910401
NY,1091,9644.459352010351
NY,1092,9541.227703335034
NY,1093,9436.405272573268
NY,1094,9374.497691923512
NY,1095,9319.143816101878
NY,1096,9371.97161362719
NY,1097,9658.291874360334
NY,1098,10116.162779841007
NY,1099,10369.138891655082
NY,1100,10224.258085783292
NY,1101,9961.813385238736
NY,1102,9579.292455712805
NY,1103,9097.126315004562
NY,1104,8679.559083220816
NY,1105,8154.250994469349
NY,1106,8011.866691178916
NY,1107,7933.670590069502
NY,1108,7931.850078109694
NY,1109,8064.033770660824
NY,1110,8423.946587820458
NY,1111,9009.447639823302
NY,1112,9391.831996711023
NY,1113,9516.88830821721
NY,1114,9489.558845241794
NY,1115,9435.666301271015
NY,1116,9336.052906694611
NY,1117,9249.770138481097
NY,1118,9189.69206427456
NY,1119,9149.530566894954
NY,1120,9202.016808742082
NY,1121,9430.971607886335
NY,1122,9888.502141172994
NY,1123,10140.213010972424
NY,1124,9999.373927697212
NY,1125,9746.501871061994
NY,1126,9373.760091477033
NY,1127,8873.359126479086
NY,1128,8423.596585877515
NY,1129,8098.754963150164
NY,1130,7952.756354485105
NY,1131,7868.728913120953
NY,1132,7868.401481699867
NY,1133,8003.537130697175
NY,1134,8355.172307681823
NY,1135,8943.590135123074
NY,1136,9321.677562995117
NY,1137,9481.495707083312
NY,1138,9487.896282994523
NY,1139,9455.193687028004
NY,1140,9380.42870661172
NY,1141,9289.181267922073
NY,1142,9246.979295762443
NY,1143,9209.486653783088
NY,1144,9272.203115679783
NY,1145,9523.803217201982
NY,1146,9945.98844429617
NY,1147,10170.842864359532
NY,1148,10009.702180397053
NY,1149,9748.0692222525
NY,1150,9365.863100456394
NY,1151,8906.041683818136
NY,1152,8473.734476725296
NY,1153,8138.025715253464
NY,1154,7988.427770615671
NY,1155,7915.06650582665
NY,1156,7917.31674692693
NY,1157,8054.197991982093
NY,1158,8416.545143674819
NY,1159,9001.220576299007
NY,1160,9369.094684763436
NY,1161,9488.301670957359
NY,1162,9450.451303104229
NY,1163,9374.09223386819
NY,1164,9254.98210317767
NY,1165,9125.965897166843
NY,1166,9049.18777482134
NY,1167,8984.869850127435
NY,1168,9034.75892616619
NY,1169,9326.913092671298
NY,1170,9798.420793090475
NY,1171,10102.276249359473
NY,1172,9978.418696165834
NY,1173,9742.117058149502
NY,1174,9367.745150310821
NY,1175,8887.97806025465
NY,1176,8453.870420863105
NY,1177,8060.929011051451
NY,1178,7912.253772872737
NY,1179,7845.549833545405
NY,1180,7855.833106162725
NY,1181,7988.392054111769
NY,1182,8321.162629959485
NY,1183,8848.820361183492
NY,1184,9197.84041955064
NY,1185,9323.193092154213
NY,1186,9312.662031622747
NY,1187,9251.104089129592
NY,1188,9142.789767005578
NY,1189,9007.722391045503
NY,1190,8909.672027613764
NY,1191,8845.463109793146
NY,1192,8912.993202773807
NY,1193,9180.045564670795
NY,1194,9614.353971074976
NY,1195,9905.295740029977
NY,1196,9763.9902892512
NY,1197,9517.610769794725
NY,1198,9145.758858162347
NY,1199,8695.643480184117
NY,1200,8273.216726731002
NY,1201,8131.563611536954
NY,1202,7982.805949942331
NY,1203,7913.652928869971
NY,1204,7902.847208867029
NY,1205,8023.832772489468
NY,1206,8354.75313449636
NY,1207,8890.735016178892
NY,1208,9219.682994049867
NY,1209,9344.275093146384
NY,1210,9322.410092583166
NY,1211,9234.707567440196
NY,1212,9098.81645974844
NY,1213,8939.873834804496
NY,1214,8854.385796754666
NY,1215,8795.089901692606
NY,1216,8850.671210791246
NY,1217,9144.631686706068
NY,1218,9615.029772492123
NY,1219,9898.872420605938
NY,1220,9761.482334959966
NY,1221,9527.208535806288
NY,1222,9157.62023239017
NY,1223,8702.566898312845
NY,1224,8281.31931054167
NY,1225,8121.014570521204
NY,1226,7960.061978889295
NY,1227,7876.001322973753
NY,1228,7857.27448996193
NY,1229,7972.015117164906
NY,1230,8312.530701622258
NY,1231,8861.82907010773
NY,1232,9202.48540486066
NY,1233,9306.999534114162
NY,1234,9267.277132784814
NY,1235,9209.149938790487
NY,1236,9115.480888560304
NY,1237,8996.643972601278
NY,1238,8931.744870259868
NY,1239,8893.113520979032
NY,1240,8959.063560486035
NY,1241,9231.413654157288
NY,1242,9695.699008765905
NY,1243,9981.251179560086
NY,1244,9845.607588826402
NY,1245,9571.317930768034
NY,1246,9192.334869594829
NY,1247,8708.252074548904
NY,1248,8281.026436461175
NY,1249,7713.045349537231
NY,1250,7565.787660888571
NY,1251,7477.055050602272
NY,1252,7478.489876656302
NY,1253,7611.749205571225
NY,1254,7990.784501732365
NY,1255,8593.112475812562
NY,1256,8974.63271894665
NY,1257,9122.070451696883
NY,1258,9137.557614749253
NY,1259,9163.250763389456
NY,1260,9100.332262754577
NY,1261,9046.99627096499
NY,1262,9013.055639204996
NY,1263,8954.818778780126
NY,1264,8997.500140402396
NY,1265,9219.622039786703
NY,1266,9601.28611711075
NY,1267,9816.07420601569
NY,1268,9661.039849512365
NY,1269,9412.571558382194
NY,1270,9030.14175992004
NY,1271,8555.73474172101
NY,1272,8136.344694602949
NY,1273,7778.304856340336
NY,1274,7617.714362671491
NY,1275,7527.202479274891
NY,1276,7517.542762058335
NY,1277,7642.613117695549
NY,1278,8001.168677221205
NY,1279,8579.2494438872
NY,1280,8962.829579735775
NY,1281,9141.049730302928
NY,1282,9161.922532105992
NY,1283,9130.00107076152
NY,1284,9058.272536441288
NY,1285,8958.222910428788
NY,1286,8904.372459075741
NY,1287,8860.12231366888
NY,1288,8898.61938938158
NY,1289,9145.564534312308
NY,1290,9570.311973351027
NY,1291,9830.054962339275
NY,1292,9698.602142998347
NY,1293,9438.452279826835
NY,1294,9061.332997209762
NY,1295,8589.942708799803
NY,1296,8162.4721826746
NY,1297,7977.154603843597
NY,1298,7827.310906213779
NY,1299,7742.760615800574
NY,1300,7738.808533445525
NY,1301,7884.53028405977
NY,1302,8232.328761300508
NY,1303,8799.39945500231
NY,1304,9149.912633193404
NY,1305,9284.016822377776
NY,1306,9259.863709742621
NY,1307,9173.64831147204
NY,1308,9047.068573978576
NY,1309,8912.561174975384
NY,1310,8834.069686251748
NY,1311,8776.020582493764
NY,1312,8833.922525855957
NY,1313,9121.412168230053
NY,1314,9585.664114644242
NY,1315,9869.131895754391
NY,1316,9745.398687536946
NY,1317,9491.452023432357
NY,1318,9120.057135672694
NY,1319,8657.361791300337
NY,1320,8228.714808573306
NY,1321,7890.1087344800676
NY,1322,7737.197874804026
NY,1323,7663.532450023377
NY,1324,7660.2209459925446
NY,1325,7782.925202667987
NY,1326,8142.00274630705
NY,1327,8721.58440694966
NY,1328,9101.297823109418
NY,1329,9291.481287028601
NY,1330,9326.757702519204
NY,1331,9315.458608015984
NY,1332,9234.554656333533
NY,1333,9132.504853318526
NY,1334,9079.938009338019
NY,1335,9039.248486968765
NY,1336,9092.00854246961
NY,1337,9335.123947474939
NY,1338,9751.73322564862
NY,1339,10032.179088413413
NY,1340,9904.60344564122
NY,1341,9668.330413768942
NY,1342,9285.710376238578
NY,1343,8813.07139940033
NY,1344,8395.758015172598
NY,1345,8284.066308295865
NY,1346,8124.726397907597
NY,1347,8043.316356231168
NY,1348,8039.873240528445
NY,1349,8170.574145175026
NY,1350,8524.094290216711
NY,1351,9072.634215265863
NY,1352,9410.518740058812
NY,1353,9518.643436859662
NY,1354,9465.934402968008
NY,1355,9367.362268280978
NY,1356,9237.371224940073
NY,1357,9091.33194626284
NY,1358,9006.271073531412
NY,1359,8948.834160903724
NY,1360,9017.365465730368
NY,1361,9294.062054645538
NY,1362,9751.924103901791
NY,1363,10058.462321350454
NY,1364,9949.403304131303
NY,1365,9700.600426096948
NY,1366,9332.555946639081
NY,1367,8863.284644198403
NY,1368,8434.873458066127
NY,1369,8237.166542775922
NY,1370,8097.848068840955
NY,1371,8023.36576634221
NY,1372,8016.158853728939
NY,1373,8141.222230210424
NY,1374,8476.948103925166
NY,1375,9007.646081172293
NY,1376,9316.053886457762
NY,1377,9386.589934750388
NY,1378,9323.164372597981
NY,1379,9243.10521101982
NY,1380,9136.238146672499
NY,1381,9009.232408118242
NY,1382,8939.63629880154
NY,1383,8893.391818496209
NY,1384,8962.016779158857
NY,1385,9245.10183568156
NY,1386,9682.826172723402
NY,1387,9967.305516600563
NY,1388,9847.776350255694
NY,1389,9588.505794055068
NY,1390,9216.348273031196
NY,1391,8737.883224776958
NY,1392,8322.730534086753
NY,1393,8047.605656083277
NY,1394,7911.340026109878
NY,1395,7855.4971522844115
NY,1396,7866.578688144351
NY,1397,8004.912905672303
NY,1398,8376.343925672307
NY,1399,8946.707055491679
NY,1400,9257.586524720889
NY,1401,9341.337490533654
NY,1402,9302.42505912382
NY,1403,9234.83438646356
NY,1404,9126.673871319197
NY,1405,9007.544601090144
NY,1406,8926.27235851051
NY,1407,8860.123446751206
NY,1408,8916.507306153457
NY,1409,9181.40220334728
NY,1410,9627.399557941127
NY,1411,9920.470488069121
NY,1412,9807.13215082739
NY,1413,9559.29396555384
NY,1414,9179.729951454231
NY,1415,8694.858255928441
NY,1416,8261.002373304677
NY,1417,8159.38147991829
NY,1418,7979.166873213176
NY,1419,7865.3092678274215
NY,1420,7838.57132698029
NY,1421,7947.295591162428
NY,1422,8322.283371118727
NY,1423,8953.271236806431
NY,1424,9293.621144591203
NY,1425,9327.850906057739
NY,1426,9247.613700777487
NY,1427,9145.937291147021
NY,1428,9030.915356682844
NY,1429,8892.660307133832
NY,1430,8807.051948183487
NY,1431,8728.170229644729
NY,1432,8755.392493798889
NY,1433,8952.075521053924
NY,1434,9280.290502289091
NY,1435,9565.003637911392
NY,1436,9611.72520253991
NY,1437,9439.457041452876
NY,1438,9060.57540213179
NY,1439,8580.122957928452
NY,1440,8135.378816200708
NY,1441,7655.340852361483
NY,1442,7502.952385615419
NY,1443,7418.970486013978
NY,1444,7420.698146414962
NY,1445,7544.014707561336
NY,1446,7927.3710468333
NY,1447,8564.50923048193
NY,1448,8921.377807472005
NY,1449,9000.736808061081
NY,1450,8911.099481993926
NY,1451,8817.996402421587
NY,1452,8698.113887362913
NY,1453,8538.055526393789
NY,1454,8447.861017152805
NY,1455,8379.937488010953
NY,1456,8441.301839306702
NY,1457,8721.18482214614
NY,1458,9098.970840962444
NY,1459,9413.88069353728
NY,1460,9476.626597967575
NY,1461,9306.06345730415
NY,1462,8940.059464844591
NY,1463,8465.158040661862
NY,1464,8052.255989345136
NY,1465,7589.144809419559
NY,1466,7437.859449315368
NY,1467,7356.0007893603965
NY,1468,7345.260010733242
NY,1469,7473.915307508344
NY,1470,7852.323684444465
NY,1471,8471.990852198646
NY,1472,8832.565655191319
NY,1473,8877.901708441092
NY,1474,8806.095143237394
NY,1475,8710.336155078272
NY,1476,8610.26538473873
NY,1477,8509.910251842477
NY,1478,8468.700155528799
NY,1479,8446.89552624763
NY,1480,8523.370128485578
NY,1481,8793.748850245033
NY,1482,9147.802959049312
NY,1483,9443.201995169074
NY,1484,9500.083404856799
NY,1485,9329.79593757429
NY,1486,8965.40171017991
NY,1487,8485.174289382668
NY,1488,8040.171820742502
NY,1489,7893.782626065035
NY,1490,7738.402640046915
NY,1491,7661.076887244348
NY,1492,7663.831953239017
NY,1493,7803.899058186523
NY,1494,8192.451475315309
NY,1495,8817.452256369148
NY,1496,9174.834225561824
NY,1497,9222.949953842873
NY,1498,9133.761126849508
NY,1499,9038.153019029169
NY,1500,8932.158857997143
NY,1501,8799.04828029712
NY,1502,8711.344664095268
NY,1503,8628.28085464367
NY,1504,8667.757799413387
NY,1505,8915.750226121432
NY,1506,9269.686116160315
NY,1507,9584.327312311872
NY,1508,9659.34724729121
NY,1509,9497.68872504645
NY,1510,9130.74047658281
NY,1511,8669.436093692132
NY,1512,8247.723518411181
NY,1513,7986.387789328422
NY,1514,7843.831176535162
NY,1515,7771.953229280535
NY,1516,7781.333202496307
NY,1517,7904.450150764183
NY,1518,8262.706696856862
NY,1519,8820.301964418762
NY,1520,9096.11803964291
NY,1521,9079.983821524308
NY,1522,8956.097764731268
NY,1523,8828.368784570324
NY,1524,8707.453761413214
NY,1525,8566.725517883052
NY,1526,8475.31632545352
NY,1527,8412.437025479152
NY,1528,8472.412052861891
NY,1529,8731.804080418947
NY,1530,9087.760743385616
NY,1531,9395.23987531027
NY,1532,9459.565974158727
NY,1533,9293.65697003802
NY,1534,8935.171139857335
NY,1535,8463.292513482662
NY,1536,8032.767635849016
NY,1537,7697.471619674045
NY,1538,7562.475792911691
NY,1539,7491.703905231282
NY,1540,7493.801594677195
NY,1541,7617.573662565573
NY,1542,7984.085830717271
NY,1543,8569.995632222753
NY,1544,8862.026116871617
NY,1545,8903.87923955624
NY,1546,8837.122379929143
NY,1547,8740.026344422864
NY,1548,8636.168022627867
NY,1549,8531.220513787792
NY,1550,8439.471810374966
NY,1551,8375.434630905207
NY,1552,8446.573163049797
NY,1553,8705.55697874162
NY,1554,9081.101942094877
NY,1555,9400.58562333178
NY,1556,9464.806634155575
NY,1557,9296.121921120166
NY,1558,8922.668314139369
NY,1559,8437.253013134274
NY,1560,8001.742577981886
NY,1561,7705.393868816077
NY,1562,7557.112987755735
NY,1563,7481.620369252288
NY,1564,7489.519308978337
NY,1565,7627.94248235161
NY,1566,8012.590428483403
NY,1567,8627.35612966115
NY,1568,8917.71743095077
NY,1569,8882.393043524788
NY,1570,8765.478968366388
NY,1571,8647.559844948935
NY,1572,8554.242007773233
NY,1573,8447.648520314154
NY,1574,8380.472242223538
NY,1575,8315.727698634918
NY,1576,8371.707434644293
NY,1577,8638.508089509573
NY,1578,8987.424485340467
NY,1579,9302.819222202308
NY,1580,9387.709468464351
NY,1581,9227.72930666965
NY,1582,8844.50161566266
NY,1583,8376.7855269076
NY,1584,7951.306167049096
NY,1585,7711.219895774079
NY,1586,7563.283999411515
NY,1587,7611.111130465817
NY,1588,7484.113390066975
NY,1589,7623.058268920763
NY,1590,8032.058360753581
NY,1591,8680.198492344713
NY,1592,9006.461429016905
NY,1593,8997.602983862135
NY,1594,8870.97937683049
NY,1595,8749.81862944677
NY,1596,8630.94623734792
NY,1597,8500.240819100695
NY,1598,8405.663057795973
NY,1599,8306.261879894585
NY,1600,8333.184551857068
NY,1601,8571.074331340517
NY,1602,8915.47024859661
NY,1603,9246.827053416812
NY,1604,9323.423872946659
NY,1605,9166.454212984494
NY,1606,8799.654342757487
NY,1607,8323.600456779667
NY,1608,7881.370569613419
NY,1609,7833.590014594971
NY,1610,7690.7901987605936
NY,1611,7670.95540204201
NY,1612,7638.5909677910755
NY,1613,7784.710769192761
NY,1614,8179.584817073794
NY,1615,8788.548686811689
NY,1616,9094.335212833114
NY,1617,9097.327356581877
NY,1618,8979.517514601588
NY,1619,8871.860074273368
NY,1620,8728.727865066517
NY,1621,8559.838057590321
NY,1622,8454.969726241043
NY,1623,8359.202989423796
NY,1624,8389.691066580184
NY,1625,8619.833643696385
NY,1626,8984.071355964398
NY,1627,9321.531056698953
NY,1628,9435.450654307978
NY,1629,9284.413279187774
NY,1630,8919.96028617354
NY,1631,8469.224229889972
NY,1632,8048.847119954273
NY,1633,7731.87976562459
NY,1634,7590.1716646842
NY,1635,7548.239900072925
NY,1636,7513.714902010945
NY,1637,7643.756927687092
NY,1638,8024.402576382387
NY,1639,8620.72904615893
NY,1640,8933.583906911812
NY,1641,8955.449025693335
NY,1642,8842.674188816407
NY,1643,8710.20723206327
NY,1644,8582.08582731228
NY,1645,8425.41399330856
NY,1646,8334.25321730488
NY,1647,8275.045425618211
NY,1648,8345.707681936075
NY,1649,8574.127638511083
NY,1650,8881.650481253867
NY,1651,9177.89989426182
NY,1652,9244.51547699692
NY,1653,9084.037965104482
NY,1654,8708.88104571404
NY,1655,8234.877382288522
NY,1656,7813.634298502312
NY,1657,7531.75205846216
NY,1658,7378.515188590819
NY,1659,7358.516031327422
NY,1660,7287.143311081829
NY,1661,7414.297845639727
NY,1662,7776.3494484025415
NY,1663,8402.829475247087
NY,1664,8755.770612527654
NY,1665,8807.527827226084
NY,1666,8715.958041907783
NY,1667,8621.458198638223
NY,1668,8478.271599860905
NY,1669,8340.776546282784
NY,1670,8255.294574544193
NY,1671,8177.671154041409
NY,1672,8206.322361407349
NY,1673,8408.858616127922
NY,1674,8711.619543644083
NY,1675,9007.860416930212
NY,1676,9115.180805180268
NY,1677,8980.194319442482
NY,1678,8622.032604333778
NY,1679,8157.174982914558
NY,1680,7730.352841434279
NY,1681,7597.026245766845
NY,1682,7444.6469080339215
NY,1683,7289.87096351879
NY,1684,7359.803821005785
NY,1685,7486.855061286282
NY,1686,7839.019192018413
NY,1687,8418.918088348393
NY,1688,8730.334591242285
NY,1689,8745.692796695504
NY,1690,8659.584411502061
NY,1691,8570.656812129743
NY,1692,8473.711994047301
NY,1693,8341.769967992603
NY,1694,8234.76323549679
NY,1695,8153.833438261325
NY,1696,8191.641664138528
NY,1697,8414.974429260315
NY,1698,8735.867579659097
NY,1699,9029.442224804807
NY,1700,9151.746337181729
NY,1701,9011.820210856811
NY,1702,8657.884013676416
NY,1703,8205.587745300624
NY,1704,7803.219290753062
NY,1705,7628.927444100617
NY,1706,7490.760632348061
NY,1707,7583.716753087585
NY,1708,7411.144427723155
NY,1709,7541.798265472874
NY,1710,7896.981845385912
NY,1711,8489.822047620263
NY,1712,8845.855732239434
NY,1713,8910.564764154099
NY,1714,8847.96250212829
NY,1715,8757.044290437968
NY,1716,8644.403338316899
NY,1717,8532.103965882005
NY,1718,8437.416299962575
NY,1719,8374.859891393049
NY,1720,8438.137392856001
NY,1721,8668.580760023758
NY,1722,8967.922014696292
NY,1723,9230.273643831005
NY,1724,9339.631746619336
NY,1725,9181.110696426636
NY,1726,8809.833492731578
NY,1727,8338.041696505814
NY,1728,7892.050925559433
NY,1729,7727.107338528445
NY,1730,7584.259162094543
NY,1731,7562.3571273290935
NY,1732,7477.02260100653
NY,1733,7608.9594400409775
NY,1734,7983.9091161283955
NY,1735,8597.92546145986
NY,1736,8952.678992557898
NY,1737,9003.106778915189
NY,1738,8931.763048837126
NY,1739,8831.771499040876
NY,1740,8713.247911221117
NY,1741,8571.177055796625
NY,1742,8490.260930258636
NY,1743,8420.021686806672
NY,1744,8443.792554528669
NY,1745,8648.049688598945
NY,1746,8942.409046124668
NY,1747,9197.44116388535
NY,1748,9338.921480998945
NY,1749,9201.434304465712
NY,1750,8830.284119012179
NY,1751,8341.284971943912
NY,1752,7893.610578578833
NY,1753,7511.144336687602
NY,1754,7365.465827871738
NY,1755,7290.072661061696
NY,1756,7294.715773549624
NY,1757,7436.683417822982
NY,1758,7846.001129014218
NY,1759,8510.845128012031
NY,1760,8922.170097471295
NY,1761,8956.305991480649
NY,1762,8840.693282298986
NY,1763,8714.485111555136
NY,1764,8583.026428093657
NY,1765,8433.42197928344
NY,1766,8344.618610447025
NY,1767,8249.768725987682
NY,1768,8248.90012164951
NY,1769,8444.416111447314
NY,1770,8774.719036456274
NY,1771,9083.875413568283
NY,1772,9290.69015120237
NY,1773,9183.842768754744
NY,1774,8846.227312699408
NY,1775,8383.818552200413
NY,1776,7966.3649111034855
NY,1777,7538.2769074206815
NY,1778,7390.673586177965
NY,1779,7311.842635049995
NY,1780,7310.918494751419
NY,1781,7438.892986734818
NY,1782,7830.358818839399
NY,1783,8465.099115213977
NY,1784,8854.14728659142
NY,1785,8906.14256511332
NY,1786,8818.411492619928
NY,1787,8687.922146585233
NY,1788,8540.488126557587
NY,1789,8375.382849966432
NY,1790,8252.731462006505
NY,1791,8154.578475899891
NY,1792,8166.003512214663
NY,1793,8349.718290182652
NY,1794,8673.8432855955
NY,1795,8952.500371628984
NY,1796,9156.679884723367
NY,1797,9060.852614276923
NY,1798,8717.421265810351
NY,1799,8274.412260800508
NY,1800,7855.772195639488
NY,1801,7469.750321342951
NY,1802,7308.5922317866405
NY,1803,7231.153982283294
NY,1804,7234.712306623356
NY,1805,7355.243367256292
NY,1806,7723.17870824541
NY,1807,8339.594801221825
NY,1808,8706.302454594356
NY,1809,8762.617946533856
NY,1810,8665.790620796367
NY,1811,8546.076370030573
NY,1812,8378.520099085698
NY,1813,8208.784410706041
NY,1814,8098.96939191745
NY,1815,8002.045461178005
NY,1816,7982.697173127766
NY,1817,8165.382802350779
NY,1818,8434.337909297183
NY,1819,8714.939480386382
NY,1820,8899.056209628169
NY,1821,8811.159458444617
NY,1822,8478.793550319573
NY,1823,8031.665668091135
NY,1824,7613.418582319567
NY,1825,7460.259316256733
NY,1826,7320.158845436223
NY,1827,7249.130197551449
NY,1828,7255.611290310518
NY,1829,7367.161611045351
NY,1830,7743.084238840699
NY,1831,8372.80721043869
NY,1832,8741.135290972707
NY,1833,8781.072897462376
NY,1834,8687.298389114908
NY,1835,8547.105857189958
NY,1836,8381.783921999443
NY,1837,8216.874394298584
NY,1838,8126.385296926129
NY,1839,8028.829566894998
NY,1840,8046.16284732395
NY,1841,8242.165316501513
NY,1842,8559.352400073854
NY,1843,8822.936731779693
NY,1844,8989.665094820898
NY,1845,8899.538515673223
NY,1846,8558.216591415235
NY,1847,8101.268771965822
NY,1848,7678.302688269244
NY,1849,7531.398023626632
NY,1850,7386.3713580911465
NY,1851,7315.429635287093
NY,1852,7321.27166304725
NY,1853,7458.376302605911
NY,1854,7795.207517512185
NY,1855,8376.84461571308
NY,1856,8702.277201838644
NY,1857,8734.765960031002
NY,1858,8614.3548123843
NY,1859,8499.305459071513
NY,1860,8366.23534221523
NY,1861,8229.415873797384
NY,1862,8119.62484393211
NY,1863,8013.812475605183
NY,1864,7997.19923170682
NY,1865,8178.161556691615
NY,1866,8487.097752509218
NY,1867,8786.804497776718
NY,1868,9000.589339516866
NY,1869,8930.784761059515
NY,1870,8600.527837006005
NY,1871,8158.8232810415
NY,1872,7729.016800792423
NY,1873,7526.149548671108
NY,1874,7375.02389719012
NY,1875,7305.336434383925
NY,1876,7314.055015336706
NY,1877,7437.31472092976
NY,1878,7800.210824776027
NY,1879,8391.365040731662
NY,1880,8695.948896505522
NY,1881,8656.682351735897
NY,1882,8478.459211508099
NY,1883,8321.38473879389
NY,1884,8189.335272952603
NY,1885,8046.378921190026
NY,1886,7932.007901265082
NY,1887,7832.007690164651
NY,1888,7833.386726592601
NY,1889,8012.399188371472
NY,1890,8335.851571623897
NY,1891,8659.865216358474
NY,1892,8876.900588714838
NY,1893,8811.434938575989
NY,1894,8490.236915861528
NY,1895,8045.143481169724
NY,1896,7622.003515404314
NY,1897,7390.992702665383
NY,1898,7255.78940208888
NY,1899,7187.417609026728
NY,1900,7185.361992686575
NY,1901,7327.561704685802
NY,1902,7706.817025407438
NY,1903,8349.596818669909
NY,1904,8719.764359096878
NY,1905,8700.472670742325
NY,1906,8523.044843733208
NY,1907,8367.299901806236
NY,1908,8244.715908980961
NY,1909,8122.172784338439
NY,1910,8034.141281683782
NY,1911,7948.3202390373995
NY,1912,7960.036359546796
NY,1913,8167.061939933971
NY,1914,8490.332723678488
NY,1915,8799.557826505481
NY,1916,8992.053712979045
NY,1917,8909.882068702201
NY,1918,8556.208849651924
NY,1919,8091.539540532967
NY,1920,7654.221292463578
NY,1921,7402.081729494463
NY,1922,7257.555458040657
NY,1923,7196.6854302699375
NY,1924,7204.876329532194
NY,1925,7342.955542970422
NY,1926,7751.486768467761
NY,1927,8431.440921838307
NY,1928,8817.4400699939
NY,1929,8823.45492060101
NY,1930,8668.921307377083
NY,1931,8525.973760369322
NY,1932,8387.32068982608
NY,1933,8255.627933430992
NY,1934,8190.765892839982
NY,1935,8117.802479027384
NY,1936,8149.875251989595
NY,1937,8369.300813400463
NY,1938,8665.206035124084
NY,1939,8925.433640639296
NY,1940,9109.528656678945
NY,1941,9008.56166061813
NY,1942,8657.39628619866
NY,1943,8188.121236389163
NY,1944,7758.724544302317
NY,1945,7493.854113058088
NY,1946,7341.404411752891
NY,1947,7258.207546432839
NY,1948,7249.006438028703
NY,1949,7377.546723919436
NY,1950,7752.727700546499
NY,1951,8379.327225201825
NY,1952,8769.467183853424
NY,1953,8842.120946961712
NY,1954,8772.585900897223
NY,1955,8710.420741671694
NY,1956,8588.079283739285
NY,1957,8450.655167400171
NY,1958,8354.385330610716
NY,1959,8258.383813918535
NY,1960,8266.308972222774
NY,1961,8440.187699799916
NY,1962,8706.041523206826
NY,1963,8929.551239842041
NY,1964,9088.826583621636
NY,1965,8986.746432079984
NY,1966,8638.327576545283
NY,1967,8172.887295110815
NY,1968,7741.970526714007
NY,1969,7203.678399443609
NY,1970,7048.881827354711
NY,1971,6970.648439639235
NY,1972,6978.978890563022
NY,1973,7102.675575688013
NY,1974,7470.201926545426
NY,1975,8082.604230498502
NY,1976,8449.696957135627
NY,1977,8500.400094645007
NY,1978,8417.314291579082
NY,1979,8306.794277868374
NY,1980,8196.620895152531
NY,1981,8060.900651515663
NY,1982,7967.0849309571246
NY,1983,7879.103342881938
NY,1984,7881.632563097148
NY,1985,8063.714969129073
NY,1986,8365.600993683676
NY,1987,8631.809921605313
NY,1988,8812.70467427295
NY,1989,8719.48150118184
NY,1990,8362.960128309895
NY,1991,7906.7768478835365
NY,1992,7470.844324056244
NY,1993,7161.602786303687
NY,1994,7013.7851700370595
NY,1995,6933.25289340839
NY,1996,6926.473499857356
NY,1997,7049.970271308604
NY,1998,7419.586989523787
NY,1999,8040.354547908265
NY,2000,8400.379839943286
NY,2001,8455.571492342191
NY,2002,8360.608885324371
NY,2003,8270.504669408563
NY,2004,8178.472173652196
NY,2005,8049.667783750271
NY,2006,7957.460991226654
NY,2007,7886.9775991986835
NY,2008,7891.7249434353325
NY,2009,8078.927875140527
NY,2010,8341.44324334601
NY,2011,8564.45592117245
NY,2012,8728.230336478154
NY,2013,8652.051743755921
NY,2014,8312.96825726429
NY,2015,7861.921103096008
NY,2016,7436.541354821255
NY,2017,7233.3420235606845
NY,2018,7075.718678091672
NY,2019,6995.682872247629
NY,2020,6992.062642195463
NY,2021,7103.600832530228
NY,2022,7456.497800532228
NY,2023,8018.799706256761
NY,2024,8338.869826120067
NY,2025,8361.9561694824
NY,2026,8259.52295384565
NY,2027,8144.840243140473
NY,2028,8001.093179654019
NY,2029,7851.08877620434
NY,2030,7758.32269310783
NY,2031,7650.533021942693
NY,2032,7645.146291242855
NY,2033,7838.434966802059
NY,2034,8158.862114293141
NY,2035,8462.71097025917
NY,2036,8681.772683089225
NY,2037,8641.9273382788
NY,2038,8328.16009257408
NY,2039,7895.6100710001085
NY,2040,7482.467573549208
NY,2041,7271.143524787935
NY,2042,7138.528934542263
NY,2043,7071.829393021458
NY,2044,7063.680305003869
NY,2045,7193.697510440616
NY,2046,7551.2303398405995
NY,2047,8122.130056526139
NY,2048,8414.823340149683
NY,2049,8409.28296608992
NY,2050,8297.13733205148
NY,2051,8175.269314792667
NY,2052,8065.66263719251
NY,2053,7904.877600499084
NY,2054,7818.803275874407
NY,2055,7729.674744949532
NY,2056,7751.925060868962
NY,2057,7978.192274535145
NY,2058,8290.299788124493
NY,2059,8562.928304558667
NY,2060,8755.977712468015
NY,2061,8697.535680521986
NY,2062,8350.009623065889
NY,2063,7898.658294247269
NY,2064,7476.764065890896
NY,2065,7049.058672722735
NY,2066,6899.9586872561505
NY,2067,6834.2579273122315
NY,2068,6832.691600714553
NY,2069,6975.292089850713
NY,2070,7356.158460665639
NY,2071,7969.836721150437
NY,2072,8308.564507422485
NY,2073,8309.94554414151
NY,2074,8218.177425396599
NY,2075,8108.322269809024
NY,2076,8010.309163797832
NY,2077,7869.902808515196
NY,2078,7797.044439183571
NY,2079,7731.010531564785
NY,2080,7767.224962956849
NY,2081,7991.446376043823
NY,2082,8308.750807406263
NY,2083,8561.371266526155
NY,2084,8725.853278708843
NY,2085,8631.608090822164
NY,2086,8257.464265588744
NY,2087,7766.076866381973
NY,2088,7322.313878804885
NY,2089,7041.47557373377
NY,2090,6885.584804414171
NY,2091,6806.404304285555
NY,2092,6805.659336382287
NY,2093,6937.241042228555
NY,2094,7350.568821213846
NY,2095,8009.387192142835
NY,2096,8386.381081486212
NY,2097,8412.57611569801
NY,2098,8297.832120505054
NY,2099,8173.524668977882
NY,2100,8054.942755287513
NY,2101,7921.354931465763
NY,2102,7809.801427601677
NY,2103,7706.673040733259
NY,2104,7714.548061061588
NY,2105,7904.125417737328
NY,2106,8208.591085717652
NY,2107,8519.385867000437
NY,2108,8701.642922434942
NY,2109,8652.01319791018
NY,2110,8286.493310159479
NY,2111,7826.099671319273
NY,2112,7392.319926051924
NY,2113,7259.790964108078
NY,2114,7125.943513558633
NY,2115,7056.996786553842
NY,2116,7065.512465911974
NY,2117,7195.5066587202134
NY,2118,7589.045647215622
NY,2119,8209.492473265145
NY,2120,8545.37066824547
NY,2121,8543.290135369244
NY,2122,8396.208201371833
NY,2123,8248.331498244934
NY,2124,8121.418030467558
NY,2125,7972.152914673306
NY,2126,7857.44706912873
NY,2127,7755.744551854595
NY,2128,7746.305730831118
NY,2129,7913.089340369086
NY,2130,8210.218859908183
NY,2131,8502.575441057857
NY,2132,8706.415714351202
NY,2133,8647.273643094003
NY,2134,8307.510553928324
NY,2135,7853.93779129941
NY,2136,7428.622858580062
NY,2137,7158.592012246805
NY,2138,7002.866428424655
NY,2139,6929.076692684762
NY,2140,6929.874899698409
NY,2141,7036.0271561095535
NY,2142,7402.7944017226375
NY,2143,7987.980869690749
NY,2144,8291.043958046231
NY,2145,8316.709379596062
NY,2146,8216.521991404191
NY,2147,8132.233905836475
NY,2148,8037.87826098877
NY,2149,7931.91503804932
NY,2150,7847.781713211648
NY,2151,7779.472066719615
NY,2152,7774.581971838274
NY,2153,7940.141749834233
NY,2154,8207.751597519216
NY,2155,8450.225553625192
NY,2156,8600.95016034123
NY,2157,8516.025448541589
NY,2158,8173.27242192992
NY,2159,7705.3696104793685
NY,2160,7269.473880662236
NY,2161,6827.795883851231
NY,2162,6667.2524032442935
NY,2163,6593.627294102896
NY,2164,6566.328287033118
NY,2165,6693.552192361835
NY,2166,7039.375271151345
NY,2167,7608.024362698203
NY,2168,7958.88028211617
NY,2169,8053.689321801523
NY,2170,8008.377889040505
NY,2171,7943.068656378843
NY,2172,7865.365208205349
NY,2173,7754.144167522539
NY,2174,7677.546941940438
NY,2175,7623.755751751051
NY,2176,7641.935683885486
NY,2177,7772.973516050081
NY,2178,8019.47920530622
NY,2179,8197.632630503806
NY,2180,8381.164338703261
NY,2181,8457.953928207445
NY,2182,8151.360503940937
NY,2183,7692.915343866185
NY,2184,7249.640113630158
NY,2185,6917.760633637097
NY,2186,6762.232360590746
NY,2187,6827.979491317479
NY,2188,6653.853793640312
NY,2189,6774.913022825208
NY,2190,7115.309784002669
NY,2191,7656.11993987778
NY,2192,7971.576074566655
NY,2193,7996.2881437581945
NY,2194,7860.255294609365
NY,2195,7714.730883343927
NY,2196,7580.048079083625
NY,2197,7447.704177109953
NY,2198,7370.622935283382
NY,2199,7275.385069373047
NY,2200,7256.18893546934
NY,2201,7398.814304613205
NY,2202,7667.2358408609105
NY,2203,7926.403502675498
NY,2204,8167.189240946874
NY,2205,8281.968277046722
NY,2206,7993.489663164916
NY,2207,7563.411019775291
NY,2208,7146.651760400524
NY,2209,6836.0720881887715
NY,2210,6679.105886791243
NY,2211,6665.259465454757
NY,2212,6569.750462149237
NY,2213,6682.040061124025
NY,2214,7020.37127480842
NY,2215,7568.430851267481
NY,2216,7883.986511767954
NY,2217,7927.988360723305
NY,2218,7852.447679409782
NY,2219,7774.676521216866
NY,2220,7714.785886108493
NY,2221,7620.811325765176
NY,2222,7565.4797711809065
NY,2223,7492.949418285465
NY,2224,7485.801666083109
NY,2225,7631.7926742440045
NY,2226,7904.128399415152
NY,2227,8091.922619382121
NY,2228,8291.049702085697
NY,2229,8368.726471626513
NY,2230,8037.813600483261
NY,2231,7584.756485507047
NY,2232,7159.001763528469
NY,2233,6789.103809954082
NY,2234,6632.635385466972
NY,2235,6579.465740537391
NY,2236,6524.7313988920945
NY,2237,6658.90608133054
NY,2238,7033.210580112325
NY,2239,7615.689830542122
NY,2240,7961.748410980375
NY,2241,8029.43828017319
NY,2242,7953.448759893591
NY,2243,7850.49156172204
NY,2244,7741.5309387540026
NY,2245,7623.144571945391
NY,2246,7546.666073439578
NY,2247,7486.70534729857
NY,2248,7483.537715093783
NY,2249,7602.944933872644
NY,2250,7831.6183893646505
NY,2251,8012.846046831255
NY,2252,8206.314688103406
NY,2253,8302.146032275958
NY,2254,8003.476337229802
NY,2255,7550.460624118761
NY,2256,7121.9001334507634
NY,2257,6878.49537243924
NY,2258,6719.636751462791
NY,2259,6636.323191831421
NY,2260,6599.480151822675
NY,2261,6709.646004193599
NY,2262,7071.909350788063
NY,2263,7656.3995514717185
NY,2264,8000.016798938454
NY,2265,8057.44384192834
NY,2266,7993.427176913526
NY,2267,7920.163232611748
NY,2268,7824.101049696473
NY,2269,7711.906340599025
NY,2270,7668.052893616579
NY,2271,7612.878140940502
NY,2272,7577.299787608171
NY,2273,7694.695655806515
NY,2274,7925.194647413871
NY,2275,8105.808712779192
NY,2276,8279.410860240509
NY,2277,8335.979623346544
NY,2278,8017.971200711685
NY,2279,7554.635640827221
NY,2280,7122.928580605364
NY,2281,6856.84724302914
NY,2282,6686.485494693279
NY,2283,6631.158672934045
NY,2284,6567.0785063419626
NY,2285,6688.461185546422
NY,2286,7023.623622065569
NY,2287,7559.232294201232
NY,2288,7875.552245013242
NY,2289,7937.7514576074955
NY,2290,7860.396489683502
NY,2291,7785.848300023598
NY,2292,7657.237447092396
NY,2293,7532.101979671257
NY,2294,7430.866951669109
NY,2295,7352.238653133949
NY,2296,7325.120345995872
NY,2297,7439.625659596435
NY,2298,7666.320512130847
NY,2299,7859.334997692986
NY,2300,8051.331199547498
NY,2301,8140.966422514195
NY,2302,7853.093764637842
NY,2303,7406.0126376440385
NY,2304,6985.266052978608
NY,2305,6786.146697470607
NY,2306,6620.1958370432905
NY,2307,6584.688859944164
NY,2308,6501.942073849295
NY,2309,6626.982347837949
NY,2310,6974.196048836001
NY,2311,7513.709290089484
NY,2312,7840.2890596688435
NY,2313,7910.862641337343
NY,2314,7873.711305682524
NY,2315,7796.945052150473
NY,2316,7693.0439233259404
NY,2317,7602.011997719071
NY,2318,7524.90955669884
NY,2319,7471.402739046619
NY,2320,7466.009242701486
NY,2321,7604.66930476051
NY,2322,7827.6331734261495
NY,2323,7994.751976917334
NY,2324,8159.270515404433
NY,2325,8230.911331817033
NY,2326,7912.782004952387
NY,2327,7467.034215724293
NY,2328,7037.524823413217
NY,2329,6858.472644508407
NY,2330,6689.615816377843
NY,2331,6589.637142245444
NY,2332,6576.771089833031
NY,2333,6692.12963336889
NY,2334,7045.314492182783
NY,2335,7617.473763383656
NY,2336,7945.2688528074065
NY,2337,7982.764797073436
NY,2338,7900.108047944591
NY,2339,7818.148466853891
NY,2340,7744.797267779261
NY,2341,7639.303063045781
NY,2342,7592.735291443888
NY,2343,7515.305633409212
NY,2344,7486.70098571253
NY,2345,7609.260815050857
NY,2346,7828.2581300363185
NY,2347,8010.981523216575
NY,2348,8187.040097767992
NY,2349,8297.937056704386
NY,2350,8000.533671679054
NY,2351,7562.3681807868195
NY,2352,7126.9037529804375
NY,2353,6838.023129532954
NY,2354,6670.515336216184
NY,2355,6589.906723190154
NY,2356,6576.878841892501
NY,2357,6689.277284702466
NY,2358,7014.686244366617
NY,2359,7510.6340119077135
NY,2360,7789.5844268895
NY,2361,7808.4094504332136
NY,2362,7697.346192677882
NY,2363,7598.576802213297
NY,2364,7523.666536048128
NY,2365,7399.769212091314
NY,2366,7322.405947551068
NY,2367,7239.6713180492185
NY,2368,7206.10493071313
NY,2369,7311.953709240107
NY,2370,7544.912586774704
NY,2371,7752.0675097034895
NY,2372,7954.465916668448
NY,2373,8089.118539194606
NY,2374,7806.000514925875
NY,2375,7376.893728513985
NY,2376,6967.702252111254
NY,2377,6651.450150992979
NY,2378,6489.498270203976
NY,2379,6407.444431302457
NY,2380,6399.248105202156
NY,2381,6514.684359815388
NY,2382,6843.878182050248
NY,2383,7347.200160356764
NY,2384,7647.719934736321
NY,2385,7680.112425737006
NY,2386,7622.085620875939
NY,2387,7524.30696722093
NY,2388,7426.214440381896
NY,2389,7323.504374122769
NY,2390,7267.383704070414
NY,2391,7203.045068590951
NY,2392,7187.455670599127
NY,2393,7334.988198332055
NY,2394,7555.731132603989
NY,2395,7765.09426482468
NY,2396,7967.931243688475
NY,2397,8106.926485065232
NY,2398,7810.999675994533
NY,2399,7356.351698576414
NY,2400,6919.852802550716
NY,2401,6686.153869415869
NY,2402,6523.951423592998
NY,2403,6441.873584352898
NY,2404,6434.71321350496
NY,2405,6562.466009910624
NY,2406,6923.337602499687
NY,2407,7483.998470737892
NY,2408,7794.863288296699
NY,2409,7809.953106121529
NY,2410,7733.0054177825245
NY,2411,7654.719641602338
NY,2412,7581.195601481564
NY,2413,7479.2222778375
NY,2414,7426.5676289157305
NY,2415,7385.686618477511
NY,2416,7383.82387282427
NY,2417,7516.477774800903
NY,2418,7748.75050862308
NY,2419,7914.692221720191
NY,2420,8095.308921513713
NY,2421,8185.11086733329
NY,2422,7880.894808122039
NY,2423,7433.773583203476
NY,2424,6998.112188970314
NY,2425,6710.88356429835
NY,2426,6538.691606377615
NY,2427,6436.239854826523
NY,2428,6423.157550221286
NY,2429,6544.233379810642
NY,2430,6904.462852396817
NY,2431,7461.0117069277475
NY,2432,7781.772479984033
NY,2433,7803.894630634719
NY,2434,7680.091368004133
NY,2435,7552.946819276402
NY,2436,7436.1926711603115
NY,2437,7333.157954579896
NY,2438,7267.229305626483
NY,2439,7196.624103207614
NY,2440,7171.718427805028
NY,2441,7297.875993423272
NY,2442,7548.850543122242
NY,2443,7751.574055616284
NY,2444,7939.6035624000145
NY,2445,8044.776906795288
NY,2446,7742.21930586669
NY,2447,7289.917858027667
NY,2448,6857.200346021978
NY,2449,6558.4643007492796
NY,2450,6385.127060905398
NY,2451,6278.607058505545
NY,2452,6251.4551533105065
NY,2453,6358.60303892103
NY,2454,6693.98879441249
NY,2455,7238.886461538226
NY,2456,7587.709910253402
NY,2457,7658.505583745328
NY,2458,7584.200871720573
NY,2459,7497.578977492094
NY,2460,7427.074728405942
NY,2461,7335.410487755488
NY,2462,7301.114163069058
NY,2463,7273.00066613819
NY,2464,7290.474194629175
NY,2465,7443.448556351107
NY,2466,7679.832607534801
NY,2467,7852.477656205751
NY,2468,8014.950330458626
NY,2469,8100.137724466299
NY,2470,7787.1223217572
NY,2471,7329.12732017312
NY,2472,6890.556418755618
NY,2473,6644.585892615592
NY,2474,6463.820875205819
NY,2475,6368.734792312762
NY,2476,6342.262116447826
NY,2477,6447.87622982593
NY,2478,6772.808741202298
NY,2479,7280.772295893751
NY,2480,7589.8505476315625
NY,2481,7630.447639381932
NY,2482,7551.4351474690615
NY,2483,7482.251751882294
NY,2484,7427.019042788411
NY,2485,7381.83402600819
NY,2486,7382.527028484106
NY,2487,7336.985004313393
NY,2488,7339.863151313364
NY,2489,7473.0218090125105
NY,2490,7677.5303749787245
NY,2491,7825.354323133368
NY,2492,7971.243712840381
NY,2493,8057.826026960342
NY,2494,7738.43368300308
NY,2495,7284.477613648554
NY,2496,6859.186360112013
NY,2497,6501.601097235024
NY,2498,6335.919689232608
NY,2499,6229.441683327272
NY,2500,6217.557123964099
NY,2501,6341.127749444126
NY,2502,6669.518708998461
NY,2503,7182.212504002148
NY,2504,7511.137947756084
NY,2505,7561.651816884661
NY,2506,7532.101733233263
NY,2507,7517.931795448085
NY,2508,7499.587114316337
NY,2509,7437.928538817733
NY,2510,7423.559751556478
NY,2511,7387.444647923703
NY,2512,7414.9208668885445
NY,2513,7554.413355592456
NY,2514,7747.388937720972
NY,2515,7868.58081744869
NY,2516,7980.181703515828
NY,2517,8042.629920806666
NY,2518,7722.62827443173
NY,2519,7261.418977053886
NY,2520,6821.531300568413
NY,2521,6423.138127102592
NY,2522,6251.559589081935
NY,2523,6165.065759849295
NY,2524,6143.750706338661
NY,2525,6267.213079817964
NY,2526,6596.85443901955
NY,2527,7093.355907418251
NY,2528,7413.708871091823
NY,2529,7495.982287021158
NY,2530,7471.121698143339
NY,2531,7421.934628764271
NY,2532,7362.560964831675
NY,2533,7280.491845973205
NY,2534,7249.972460929736
NY,2535,7235.967742376432
NY,2536,7228.748819256246
NY,2537,7345.521147404855
NY,2538,7552.486971298855
NY,2539,7710.607504028625
NY,2540,7885.3225119237695
NY,2541,7983.151916330276
NY,2542,7690.0003226887765
NY,2543,7241.6945980006835
NY,2544,6830.460634745034
NY,2545,6547.440037810502
NY,2546,6377.527713658982
NY,2547,6287.141672417878
NY,2548,6270.281397018038
NY,2549,6381.351312790891
NY,2550,6707.537479842908
NY,2551,7200.314965778489
NY,2552,7506.044367913109
NY,2553,7569.976035812674
NY,2554,7513.515043338085
NY,2555,7457.056172914017
NY,2556,7398.644695271172
NY,2557,7314.154535564866
NY,2558,7246.511610889024
NY,2559,7182.132264341809
NY,2560,7144.9396228651
NY,2561,7253.372437108191
NY,2562,7451.4737678384035
NY,2563,7622.014306938386
NY,2564,7820.645419093618
NY,2565,7954.247874077362
NY,2566,7673.000268646502
NY,2567,7238.579306376101
NY,2568,6837.420384901206
NY,2569,6635.431073036253
NY,2570,6470.167491953064
NY,2571,6382.550595159155
NY,2572,6360.937130115827
NY,2573,6473.446536086646
NY,2574,6813.292636348809
NY,2575,7333.817267452148
NY,2576,7646.7073969434685
NY,2577,7676.045643318079
NY,2578,7593.082385835843
NY,2579,7528.99967640292
NY,2580,7464.9814315322915
NY,2581,7388.424950416195
NY,2582,7352.451832504011
NY,2583,7301.970306536871
NY,2584,7306.887989805318
NY,2585,7420.046861145341
NY,2586,7611.109236687175
NY,2587,7757.522007792259
NY,2588,7915.780594813058
NY,2589,8018.11625803111
NY,2590,7733.139704530911
NY,2591,7277.679143609155
NY,2592,6852.456912992906
NY,2593,6575.8243577686795
NY,2594,6408.449289309195
NY,2595,6317.039184297994
NY,2596,6299.985048210029
NY,2597,6420.952840203926
NY,2598,6777.541831966937
NY,2599,7315.709015250819
NY,2600,7641.102931962009
NY,2601,7701.023185933364
NY,2602,7642.335700573054
NY,2603,7602.626741782968
NY,2604,7539.476466485664
NY,2605,7436.491878288538
NY,2606,7360.0517686057225
NY,2607,7282.263967106205
NY,2608,7252.09417875375
NY,2609,7348.2816557694175
NY,2610,7561.318225092259
NY,2611,7737.084874158038
NY,2612,7908.634548810843
NY,2613,8001.260301239531
NY,2614,7693.214080200106
NY,2615,7251.788616049921
NY,2616,6816.610910243132
NY,2617,6439.856599772454
NY,2618,6278.70315710881
NY,2619,6201.07789882649
NY,2620,6196.613769267097
NY,2621,6324.149664621246
NY,2622,6675.584460872627
NY,2623,7199.956230690138
NY,2624,7518.51676813578
NY,2625,7593.936948921215
NY,2626,7543.121430646104
NY,2627,7465.731793039899
NY,2628,7376.68572350134
NY,2629,7291.830025462135
NY,2630,7220.562965344477
NY,2631,7127.337971355946
NY,2632,7089.481840174166
NY,2633,7198.267677649169
NY,2634,7419.7916602983565
NY,2635,7602.694232344763
NY,2636,7786.616201132719
NY,2637,7899.231396769533
NY,2638,7606.002090979871
NY,2639,7140.906222751251
NY,2640,6705.875881481296
NY,2641,6491.466290955926
NY,2642,6340.499382742664
NY,2643,6259.68933675802
NY,2644,6250.189870897462
NY,2645,6369.380662406133
NY,2646,6709.1589785766965
NY,2647,7224.193565650745
NY,2648,7535.504473506462
NY,2649,7598.6799623358205
NY,2650,7547.862107531905
NY,2651,7498.20591903983
NY,2652,7452.048524305651
NY,2653,7399.528561350153
NY,2654,7365.316218000404
NY,2655,7316.332406737654
NY,2656,7295.163255494574
NY,2657,7404.490459542314
NY,2658,7588.58265395158
NY,2659,7730.608779626092
NY,2660,7892.352156523187
NY,2661,8020.213541469065
NY,2662,7743.065262127631
NY,2663,7301.868624804385
NY,2664,6883.774243116435
NY,2665,6536.012006603991
NY,2666,6374.682233762984
NY,2667,6271.862643421489
NY,2668,6260.352599324807
NY,2669,6386.238375650263
NY,2670,6717.683662568544
NY,2671,7240.995952704198
NY,2672,7545.766420429442
NY,2673,7632.445679920508
NY,2674,7580.918821971514
NY,2675,7534.660248874895
NY,2676,7470.14793415448
NY,2677,7365.642699115104
NY,2678,7303.084635093843
NY,2679,7250.229842955651
NY,2680,7231.906550953727
NY,2681,7337.499198539731
NY,2682,7544.250782801319
NY,2683,7688.464256219032
NY,2684,7850.382594412178
NY,2685,7978.972566029117
NY,2686,7693.597632322146
NY,2687,7243.948261321176
NY,2688,6828.412422274585
NY,2689,6660.242020508032
NY,2690,6501.995383392732
NY,2691,6420.711850234906
NY,2692,6400.651818542477
NY,2693,6500.806972813197
NY,2694,6825.151330877299
NY,2695,7325.17730063268
NY,2696,7633.455383329597
NY,2697,7698.766677866426
NY,2698,7620.225492387715
NY,2699,7549.380363476023
NY,2700,7482.954157436951
NY,2701,7398.722274137141
NY,2702,7330.047175586822
NY,2703,7238.719727906176
NY,2704,7207.864487217419
NY,2705,7296.561863239624
NY,2706,7508.610160534124
NY,2707,7672.539156279393
NY,2708,7833.063936014235
NY,2709,7944.278543441439
NY,2710,7655.779060465822
NY,2711,7213.481677729878
NY,2712,6775.122253104171
NY,2713,6486.198637084307
NY,2714,6331.392072782409
NY,2715,6250.915872029749
NY,2716,6235.8421889322955
NY,2717,6346.658149341904
NY,2718,6668.702773363711
NY,2719,7148.961817175999
NY,2720,7415.076473992763
NY,2721,7428.544729272962
NY,2722,7316.458789568137
NY,2723,7232.542558097107
NY,2724,7164.686486841199
NY,2725,7059.407098738875
NY,2726,7000.504007961354
NY,2727,6928.249513679835
NY,2728,6919.880512801811
NY,2729,7071.103372755703
NY,2730,7329.955461619709
NY,2731,7535.348237355397
NY,2732,7717.348133902745
NY,2733,7867.306473754048
NY,2734,7566.864455424827
NY,2735,7107.855808225954
NY,2736,6683.398148789966
NY,2737,6430.515869567873
NY,2738,6265.679478624116
NY,2739,6181.951785630642
NY,2740,6176.443999275557
NY,2741,6297.657736075271
NY,2742,6656.950673407157
NY,2743,7174.46586855452
NY,2744,7482.4703347268775
NY,2745,7522.777640654269
NY,2746,7462.636752132211
NY,2747,7413.043025312221
NY,2748,7361.253164349585
NY,2749,7302.000762779768
NY,2750,7244.722515868422
NY,2751,7171.867475999846
NY,2752,7136.74956345125
NY,2753,7257.0827777072395
NY,2754,7470.351196896744
NY,2755,7639.003039455396
NY,2756,7817.76570807656
NY,2757,7926.333151408782
NY,2758,7632.414733347739
NY,2759,7169.965755975283
NY,2760,6725.226065697342
NY,2761,6394.1313530382535
NY,2762,6236.775664016654
NY,2763,6155.098973008315
NY,2764,6147.940128534676
NY,2765,6281.72967516141
NY,2766,6657.098107092895
NY,2767,7234.55444664606
NY,2768,7609.7810783504904
NY,2769,7686.286141719967
NY,2770,7625.5457457164235
NY,2771,7582.232344952584
NY,2772,7537.718465372303
NY,2773,7463.319542320193
NY,2774,7411.532869569722
NY,2775,7345.113829259636
NY,2776,7322.702140303254
NY,2777,7428.0832986557455
NY,2778,7630.905109798923
NY,2779,7792.6499300021135
NY,2780,7953.032204291825
NY,2781,8060.0706022328
NY,2782,7757.4647711098335
NY,2783,7303.446092765109
NY,2784,6864.409450760476
NY,2785,6574.827737238789
NY,2786,6417.21556601991
NY,2787,6333.347194078157
NY,2788,6333.025562727279
NY,2789,6462.229364703222
NY,2790,6814.797451098693
NY,2791,7326.606035448576
NY,2792,7625.798782538513
NY,2793,7629.839187078202
NY,2794,7517.876112746118
NY,2795,7410.470369191194
NY,2796,7309.240603490164
NY,2797,7190.110574196772
NY,2798,7119.88982725942
NY,2799,7044.836260481424
NY,2800,7013.179320083378
NY,2801,7125.322649880527
NY,2802,7349.0415509446345
NY,2803,7544.347616182748
NY,2804,7734.916783668173
NY,2805,7876.411712802829
NY,2806,7612.670373895026
NY,2807,7180.257778177281
NY,2808,6766.384715904731
NY,2809,6469.62177165137
NY,2810,6313.310473523347
NY,2811,6221.9545803772265
NY,2812,6225.414555011013
NY,2813,6349.381070701954
NY,2814,6693.67377551653
NY,2815,7202.644464984495
NY,2816,7483.12507375428
NY,2817,7491.3078221917795
NY,2818,7397.831396313444
NY,2819,7323.099278993408
NY,2820,7263.778017216446
NY,2821,7213.402124936928
NY,2822,7171.969387187873
NY,2823,7135.139850065277
NY,2824,7127.124952078979
NY,2825,7239.675744551905
NY,2826,7447.99390296196
NY,2827,7602.347405674357
NY,2828,7756.994807682587
NY,2829,7890.9472477368094
NY,2830,7610.990434755994
NY,2831,7163.904087794495
NY,2832,6739.520907394793
NY,2833,6444.812303437476
NY,2834,6290.231120862242
NY,2835,6217.728451789947
NY,2836,6210.561768210083
NY,2837,6354.013772423868
NY,2838,6713.5576711097995
NY,2839,7216.11312071372
NY,2840,7522.405496048442
NY,2841,7549.388395724648
NY,2842,7471.534065489467
NY,2843,7399.245754617094
NY,2844,7330.799073703105
NY,2845,7236.294628338107
NY,2846,7184.969940937814
NY,2847,7118.478745666625
NY,2848,7099.64473145518
NY,2849,7206.457930089866
NY,2850,7400.619669131288
NY,2851,7572.771854590299
NY,2852,7740.2885631620455
NY,2853,7847.7837588811035
NY,2854,7577.10131016686
NY,2855,7150.116608205164
NY,2856,6737.2532768724
NY,2857,6463.571757948269
NY,2858,6300.909424410584
NY,2859,6221.854987278771
NY,2860,6208.220037132884
NY,2861,6325.117227710227
NY,2862,6647.8409712836655
NY,2863,7126.262244754322
NY,2864,7417.65708678138
NY,2865,7460.453447855145
NY,2866,7405.079652868872
NY,2867,7372.054323844581
NY,2868,7335.661331605274
NY,2869,7252.810570326005
NY,2870,7195.485905784604
NY,2871,7122.9167009343595
NY,2872,7087.512731589943
NY,2873,7196.178625738912
NY,2874,7414.39089819315
NY,2875,7565.59056583443
NY,2876,7733.723210406732
NY,2877,7871.093181136637
NY,2878,7600.338606934007
NY,2879,7170.19251890964
NY,2880,6756.987958576641
NY,2881,6518.286474789612
NY,2882,6332.6182210791435
NY,2883,6227.420200801555
NY,2884,6192.4919206606654
NY,2885,6278.0215603829905
NY,2886,6547.520135949007
NY,2887,6958.1111138362175
NY,2888,7260.183652240739
NY,2889,7363.585870115503
NY,2890,7351.548554757603
NY,2891,7311.896445173716
NY,2892,7311.738213354906
NY,2893,7279.346408087342
NY,2894,7302.615469809064
NY,2895,7301.018739535443
NY,2896,7331.476018184002
NY,2897,7480.826635975485
NY,2898,7670.762617077339
NY,2899,7816.0240633215805
NY,2900,7906.189139075782
NY,2901,8003.369278806039
NY,2902,7777.436910749325
NY,2903,7285.139846062646
NY,2904,6809.378638728294
NY,2905,6508.961411402198
NY,2906,6313.4161407032
NY,2907,6194.64900354344
NY,2908,6149.795897711095
NY,2909,6239.1374997361355
NY,2910,6526.262029011067
NY,2911,6964.167402303323
NY,2912,7307.144091342461
NY,2913,7408.955874036874
NY,2914,7399.332749075583
NY,2915,7418.590447459054
NY,2916,7424.545683051355
NY,2917,7448.72777508927
NY,2918,7478.327043719115
NY,2919,7479.42884757087
NY,2920,7507.818678553306
NY,2921,7635.844510558795
NY,2922,7794.027665943408
NY,2923,7915.621355857641
NY,2924,7979.784968116413
NY,2925,8079.827679025408
NY,2926,7846.231800703696
NY,2927,7322.408062551166
NY,2928,6834.568997158019
NY,2929,6477.9508185935875
NY,2930,6281.919174474045
NY,2931,6163.90882175905
NY,2932,6121.887044011896
NY,2933,6222.559048775113
NY,2934,6533.134395651989
NY,2935,7005.708829638579
NY,2936,7342.643594776467
NY,2937,7414.281614939132
NY,2938,7387.673887132219
NY,2939,7375.300679464479
NY,2940,7340.068174007165
NY,2941,7310.805087089837
NY,2942,7313.670840137284
NY,2943,7313.80069030254
NY,2944,7367.733690942258
NY,2945,7511.040885137737
NY,2946,7707.945795983739
NY,2947,7853.503278365992
NY,2948,7914.349454596973
NY,2949,8012.937527672056
NY,2950,7794.4172724570295
NY,2951,7299.4801789641945
NY,2952,6817.845418463641
NY,2953,6540.468637280071
NY,2954,6343.608263550411
NY,2955,6222.239289733083
NY,2956,6179.158046933343
NY,2957,6265.518987128247
NY,2958,6549.0737552154386
NY,2959,6985.918818386182
NY,2960,7325.671648751406
NY,2961,7439.378935897841
NY,2962,7426.2255736134275
NY,2963,7390.108067669353
NY,2964,7337.299304062201
NY,2965,7291.009139605815
NY,2966,7278.409374827991
NY,2967,7240.89522603649
NY,2968,7264.861953338313
NY,2969,7386.1544612289345
NY,2970,7564.959626392675
NY,2971,7703.893166472246
NY,2972,7801.162248506974
NY,2973,7932.101189551699
NY,2974,7745.053088331616
NY,2975,7270.154058359334
NY,2976,6813.666305885176
NY,2977,6543.06462806452
NY,2978,6347.088346818516
NY,2979,6241.667534659845
NY,2980,6200.899230571883
NY,2981,6288.816084953873
NY,2982,6574.4511689739396
NY,2983,6987.766716977983
NY,2984,7273.731501890778
NY,2985,7309.6256734498475
NY,2986,7243.410396751134
NY,2987,7187.346455520179
NY,2988,7174.482803369433
NY,2989,7159.921086644736
NY,2990,7165.03671603381
NY,2991,7170.369129869544
NY,2992,7212.129616447405
NY,2993,7347.729143071843
NY,2994,7527.32081575667
NY,2995,7652.940062641698
NY,2996,7729.179871576759
NY,2997,7854.974456955628
NY,2998,7666.671475949174
NY,2999,7185.153399920859
NY,3000,6725.9794543146
NY,3001,6425.6112290082275
NY,3002,6240.722110594747
NY,3003,6142.968706990353
NY,3004,6114.954881623876
NY,3005,6211.217812697921
NY,3006,6498.072335143649
NY,3007,6928.780091138279
NY,3008,7245.891726024279
NY,3009,7304.449830615253
NY,3010,7253.792281546469
NY,3011,7212.215242304891
NY,3012,7177.0250570304155
NY,3013,7143.545955239537
NY,3014,7142.310334407373
NY,3015,7138.518148681037
NY,3016,7183.368312074939
NY,3017,7302.185784885606
NY,3018,7514.388777813852
NY,3019,7694.351329503955
NY,3020,7798.8511136713745
NY,3021,7910.397033936838
NY,3022,7715.934047631328
NY,3023,7233.797015196439
NY,3024,6762.882880459406
NY,3025,6491.669853149672
NY,3026,6296.879095029117
NY,3027,6196.304766079281
NY,3028,6160.304571340766
NY,3029,6249.6255253460555
NY,3030,6520.528171956876
NY,3031,6924.734794658676
NY,3032,7237.562177793482
NY,3033,7317.075694757297
NY,3034,7277.352630609904
NY,3035,7233.497281046409
NY,3036,7201.897700108127
NY,3037,7171.000464543459
NY,3038,7186.915724515055
NY,3039,7199.302351348499
NY,3040,7274.303616067197
NY,3041,7428.519628843534
NY,3042,7651.7797188585295
NY,3043,7801.763002953786
NY,3044,7892.243757618662
NY,3045,7993.123188342895
NY,3046,7785.607936773777
NY,3047,7300.084209966288
NY,3048,6829.59957408668
NY,3049,6462.925746600927
NY,3050,6276.798732613874
NY,3051,6168.427163688409
NY,3052,6135.534298710215
NY,3053,6220.178067990866
NY,3054,6484.109187186239
NY,3055,6880.508669426472
NY,3056,7174.626655746622
NY,3057,7228.023847874076
NY,3058,7171.0058680552455
NY,3059,7118.441748809698
NY,3060,7071.637649305741
NY,3061,7059.342640633208
NY,3062,7057.542905160321
NY,3063,7049.773216404391
NY,3064,7090.133822713544
NY,3065,7253.3713626867025
NY,3066,7491.704439121807
NY,3067,7706.829444763307
NY,3068,7818.694046309672
NY,3069,7956.755219238173
NY,3070,7778.943978196748
NY,3071,7289.58650863018
NY,3072,6818.806595598917
NY,3073,6526.0640011563
NY,3074,6334.983883066665
NY,3075,6224.58132377028
NY,3076,6182.08863895921
NY,3077,6269.760060940422
NY,3078,6548.4083349714695
NY,3079,6994.68657676128
NY,3080,7305.902267348657
NY,3081,7365.465517716062
NY,3082,7321.098532638155
NY,3083,7323.7689273412725
NY,3084,7332.6281350009115
NY,3085,7333.185369782732
NY,3086,7353.324085211376
NY,3087,7404.938760963976
NY,3088,7435.9905748307975
NY,3089,7590.3021900583285
NY,3090,7790.774818615335
NY,3091,7961.490631834681
NY,3092,8016.688016748482
NY,3093,8075.314887646813
NY,3094,7848.944209246363
NY,3095,7335.07894923728
NY,3096,6850.40375883972
NY,3097,6544.836257161862
NY,3098,6347.247849683722
NY,3099,6224.383079697486
NY,3100,6181.817784298294
NY,3101,6277.088866154938
NY,3102,6578.726894560502
NY,3103,7054.5256484980765
NY,3104,7393.196204317952
NY,3105,7465.846112137301
NY,3106,7449.911420381911
NY,3107,7426.730273472825
NY,3108,7428.561163804548
NY,3109,7411.640125662156
NY,3110,7423.1797700691216
NY,3111,7416.59108605982
NY,3112,7435.634380932719
NY,3113,7559.704593675822
NY,3114,7770.115363475879
NY,3115,7920.82914495275
NY,3116,7984.379093780742
NY,3117,8072.3924472917
NY,3118,7869.44743699829
NY,3119,7358.009013139232
NY,3120,6858.223992739826
NY,3121,6432.745162770227
NY,3122,6240.4111540050184
NY,3123,6137.2935833939755
NY,3124,6107.048832980259
NY,3125,6200.9207318479715
NY,3126,6465.635626318587
NY,3127,6880.160849130676
NY,3128,7159.251052497691
NY,3129,7195.986909917472
NY,3130,7143.2942539621935
NY,3131,7145.633832384144
NY,3132,7160.448197796157
NY,3133,7159.773112400783
NY,3134,7178.806692971174
NY,3135,7224.268423278871
NY,3136,7283.669428222756
NY,3137,7428.127604000146
NY,3138,7638.87910411458
NY,3139,7836.63322552115
NY,3140,7898.812847309368
NY,3141,7984.79313475246
NY,3142,7788.528841997606
NY,3143,7293.80136337388
NY,3144,6805.354352243375
NY,3145,6480.0834218973336
NY,3146,6275.984083956259
NY,3147,6154.5703173829525
NY,3148,6110.903042747518
NY,3149,6192.165754328706
NY,3150,6469.819850494265
NY,3151,6880.4307686049455
NY,3152,7201.502997746493
NY,3153,7309.277168422105
NY,3154,7333.175830360782
NY,3155,7374.43229498236
NY,3156,7418.838452582406
NY,3157,7431.993306716025
NY,3158,7486.070158546256
NY,3159,7524.474502011347
NY,3160,7576.646051732807
NY,3161,7731.406594857669
NY,3162,7935.1103293130905
NY,3163,8083.7947379103
NY,3164,8118.818839859358
NY,3165,8184.573365751051
NY,3166,7957.307034999249
NY,3167,7431.686078538225
NY,3168,6940.246937356795
NY,3169,6541.939496547566
NY,3170,6341.058797992644
NY,3171,6217.63557956903
NY,3172,6175.661625020551
NY,3173,6253.127465753119
NY,3174,6521.620468778067
NY,3175,6949.868054262507
NY,3176,7269.987624461509
NY,3177,7354.799238669675
NY,3178,7330.28715562535
NY,3179,7325.664308305685
NY,3180,7333.478947612039
NY,3181,7334.861319060565
NY,3182,7373.302865215263
NY,3183,7397.171946136051
NY,3184,7457.466332917188
NY,3185,7622.474371809263
NY,3186,7827.866915534159
NY,3187,8015.025620971691
NY,3188,8083.342351434528
NY,3189,8154.454847332413
NY,3190,7944.79799298946
NY,3191,7439.757396854308
NY,3192,6948.729741772973
NY,3193,6537.265798895465
NY,3194,6324.627853778938
NY,3195,6198.185224343706
NY,3196,6149.184686104774
NY,3197,6221.114506039135
NY,3198,6464.010439511815
NY,3199,6854.106446066646
NY,3200,7154.808118722097
NY,3201,7228.7205725997135
NY,3202,7203.9995372969905
NY,3203,7198.558420276201
NY,3204,7202.408455303028
NY,3205,7211.015151790719
NY,3206,7244.182010329422
NY,3207,7281.704001925019
NY,3208,7340.550361756702
NY,3209,7497.674695432581
NY,3210,7720.137239511037
NY,3211,7888.581377052234
NY,3212,7968.14242934848
NY,3213,8073.659341616542
NY,3214,7876.281235166354
NY,3215,7372.134508363348
NY,3216,6877.435499725569
NY,3217,6533.857183598176
NY,3218,6318.035320394311
NY,3219,6188.827721858759
NY,3220,6151.994044352562
NY,3221,6233.943741044347
NY,3222,6480.171055364358
NY,3223,6878.89095986256
NY,3224,7171.199038864742
NY,3225,7256.029981407709
NY,3226,7243.601679621187
NY,3227,7243.181322221751
NY,3228,7272.669299325358
NY,3229,7301.3484164304465
NY,3230,7353.54071015759
NY,3231,7396.641989724044
NY,3232,7486.129836954214
NY,3233,7647.640155647258
NY,3234,7868.4323246709535
NY,3235,8021.718383872386
NY,3236,8066.572462369146
NY,3237,8135.830873347066
NY,3238,7923.607551536422
NY,3239,7401.115040491311
NY,3240,6901.155078649049
NY,3241,6509.2888816227905
NY,3242,6303.92271626481
NY,3243,6182.228671627256
NY,3244,6132.168634736451
NY,3245,6211.463386371127
NY,3246,6480.319718391292
NY,3247,6897.402796064136
NY,3248,7225.536525478559
NY,3249,7355.263308098769
NY,3250,7378.920619869486
NY,3251,7426.663004686776
NY,3252,7457.028858836649
NY,3253,7464.654821317885
NY,3254,7525.770397659844
NY,3255,7533.091619138195
NY,3256,7578.419763225632
NY,3257,7718.519581243969
NY,3258,7863.297485531591
NY,3259,7966.776032354293
NY,3260,7982.325759863626
NY,3261,8062.582436179058
NY,3262,7859.882628076976
NY,3263,7359.90438352491
NY,3264,6864.912374087008
NY,3265,6522.00258496582
NY,3266,6313.954030374486
NY,3267,6187.448145283691
NY,3268,6144.768619186517
NY,3269,6230.936542320364
NY,3270,6511.821119580194
NY,3271,6967.123260302329
NY,3272,7310.860337716749
NY,3273,7402.729183508385
NY,3274,7362.972200077318
NY,3275,7349.696730606238
NY,3276,7361.395537303635
NY,3277,7364.280346523165
NY,3278,7406.546343472368
NY,3279,7401.289836443779
NY,3280,7451.418196400568
NY,3281,7587.436135569759
NY,3282,7787.260486969943
NY,3283,7927.599710650937
NY,3284,7965.338417575406
NY,3285,8029.292257676545
NY,3286,7856.553772494211
NY,3287,7359.639460562518
NY,3288,6871.367437778356
NY,3289,6523.650421256429
NY,3290,6319.573528942034
NY,3291,6213.805416230501
NY,3292,6176.792941072039
NY,3293,6271.158316615725
NY,3294,6528.438337738151
NY,3295,6934.186575008178
NY,3296,7203.395996605991
NY,3297,7226.365736107254
NY,3298,7139.027257826063
NY,3299,7100.906382942731
NY,3300,7099.186431721261
NY,3301,7093.3485576415
NY,3302,7128.844118423297
NY,3303,7157.232609204954
NY,3304,7230.9191246971976
NY,3305,7405.360632635054
NY,3306,7616.33205244182
NY,3307,7779.200921686505
NY,3308,7870.129060843726
NY,3309,7988.827075737065
NY,3310,7808.207673697039
NY,3311,7315.133321877717
NY,3312,6822.172692460728
NY,3313,6493.6479284037825
NY,3314,6272.972669726547
NY,3315,6153.657368248998
NY,3316,6108.2676057549685
NY,3317,6180.781088671133
NY,3318,6436.53455795204
NY,3319,6838.869746275592
NY,3320,7181.150538567125
NY,3321,7298.776137221825
NY,3322,7334.480268667463
NY,3323,7391.881059902778
NY,3324,7436.497938596624
NY,3325,7476.14871295054
NY,3326,7559.641508254489
NY,3327,7611.507947678867
NY,3328,7674.147790814518
NY,3329,7847.081944696383
NY,3330,8042.421634306882
NY,3331,8144.785034149685
NY,3332,8138.488041750314
NY,3333,8181.303623924974
NY,3334,7963.944252114343
NY,3335,7446.975273181194
NY,3336,6946.510423189446
NY,3337,6588.0267519762565
NY,3338,6370.585679465734
NY,3339,6237.751213988078
NY,3340,6178.535692196437
NY,3341,6250.2654390561165
NY,3342,6505.292161769323
NY,3343,6922.5782093147545
NY,3344,7265.140234501812
NY,3345,7432.794825614602
NY,3346,7466.610923554382
NY,3347,7519.381508450982
NY,3348,7568.940703699164
NY,3349,7606.013549327424
NY,3350,7650.753699003274
NY,3351,7690.313477685408
NY,3352,7770.7185921812325
NY,3353,7910.816320297445
NY,3354,8073.307824161708
NY,3355,8177.28378807757
NY,3356,8179.199015563274
NY,3357,8215.30211751175
NY,3358,7999.888491307578
NY,3359,7478.605308899832
NY,3360,6951.391994315282
NY,3361,6588.645627720266
NY,3362,6374.9779174241645
NY,3363,6238.556358075172
NY,3364,6176.695097544006
NY,3365,6240.912549711469
NY,3366,6466.170425971131
NY,3367,6849.004700918789
NY,3368,7170.037149084431
NY,3369,7281.526940306571
NY,3370,7277.209852667277
NY,3371,7306.357862542624
NY,3372,7372.705887611472
NY,3373,7448.023048304988
NY,3374,7520.020956632074
NY,3375,7598.783026907986
NY,3376,7704.778758701239
NY,3377,7881.107433931178
NY,3378,8104.630398105241
NY,3379,8249.689358566009
NY,3380,8243.51455546599
NY,3381,8283.420687795115
NY,3382,8078.741705973856
NY,3383,7556.472415643196
NY,3384,7043.184918516036
NY,3385,6666.449043550229
NY,3386,6439.178953678486
NY,3387,6305.915308064116
NY,3388,6240.6401427167175
NY,3389,6286.590025903149
NY,3390,6514.576586929978
NY,3391,6887.109446395305
NY,3392,7198.671786747646
NY,3393,7332.011969649682
NY,3394,7427.5585590862425
NY,3395,7526.142374583004
NY,3396,7597.347049085731
NY,3397,7667.9851860773205
NY,3398,7736.350397967427
NY,3399,7793.268287571883
NY,3400,7852.195042281565
NY,3401,7996.181134733153
NY,3402,8126.91348701674
NY,3403,8190.960808023728
NY,3404,8168.53214616247
NY,3405,8180.318316297909
NY,3406,7955.396009724155
NY,3407,7438.850373178103
NY,3408,6942.3876873085755
NY,3409,6575.327592762116
NY,3410,6371.889860041254
NY,3411,6256.540252982751
NY,3412,6219.734458718892
NY,3413,6293.461412004458
NY,3414,6541.1091171879026
NY,3415,6945.0562403884115
NY,3416,7242.706030516556
NY,3417,7365.444084169124
NY,3418,7412.990004798531
NY,3419,7483.5573328618015
NY,3420,7568.830301644215
NY,3421,7629.074557955501
NY,3422,7697.988322476709
NY,3423,7758.623691907456
NY,3424,7802.57750695232
NY,3425,7931.892727603881
NY,3426,8069.818136682215
NY,3427,8137.653682615984
NY,3428,8092.259179587913
NY,3429,8119.005228349735
NY,3430,7915.079303065201
NY,3431,7395.37460421325
NY,3432,6875.505487540929
NY,3433,6510.346187826184
NY,3434,6299.698862475037
NY,3435,6184.959606325156
NY,3436,6136.932312744544
NY,3437,6224.613295475263
NY,3438,6486.795039494063
NY,3439,6908.892577529051
NY,3440,7237.526233648884
NY,3441,7318.0277317054
NY,3442,7352.254507745057
NY,3443,7422.788100287454
NY,3444,7480.353459745401
NY,3445,7525.00558467657
NY,3446,7590.6865701222115
NY,3447,7617.074606221303
NY,3448,7668.10150780687
NY,3449,7777.800679487144
NY,3450,7923.17126001477
NY,3451,7975.538607338706
NY,3452,7972.465140837097
NY,3453,8015.397379342502
NY,3454,7838.257793890123
NY,3455,7342.179384077107
NY,3456,6863.28220202544
NY,3457,6630.519845067873
NY,3458,6412.308223353364
NY,3459,6299.2362796780945
NY,3460,6253.618418561633
NY,3461,6332.731719058667
NY,3462,6577.633931833391
NY,3463,6984.667258346483
NY,3464,7291.287195173971
NY,3465,7368.982928528889
NY,3466,7360.460147627357
NY,3467,7367.19039376192
NY,3468,7368.928385464832
NY,3469,7394.907339203443
NY,3470,7451.7262281231815
NY,3471,7489.309270421662
NY,3472,7568.791923985991
NY,3473,7751.426597127116
NY,3474,7956.285645078097
NY,3475,8088.5605090811
NY,3476,8118.86286157686
NY,3477,8195.551574990365
NY,3478,8011.655478000662
NY,3479,7501.291765799235
NY,3480,7002.206675818629
NY,3481,6801.931634478142
NY,3482,6573.058221196965
NY,3483,6427.090590329091
NY,3484,6363.3687924650575
NY,3485,6434.860647373163
NY,3486,6678.321466013594
NY,3487,7102.304238965383
NY,3488,7483.244424754891
NY,3489,7645.610489430755
NY,3490,7703.211889462093
NY,3491,7777.359841949016
NY,3492,7826.326847543681
NY,3493,7876.629522636274
NY,3494,7944.235293246888
NY,3495,7979.665425685858
NY,3496,8031.57816067148
NY,3497,8164.712035316398
NY,3498,8307.63933378398
NY,3499,8382.353491751715
NY,3500,8372.603928877334
NY,3501,8406.112416946076
NY,3502,8214.16218032522
NY,3503,7703.779640289813
NY,3504,7200.537740239146
NY,3505,6725.906710516261
NY,3506,6491.06933049808
NY,3507,6349.6296734878666
NY,3508,6287.380578833277
NY,3509,6344.099855642978
NY,3510,6554.209473437788
NY,3511,6919.165719172789
NY,3512,7244.440552009472
NY,3513,7403.628829701036
NY,3514,7460.63286751219
NY,3515,7512.128953650775
NY,3516,7559.698586791399
NY,3517,7609.216130348943
NY,3518,7667.946759773787
NY,3519,7709.925855929391
NY,3520,7751.783932243466
NY,3521,7911.5344739687785
NY,3522,8069.712978655096
NY,3523,8161.218538328857
NY,3524,8157.840646224942
NY,3525,8201.428797331992
NY,3526,8024.546491930566
NY,3527,7528.372580354374
NY,3528,7029.820118034604
NY,3529,6685.088165603408
NY,3530,6468.235250278054
NY,3531,6331.865918052455
NY,3532,6278.3073731518115
NY,3533,6337.54600785382
NY,3534,6553.831410807177
NY,3535,6942.916203165067
NY,3536,7295.137038588257
NY,3537,7469.618458738234
NY,3538,7567.748948662215
NY,3539,7641.877362599919
NY,3540,7692.490397266936
NY,3541,7713.352727520475
NY,3542,7738.34785926985
NY,3543,7749.758172578797
NY,3544,7810.3980582016606
NY,3545,7953.528410445138
NY,3546,8136.46034185126
NY,3547,8258.947094551793
NY,3548,8262.528485539589
NY,3549,8247.957491884272
NY,3550,8039.974385352272
NY,3551,7543.212717805182
NY,3552,7032.840826989622
NY,3553,6658.068451686822
NY,3554,6446.259217955653
NY,3555,6307.965352627418
NY,3556,6249.186769672098
NY,3557,6312.146233933882
NY,3558,6529.869037819088
NY,3559,6896.439658774089
NY,3560,7220.631557928657
NY,3561,7431.005978301403
NY,3562,7520.669750382143
NY,3563,7606.172663425306
NY,3564,7648.831188486948
NY,3565,7678.307051354431
NY,3566,7726.575685833918
NY,3567,7746.712122509597
NY,3568,7798.848669967446
NY,3569,7953.590410390879
NY,3570,8140.516046226727
NY,3571,8262.1387925574
NY,3572,8248.978618876073
NY,3573,8218.293043179724
NY,3574,8020.705164777727
NY,3575,7525.658161344977
NY,3576,7016.856144954268
NY,3577,6671.548206285001
NY,3578,6465.950376767265
NY,3579,6348.129016276432
NY,3580,6293.73745810107
NY,3581,6370.479148350764
NY,3582,6590.157296169066
NY,3583,6966.820859341411
NY,3584,7299.620429492534
NY,3585,7489.513363379309
NY,3586,7569.463170281133
NY,3587,7649.199415130994
NY,3588,7715.227552354086
NY,3589,7785.227123297647
NY,3590,7868.690430465157
NY,3591,7933.603883835456
NY,3592,8036.62535374416
NY,3593,8214.312230684923
NY,3594,8384.925628918428
NY,3595,8480.023019497025
NY,3596,8442.15479139386
NY,3597,8416.038183674173
NY,3598,8197.444851245372
NY,3599,7669.000498078433
NY,3600,7144.099174295426
NY,3601,6731.42494462453
NY,3602,6504.632563486378
NY,3603,6363.092577783497
NY,3604,6309.1979195482875
NY,3605,6379.9833527619985
NY,3606,6623.9103617549135
NY,3607,7055.78699722061
NY,3608,7426.405470386053
NY,3609,7593.710970351271
NY,3610,7647.266944969076
NY,3611,7705.917390992533
NY,3612,7801.722373011046
NY,3613,7856.3670523613025
NY,3614,7943.840107334915
NY,3615,7990.53634829449
NY,3616,8062.779646429185
NY,3617,8208.665203364038
NY,3618,8394.92844799308
NY,3619,8509.037350411841
NY,3620,8547.062764856959
NY,3621,8564.380027308948
NY,3622,8344.52302170327
NY,3623,7796.177891530679
NY,3624,7260.657815978336
NY,3625,7335.082740363179
NY,3626,7007.195651510809
NY,3627,6788.589999734253
NY,3628,6685.455250305391
NY,3629,6707.740939517578
NY,3630,6898.990099885421
NY,3631,7299.078328005838
NY,3632,7695.893922870242
NY,3633,7895.719631817303
NY,3634,8025.073996796081
NY,3635,8201.963729245035
NY,3636,8386.916967515079
NY,3637,8519.997462802065
NY,3638,8625.660458742516
NY,3639,8752.007188928907
NY,3640,8890.042774689954
NY,3641,9071.123840443166
NY,3642,9280.221860414063
NY,3643,9345.820014580575
NY,3644,9289.099013061627
NY,3645,9090.69737837104
NY,3646,8890.262036049405
NY,3647,8310.225428374796
NY,3648,7705.211013556769
NY,3649,7362.252009657827
NY,3650,7053.205618856334
NY,3651,6852.309336381655
NY,3652,6731.4214309441
NY,3653,6748.190892751223
NY,3654,6923.43802456301
NY,3655,7310.422157959101
NY,3656,7721.741043216692
NY,3657,7967.989122624776
NY,3658,8165.886896280979
NY,3659,8374.751612821738
NY,3660,8558.46541773578
NY,3661,8712.093695071168
NY,3662,8812.994979024541
NY,3663,8940.504408068035
NY,3664,9029.217192670282
NY,3665,9191.467445915926
NY,3666,9367.480361807106
NY,3667,9441.03839397397
NY,3668,9381.172530528415
NY,3669,9236.215399765573
NY,3670,9002.883194293982
NY,3671,8412.011802286258
NY,3672,7806.36243477878
NY,3673,7353.306415809731
NY,3674,7029.749918215392
NY,3675,6838.782085436762
NY,3676,6720.875400568032
NY,3677,6741.12143807271
NY,3678,6906.210183108433
NY,3679,7282.571304768986
NY,3680,7661.715391733632
NY,3681,7830.493501701343
NY,3682,7907.44734432877
NY,3683,8026.168400214626
NY,3684,8092.30477716772
NY,3685,8119.894066490401
NY,3686,8176.416476969733
NY,3687,8230.190749924695
NY,3688,8332.84991974865
NY,3689,8498.936442400055
NY,3690,8733.674779595443
NY,3691,8895.78898830615
NY,3692,8940.730467330061
NY,3693,8877.605607262067
NY,3694,8710.719217364488
NY,3695,8178.625044513952
NY,3696,7615.3029426527725
NY,3697,6978.657695658816
NY,3698,6685.841895328708
NY,3699,6519.692304402849
NY,3700,6431.06141940426
NY,3701,6469.994245321259
NY,3702,6621.835192566352
NY,3703,6951.005230234772
NY,3704,7263.053014581546
NY,3705,7392.165260407325
NY,3706,7459.73861189963
NY,3707,7585.941033191703
NY,3708,7713.411772487181
NY,3709,7844.926774969126
NY,3710,7962.091250399056
NY,3711,8057.853186889691
NY,3712,8196.839956448411
NY,3713,8424.88518652286
NY,3714,8628.26670279366
NY,3715,8772.015427382046
NY,3716,8749.397760673304
NY,3717,8655.709643230411
NY,3718,8508.266938609149
NY,3719,7989.550371086468
NY,3720,7433.1579459623125
NY,3721,7019.972555010262
NY,3722,6738.397978509603
NY,3723,6571.669883822348
NY,3724,6499.453667068253
NY,3725,6547.311538188896
NY,3726,6713.784737456591
NY,3727,7070.534879693063
NY,3728,7439.762429332216
NY,3729,7638.3189869251185
NY,3730,7780.977499976825
NY,3731,7957.1935194544245
NY,3732,8114.695291017892
NY,3733,8246.771533382603
NY,3734,8381.18622475566
NY,3735,8537.913593025914
NY,3736,8667.246511887248
NY,3737,8913.082669949763
NY,3738,9112.770249607193
NY,3739,9202.655248144518
NY,3740,9184.655052104382
NY,3741,9059.000349314521
NY,3742,8824.605729703404
NY,3743,8271.523611369227
NY,3744,7656.247969094393
NY,3745,7151.1133724218094
NY,3746,6857.08164414928
NY,3747,6665.58594743268
NY,3748,6567.424441704139
NY,3749,6604.687585750619
NY,3750,6785.524988312534
NY,3751,7173.885326223502
NY,3752,7572.988467681155
NY,3753,7774.399693623535
NY,3754,7889.73568200985
NY,3755,8024.128634280853
NY,3756,8146.81245826292
NY,3757,8259.72320214303
NY,3758,8391.351346185301
NY,3759,8527.718457185998
NY,3760,8653.287648118582
NY,3761,8852.617010060507
NY,3762,9053.9531763269
NY,3763,9157.903312909482
NY,3764,9129.406651967102
NY,3765,9051.571980012923
NY,3766,8862.893092461551
NY,3767,8285.186220346478
NY,3768,7679.163315557848
NY,3769,7211.534538363252
NY,3770,6908.315957590646
NY,3771,6715.312001972069
NY,3772,6606.234740620664
NY,3773,6651.667680355188
NY,3774,6856.203464681709
NY,3775,7273.056412135347
NY,3776,7675.252210760616
NY,3777,7862.349836872265
NY,3778,7998.066093515439
NY,3779,8178.368331694783
NY,3780,8346.076127348558
NY,3781,8486.87721476363
NY,3782,8626.780163171095
NY,3783,8740.249856967765
NY,3784,8845.717651367359
NY,3785,9036.079566687613
NY,3786,9228.44992552305
NY,3787,9312.724510071867
NY,3788,9296.33472663025
NY,3789,9192.268414122164
NY,3790,8990.164271384938
NY,3791,8407.295311473955
NY,3792,7800.798985975459
NY,3793,7376.454401363824
NY,3794,7074.431519010387
NY,3795,6877.038563729037
NY,3796,6771.584494967489
NY,3797,6804.072064751897
NY,3798,6988.772249403998
NY,3799,7385.6364980669715
NY,3800,7804.690377608061
NY,3801,8048.632975506548
NY,3802,8245.81551430718
NY,3803,8438.087256166684
NY,3804,8608.319706994834
NY,3805,8718.726881273254
NY,3806,8840.1177890159
NY,3807,8936.592742712936
NY,3808,9045.664548048078
NY,3809,9187.802457603235
NY,3810,9361.8690598313
NY,3811,9421.875174456291
NY,3812,9359.114832944654
NY,3813,9206.452682610704
NY,3814,8994.529288107382
NY,3815,8396.83976406327
NY,3816,7790.768369450625
NY,3817,7251.711807890377
NY,3818,6948.119175232654
NY,3819,6764.48216381413
NY,3820,6670.636373940147
NY,3821,6710.362698006004
NY,3822,6877.885086941577
NY,3823,7242.909235781714
NY,3824,7620.272534834908
NY,3825,7838.136255394945
NY,3826,8035.044908849644
NY,3827,8292.447752280303
NY,3828,8489.999772199043
NY,3829,8649.138222682533
NY,3830,8780.041066330966
NY,3831,8963.442866402618
NY,3832,9073.961539820463
NY,3833,9262.722183087197
NY,3834,9414.099200250993
NY,3835,9432.854490774027
NY,3836,9275.762283383052
NY,3837,9097.149078859507
NY,3838,8899.139206557054
NY,3839,8319.894280314772
NY,3840,7712.754828610072
NY,3841,7149.391781791137
NY,3842,6832.569451443128
NY,3843,6642.707330287129
NY,3844,6544.450705229126
NY,3845,6580.378638438661
NY,3846,6753.716258340849
NY,3847,7131.255354718911
NY,3848,7531.670356824622
NY,3849,7752.771659455039
NY,3850,7898.331429367241
NY,3851,8093.517830942734
NY,3852,8263.086297576015
NY,3853,8397.168655755479
NY,3854,8519.434820368424
NY,3855,8635.22835512119
NY,3856,8768.609174231734
NY,3857,8943.342090092175
NY,3858,9162.688262798984
NY,3859,9246.422871198568
NY,3860,9199.438846328597
NY,3861,9038.709876796007
NY,3862,8834.92177187704
NY,3863,8280.422241390259
NY,3864,7653.379641487991
NY,3865,7352.843609063895
NY,3866,7044.7707944539975
NY,3867,6840.203902599291
NY,3868,6737.059755433734
NY,3869,6765.253645010055
NY,3870,6946.046884914259
NY,3871,7331.84447575896
NY,3872,7744.772819723937
NY,3873,7981.651909205561
NY,3874,8140.642410266658
NY,3875,8315.16365906161
NY,3876,8517.655791443419
NY,3877,8644.059029709936
NY,3878,8702.588641642523
NY,3879,8838.055310600403
NY,3880,9009.773208592302
NY,3881,9196.374096403067
NY,3882,9360.446808411712
NY,3883,9469.503773400312
NY,3884,9440.882191498192
NY,3885,9297.957756227127
NY,3886,9079.540970703805
NY,3887,8528.393091833038
NY,3888,7915.64429354672
NY,3889,7326.780986211492
NY,3890,7015.571010923064
NY,3891,6806.576035544898
NY,3892,6698.29784143729
NY,3893,6725.652576999272
NY,3894,6886.927441732235
NY,3895,7233.259055972172
NY,3896,7610.261661453583
NY,3897,7819.001381962324
NY,3898,7975.202381564183
NY,3899,8199.997974294106
NY,3900,8342.136606230659
NY,3901,8473.729191893263
NY,3902,8613.090209158091
NY,3903,8773.111965993746
NY,3904,8870.712723039269
NY,3905,9077.773388928987
NY,3906,9284.338723441756
NY,3907,9368.969326603143
NY,3908,9302.962304719392
NY,3909,9134.463270701287
NY,3910,8927.137079605428
NY,3911,8370.268283225847
NY,3912,7765.650336680319
NY,3913,7202.860549118001
NY,3914,6898.5141235269944
NY,3915,6708.294987639214
NY,3916,6607.642585603967
NY,3917,6648.196346862041
NY,3918,6820.189343982074
NY,3919,7201.908683682801
NY,3920,7583.110843590952
NY,3921,7836.502245011469
NY,3922,7998.6820671471035
NY,3923,8208.275326083145
NY,3924,8336.952947852192
NY,3925,8468.61922976814
NY,3926,8570.899659914925
NY,3927,8713.782138345797
NY,3928,8811.431550057637
NY,3929,9029.61272022803
NY,3930,9260.149195414607
NY,3931,9361.612103268985
NY,3932,9324.296037710347
NY,3933,9187.17518881635
NY,3934,8941.305917048005
NY,3935,8364.903138173075
NY,3936,7749.845624251996
NY,3937,7292.0364464989005
NY,3938,6982.264119800344
NY,3939,6788.2751002022435
NY,3940,6682.34450946514
NY,3941,6719.319896853613
NY,3942,6909.699371190773
NY,3943,7318.45359330699
NY,3944,7751.490647239287
NY,3945,7964.44604710148
NY,3946,8069.146910065351
NY,3947,8200.564578883547
NY,3948,8327.647311111905
NY,3949,8430.99956590332
NY,3950,8505.38139644609
NY,3951,8582.197189550753
NY,3952,8649.216688749917
NY,3953,8834.319257860946
NY,3954,9012.135314056549
NY,3955,9105.364847510392
NY,3956,9093.394578789527
NY,3957,9007.4275119523
NY,3958,8822.027353530098
NY,3959,8257.155486086786
NY,3960,7664.180024437694
NY,3961,7176.688098493184
NY,3962,6877.816304915278
NY,3963,6699.086869536781
NY,3964,6603.613764458308
NY,3965,6636.147580830499
NY,3966,6801.889900009123
NY,3967,7166.218408736192
NY,3968,7569.384646960813
NY,3969,7820.203296201239
NY,3970,7983.713732330918
NY,3971,8147.565025219736
NY,3972,8316.34212751933
NY,3973,8459.616486449175
NY,3974,8594.037850968064
NY,3975,8772.487099404644
NY,3976,8909.104691337909
NY,3977,9123.227029201969
NY,3978,9315.979368581875
NY,3979,9348.200756599205
NY,3980,9247.274360839093
NY,3981,9107.592648318555
NY,3982,8902.545270276674
NY,3983,8353.094822524989
NY,3984,7767.494055978681
NY,3985,7541.0350485455835
NY,3986,7215.386012755537
NY,3987,7025.831084286822
NY,3988,6903.736306435806
NY,3989,6922.771531856073
NY,3990,7095.904319275883
NY,3991,7456.840213677369
NY,3992,7892.410603693607
NY,3993,8218.937294187155
NY,3994,8454.895405483525
NY,3995,8676.978735952998
NY,3996,8848.569090550836
NY,3997,8994.099729792076
NY,3998,9074.077684983571
NY,3999,9189.706653585013
NY,4000,9296.207410103847
NY,4001,9466.71541537373
NY,4002,9611.359308397962
NY,4003,9692.538771994013
NY,4004,9578.966632824852
NY,4005,9369.957601819397
NY,4006,9127.738889037145
NY,4007,8554.885730775066
NY,4008,7940.180488543417
NY,4009,7477.988459365964
NY,4010,7206.635656613851
NY,4011,7016.959132621196
NY,4012,6909.106125586761
NY,4013,6929.743188807921
NY,4014,7099.719859137953
NY,4015,7491.432023685867
NY,4016,7994.520521280486
NY,4017,8327.706015020375
NY,4018,8569.937190389172
NY,4019,8786.116030508861
NY,4020,9016.715867792943
NY,4021,9178.95965871464
NY,4022,9313.7639570809
NY,4023,9469.53761372282
NY,4024,9598.307234608406
NY,4025,9794.09548796046
NY,4026,9954.90808133271
NY,4027,10001.396682314665
NY,4028,9850.044561524292
NY,4029,9603.885047959727
NY,4030,9314.272840089087
NY,4031,8721.853126332304
NY,4032,8070.000587999418
NY,4033,7581.859367206375
NY,4034,7257.934695181998
NY,4035,7044.683197203105
NY,4036,6928.091645191994
NY,4037,6951.295724970774
NY,4038,7113.3962386419425
NY,4039,7502.869024974109
NY,4040,7986.937679113958
NY,4041,8370.115248299255
NY,4042,8617.671679275212
NY,4043,8817.428784892044
NY,4044,8995.577149412956
NY,4045,9130.737276367153
NY,4046,9244.618528040673
NY,4047,9361.400294292327
NY,4048,9457.741273353168
NY,4049,9643.7056973344
NY,4050,9802.428742252836
NY,4051,9846.714534027619
NY,4052,9778.438449526167
NY,4053,9590.19280966479
NY,4054,9360.96181570382
NY,4055,8816.271105585967
NY,4056,8189.580602246986
NY,4057,7559.464898460455
NY,4058,7248.745301041265
NY,4059,7039.2498743581084
NY,4060,6929.751989254083
NY,4061,6944.520417049222
NY,4062,7074.904962055757
NY,4063,7445.614803788012
NY,4064,7874.012085417502
NY,4065,8150.278818993515
NY,4066,8339.542056754851
NY,4067,8536.973893584253
NY,4068,8691.671353231476
NY,4069,8834.335936460693
NY,4070,8952.712368581635
NY,4071,9073.981373581534
NY,4072,9197.150805587208
NY,4073,9375.287854195637
NY,4074,9561.902850787853
NY,4075,9617.889735842676
NY,4076,9518.41003590322
NY,4077,9360.056015397955
NY,4078,9156.849044537275
NY,4079,8563.026555608289
NY,4080,7940.007053636163
NY,4081,7460.4316896150795
NY,4082,7156.33748386808
NY,4083,6956.667975740921
NY,4084,6841.070236467249
NY,4085,6862.469804801797
NY,4086,7044.196668618294
NY,4087,7459.545950817291
NY,4088,7881.512469891725
NY,4089,8134.799207043073
NY,4090,8307.971972581333
NY,4091,8487.069975596041
NY,4092,8626.999229640408
NY,4093,8736.481514823451
NY,4094,8902.651984184661
NY,4095,9044.964245418804
NY,4096,9198.072130759234
NY,4097,9414.233026307606
NY,4098,9631.970387850295
NY,4099,9747.000977806744
NY,4100,9716.415183362583
NY,4101,9554.926797709607
NY,4102,9339.242620635439
NY,4103,8722.348560029893
NY,4104,8075.282400819233
NY,4105,7524.672382694409
NY,4106,7210.0293196726435
NY,4107,6991.874963050168
NY,4108,6884.466191739578
NY,4109,6918.671953981525
NY,4110,7130.348783841419
NY,4111,7583.19227844392
NY,4112,8064.33025397602
NY,4113,8347.195284993086
NY,4114,8536.093452748178
NY,4115,8737.444977796503
NY,4116,8932.616833053466
NY,4117,9058.656549329427
NY,4118,9215.228345042274
NY,4119,9337.086840809816
NY,4120,9485.515432437527
NY,4121,9658.006522016972
NY,4122,9831.441556855323
NY,4123,9884.208829169692
NY,4124,9789.245902488625
NY,4125,9584.398837330284
NY,4126,9351.00383092043
NY,4127,8748.350550545167
NY,4128,8090.36665185198
NY,4129,7625.4679197240645
NY,4130,7313.478674777567
NY,4131,7088.380109268042
NY,4132,6966.915574968413
NY,4133,6988.804178144771
NY,4134,7165.389302952615
NY,4135,7559.122176468593
NY,4136,8004.543934311465
NY,4137,8291.028796915203
NY,4138,8476.032472234195
NY,4139,8654.783074350336
NY,4140,8806.731227443212
NY,4141,8949.199131765534
NY,4142,9058.955022069567
NY,4143,9172.394949042651
NY,4144,9276.62114606623
NY,4145,9445.350027348985
NY,4146,9618.584013079596
NY,4147,9670.45164162239
NY,4148,9566.64870639853
NY,4149,9375.73655733361
NY,4150,9190.750724503546
NY,4151,8621.109398842904
NY,4152,8017.77867334164
NY,4153,7521.5606959896775
NY,4154,7207.719068048858
NY,4155,6990.1779215027355
NY,4156,6866.924438606003
NY,4157,6896.755479477689
NY,4158,7069.818011322331
NY,4159,7461.524475520964
NY,4160,7886.392731711436
NY,4161,8114.39488964216
NY,4162,8277.082377446835
NY,4163,8441.630383847347
NY,4164,8595.648265676548
NY,4165,8735.067462730669
NY,4166,8878.644506861972
NY,4167,9005.25694609139
NY,4168,9145.155057131863
NY,4169,9337.958337769507
NY,4170,9528.985798997637
NY,4171,9636.766328348818
NY,4172,9575.736777366117
NY,4173,9379.319800520285
NY,4174,9191.219781177335
NY,4175,8630.761892842274
NY,4176,8021.858611586907
NY,4177,7501.865397987911
NY,4178,7166.978871916372
NY,4179,6959.474024150824
NY,4180,6849.415494501003
NY,4181,6861.643594750402
NY,4182,7022.85916213084
NY,4183,7390.938762025691
NY,4184,7817.922372066817
NY,4185,8103.678797186037
NY,4186,8343.933069032737
NY,4187,8569.218719641064
NY,4188,8765.070784667374
NY,4189,8930.501661616535
NY,4190,9069.9358526223
NY,4191,9211.51078104013
NY,4192,9359.046560360294
NY,4193,9557.971486945549
NY,4194,9755.353787056604
NY,4195,9834.704364503992
NY,4196,9728.222508736158
NY,4197,9521.416907870616
NY,4198,9297.39264505607
NY,4199,8727.778210021414
NY,4200,8107.104560197438
NY,4201,7734.023462016482
NY,4202,7394.765057423139
NY,4203,7163.5462137716175
NY,4204,7050.469891634254
NY,4205,7058.577642440884
NY,4206,7225.913700917507
NY,4207,7620.074440527443
NY,4208,8108.172084725052
NY,4209,8487.9243934571
NY,4210,8748.329279643206
NY,4211,8985.763191676362
NY,4212,9209.587326993441
NY,4213,9387.22850770012
NY,4214,9558.240214411212
NY,4215,9719.705381767964
NY,4216,9870.948685439515
NY,4217,10090.53131952138
NY,4218,10283.733012166676
NY,4219,10347.124167394323
NY,4220,10242.485419438982
NY,4221,10027.667974128416
NY,4222,9759.536805429963
NY,4223,9137.831992051783
NY,4224,8433.403211669653
NY,4225,7869.975753587445
NY,4226,7506.545378567082
NY,4227,7268.133730328106
NY,4228,7129.898096627673
NY,4229,7134.754632969391
NY,4230,7283.935757731398
NY,4231,7711.882265051488
NY,4232,8224.211070261468
NY,4233,8642.88787105444
NY,4234,8955.873472103468
NY,4235,9250.341123256549
NY,4236,9501.18536062075
NY,4237,9705.024070250989
NY,4238,9858.199636188067
NY,4239,10005.12009030095
NY,4240,10117.241715767538
NY,4241,10278.759086811494
NY,4242,10463.288473258872
NY,4243,10465.195691503805
NY,4244,10307.270932994506
NY,4245,10040.952720069066
NY,4246,9773.710422462086
NY,4247,9179.16430260327
NY,4248,8512.405237219765
NY,4249,7816.259633389141
NY,4250,7471.792793050992
NY,4251,7245.654134513512
NY,4252,7124.610088756061
NY,4253,7127.336010265546
NY,4254,7308.031767521697
NY,4255,7701.075144948077
NY,4256,8155.079843417381
NY,4257,8483.366590260065
NY,4258,8720.259218770579
NY,4259,8984.04276581897
NY,4260,9218.340485666221
NY,4261,9360.513441208207
NY,4262,9511.867263814374
NY,4263,9644.384424463967
NY,4264,9765.253299494544
NY,4265,9942.259410197147
NY,4266,10146.610969470428
NY,4267,10199.595592121902
NY,4268,10157.33969753343
NY,4269,9968.642023847702
NY,4270,9716.98627422976
NY,4271,9112.735508835392
NY,4272,8474.41225015485
NY,4273,7728.341316073528
NY,4274,7383.037392887731
NY,4275,7173.1447172617795
NY,4276,7055.052339285081
NY,4277,7081.639679729129
NY,4278,7259.801192327277
NY,4279,7678.679769978966
NY,4280,8219.165856531339
NY,4281,8633.007800602673
NY,4282,8897.370727948477
NY,4283,9128.66329296253
NY,4284,9356.813560475526
NY,4285,9518.544541605602
NY,4286,9667.6358577717
NY,4287,9806.162911826224
NY,4288,9902.48564346912
NY,4289,10075.033718463546
NY,4290,10249.101094201743
NY,4291,10307.922816956212
NY,4292,10157.146325555305
NY,4293,9912.926111044971
NY,4294,9633.668935851942
NY,4295,8947.908515828152
NY,4296,8336.311905611387
NY,4297,8098.36811709857
NY,4298,7736.120028440999
NY,4299,7498.071578496499
NY,4300,7352.499117115091
NY,4301,7352.461601645598
NY,4302,7503.3359724513025
NY,4303,7954.328315822066
NY,4304,8541.98109680742
NY,4305,8950.021509799463
NY,4306,9249.552647420797
NY,4307,9530.523663942606
NY,4308,9760.936562814994
NY,4309,9906.27183535988
NY,4310,10050.277757556199
NY,4311,10206.88118112417
NY,4312,10303.114493630801
NY,4313,10443.53553374288
NY,4314,10613.79699182097
NY,4315,10642.222992299455
NY,4316,10512.69878149966
NY,4317,10260.553360677894
NY,4318,9965.591816446263
NY,4319,9338.479016152903
NY,4320,8648.936892790461
NY,4321,8092.958405235992
NY,4322,7733.293541555549
NY,4323,7502.7250736651725
NY,4324,7373.312358707665
NY,4325,7376.572999808083
NY,4326,7536.384309327483
NY,4327,7964.403613247537
NY,4328,8499.748409991344
NY,4329,8883.285507446999
NY,4330,9156.323542123905
NY,4331,9400.610939132298
NY,4332,9613.676179854997
NY,4333,9775.15689413698
NY,4334,9940.37999036489
NY,4335,10091.142964165869
NY,4336,10205.418494257628
NY,4337,10400.53117707084
NY,4338,10579.526113897531
NY,4339,10584.594157392653
NY,4340,10458.4012715449
NY,4341,10220.411513054549
NY,4342,9954.7141041458
NY,4343,9342.367846477982
NY,4344,8668.316663135665
NY,4345,8133.803233039334
NY,4346,7739.268053230764
NY,4347,7472.900074220409
NY,4348,7325.466849332111
NY,4349,7314.71294598008
NY,4350,7444.404953703022
NY,4351,7748.697467330602
NY,4352,8196.076044152349
NY,4353,8572.219437004543
NY,4354,8862.658893453695
NY,4355,9147.312694615524
NY,4356,9451.33641194833
NY,4357,9683.635342130557
NY,4358,9900.433563506104
NY,4359,10020.820483872251
NY,4360,10158.316899330945
NY,4361,10337.055169996628
NY,4362,10498.979056012681
NY,4363,10494.66871297082
NY,4364,10300.93541125943
NY,4365,10067.06223068784
NY,4366,9826.251891124722
NY,4367,9208.025333661334
NY,4368,8590.222980556298
NY,4369,8035.714245500879
NY,4370,7638.60227698354
NY,4371,7413.993454455953
NY,4372,7267.204565010368
NY,4373,7244.7987190057495
NY,4374,7336.429363921406
NY,4375,7555.648918542029
NY,4376,7962.29330907541
NY,4377,8306.942705747478
NY,4378,8596.709739091345
NY,4379,8894.398832992403
NY,4380,9179.552969786263
NY,4381,9379.799736663696
NY,4382,9574.698520488406
NY,4383,9726.585076577676
NY,4384,9844.73815791018
NY,4385,10022.857989225031
NY,4386,10211.204425857137
NY,4387,10220.917811591699
NY,4388,10023.83941851147
NY,4389,9801.592458141153
NY,4390,9564.612822085948
NY,4391,8993.95225157634
NY,4392,8366.504451952759
NY,4393,7747.017838717215
NY,4394,7371.9750735457525
NY,4395,7148.141954530057
NY,4396,7035.675440578127
NY,4397,7028.815218154379
NY,4398,7123.361336996743
NY,4399,7307.03129767447
NY,4400,7637.709869071192
NY,4401,8039.65001830002
NY,4402,8383.934280787196
NY,4403,8696.24613233787
NY,4404,9009.121337548688
NY,4405,9274.52550265531
NY,4406,9516.228670386093
NY,4407,9733.032686196076
NY,4408,9907.040260005314
NY,4409,10141.024424080362
NY,4410,10337.67389028267
NY,4411,10326.790701607164
NY,4412,10082.202041859697
NY,4413,9710.69911363126
NY,4414,9440.903702379655
NY,4415,8880.604340180092
NY,4416,8286.858777296954
NY,4417,7825.0235675098665
NY,4418,7442.282186126668
NY,4419,7204.092341156394
NY,4420,7067.049275797339
NY,4421,7015.972843543246
NY,4422,7089.4051259846
NY,4423,7276.508918350865
NY,4424,7680.1488641508495
NY,4425,8048.143123939692
NY,4426,8365.536024954435
NY,4427,8708.266518700905
NY,4428,9027.804641863373
NY,4429,9294.472714512201
NY,4430,9510.88805681453
NY,4431,9742.357421715333
NY,4432,9900.01738274774
NY,4433,10126.36384155451
NY,4434,10312.231756549599
NY,4435,10364.343046442297
NY,4436,10177.072205717955
NY,4437,9887.197261312304
NY,4438,9615.192075218935
NY,4439,9057.864633416937
NY,4440,8482.885932409982
NY,4441,7716.496230394069
NY,4442,7349.498540200694
NY,4443,7104.479257357697
NY,4444,6965.500338014841
NY,4445,6962.2609166278115
NY,4446,7095.286127194234
NY,4447,7310.749448561634
NY,4448,7688.238268991032
NY,4449,7984.012585071163
NY,4450,8304.307634166616
NY,4451,8651.05433564104
NY,4452,9012.518238535854
NY,4453,9304.902998994379
NY,4454,9562.290025503833
NY,4455,9774.475512678961
NY,4456,9963.545351758615
NY,4457,10144.68502504163
NY,4458,10360.139750924093
NY,4459,10343.328068588526
NY,4460,10109.232389751023
NY,4461,9856.584649942961
NY,4462,9651.61817483738
NY,4463,9070.34285846057
NY,4464,8422.76875382372
NY,4465,8187.447469917394
NY,4466,7806.6569802226216
NY,4467,7565.340719991892
NY,4468,7419.885161010661
NY,4469,7388.280234168871
NY,4470,7538.697917125728
NY,4471,7793.411785078053
NY,4472,8252.028621359226
NY,4473,8738.780648777308
NY,4474,9126.364681723373
NY,4475,9484.26189678503
NY,4476,9812.36358955674
NY,4477,10036.59950103278
NY,4478,10255.132118058686
NY,4479,10447.39731664307
NY,4480,10552.292902845767
NY,4481,10682.373884321516
NY,4482,10847.392745924305
NY,4483,10834.941713739536
NY,4484,10589.56825246764
NY,4485,10267.37585523616
NY,4486,9985.540769432713
NY,4487,9359.315664198515
NY,4488,8696.99225874056
NY,4489,8131.257703540491
NY,4490,7731.385661670913
NY,4491,7477.538521327361
NY,4492,7315.518413290152
NY,4493,7280.622139102603
NY,4494,7410.313930353024
NY,4495,7662.288907930272
NY,4496,8034.888649196313
NY,4497,8360.171206095709
NY,4498,8685.669882097052
NY,4499,8998.981188492525
NY,4500,9349.801283592011
NY,4501,9627.42976660014
NY,4502,9868.175121417561
NY,4503,10063.344570454007
NY,4504,10209.360245415201
NY,4505,10387.78407927379
NY,4506,10555.137379240813
NY,4507,10583.697092484599
NY,4508,10368.030824949852
NY,4509,10028.210437756448
NY,4510,9764.916526733753
NY,4511,9136.604906560345
NY,4512,8476.992267055119
NY,4513,7749.301913487946
NY,4514,7367.171647310927
NY,4515,7154.302329060073
NY,4516,7020.522582764587
NY,4517,7002.721818918986
NY,4518,7117.33383639165
NY,4519,7376.511541642661
NY,4520,7774.043645086079
NY,4521,8123.556965349882
NY,4522,8443.74093680296
NY,4523,8741.996454387543
NY,4524,9026.400396819287
NY,4525,9313.97239419845
NY,4526,9526.6292801427
NY,4527,9689.726323584646
NY,4528,9826.31822814332
NY,4529,10033.74461952933
NY,4530,10216.250081967281
NY,4531,10197.06047638224
NY,4532,9980.61675869368
NY,4533,9725.502156520097
NY,4534,9489.197696781192
NY,4535,8923.668624746252
NY,4536,8302.173969681045
NY,4537,7930.8190225482
NY,4538,7541.366358579054
NY,4539,7305.382442089682
NY,4540,7154.278524666314
NY,4541,7136.567263741693
NY,4542,7250.360279125484
NY,4543,7444.8445013687365
NY,4544,7834.077354107591
NY,4545,8164.176887975897
NY,4546,8454.635455738874
NY,4547,8698.38603928079
NY,4548,8990.502441475222
NY,4549,9241.322283052812
NY,4550,9422.127601464231
NY,4551,9601.486912580697
NY,4552,9759.51025135497
NY,4553,9932.066234650302
NY,4554,10151.669865195299
NY,4555,10173.503128839595
NY,4556,9986.080786294371
NY,4557,9711.690685535633
NY,4558,9485.396846484681
NY,4559,8884.872332282313
NY,4560,8231.66463511661
NY,4561,8109.633430837409
NY,4562,7747.3486829968525
NY,4563,7495.749298261728
NY,4564,7337.6391448851175
NY,4565,7322.975532308563
NY,4566,7424.2163971255035
NY,4567,7663.785004532137
NY,4568,8091.219685939441
NY,4569,8439.55775932869
NY,4570,8716.556878430413
NY,4571,9017.854164775791
NY,4572,9319.039363251687
NY,4573,9555.146556554655
NY,4574,9760.028388892893
NY,4575,9958.973127964015
NY,4576,10110.580992933182
NY,4577,10335.076961792211
NY,4578,10565.438963351296
NY,4579,10591.558875529774
NY,4580,10417.868507343279
NY,4581,10126.861884390944
NY,4582,9816.063289147836
NY,4583,9185.823509077713
NY,4584,8505.75440196714
NY,4585,8030.033112127947
NY,4586,7632.869319080185
NY,4587,7430.1044060620764
NY,4588,7297.314127808227
NY,4589,7274.790466492337
NY,4590,7424.1396698788975
NY,4591,7659.407956413068
NY,4592,8091.947527749387
NY,4593,8464.003649326981
NY,4594,8787.632379077474
NY,4595,9093.375043240288
NY,4596,9403.564042807506
NY,4597,9655.231729359631
NY,4598,9902.576043216653
NY,4599,10091.61992505185
NY,4600,10280.473709077047
NY,4601,10513.176917571426
NY,4602,10691.63109250204
NY,4603,10703.665945564323
NY,4604,10490.49441895149
NY,4605,10210.102449379589
NY,4606,9929.316806116406
NY,4607,9296.168133150939
NY,4608,8628.594235410683
NY,4609,7910.251304136457
NY,4610,7540.8922895922395
NY,4611,7310.605586185327
NY,4612,7185.271759381575
NY,4613,7197.7770157868965
NY,4614,7344.207823945193
NY,4615,7616.534066398366
NY,4616,8107.13669372227
NY,4617,8537.327624333171
NY,4618,8846.121404235031
NY,4619,9112.989436046224
NY,4620,9444.963359114226
NY,4621,9673.98581497774
NY,4622,9897.50368480752
NY,4623,10067.419263090159
NY,4624,10214.891334906296
NY,4625,10322.299138330592
NY,4626,10478.867207038428
NY,4627,10463.807658987113
NY,4628,10282.097926625513
NY,4629,10048.929403151764
NY,4630,9798.350306830228
NY,4631,9192.145610170924
NY,4632,8533.935463685667
NY,4633,8024.026806026177
NY,4634,7644.554437115823
NY,4635,7409.211253320853
NY,4636,7262.656580272308
NY,4637,7269.651119733027
NY,4638,7419.991032510691
NY,4639,7684.46886726114
NY,4640,8138.42609250959
NY,4641,8506.817300642842
NY,4642,8813.455369502243
NY,4643,9124.989923155951
NY,4644,9442.640633879952
NY,4645,9701.09479753105
NY,4646,9969.633710710061
NY,4647,10176.204070460992
NY,4648,10365.413674687364
NY,4649,10567.386184313191
NY,4650,10739.992197341095
NY,4651,10742.319605910923
NY,4652,10549.245401207287
NY,4653,10276.015006618165
NY,4654,9998.722718787201
NY,4655,9340.824365688992
NY,4656,8678.564261359032
NY,4657,8045.73447509327
NY,4658,7660.609289981686
NY,4659,7412.911617518324
NY,4660,7266.272974602165
NY,4661,7246.326549994507
NY,4662,7371.41071577584
NY,4663,7660.075345407588
NY,4664,8130.778678678189
NY,4665,8498.70623854689
NY,4666,8808.862285163332
NY,4667,9117.989669931061
NY,4668,9446.662779651053
NY,4669,9723.477043394366
NY,4670,9986.215286070065
NY,4671,10174.448546803497
NY,4672,10346.917242038346
NY,4673,10531.938608396713
NY,4674,10748.4306130253
NY,4675,10768.571717857567
NY,4676,10579.185275292446
NY,4677,10262.036892874985
NY,4678,9986.697123364012
NY,4679,9350.634401679716
NY,4680,8671.931943623996
NY,4681,8353.238416690209
NY,4682,7942.628951804217
NY,4683,7697.797356330528
NY,4684,7543.006653511573
NY,4685,7501.048599860303
NY,4686,7628.754361908361
NY,4687,7914.954134376855
NY,4688,8358.131514517714
NY,4689,8715.08699738509
NY,4690,9054.42263125764
NY,4691,9383.573158971133
NY,4692,9746.007074411555
NY,4693,10019.729978555379
NY,4694,10283.104800803848
NY,4695,10464.156902550988
NY,4696,10516.136599786508
NY,4697,10860.643988548086
NY,4698,11045.631435476533
NY,4699,11067.01051319607
NY,4700,10849.525719527254
NY,4701,10554.214511749707
NY,4702,10288.737657977684
NY,4703,9647.162542614613
NY,4704,8969.181968260193
NY,4705,8466.798702045152
NY,4706,8027.267498910728
NY,4707,7768.472628304728
NY,4708,7622.675437122929
NY,4709,7584.7460649520215
NY,4710,7711.874303020435
NY,4711,7958.726392273458
NY,4712,8414.795180156164
NY,4713,8848.835963166806
NY,4714,9219.733971326884
NY,4715,9556.923717931104
NY,4716,9924.516865856976
NY,4717,10199.103929616019
NY,4718,10427.039614649912
NY,4719,10592.996282848747
NY,4720,10745.864887747471
NY,4721,10941.05140951421
NY,4722,11130.539247328045
NY,4723,11087.458815268818
NY,4724,10867.58248577756
NY,4725,10618.265110177887
NY,4726,10319.856418005434
NY,4727,9656.549118500976
NY,4728,9012.275294278671
NY,4729,8415.347434874466
NY,4730,8028.73760227815
NY,4731,7763.666860514282
NY,4732,7593.320028383795
NY,4733,7574.46169050166
NY,4734,7727.359971589516
NY,4735,8031.776455455036
NY,4736,8509.090129455327
NY,4737,8947.001755926864
NY,4738,9290.94053230814
NY,4739,9656.23068853305
NY,4740,10032.863922507723
NY,4741,10298.53319182495
NY,4742,10558.775655008976
NY,4743,10741.730683845914
NY,4744,10857.617270194527
NY,4745,11036.409084593789
NY,4746,11182.383725821635
NY,4747,11159.436037414428
NY,4748,10982.377224465912
NY,4749,10678.080554457715
NY,4750,10378.431431413606
NY,4751,9762.734654380862
NY,4752,9085.347695203057
NY,4753,8345.016372282327
NY,4754,7971.437880704872
NY,4755,7724.318416559462
NY,4756,7542.364386447614
NY,4757,7514.226210907701
NY,4758,7685.9650707366605
NY,4759,7988.163739139187
NY,4760,8446.402288942071
NY,4761,8810.611143476711
NY,4762,9138.378910024294
NY,4763,9457.415196466922
NY,4764,9780.889690093566
NY,4765,10010.662915930647
NY,4766,10188.568947533394
NY,4767,10355.081039088425
NY,4768,10482.106291986645
NY,4769,10673.360736542937
NY,4770,10831.062749138338
NY,4771,10823.142152507732
NY,4772,10623.70049751618
NY,4773,10350.308242078759
NY,4774,10072.787947559254
NY,4775,9442.838988096703
NY,4776,8775.437402661218
NY,4777,8169.88753801565
NY,4778,7800.574490852582
NY,4779,7569.115415812243
NY,4780,7425.069911670717
NY,4781,7432.138009387214
NY,4782,7608.266414021124
NY,4783,7948.261004529175
NY,4784,8404.785483731805
NY,4785,8789.657230285856
NY,4786,9129.689328784345
NY,4787,9444.605803197044
NY,4788,9764.627552527903
NY,4789,10036.126735975735
NY,4790,10275.91399651976
NY,4791,10433.934906920344
NY,4792,10539.062795916289
NY,4793,10728.568683532098
NY,4794,10912.263651844887
NY,4795,10947.614496685642
NY,4796,10791.058061786527
NY,4797,10583.791959008733
NY,4798,10343.899600540691
NY,4799,9704.845261331993
NY,4800,9032.774300198522
NY,4801,8528.344700657408
NY,4802,8114.023556113068
NY,4803,7847.819569079401
NY,4804,7687.096043553368
NY,4805,7663.648283903658
NY,4806,7797.379870280141
NY,4807,8037.362686121378
NY,4808,8468.96636847796
NY,4809,8876.009699025428
NY,4810,9217.81460950045
NY,4811,9592.194470999077
NY,4812,9909.82363716598
NY,4813,10200.227795052879
NY,4814,10474.012834860027
NY,4815,10711.352360364545
NY,4816,10892.871114456446
NY,4817,11061.228440763932
NY,4818,11206.572857223634
NY,4819,11196.811797736464
NY,4820,10957.790528852383
NY,4821,10651.894329297745
NY,4822,10372.111673647417
NY,4823,9695.09869139287
NY,4824,9021.144540529054
NY,4825,8415.634316979876
NY,4826,8006.420313144977
NY,4827,7748.097611242263
NY,4828,7586.591682817881
NY,4829,7548.19813104611
NY,4830,7647.6678100413675
NY,4831,7872.5775824351185
NY,4832,8351.039181591695
NY,4833,8767.627589582316
NY,4834,9125.695413462187
NY,4835,9476.105477188334
NY,4836,9813.513013297444
NY,4837,10042.52845605461
NY,4838,10222.43897256487
NY,4839,10353.580498778188
NY,4840,10500.13811870593
NY,4841,10701.375317572511
NY,4842,10837.790626537098
NY,4843,10804.757556007855
NY,4844,10590.390995544848
NY,4845,10297.102791988516
NY,4846,10002.030240881433
NY,4847,9364.130280282053
NY,4848,8697.135527693499
NY,4849,8069.784198078507
NY,4850,7678.8747236534345
NY,4851,7456.113956135888
NY,4852,7302.590839961048
NY,4853,7290.465320390599
NY,4854,7432.9363317300166
NY,4855,7660.734575830104
NY,4856,8086.520311938662
NY,4857,8457.522649024888
NY,4858,8773.385694022314
NY,4859,9097.922258596888
NY,4860,9402.236099301414
NY,4861,9661.452646638423
NY,4862,9866.85367635259
NY,4863,10068.877518245877
NY,4864,10158.602401634413
NY,4865,10305.367871097056
NY,4866,10476.00088650144
NY,4867,10490.31930596009
NY,4868,10359.368422856631
NY,4869,10162.904268600576
NY,4870,9914.753593613504
NY,4871,9288.142243645815
NY,4872,8661.469839345049
NY,4873,8425.304869433292
NY,4874,8005.259834836616
NY,4875,7755.961645900027
NY,4876,7589.809308656446
NY,4877,7548.236737118757
NY,4878,7682.571953765929
NY,4879,7951.665100432859
NY,4880,8384.82454817896
NY,4881,8724.238208540307
NY,4882,9020.613992338609
NY,4883,9329.537557022466
NY,4884,9673.622419190291
NY,4885,9929.805945793527
NY,4886,10170.562222883262
NY,4887,10374.430977756337
NY,4888,10510.215651660326
NY,4889,10686.216656672729
NY,4890,10900.707804630677
NY,4891,10878.512865250242
NY,4892,10672.434558489813
NY,4893,10421.894624281965
NY,4894,10140.396613181084
NY,4895,9499.283104385638
NY,4896,8854.03800978952
NY,4897,8404.932609784371
NY,4898,8021.692289309762
NY,4899,7768.8248470766315
NY,4900,7598.716417950336
NY,4901,7568.168564300164
NY,4902,7676.483805553267
NY,4903,7913.719179113274
NY,4904,8374.922392755586
NY,4905,8783.395742636595
NY,4906,9112.234398126903
NY,4907,9443.414905479239
NY,4908,9817.90873251834
NY,4909,10105.642872834913
NY,4910,10353.09630390729
NY,4911,10566.146955525078
NY,4912,10721.072546940793
NY,4913,10933.091621595565
NY,4914,11079.082274052569
NY,4915,11059.705006724796
NY,4916,10849.567590447784
NY,4917,10565.212997071889
NY,4918,10257.088638750204
NY,4919,9634.601000515929
NY,4920,8954.163352428878
NY,4921,8060.285542480948
NY,4922,7694.640893714311
NY,4923,7455.6166621657445
NY,4924,7314.297120826924
NY,4925,7292.143713771693
NY,4926,7430.975300383773
NY,4927,7680.368026027977
NY,4928,8089.310541850013
NY,4929,8475.058445307042
NY,4930,8802.195890449733
NY,4931,9099.789098758983
NY,4932,9431.752567103844
NY,4933,9676.119481124049
NY,4934,9863.339119215764
NY,4935,10065.539270624024
NY,4936,10224.623352290084
NY,4937,10412.615187722611
NY,4938,10583.667566819743
NY,4939,10566.025351050689
NY,4940,10386.694901259634
NY,4941,10132.332707581902
NY,4942,9871.78743324591
NY,4943,9220.727360560485
NY,4944,8547.609797394594
NY,4945,7909.524996276974
NY,4946,7534.151559347059
NY,4947,7291.620152387431
NY,4948,7133.915182749365
NY,4949,7126.470541783871
NY,4950,7275.8747221395845
NY,4951,7571.888043065907
NY,4952,8058.001094026311
NY,4953,8475.459578281631
NY,4954,8834.81150083779
NY,4955,9152.722513497634
NY,4956,9475.500666904082
NY,4957,9723.850788595358
NY,4958,9988.439503925111
NY,4959,10199.200731712212
NY,4960,10371.430026363907
NY,4961,10571.214335341939
NY,4962,10766.242461652558
NY,4963,10779.330946152307
NY,4964,10601.353684184483
NY,4965,10335.842907857765
NY,4966,10026.75899265767
NY,4967,9357.782497700143
NY,4968,8680.260314141236
NY,4969,8110.773231266283
NY,4970,7705.652674040765
NY,4971,7433.633409052368
NY,4972,7292.10848948157
NY,4973,7290.460125470323
NY,4974,7427.852779696209
NY,4975,7698.38724918011
NY,4976,8148.693617590856
NY,4977,8510.676943386901
NY,4978,8849.12665372211
NY,4979,9188.161432310354
NY,4980,9530.525196954432
NY,4981,9774.31259580645
NY,4982,10020.749452232591
NY,4983,10190.227367002418
NY,4984,10351.812568510175
NY,4985,10544.834707073145
NY,4986,10716.537764647013
NY,4987,10698.078716192269
NY,4988,10527.772393662351
NY,4989,10290.671642166277
NY,4990,10017.094990138338
NY,4991,9347.933713992594
NY,4992,8693.416654525251
NY,4993,8091.463711301497
NY,4994,7703.453053068965
NY,4995,7452.474306335629
NY,4996,7313.344186024618
NY,4997,7311.580035409242
NY,4998,7460.738128132766
NY,4999,7685.9322108289625
NY,5000,8100.231172280086
NY,5001,8441.123438135135
NY,5002,8783.263146020262
NY,5003,9138.049168555876
NY,5004,9497.31830657528
NY,5005,9758.93207396875
NY,5006,10031.780494395225
NY,5007,10248.19381330279
NY,5008,10404.141297451403
NY,5009,10564.191124314348
NY,5010,10738.202159388711
NY,5011,10749.376680933699
NY,5012,10561.258207081575
NY,5013,10312.39767236153
NY,5014,10032.459054818304
NY,5015,9384.239878100257
NY,5016,8717.702846664508
NY,5017,8355.227736579053
NY,5018,7945.547934825533
NY,5019,7669.640607410446
NY,5020,7513.991428865541
NY,5021,7471.018334894144
NY,5022,7621.556836148083
NY,5023,7876.41772089118
NY,5024,8371.046681061236
NY,5025,8775.373984570738
NY,5026,9131.617027040226
NY,5027,9460.400063630203
NY,5028,9792.9908965428
NY,5029,10059.939213211825
NY,5030,10262.510622534144
NY,5031,10410.535292697597
NY,5032,10527.735503715379
NY,5033,10641.091752039907
NY,5034,10779.37527291716
NY,5035,10721.824262520158
NY,5036,10493.918864011532
NY,5037,10208.050574123137
NY,5038,9923.616204006455
NY,5039,9299.078174352928
NY,5040,8657.615210418296
NY,5041,8241.175033039504
NY,5042,7826.242908872502
NY,5043,7594.281298533863
NY,5044,7431.469637729267
NY,5045,7388.880583058219
NY,5046,7503.326309898819
NY,5047,7740.254743618172
NY,5048,8139.848930469041
NY,5049,8505.05201715161
NY,5050,8832.446132039411
NY,5051,9120.533973629906
NY,5052,9440.903400281046
NY,5053,9676.257144445852
NY,5054,9883.560749116974
NY,5055,10037.723853754391
NY,5056,10169.340239067475
NY,5057,10377.405102406716
NY,5058,10578.94450206161
NY,5059,10585.087791637132
NY,5060,10378.45883971064
NY,5061,10083.544960485293
NY,5062,9770.40152781591
NY,5063,9154.228830532999
NY,5064,8511.485500972606
NY,5065,8035.133580770092
NY,5066,7688.161821395534
NY,5067,7450.46093122903
NY,5068,7283.653165753993
NY,5069,7275.870452700167
NY,5070,7408.255967193072
NY,5071,7625.709686383536
NY,5072,7998.437039749157
NY,5073,8352.041301454062
NY,5074,8697.219251110504
NY,5075,9007.679300055306
NY,5076,9334.74328616039
NY,5077,9607.92302599653
NY,5078,9807.206697957318
NY,5079,10013.399363084794
NY,5080,10153.173390193741
NY,5081,10334.658368562089
NY,5082,10498.354804337737
NY,5083,10529.950783805369
NY,5084,10387.570012375235
NY,5085,10176.814476076483
NY,5086,9902.856343790148
NY,5087,9279.125533545967
NY,5088,8613.270130456577
NY,5089,7879.173158855477
NY,5090,7551.979412933952
NY,5091,7322.460116336704
NY,5092,7184.292621035427
NY,5093,7200.746614308375
NY,5094,7387.321909461423
NY,5095,7681.692672594089
NY,5096,8072.437140130859
NY,5097,8420.006693555964
NY,5098,8653.636964577144
NY,5099,8892.886555867795
NY,5100,9195.55376309155
NY,5101,9448.795378385501
NY,5102,9706.833913419201
NY,5103,9919.953273218306
NY,5104,10064.859915312626
NY,5105,10228.910000157931
NY,5106,10446.475948737282
NY,5107,10462.798375546313
NY,5108,10217.465106277926
NY,5109,9946.987055994857
NY,5110,9580.68217395527
NY,5111,8953.483537670866
NY,5112,8309.146770090761
NY,5113,7753.823241523247
NY,5114,7424.320841906566
NY,5115,7204.768015226893
NY,5116,7080.7281966393
NY,5117,7105.726912233337
NY,5118,7332.363941638955
NY,5119,7645.151778238309
NY,5120,8082.535538374435
NY,5121,8401.70443628645
NY,5122,8642.986995115946
NY,5123,8926.308981269885
NY,5124,9196.130586206031
NY,5125,9444.873718954252
NY,5126,9705.76863688076
NY,5127,9920.672280105425
NY,5128,10103.833899362318
NY,5129,10285.705625982565
NY,5130,10485.66938161422
NY,5131,10506.749458236216
NY,5132,10297.140958686876
NY,5133,10059.201379459596
NY,5134,9656.209799866083
NY,5135,8989.808358061298
NY,5136,8356.846804524707
NY,5137,7978.162167643714
NY,5138,7641.38532503359
NY,5139,7390.130729915505
NY,5140,7249.637275280205
NY,5141,7253.913191870326
NY,5142,7452.7724165649785
NY,5143,7784.4625915776655
NY,5144,8175.034366460585
NY,5145,8484.905328533847
NY,5146,8722.895691826409
NY,5147,8982.151591503895
NY,5148,9257.584438844813
NY,5149,9509.203270408008
NY,5150,9819.33308151658
NY,5151,10018.932545620101
NY,5152,10185.074016956476
NY,5153,10372.494370135167
NY,5154,10607.024364303815
NY,5155,10679.15265392906
NY,5156,10491.402819841245
NY,5157,10275.577774235833
NY,5158,9875.266236607168
NY,5159,9237.240996378562
NY,5160,8608.16518754136
NY,5161,8266.356949057721
NY,5162,7908.658571864591
NY,5163,7647.83403237255
NY,5164,7496.987304889061
NY,5165,7483.867650639284
NY,5166,7675.843497738157
NY,5167,8022.295996435608
NY,5168,8461.774862270461
NY,5169,8892.127453783319
NY,5170,9234.982067850865
NY,5171,9562.966258670665
NY,5172,9888.559457305655
NY,5173,10158.545092480026
NY,5174,10404.327024794776
NY,5175,10570.508010965895
NY,5176,10701.80916005138
NY,5177,10832.704889738464
NY,5178,10988.850743171662
NY,5179,10973.762566366927
NY,5180,10721.405272479824
NY,5181,10468.554929205379
NY,5182,10075.566143529148
NY,5183,9405.075846733535
NY,5184,8760.106759216299
NY,5185,8304.820841855731
NY,5186,7943.34235102252
NY,5187,7700.752378674939
NY,5188,7567.958374070643
NY,5189,7585.725261173399
NY,5190,7779.592615719754
NY,5191,8069.134709001341
NY,5192,8489.31004453278
NY,5193,8836.474624759088
NY,5194,9072.313412452376
NY,5195,9326.391777687387
NY,5196,9591.813853160986
NY,5197,9846.656071232806
NY,5198,10122.87332684721
NY,5199,10339.793297534467
NY,5200,10548.229708327051
NY,5201,10766.592763174533
NY,5202,10938.226388784125
NY,5203,10913.538314292213
NY,5204,10697.632381883965
NY,5205,10512.822262977574
NY,5206,10103.26481017812
NY,5207,9451.314708247596
NY,5208,8797.175448329325
NY,5209,8034.663487841382
NY,5210,7660.150676409057
NY,5211,7392.961921086372
NY,5212,7271.851617611599
NY,5213,7251.223825980712
NY,5214,7440.3404474474195
NY,5215,7694.447882984184
NY,5216,8058.264458237137
NY,5217,8355.469206716837
NY,5218,8597.607130727736
NY,5219,8897.484683705885
NY,5220,9190.228736385079
NY,5221,9509.60203616892
NY,5222,9787.019965070348
NY,5223,10028.207798211206
NY,5224,10201.227392486446
NY,5225,10445.776266937877
NY,5226,10676.996094469736
NY,5227,10701.452459468396
NY,5228,10476.97578249484
NY,5229,10306.190599278755
NY,5230,9939.386249809175
NY,5231,9309.681308425585
NY,5232,8696.672849105925
NY,5233,7878.083806610064
NY,5234,7530.070062778799
NY,5235,7304.890738953279
NY,5236,7184.653251220426
NY,5237,7192.522628604787
NY,5238,7390.595137282872
NY,5239,7681.282531921897
NY,5240,8048.884706345676
NY,5241,8363.544917054499
NY,5242,8600.663321468348
NY,5243,8888.643727990829
NY,5244,9202.558172278751
NY,5245,9483.298665373164
NY,5246,9724.678153789949
NY,5247,9975.099020793664
NY,5248,10151.991402863343
NY,5249,10317.94289461877
NY,5250,10495.221914587024
NY,5251,10517.409630006957
NY,5252,10289.744008362167
NY,5253,10070.860417137457
NY,5254,9698.33650464132
NY,5255,9092.659009070326
NY,5256,8463.023254206178
NY,5257,7765.395911833686
NY,5258,7460.603550918022
NY,5259,7205.743316926759
NY,5260,7068.1363034349864
NY,5261,7073.536086635513
NY,5262,7279.35124362226
NY,5263,7583.885687464204
NY,5264,7984.214758747737
NY,5265,8246.15734576365
NY,5266,8529.543561159228
NY,5267,8893.519162810186
NY,5268,9210.777419131373
NY,5269,9456.189310207346
NY,5270,9707.34046278322
NY,5271,9907.34304192326
NY,5272,10061.204014158571
NY,5273,10193.681709851752
NY,5274,10364.995087896785
NY,5275,10398.35056022207
NY,5276,10156.286914276238
NY,5277,10029.243395000979
NY,5278,9640.03821847207
NY,5279,8973.692926978368
NY,5280,8345.16637713815
NY,5281,7968.806134777959
NY,5282,7652.027851249204
NY,5283,7420.773534608908
NY,5284,7282.706330133114
NY,5285,7284.81426279532
NY,5286,7515.817455979953
NY,5287,7848.455577720307
NY,5288,8256.621828444585
NY,5289,8613.838271185156
NY,5290,8895.246269659737
NY,5291,9187.356305392267
NY,5292,9478.780170323326
NY,5293,9738.548601135113
NY,5294,9996.006966429126
NY,5295,10189.078083120435
NY,5296,10351.344195504874
NY,5297,10551.52819903611
NY,5298,10757.816180888176
NY,5299,10703.905499870709
NY,5300,10469.539533017155
NY,5301,10271.680667315078
NY,5302,9853.056932907357
NY,5303,9176.469704817226
NY,5304,8561.75601260781
NY,5305,8010.546210100479
NY,5306,7640.401640232479
NY,5307,7380.284679206975
NY,5308,7242.911748294473
NY,5309,7224.374239815672
NY,5310,7417.13636893559
NY,5311,7721.750120978041
NY,5312,8109.555573207343
NY,5313,8466.382661580957
NY,5314,8711.407902417815
NY,5315,9009.770710943755
NY,5316,9298.075335456561
NY,5317,9490.08945917125
NY,5318,9722.856138901218
NY,5319,9890.741358894816
NY,5320,10019.332254855906
NY,5321,10170.827713314011
NY,5322,10343.176784493703
NY,5323,10305.889867527906
NY,5324,10143.209802733512
NY,5325,9974.496672709664
NY,5326,9596.277669861301
NY,5327,8964.896210578207
NY,5328,8370.705995533145
NY,5329,7903.746042061397
NY,5330,7549.5473598751195
NY,5331,7334.8775322026025
NY,5332,7201.9605542283545
NY,5333,7201.89403357945
NY,5334,7408.8708857181915
NY,5335,7682.9439439920355
NY,5336,8030.739371083301
NY,5337,8326.106346312972
NY,5338,8358.876998881422
NY,5339,8873.810784820446
NY,5340,9200.993109106888
NY,5341,9494.230029724067
NY,5342,9786.577255602799
NY,5343,10008.309992719251
NY,5344,10186.995902193017
NY,5345,10404.606639807948
NY,5346,10596.227622472574
NY,5347,10595.57571935854
NY,5348,10369.957988555408
NY,5349,10141.452189655782
NY,5350,9712.209466086332
NY,5351,9054.506144062724
NY,5352,8414.918409749996
NY,5353,7982.529664507643
NY,5354,7610.29428322516
NY,5355,7383.323849786518
NY,5356,7252.781671605558
NY,5357,7242.104395801589
NY,5358,7435.220746230735
NY,5359,7732.0032041117726
NY,5360,8115.569984764235
NY,5361,8438.495010453163
NY,5362,8671.160345120759
NY,5363,8962.134746991108
NY,5364,9273.873060191939
NY,5365,9531.797759878742
NY,5366,9793.201357130329
NY,5367,10025.505563091787
NY,5368,10207.138791521578
NY,5369,10368.415572889194
NY,5370,10541.428199054051
NY,5371,10571.465419245625
NY,5372,10365.395915069804
NY,5373,10231.80951388276
NY,5374,9839.13892219232
NY,5375,9198.587507530707
NY,5376,8564.81027175075
NY,5377,8223.31332989457
NY,5378,7864.237160271489
NY,5379,7630.283990641894
NY,5380,7496.258561098482
NY,5381,7478.070349058298
NY,5382,7662.979580345028
NY,5383,7959.787693866212
NY,5384,8309.26067395261
NY,5385,8609.3664487209
NY,5386,8909.956060274657
NY,5387,9221.173166709463
NY,5388,9531.374061838296
NY,5389,9741.688333100948
NY,5390,9967.299038371593
NY,5391,10147.045995797765
NY,5392,10305.12567193567
NY,5393,10493.255684072649
NY,5394,10663.422994436118
NY,5395,10698.058868999444
NY,5396,10469.403692926297
NY,5397,10312.989636765888
NY,5398,9906.452126796452
NY,5399,9293.231136479404
NY,5400,8667.244322593133
NY,5401,8363.197789733118
NY,5402,7996.26907947549
NY,5403,7721.396393114511
NY,5404,7589.8833236393575
NY,5405,7564.586130884943
NY,5406,7733.192335108232
NY,5407,7987.5946911309885
NY,5408,8347.434987237254
NY,5409,8610.50857516498
NY,5410,8818.007459490685
NY,5411,9057.094500249747
NY,5412,9323.248011756816
NY,5413,9513.689363903646
NY,5414,9694.153083152342
NY,5415,9874.80394669844
NY,5416,10032.22970052686
NY,5417,10240.293009120746
NY,5418,10437.213224033414
NY,5419,10483.727263007758
NY,5420,10331.491674403951
NY,5421,10194.31189275085
NY,5422,9786.121256877783
NY,5423,9119.199362619502
NY,5424,8501.04344408133
NY,5425,7802.275903909146
NY,5426,7447.278617681918
NY,5427,7212.735122729692
NY,5428,7068.475962759549
NY,5429,7073.796181400805
NY,5430,7263.045474630051
NY,5431,7577.195168195491
NY,5432,8008.543563867862
NY,5433,8334.634228418588
NY,5434,8602.901965018399
NY,5435,8873.6555769985
NY,5436,9156.51502626327
NY,5437,9402.94397787593
NY,5438,9660.037894085693
NY,5439,9880.568172085827
NY,5440,10069.460149256402
NY,5441,10250.31007905396
NY,5442,10414.288324541985
NY,5443,10433.558056578908
NY,5444,10222.236138443437
NY,5445,10096.791072032804
NY,5446,9708.658187574187
NY,5447,9072.646531123247
NY,5448,8444.34584867134
NY,5449,7932.181975663776
NY,5450,7589.462849504136
NY,5451,7359.452686654295
NY,5452,7224.701811235469
NY,5453,7227.936325901362
NY,5454,7447.786348828553
NY,5455,7800.859405956396
NY,5456,8249.475724647573
NY,5457,8566.692080080825
NY,5458,8818.73669655363
NY,5459,9059.827721276008
NY,5460,9334.13436036429
NY,5461,9545.030577703459
NY,5462,9759.646913051514
NY,5463,9954.718056724307
NY,5464,10148.692730499745
NY,5465,10324.744526290626
NY,5466,10477.673634067866
NY,5467,10499.73088943333
NY,5468,10323.086383637428
NY,5469,10170.163776385207
NY,5470,9783.97325993996
NY,5471,9142.047532466954
NY,5472,8505.503877632004
NY,5473,8074.56791140843
NY,5474,7731.21867984369
NY,5475,7486.69879822516
NY,5476,7347.619967605838
NY,5477,7328.5256318319485
NY,5478,7525.900064192474
NY,5479,7840.689948205123
NY,5480,8198.036744480483
NY,5481,8515.296317061912
NY,5482,8783.958751274456
NY,5483,9069.94985978849
NY,5484,9375.0487521727
NY,5485,9604.069111725583
NY,5486,9858.774163811031
NY,5487,10030.947175092324
NY,5488,10135.758502925894
NY,5489,10283.859105721413
NY,5490,10423.715898041756
NY,5491,10378.671540092267
NY,5492,10201.434922607334
NY,5493,10068.370964134958
NY,5494,9721.762196109001
NY,5495,9112.220464321306
NY,5496,8504.416216400442
NY,5497,8164.672092792399
NY,5498,7810.729039169283
NY,5499,7546.988263648752
NY,5500,7417.38409127589
NY,5501,7395.999654566738
NY,5502,7594.460085240106
NY,5503,7874.244408502301
NY,5504,8258.464426276234
NY,5505,8537.310423779562
NY,5506,8774.011045130038
NY,5507,9019.535243210369
NY,5508,9294.554959831565
NY,5509,9511.206258519646
NY,5510,9761.011263724397
NY,5511,9960.487607857017
NY,5512,10102.177648617163
NY,5513,10263.08460729451
NY,5514,10393.392182330881
NY,5515,10381.979278815557
NY,5516,10195.029449331463
NY,5517,10048.287333337685
NY,5518,9660.8534383311
NY,5519,9039.091623017956
NY,5520,8429.647412299893
NY,5521,7856.204098927781
NY,5522,7507.434323981946
NY,5523,7259.342468684165
NY,5524,7137.243089727578
NY,5525,7160.673438868289
NY,5526,7363.793341296092
NY,5527,7647.291455498116
NY,5528,7998.3239784333175
NY,5529,8247.601889119368
NY,5530,8445.060608308978
NY,5531,8664.00773985559
NY,5532,8933.156724641817
NY,5533,9184.370967907974
NY,5534,9424.610634153318
NY,5535,9634.169574763641
NY,5536,9790.202221139754
NY,5537,9943.447643367234
NY,5538,10192.177633270829
NY,5539,10282.727066517424
NY,5540,10130.982643326984
NY,5541,10016.993034534522
NY,5542,9623.60535544825
NY,5543,8977.952949105545
NY,5544,8359.786240375588
NY,5545,7970.9491006603725
NY,5546,7610.192768197418
NY,5547,7335.9262673749654
NY,5548,7201.707167846309
NY,5549,7187.59985937198
NY,5550,7368.261176287111
NY,5551,7643.03706237548
NY,5552,8005.538517225517
NY,5553,8334.78934661259
NY,5554,8636.495268808773
NY,5555,8988.65839171026
NY,5556,9344.00297188773
NY,5557,9653.870060188327
NY,5558,9948.97792482561
NY,5559,10217.308200307327
NY,5560,10401.097877580277
NY,5561,10607.75538864162
NY,5562,10783.953737407636
NY,5563,10823.535726170542
NY,5564,10603.65708119841
NY,5565,10435.782342354058
NY,5566,10001.64406567869
NY,5567,9367.760782963577
NY,5568,8720.972642265682
NY,5569,8257.861556809244
NY,5570,7918.880192668448
NY,5571,7660.972947428152
NY,5572,7510.186800261098
NY,5573,7497.016057459181
NY,5574,7676.577764070024
NY,5575,7944.425463080598
NY,5576,8302.290003229809
NY,5577,8568.479180857466
NY,5578,8775.59287419548
NY,5579,9045.435351115275
NY,5580,9295.695737848671
NY,5581,9492.885690222703
NY,5582,9722.828104641206
NY,5583,9894.725695896527
NY,5584,10074.277119476413
NY,5585,10229.882205248591
NY,5586,10393.455615040564
NY,5587,10434.713648032195
NY,5588,10283.975747679328
NY,5589,10186.451117487717
NY,5590,9781.887198643075
NY,5591,9157.397442786232
NY,5592,8529.501626369347
NY,5593,7795.389154487687
NY,5594,7439.479131359903
NY,5595,7202.072235622801
NY,5596,7065.512339292375
NY,5597,7058.973720180496
NY,5598,7247.917041895123
NY,5599,7525.754176950361
NY,5600,7873.842190313579
NY,5601,8145.400810563713
NY,5602,8337.811935079406
NY,5603,8567.37128871815
NY,5604,8873.820936496564
NY,5605,9122.50306352624
NY,5606,9367.106841710822
NY,5607,9573.603803419925
NY,5608,9754.690907473194
NY,5609,9924.779500431294
NY,5610,10103.610857920378
NY,5611,10108.018460860475
NY,5612,9881.214250316402
NY,5613,9757.987659885403
NY,5614,9382.219597986232
NY,5615,8757.590286333818
NY,5616,8160.227208069006
NY,5617,7788.810166515801
NY,5618,7455.578034040509
NY,5619,7240.015174338005
NY,5620,7117.547762060225
NY,5621,7139.5570626849505
NY,5622,7375.621184932458
NY,5623,7678.852018232881
NY,5624,8049.456285825473
NY,5625,8339.80134999857
NY,5626,8614.284396132165
NY,5627,8876.912514345317
NY,5628,9161.147712999416
NY,5629,9389.69104662579
NY,5630,9611.75896596062
NY,5631,9772.807308048739
NY,5632,9956.816972094705
NY,5633,10137.635341644252
NY,5634,10284.408151845168
NY,5635,10273.7466045886
NY,5636,10100.464875402619
NY,5637,9964.74041399166
NY,5638,9544.890520267828
NY,5639,8901.654568603526
NY,5640,8283.473951757772
NY,5641,7663.001220979721
NY,5642,7321.802156441672
NY,5643,7096.308693813226
NY,5644,6973.057873011101
NY,5645,6985.836601624846
NY,5646,7194.944128028629
NY,5647,7481.441337996093
NY,5648,7835.665435343414
NY,5649,8034.130526701615
NY,5650,8225.09666707353
NY,5651,8516.856588684119
NY,5652,8795.809548621177
NY,5653,9034.074076388544
NY,5654,9290.107824744982
NY,5655,9486.785218110045
NY,5656,9645.363944169638
NY,5657,9820.429620240887
NY,5658,9990.315356406263
NY,5659,9946.211332600628
NY,5660,9783.171856371363
NY,5661,9723.566043181702
NY,5662,9353.489895363646
NY,5663,8716.1904211934
NY,5664,8115.265050227686
NY,5665,7766.2618077586005
NY,5666,7434.176883504865
NY,5667,7211.780783897563
NY,5668,7081.2768781829885
NY,5669,7092.833887697612
NY,5670,7303.222187091793
NY,5671,7583.976704676762
NY,5672,7921.124670759834
NY,5673,8246.150010125795
NY,5674,8604.406798084074
NY,5675,8988.138085184168
NY,5676,9341.721825924985
NY,5677,9653.546110707982
NY,5678,9918.865665956577
NY,5679,10130.966234303408
NY,5680,10267.689743679837
NY,5681,10446.830141457804
NY,5682,10568.589315928262
NY,5683,10518.374139273122
NY,5684,10311.294585050423
NY,5685,10109.140081580271
NY,5686,9677.074812556217
NY,5687,9018.07355947846
NY,5688,8347.957009475332
NY,5689,7776.091982153861
NY,5690,7426.3975695319004
NY,5691,7202.592691397652
NY,5692,7070.697672588863
NY,5693,7073.961723701045
NY,5694,7277.0909934602415
NY,5695,7552.471838639054
NY,5696,7926.312377736309
NY,5697,8221.291857434027
NY,5698,8477.52285621421
NY,5699,8815.179940143098
NY,5700,9144.931247173812
NY,5701,9442.59927147847
NY,5702,9692.666873214183
NY,5703,9906.24090252072
NY,5704,10075.060749423645
NY,5705,10241.537273475698
NY,5706,10387.625141137821
NY,5707,10406.599987694415
NY,5708,10235.85902660327
NY,5709,10103.229581455942
NY,5710,9673.847214434895
NY,5711,9019.805168660202
NY,5712,8374.333431389955
NY,5713,7805.7744982329895
NY,5714,7444.642857638638
NY,5715,7215.291793643188
NY,5716,7062.712064568877
NY,5717,7067.021823564838
NY,5718,7246.223409317604
NY,5719,7507.8789631968
NY,5720,7852.317178684254
NY,5721,8179.440743272192
NY,5722,8405.19520627114
NY,5723,8647.60281204164
NY,5724,8917.665358058906
NY,5725,9161.514046892668
NY,5726,9387.650158839751
NY,5727,9576.5973058305
NY,5728,9740.379623663415
NY,5729,9907.618240977149
NY,5730,10079.59778140065
NY,5731,10099.247814489058
NY,5732,9936.339680265188
NY,5733,9845.233980541945
NY,5734,9429.741661032379
NY,5735,8805.786861513775
NY,5736,8190.380249281853
NY,5737,8053.543905107556
NY,5738,7704.878528475427
NY,5739,7466.245904280689
NY,5740,7348.071719571165
NY,5741,7325.0840765023035
NY,5742,7506.679457369755
NY,5743,7827.012480332633
NY,5744,8194.54199909393
NY,5745,8484.463352712758
NY,5746,8766.827910254891
NY,5747,9073.117243078867
NY,5748,9411.097458818391
NY,5749,9682.328512136515
NY,5750,9931.159644000397
NY,5751,10140.695450893128
NY,5752,10319.447039394763
NY,5753,10483.223219864588
NY,5754,10671.21127131318
NY,5755,10652.267634542753
NY,5756,10484.395496302861
NY,5757,10311.997317517527
NY,5758,9875.621020035918
NY,5759,9199.606569532135
NY,5760,8549.683491298792
NY,5761,7968.642914515664
NY,5762,7605.558940748101
NY,5763,7372.95712780896
NY,5764,7161.214493369781
NY,5765,7230.021205768917
NY,5766,7432.844922297555
NY,5767,7749.062973157668
NY,5768,8092.657269528223
NY,5769,8401.9700391445
NY,5770,8684.143342053094
NY,5771,8958.780634792392
NY,5772,9250.35250415849
NY,5773,9526.315661503899
NY,5774,9738.225630855984
NY,5775,9921.30196532942
NY,5776,10055.938773828743
NY,5777,10186.025068818148
NY,5778,10377.64662750002
NY,5779,10369.250091783725
NY,5780,10206.071712947516
NY,5781,10072.289326813182
NY,5782,9664.101727306736
NY,5783,9035.821164062757
NY,5784,8424.342098242677
NY,5785,7764.0078249625715
NY,5786,7427.93616462886
NY,5787,7180.132177065078
NY,5788,7072.145347076052
NY,5789,7070.121047471352
NY,5790,7290.96176494949
NY,5791,7602.73758252796
NY,5792,7960.726384737539
NY,5793,8221.393302044486
NY,5794,8374.374086197898
NY,5795,8637.279423238253
NY,5796,8917.51295115405
NY,5797,9163.97471164736
NY,5798,9374.317854343175
NY,5799,9575.09917598541
NY,5800,9684.275782163912
NY,5801,9851.622565553834
NY,5802,9989.664042691594
NY,5803,9954.289457490859
NY,5804,9804.766677939162
NY,5805,9690.880274482197
NY,5806,9296.9630595639
NY,5807,8654.012658597429
NY,5808,8043.292217048105
NY,5809,7867.462465975535
NY,5810,7527.175444938473
NY,5811,7298.65152627616
NY,5812,7152.852166304065
NY,5813,7145.511580126746
NY,5814,7349.505990897971
NY,5815,7568.166615112044
NY,5816,7920.4882471523845
NY,5817,8134.255137540373
NY,5818,8333.037504126567
NY,5819,8538.743170902835
NY,5820,8785.475616263641
NY,5821,8992.344620753038
NY,5822,9208.88873830011
NY,5823,9377.429288678062
NY,5824,9508.655256510519
NY,5825,9643.62127560273
NY,5826,9807.29205442055
NY,5827,9802.33802327198
NY,5828,9723.471030731522
NY,5829,9641.192324247504
NY,5830,9239.994055228287
NY,5831,8622.16223278008
NY,5832,8060.85870742074
NY,5833,7207.286873485407
NY,5834,6928.49688594984
NY,5835,6753.194561182736
NY,5836,6659.892157833807
NY,5837,6691.983640748371
NY,5838,6938.785351247922
NY,5839,7408.215766979506
NY,5840,7745.492137037367
NY,5841,7956.703412726487
NY,5842,8084.477153991417
NY,5843,8174.66968881863
NY,5844,8264.355353970867
NY,5845,8326.615393184369
NY,5846,8421.353814859357
NY,5847,8518.518203775722
NY,5848,8613.704694604968
NY,5849,8821.525576200857
NY,5850,9050.893606741234
NY,5851,9096.417377354484
NY,5852,9079.469949829813
NY,5853,8904.607505042382
NY,5854,8483.227882256752
NY,5855,7965.85019676854
NY,5856,7452.17287591458
NY,5857,7046.33762651934
NY,5858,6800.417864222225
NY,5859,6648.125675183067
NY,5860,6570.817531010464
NY,5861,6584.778442876244
NY,5862,6831.101521337596
NY,5863,7289.616366836927
NY,5864,7609.417265196527
NY,5865,7790.250781428318
NY,5866,7858.421685557701
NY,5867,7950.324739372056
NY,5868,8049.687558815746
NY,5869,8159.500840697303
NY,5870,8269.868434165831
NY,5871,8423.22924085369
NY,5872,8558.334161841401
NY,5873,8821.649986398898
NY,5874,9063.691120525048
NY,5875,9071.69617479843
NY,5876,9039.060258025643
NY,5877,8910.874889104143
NY,5878,8478.264586166693
NY,5879,7948.377560267609
NY,5880,7441.311397773238
NY,5881,6995.238693372186
NY,5882,6751.2498238045495
NY,5883,6587.922449508285
NY,5884,6510.464326637031
NY,5885,6545.93422871268
NY,5886,6788.518082079362
NY,5887,7249.903812403394
NY,5888,7569.860070175633
NY,5889,7770.3155964816135
NY,5890,7877.284125855691
NY,5891,7985.495702130065
NY,5892,8120.727374941715
NY,5893,8249.526339998221
NY,5894,8397.442591871759
NY,5895,8558.094120261446
NY,5896,8724.194711905865
NY,5897,8951.05925595533
NY,5898,9245.14450853128
NY,5899,9293.99037414504
NY,5900,9254.20075367926
NY,5901,9099.98384878515
NY,5902,8674.295665036295
NY,5903,8142.384107746773
NY,5904,7624.132631788849
NY,5905,7384.35220874292
NY,5906,7115.735078767638
NY,5907,6942.013793473648
NY,5908,6840.613268518349
NY,5909,6837.946379693745
NY,5910,7072.11032716919
NY,5911,7503.223270060928
NY,5912,7808.960044151172
NY,5913,8057.523421028236
NY,5914,8242.279449257204
NY,5915,8382.40144675887
NY,5916,8542.900212191107
NY,5917,8677.306183912878
NY,5918,8789.250493323797
NY,5919,8918.378420380296
NY,5920,9038.673290615952
NY,5921,9251.624315486627
NY,5922,9453.124738022954
NY,5923,9445.938372943012
NY,5924,9414.673622511646
NY,5925,9233.255519481398
NY,5926,8752.51757190613
NY,5927,8195.813640939024
NY,5928,7660.1025302997074
NY,5929,7183.0402859336075
NY,5930,6921.329469789957
NY,5931,6748.098847640102
NY,5932,6652.552440563634
NY,5933,6679.276961753439
NY,5934,6929.289426591037
NY,5935,7415.165466725178
NY,5936,7737.980932999684
NY,5937,7974.0329541159936
NY,5938,8163.377859220201
NY,5939,8334.346842516725
NY,5940,8500.947676326808
NY,5941,8649.132038175786
NY,5942,8772.317900320553
NY,5943,8881.298332253824
NY,5944,9008.386220749191
NY,5945,9187.793528880164
NY,5946,9390.099711657951
NY,5947,9407.988679116588
NY,5948,9354.522232088781
NY,5949,9174.15509908074
NY,5950,8707.651331428899
NY,5951,8140.701874132786
NY,5952,7617.163553158085
NY,5953,7245.629727700986
NY,5954,6998.727443762429
NY,5955,6824.860183105026
NY,5956,6740.089735509822
NY,5957,6779.466611758073
NY,5958,7053.148422935997
NY,5959,7585.99757705429
NY,5960,7937.033260416434
NY,5961,8157.341110181452
NY,5962,8287.040989189755
NY,5963,8416.763879148903
NY,5964,8556.727232871166
NY,5965,8687.224318497055
NY,5966,8784.552238986445
NY,5967,8902.811797658773
NY,5968,9013.140382174017
NY,5969,9183.178361468151
NY,5970,9395.044570878694
NY,5971,9393.573312693363
NY,5972,9369.33568151775
NY,5973,9177.172380567912
NY,5974,8702.798256436159
NY,5975,8136.78709626317
NY,5976,7579.202403190076
NY,5977,7098.386471904312
NY,5978,6850.112545020124
NY,5979,6683.412031610937
NY,5980,6602.861007100055
NY,5981,6649.155632255132
NY,5982,6922.129358831382
NY,5983,7422.774527994886
NY,5984,7739.03694090227
NY,5985,7932.4807332528655
NY,5986,8079.668210027602
NY,5987,8232.122923093756
NY,5988,8361.587789742742
NY,5989,8476.771456862
NY,5990,8594.126344181108
NY,5991,8715.997332758823
NY,5992,8838.559037866851
NY,5993,9040.476482920713
NY,5994,9269.860905056008
NY,5995,9279.408470708898
NY,5996,9246.747634157439
NY,5997,9042.202002653598
NY,5998,8559.720637814403
NY,5999,8000.24085395564
NY,6000,7475.694758366098
NY,6001,7320.403760753428
NY,6002,7068.152651470463
NY,6003,6883.981543069811
NY,6004,6805.9625657491
NY,6005,6825.427165632518
NY,6006,7087.472078970522
NY,6007,7587.41743569982
NY,6008,7941.530299207206
NY,6009,8161.295010009196
NY,6010,8296.741405282965
NY,6011,8398.441376712842
NY,6012,8494.22482054757
NY,6013,8584.616699592553
NY,6014,8702.056679313507
NY,6015,8825.269789245102
NY,6016,8901.385293537151
NY,6017,9081.943046490382
NY,6018,9306.90980395105
NY,6019,9334.244718586763
NY,6020,9315.80159817995
NY,6021,9099.330365335943
NY,6022,8634.333663057152
NY,6023,8062.778746710064
NY,6024,7547.855994308327
NY,6025,7070.766086347102
NY,6026,6808.018298440159
NY,6027,6629.729067593198
NY,6028,6543.63724824851
NY,6029,6582.294021914526
NY,6030,6856.3261670785955
NY,6031,7379.937174858522
NY,6032,7714.1152312391466
NY,6033,7898.1313443530725
NY,6034,7976.231958690587
NY,6035,8046.894759182557
NY,6036,8127.22110735324
NY,6037,8209.037089181034
NY,6038,8316.448960046948
NY,6039,8411.207644492759
NY,6040,8520.184210071593
NY,6041,8708.485572799617
NY,6042,8973.278843285538
NY,6043,9067.279286807658
NY,6044,9091.491566406543
NY,6045,8881.95974557949
NY,6046,8477.932527564692
NY,6047,7925.63097000312
NY,6048,7404.919769690498
NY,6049,7010.482804931274
NY,6050,6755.42975218907
NY,6051,6588.0520447558215
NY,6052,6506.17700084857
NY,6053,6528.162857476301
NY,6054,6777.415525542508
NY,6055,7263.185636670736
NY,6056,7570.875860144014
NY,6057,7751.566065405702
NY,6058,7831.381898003192
NY,6059,7902.167238995653
NY,6060,8000.367225700227
NY,6061,8070.717598768777
NY,6062,8171.494087841886
NY,6063,8293.927438123124
NY,6064,8427.790258055618
NY,6065,8640.756461375167
NY,6066,8844.555410935662
NY,6067,8921.822164261531
NY,6068,8977.442722538711
NY,6069,8840.051561365511
NY,6070,8419.875079087259
NY,6071,7891.069557595464
NY,6072,7387.426743706949
NY,6073,6987.459416121062
NY,6074,6732.514532678859
NY,6075,6567.696402204896
NY,6076,6475.380862701486
NY,6077,6516.837402730638
NY,6078,6778.499593762653
NY,6079,7275.41978657163
NY,6080,7568.969981010727
NY,6081,7732.980344127733
NY,6082,7811.6036689124
NY,6083,7912.474933130498
NY,6084,8029.828139335939
NY,6085,8100.859315264426
NY,6086,8223.927137476343
NY,6087,8333.426035575302
NY,6088,8462.734264344684
NY,6089,8682.809911730423
NY,6090,8882.554164970102
NY,6091,8901.858353013175
NY,6092,8956.98911434626
NY,6093,8809.179285774936
NY,6094,8374.2432584128
NY,6095,7841.4733627507305
NY,6096,7338.391017346412
NY,6097,6881.501879772469
NY,6098,6637.793244893425
NY,6099,6485.484969555724
NY,6100,6411.374111785777
NY,6101,6451.480759123798
NY,6102,6731.991182851463
NY,6103,7257.620091516317
NY,6104,7581.755537750397
NY,6105,7757.6499040735785
NY,6106,7860.836004654614
NY,6107,7948.343284816379
NY,6108,8033.569809295956
NY,6109,8125.589469528093
NY,6110,8213.582063177602
NY,6111,8307.634669934751
NY,6112,8457.169789619815
NY,6113,8687.7962720995
NY,6114,8941.413143846356
NY,6115,8996.369313350291
NY,6116,9036.060137682828
NY,6117,8853.654674526682
NY,6118,8394.773511990083
NY,6119,7819.712835737481
NY,6120,7296.912128497893
NY,6121,6982.624149818702
NY,6122,6741.385321681008
NY,6123,6582.992165652463
NY,6124,6500.3972063332895
NY,6125,6546.939541682887
NY,6126,6837.697653847472
NY,6127,7389.360309294837
NY,6128,7720.613809227748
NY,6129,7875.39833301296
NY,6130,7963.372656485253
NY,6131,8037.194067770903
NY,6132,8106.802185235004
NY,6133,8191.431215937717
NY,6134,8274.369099770466
NY,6135,8366.684706380877
NY,6136,8471.875765611236
NY,6137,8675.865120741744
NY,6138,8913.395506099821
NY,6139,8996.772843932481
NY,6140,9001.651669266032
NY,6141,8821.262793821173
NY,6142,8361.968486237053
NY,6143,7814.050997475701
NY,6144,7307.809829837982
NY,6145,6949.455696699966
NY,6146,6699.520465946279
NY,6147,6543.977092958518
NY,6148,6471.818621899477
NY,6149,6510.58138912201
NY,6150,6791.236931006282
NY,6151,7310.590296794998
NY,6152,7632.643024340544
NY,6153,7799.41743709144
NY,6154,7899.2911375483015
NY,6155,7987.1541746377686
NY,6156,8070.809180604586
NY,6157,8141.422856525194
NY,6158,8241.477673760865
NY,6159,8337.594803113808
NY,6160,8464.63133390679
NY,6161,8681.000343661188
NY,6162,8932.648506702668
NY,6163,9034.666056946993
NY,6164,9096.161053553498
NY,6165,8940.279355640563
NY,6166,8511.097121880727
NY,6167,7959.051017648061
NY,6168,7447.089967367662
NY,6169,7007.974725821717
NY,6170,6763.131449714071
NY,6171,6601.207200311955
NY,6172,6517.436312843351
NY,6173,6551.84637093736
NY,6174,6811.9267151075
NY,6175,7319.999635006161
NY,6176,7631.706227151087
NY,6177,7759.457898129165
NY,6178,7778.123829946022
NY,6179,7793.795916700572
NY,6180,7836.078529735357
NY,6181,7880.063333666969
NY,6182,7964.920763171559
NY,6183,8056.584081593563
NY,6184,8166.96765471596
NY,6185,8376.338873426253
NY,6186,8672.093779460637
NY,6187,8811.327487357614
NY,6188,8877.221696637026
NY,6189,8722.814465736615
NY,6190,8285.920329178701
NY,6191,7749.521927422339
NY,6192,7236.660095481442
NY,6193,6742.633078916809
NY,6194,6496.896272178966
NY,6195,6350.333088854616
NY,6196,6284.94171093568
NY,6197,6327.94615812646
NY,6198,6609.069669118227
NY,6199,7134.870421313497
NY,6200,7457.886836480423
NY,6201,7601.600233990455
NY,6202,7622.446525878805
NY,6203,7614.963167835118
NY,6204,7650.0768113835225
NY,6205,7715.573954842199
NY,6206,7831.349506232166
NY,6207,7924.3229115260965
NY,6208,8048.538724985455
NY,6209,8272.613446748183
NY,6210,8508.015114127248
NY,6211,8630.793741934218
NY,6212,8703.845230084067
NY,6213,8549.599290768127
NY,6214,8123.736853701438
NY,6215,7577.463159883558
NY,6216,7068.499764492528
NY,6217,6844.337682037303
NY,6218,6608.187303806922
NY,6219,6459.2968602804035
NY,6220,6386.123104990769
NY,6221,6423.193665976983
NY,6222,6684.551023127706
NY,6223,7176.7929794317125
NY,6224,7480.188084341929
NY,6225,7656.921232265719
NY,6226,7755.552733599508
NY,6227,7828.722979775694
NY,6228,7914.777290820808
NY,6229,8023.88555131235
NY,6230,8124.174997780358
NY,6231,8221.213062583267
NY,6232,8360.00476315261
NY,6233,8587.215568311775
NY,6234,8820.534122511548
NY,6235,8907.129530098894
NY,6236,8952.335212690592
NY,6237,8770.946807657515
NY,6238,8319.13465350865
NY,6239,7772.4382187219625
NY,6240,7267.30183866538
NY,6241,6872.662076837384
NY,6242,6626.774344744802
NY,6243,6460.347507859294
NY,6244,6377.760678636708
NY,6245,6403.317170782718
NY,6246,6649.230249642659
NY,6247,7141.409168231699
NY,6248,7461.5346421985205
NY,6249,7626.608664743974
NY,6250,7663.524508053896
NY,6251,7709.723037898658
NY,6252,7777.079792667122
NY,6253,7869.220897284558
NY,6254,7970.618597097509
NY,6255,8083.368301543121
NY,6256,8213.461605566591
NY,6257,8428.117018982388
NY,6258,8631.379464991985
NY,6259,8739.56332444831
NY,6260,8812.71405253226
NY,6261,8646.699022614714
NY,6262,8202.411263265573
NY,6263,7663.936044433971
NY,6264,7157.610268034755
NY,6265,6716.729635227227
NY,6266,6464.585592282008
NY,6267,6321.420797865783
NY,6268,6250.557382026294
NY,6269,6282.057663957253
NY,6270,6568.095239132782
NY,6271,7082.250365746497
NY,6272,7377.666294985759
NY,6273,7515.739202049082
NY,6274,7530.885759694067
NY,6275,7576.36883290345
NY,6276,7627.43886445686
NY,6277,7652.389233411148
NY,6278,7723.089323990146
NY,6279,7803.469476170741
NY,6280,7918.034219716306
NY,6281,8126.572749702582
NY,6282,8387.205739623976
NY,6283,8508.002530282898
NY,6284,8603.368725120944
NY,6285,8443.538078448263
NY,6286,8007.09663206724
NY,6287,7479.567511901309
NY,6288,6975.874421526691
NY,6289,6686.129946459081
NY,6290,6457.944750064274
NY,6291,6312.746600254827
NY,6292,6238.355130421508
NY,6293,6289.106083160658
NY,6294,6592.109472391594
NY,6295,7150.964924764528
NY,6296,7476.622463704706
NY,6297,7585.643309060741
NY,6298,7585.916184193016
NY,6299,7596.195543885699
NY,6300,7656.302576139681
NY,6301,7724.380928022846
NY,6302,7825.792435611378
NY,6303,7915.947774943993
NY,6304,8056.723248427282
NY,6305,8288.609441255689
NY,6306,8523.938504003794
NY,6307,8638.2877376295
NY,6308,8715.272606230103
NY,6309,8549.540321123825
NY,6310,8113.548880108004
NY,6311,7577.963711970773
NY,6312,7068.727163420421
NY,6313,6823.070367920526
NY,6314,6578.065586510145
NY,6315,6410.672113945367
NY,6316,6342.097623938276
NY,6317,6385.184731126757
NY,6318,6670.504488907932
NY,6319,7197.681101711965
NY,6320,7522.389616218558
NY,6321,7646.736882474624
NY,6322,7652.384483310534
NY,6323,7685.150056079629
NY,6324,7733.819138597241
NY,6325,7801.134954697302
NY,6326,7923.955595959765
NY,6327,8047.952814912422
NY,6328,8197.622619686834
NY,6329,8430.645094860873
NY,6330,8658.717776919273
NY,6331,8789.432792273796
NY,6332,8884.784953234051
NY,6333,8711.728906511127
NY,6334,8272.084413210212
NY,6335,7736.002971201416
NY,6336,7228.467798608443
NY,6337,6948.0389869632715
NY,6338,6687.92045520861
NY,6339,6524.622069855733
NY,6340,6447.651116323018
NY,6341,6485.35931343348
NY,6342,6752.094428069569
NY,6343,7253.040695090371
NY,6344,7576.8048993018535
NY,6345,7749.428666725778
NY,6346,7800.2299094687535
NY,6347,7841.41270600827
NY,6348,7890.740123309008
NY,6349,7946.786295533796
NY,6350,8040.356865547338
NY,6351,8122.242749338264
NY,6352,8249.450194559254
NY,6353,8470.80893605682
NY,6354,8734.717976285904
NY,6355,8842.479988749407
NY,6356,8906.867873343902
NY,6357,8710.584906604797
NY,6358,8263.817141477917
NY,6359,7724.24630509164
NY,6360,7216.26505871034
NY,6361,6797.44131153522
NY,6362,6549.714975427486
NY,6363,6394.782265744888
NY,6364,6320.018926466151
NY,6365,6362.997861439683
NY,6366,6651.390795094177
NY,6367,7194.277790312461
NY,6368,7531.594851347509
NY,6369,7680.889903216553
NY,6370,7731.1983039247
NY,6371,7778.63024196703
NY,6372,7816.17931657764
NY,6373,7867.060931295648
NY,6374,7939.60475457991
NY,6375,8020.742940090322
NY,6376,8122.924136224116
NY,6377,8305.174447221212
NY,6378,8525.64558413184
NY,6379,8649.342386871405
NY,6380,8738.205514279855
NY,6381,8565.3369968413
NY,6382,8137.9099468474
NY,6383,7605.688718457814
NY,6384,7100.661628510096
NY,6385,6867.96492204533
NY,6386,6626.593958241251
NY,6387,6472.708627127421
NY,6388,6389.250714249447
NY,6389,6418.427186652011
NY,6390,6663.461743449608
NY,6391,7156.3205911532
NY,6392,7476.144899143759
NY,6393,7631.752621257208
NY,6394,7663.110676129293
NY,6395,7653.8286772483275
NY,6396,7670.73857668936
NY,6397,7697.602835372583
NY,6398,7747.342142994181
NY,6399,7809.5834676018425
NY,6400,7897.454799516717
NY,6401,8105.198228312306
NY,6402,8342.928223946153
NY,6403,8481.66615214301
NY,6404,8592.433218134039
NY,6405,8430.46350669499
NY,6406,8000.677766954736
NY,6407,7493.936340621195
NY,6408,7009.7379239861715
NY,6409,6731.6086276173825
NY,6410,6497.179279906122
NY,6411,6346.017143449369
NY,6412,6270.192228094075
NY,6413,6307.817371950467
NY,6414,6568.066687082119
NY,6415,7063.100118392576
NY,6416,7386.380617773772
NY,6417,7550.300800487778
NY,6418,7603.352807066674
NY,6419,7663.323105395632
NY,6420,7711.211044358685
NY,6421,7785.250316165239
NY,6422,7835.014064893183
NY,6423,7944.757581237101
NY,6424,8049.312659848496
NY,6425,8248.350521215118
NY,6426,8484.37047607415
NY,6427,8617.521697968746
NY,6428,8703.112788922178
NY,6429,8511.710655104418
NY,6430,8080.815923158168
NY,6431,7546.949320721761
NY,6432,7058.0370170218485
NY,6433,6599.976603545599
NY,6434,6375.268899195831
NY,6435,6238.548807667206
NY,6436,6183.373483298794
NY,6437,6239.0873527250585
NY,6438,6521.78592537787
NY,6439,7057.750788708185
NY,6440,7385.60428680431
NY,6441,7508.65383174024
NY,6442,7531.719692776386
NY,6443,7555.425149994123
NY,6444,7637.053264564376
NY,6445,7715.200858436875
NY,6446,7786.54333239003
NY,6447,7877.673279079967
NY,6448,7975.142433573603
NY,6449,8175.531978968161
NY,6450,8423.151445759578
NY,6451,8586.486567501003
NY,6452,8696.287057432325
NY,6453,8518.04582983096
NY,6454,8063.214988028742
NY,6455,7530.0178306405545
NY,6456,7049.34487852008
NY,6457,6731.076647438483
NY,6458,6510.809880219941
NY,6459,6378.838503090851
NY,6460,6310.632276893757
NY,6461,6359.020736603264
NY,6462,6663.019310039072
NY,6463,7222.453981558917
NY,6464,7590.753543400364
NY,6465,7714.8009271921305
NY,6466,7725.873284725616
NY,6467,7744.431354660698
NY,6468,7793.802465215107
NY,6469,7862.127770222067
NY,6470,7947.789869106766
NY,6471,8012.767918441654
NY,6472,8139.98392803051
NY,6473,8338.447944316318
NY,6474,8583.652449713696
NY,6475,8687.005871298684
NY,6476,8763.714471842246
NY,6477,8556.529249624916
NY,6478,8110.576182210952
NY,6479,7573.838881830133
NY,6480,7080.1038974490975
NY,6481,6717.880658154788
NY,6482,6481.523317408641
NY,6483,6333.33194364674
NY,6484,6264.4281270466795
NY,6485,6288.3813296364215
NY,6486,6590.5688843241155
NY,6487,7110.065387138121
NY,6488,7446.375691901017
NY,6489,7586.079824760436
NY,6490,7599.998398755862
NY,6491,7595.742913081132
NY,6492,7609.495120432034
NY,6493,7628.654691722095
NY,6494,7712.185639525084
NY,6495,7757.3808036010155
NY,6496,7863.445465136491
NY,6497,8065.186397389127
NY,6498,8338.428869509814
NY,6499,8509.266077123362
NY,6500,8613.381808301845
NY,6501,8422.042243738387
NY,6502,8001.84818938155
NY,6503,7475.091547713859
NY,6504,6989.1048646493505
NY,6505,6594.83955649984
NY,6506,6354.866612670341
NY,6507,6208.5699500114
NY,6508,6138.044654132119
NY,6509,6178.210169284643
NY,6510,6448.888862197295
NY,6511,6972.272491682104
NY,6512,7298.214486210225
NY,6513,7415.033937942628
NY,6514,7388.730545544021
NY,6515,7366.205291653858
NY,6516,7362.83707319547
NY,6517,7361.335517897565
NY,6518,7398.809780427103
NY,6519,7463.069114950307
NY,6520,7549.3204750642064
NY,6521,7760.759290582944
NY,6522,8064.16499565653
NY,6523,8285.41704095709
NY,6524,8418.261089184583
NY,6525,8254.761836171152
NY,6526,7838.463739894136
NY,6527,7320.463566761792
NY,6528,6837.0136511507695
NY,6529,6453.618139826345
NY,6530,6232.567776616229
NY,6531,6090.271491247876
NY,6532,6026.0462669766435
NY,6533,6080.844720273389
NY,6534,6371.300995197497
NY,6535,6917.350059446376
NY,6536,7254.120887082611
NY,6537,7363.1332354875205
NY,6538,7323.264889401881
NY,6539,7275.21616574757
NY,6540,7250.836037835816
NY,6541,7261.806398456219
NY,6542,7307.853889843871
NY,6543,7397.745777957048
NY,6544,7511.411486380293
NY,6545,7730.9373075750365
NY,6546,8042.167795785469
NY,6547,8260.280416575851
NY,6548,8378.8618455301
NY,6549,8219.565815040765
NY,6550,7794.217409352158
NY,6551,7279.024595362338
NY,6552,6794.5387278861284
NY,6553,6569.750995750641
NY,6554,6380.298456092985
NY,6555,6279.100036728024
NY,6556,6246.612752196237
NY,6557,6329.787053488305
NY,6558,6630.615938648035
NY,6559,7208.578869950998
NY,6560,7600.588459402694
NY,6561,7709.151223986236
NY,6562,7651.763027497584
NY,6563,7560.005402031368
NY,6564,7491.684932890143
NY,6565,7460.1568930232025
NY,6566,7461.05699234707
NY,6567,7499.12941477627
NY,6568,7596.969715302985
NY,6569,7831.045467949917
NY,6570,8140.103067440078
NY,6571,8401.964092350454
NY,6572,8482.078200777671
NY,6573,8257.437926221952
NY,6574,7878.387395187526
NY,6575,7404.502816615978
NY,6576,6955.208424259595
NY,6577,6593.464993130596
NY,6578,6397.8741287315035
NY,6579,6286.859168501319
NY,6580,6243.275658271074
NY,6581,6324.39793639334
NY,6582,6626.525425285512
NY,6583,7208.912979816389
NY,6584,7604.115427145431
NY,6585,7701.890749991657
NY,6586,7652.661639647171
NY,6587,7597.361026449098
NY,6588,7532.948464112255
NY,6589,7488.831113650385
NY,6590,7469.329072175947
NY,6591,7482.19277689228
NY,6592,7579.127386105145
NY,6593,7819.859993026949
NY,6594,8105.99013960225
NY,6595,8356.063015259378
NY,6596,8422.607717678774
NY,6597,8177.44421769226
NY,6598,7791.9027865728765
NY,6599,7319.412165887241
NY,6600,6880.332984014499
NY,6601,6545.852509402312
NY,6602,6357.9688359297855
NY,6603,6250.389814573052
NY,6604,6215.768045399914
NY,6605,6304.344555478383
NY,6606,6636.996197478766
NY,6607,7266.286497425104
NY,6608,7681.112038923893
NY,6609,7769.912629588558
NY,6610,7706.920199739347
NY,6611,7626.542904805657
NY,6612,7567.672503757756
NY,6613,7528.319709321066
NY,6614,7529.174472079314
NY,6615,7560.385997126111
NY,6616,7655.482346764768
NY,6617,7896.816705366665
NY,6618,8206.541250093704
NY,6619,8456.771601315928
NY,6620,8514.355651275313
NY,6621,8274.741104851786
NY,6622,7881.190926396335
NY,6623,7392.775551167733
NY,6624,6932.654939377966
NY,6625,6610.852490607242
NY,6626,6419.701260750777
NY,6627,6320.80867602683
NY,6628,6296.125136995296
NY,6629,6389.683167741137
NY,6630,6748.036117373139
NY,6631,7418.352242747909
NY,6632,7849.5050360428325
NY,6633,7919.521575391715
NY,6634,7847.952091650033
NY,6635,7785.170004625547
NY,6636,7720.305074588592
NY,6637,7666.173061438453
NY,6638,7674.107622873001
NY,6639,7675.292273069762
NY,6640,7747.830227891453
NY,6641,7966.884526416669
NY,6642,8261.360751753793
NY,6643,8508.098882661898
NY,6644,8563.149964969275
NY,6645,8308.043270020692
NY,6646,7920.475314459879
NY,6647,7437.517601193519
NY,6648,6976.29982267059
NY,6649,6693.001717988314
NY,6650,6484.801125388618
NY,6651,6362.53822907822
NY,6652,6318.713657640409
NY,6653,6400.115476942398
NY,6654,6722.564025621022
NY,6655,7328.106650647942
NY,6656,7742.36789185683
NY,6657,7833.119661252875
NY,6658,7764.049072517083
NY,6659,7692.40825986435
NY,6660,7627.98910205864
NY,6661,7561.008417322062
NY,6662,7556.088564698711
NY,6663,7563.604927785788
NY,6664,7635.836869227288
NY,6665,7847.673735500986
NY,6666,8119.057064749276
NY,6667,8382.910471168346
NY,6668,8461.606970400053
NY,6669,8240.236915017464
NY,6670,7855.675679295787
NY,6671,7377.900700280687
NY,6672,6924.180133218225
NY,6673,6549.534111485949
NY,6674,6352.6987248587
NY,6675,6251.080096744901
NY,6676,6212.669022341759
NY,6677,6297.234431734437
NY,6678,6627.941156493351
NY,6679,7239.826939328275
NY,6680,7651.58374853589
NY,6681,7786.11135777847
NY,6682,7799.23467633302
NY,6683,7778.328417094631
NY,6684,7729.052912552687
NY,6685,7690.507241337161
NY,6686,7684.546111699281
NY,6687,7692.592834840095
NY,6688,7766.239702031091
NY,6689,7972.870669754632
NY,6690,8215.712053916585
NY,6691,8424.378286989555
NY,6692,8437.589788448332
NY,6693,8170.321105161682
NY,6694,7763.967666870668
NY,6695,7274.649237956162
NY,6696,6797.934071663358
NY,6697,6576.824547018396
NY,6698,6387.719615048342
NY,6699,6271.078322087268
NY,6700,6237.54523299911
NY,6701,6326.973898540727
NY,6702,6654.399523471588
NY,6703,7273.525519161269
NY,6704,7708.222008577335
NY,6705,7842.557827247759
NY,6706,7849.215683158779
NY,6707,7828.1618294893915
NY,6708,7776.453802248249
NY,6709,7721.957387571937
NY,6710,7705.754506297289
NY,6711,7701.459818304638
NY,6712,7756.974201441151
NY,6713,7956.136461437458
NY,6714,8218.392480795085
NY,6715,8439.772880203186
NY,6716,8468.349057323493
NY,6717,8216.755938661798
NY,6718,7843.705956483322
NY,6719,7375.701403177255
NY,6720,6930.536252194695
NY,6721,6587.738883460097
NY,6722,6402.633745575014
NY,6723,6294.709229213213
NY,6724,6263.7357324066185
NY,6725,6352.76818445498
NY,6726,6658.673239823553
NY,6727,7244.970598002088
NY,6728,7641.698251987578
NY,6729,7722.665222714783
NY,6730,7667.814139483351
NY,6731,7597.343014199155
NY,6732,7531.44565778801
NY,6733,7484.614806436772
NY,6734,7486.3473435219525
NY,6735,7489.03179587341
NY,6736,7566.588709123318
NY,6737,7771.245072484966
NY,6738,8019.80891576552
NY,6739,8281.518598490528
NY,6740,8350.939982852294
NY,6741,8122.617398249233
NY,6742,7765.4523288924855
NY,6743,7320.078615678509
NY,6744,6875.582115460044
NY,6745,6437.112394707002
NY,6746,6260.7319612565595
NY,6747,6162.99453422672
NY,6748,6132.164601680303
NY,6749,6212.825898283339
NY,6750,6509.495415188357
NY,6751,7070.088358919469
NY,6752,7476.3957488137125
NY,6753,7588.916317020041
NY,6754,7547.654703655232
NY,6755,7482.420582706236
NY,6756,7433.444920820874
NY,6757,7402.949835918835
NY,6758,7413.067700552714
NY,6759,7434.64846989584
NY,6760,7524.019289638304
NY,6761,7730.127719656097
NY,6762,7996.696850990858
NY,6763,8267.362232661704
NY,6764,8329.26052218363
NY,6765,8095.584169628445
NY,6766,7726.076358040038
NY,6767,7253.9409349031185
NY,6768,6814.925869004338
NY,6769,6496.319990395794
NY,6770,6308.193450464348
NY,6771,6205.774605900893
NY,6772,6178.349644465516
NY,6773,6268.622217858518
NY,6774,6597.730319779404
NY,6775,7217.686045901741
NY,6776,7635.920234535066
NY,6777,7746.507166206154
NY,6778,7689.422319918891
NY,6779,7610.888820721704
NY,6780,7509.865694396709
NY,6781,7466.40170342316
NY,6782,7451.944008808487
NY,6783,7436.662955305936
NY,6784,7486.054127658361
NY,6785,7693.7146439490185
NY,6786,8007.829670117804
NY,6787,8299.938756093873
NY,6788,8380.181786095344
NY,6789,8143.8615922197
NY,6790,7759.919414343385
NY,6791,7293.3876076993815
NY,6792,6859.834421426624
NY,6793,6567.05703909068
NY,6794,6382.083161008769
NY,6795,6282.533946847999
NY,6796,6251.944944995975
NY,6797,6356.192370117252
NY,6798,6701.146741838352
NY,6799,7339.729955554313
NY,6800,7758.757010499847
NY,6801,7805.0719301018905
NY,6802,7690.742989723997
NY,6803,7569.302758772518
NY,6804,7466.7075375262675
NY,6805,7390.818449041165
NY,6806,7383.766589705515
NY,6807,7386.106948784966
NY,6808,7470.551110036917
NY,6809,7691.035117522176
NY,6810,8009.764619159425
NY,6811,8307.69979365709
NY,6812,8385.902204902788
NY,6813,8148.811201271805
NY,6814,7771.890872057513
NY,6815,7295.615162255611
NY,6816,6857.05325513963
NY,6817,6647.897457934417
NY,6818,6454.288793251909
NY,6819,6350.909812787402
NY,6820,6318.858216371059
NY,6821,6414.753580846576
NY,6822,6740.867808623355
NY,6823,7363.159257321227
NY,6824,7765.239969841226
NY,6825,7808.600295513095
NY,6826,7681.311703437125
NY,6827,7527.233302278434
NY,6828,7419.075424482514
NY,6829,7355.490733656606
NY,6830,7352.045402037867
NY,6831,7357.444034938703
NY,6832,7453.0725205973765
NY,6833,7676.119252224508
NY,6834,8009.929804141711
NY,6835,8313.876810912038
NY,6836,8383.526675579372
NY,6837,8142.14901554765
NY,6838,7772.755844979028
NY,6839,7304.335067164812
NY,6840,6860.952741735816
NY,6841,6563.650527404459
NY,6842,6374.410810654481
NY,6843,6272.699747837857
NY,6844,6240.939260572357
NY,6845,6330.783750473693
NY,6846,6661.941417442394
NY,6847,7283.375814953947
NY,6848,7705.679941139479
NY,6849,7794.4054525352735
NY,6850,7746.915630748356
NY,6851,7675.9363104215375
NY,6852,7612.828121471198
NY,6853,7543.018333581496
NY,6854,7533.467758619342
NY,6855,7523.451619102196
NY,6856,7588.701961203773
NY,6857,7802.363835059916
NY,6858,8077.990685860497
NY,6859,8327.530801800739
NY,6860,8353.097177363109
NY,6861,8092.892583374724
NY,6862,7717.475478100457
NY,6863,7247.054342399279
NY,6864,6806.647308230298
NY,6865,6472.878092271762
NY,6866,6283.943225707775
NY,6867,6181.6953252325835
NY,6868,6153.2990996820205
NY,6869,6246.23088356584
NY,6870,6565.738292356515
NY,6871,7173.796320958098
NY,6872,7612.63019659247
NY,6873,7741.156005567333
NY,6874,7711.688792039242
NY,6875,7660.865811313769
NY,6876,7604.233877573853
NY,6877,7556.143891764872
NY,6878,7562.606807402798
NY,6879,7566.593081315634
NY,6880,7644.539314470181
NY,6881,7851.048408240821
NY,6882,8116.735513789578
NY,6883,8368.547662411697
NY,6884,8399.954720235405
NY,6885,8143.59295859255
NY,6886,7766.016831431518
NY,6887,7301.061632429799
NY,6888,6857.0685568800975
NY,6889,6562.7159151954375
NY,6890,6382.012986639191
NY,6891,6274.903254233966
NY,6892,6232.368299443836
NY,6893,6323.988034926061
NY,6894,6638.828408432471
NY,6895,7224.465686744299
NY,6896,7631.370540597915
NY,6897,7714.020938220734
NY,6898,7653.036840927753
NY,6899,7573.968159113544
NY,6900,7499.504694142765
NY,6901,7445.8162244507715
NY,6902,7414.089375445986
NY,6903,7416.195438671428
NY,6904,7498.170392184868
NY,6905,7731.277245508628
NY,6906,8023.537913741952
NY,6907,8294.420781124726
NY,6908,8334.15408547277
NY,6909,8096.10480221896
NY,6910,7730.201469765342
NY,6911,7281.771538422213
NY,6912,6852.66659567752
NY,6913,6551.876036812638
NY,6914,6364.5215138366265
NY,6915,6259.257607373364
NY,6916,6231.5072954710855
NY,6917,6321.2378332480865
NY,6918,6629.112544443173
NY,6919,7225.012472496017
NY,6920,7643.862972448171
NY,6921,7767.613831366025
NY,6922,7729.631448920741
NY,6923,7658.62273646493
NY,6924,7578.6325624286075
NY,6925,7500.379057639861
NY,6926,7488.721419216456
NY,6927,7493.551307683908
NY,6928,7563.203495363922
NY,6929,7786.754288309463
NY,6930,8080.171207312391
NY,6931,8346.197250308597
NY,6932,8363.715231375743
NY,6933,8121.80210807424
NY,6934,7746.892760811702
NY,6935,7283.554848989501
NY,6936,6843.833763507802
NY,6937,6609.275639138608
NY,6938,6400.9946842078005
NY,6939,6290.351524728064
NY,6940,6258.26638709576
NY,6941,6355.783145118621
NY,6942,6703.17568887881
NY,6943,7331.470268713322
NY,6944,7782.6317304891495
NY,6945,7893.495753927739
NY,6946,7868.934085467216
NY,6947,7803.425253898866
NY,6948,7726.971377432122
NY,6949,7653.589432773612
NY,6950,7617.933100112244
NY,6951,7601.82675384642
NY,6952,7668.59811075947
NY,6953,7885.5620480803355
NY,6954,8176.199924485461
NY,6955,8433.440444868008
NY,6956,8455.949790233356
NY,6957,8202.40747126844
NY,6958,7824.700414058811
NY,6959,7344.859241080566
NY,6960,6897.999868034896
NY,6961,6629.071149602161
NY,6962,6453.060077234167
NY,6963,6357.9711156835454
NY,6964,6337.754440135336
NY,6965,6444.140845210501
NY,6966,6804.472782718757
NY,6967,7485.323442893016
NY,6968,7939.351081498678
NY,6969,8007.233853627936
NY,6970,7919.992814068396
NY,6971,7820.995594114885
NY,6972,7709.382058882855
NY,6973,7608.617104049195
NY,6974,7579.167242306627
NY,6975,7572.388751100349
NY,6976,7638.130580784879
NY,6977,7848.077057615352
NY,6978,8150.557820058276
NY,6979,8444.378508682965
NY,6980,8495.708356746604
NY,6981,8263.041213346824
NY,6982,7900.179224469393
NY,6983,7435.312720405878
NY,6984,6997.931988207867
NY,6985,6699.068148548431
NY,6986,6508.955019193194
NY,6987,6402.729084561854
NY,6988,6376.9740949397775
NY,6989,6481.475065417791
NY,6990,6837.082320000822
NY,6991,7473.8397532490675
NY,6992,7924.225044062965
NY,6993,7990.488508054672
NY,6994,7876.075184753825
NY,6995,7733.692403675731
NY,6996,7627.669117872874
NY,6997,7556.84077931246
NY,6998,7546.671538116668
NY,6999,7543.286892002562
NY,7000,7625.68024343608
NY,7001,7879.060854635048
NY,7002,8201.381745076235
NY,7003,8490.779086405768
NY,7004,8525.56361079476
NY,7005,8292.840631715759
NY,7006,7932.320564764932
NY,7007,7467.396710938814
NY,7008,7035.93314917052
NY,7009,6605.87935807684
NY,7010,6421.084213017325
NY,7011,6318.22049395522
NY,7012,6295.223813735411
NY,7013,6396.266032140975
NY,7014,6733.771580794939
NY,7015,7366.1011152320555
NY,7016,7801.049914671968
NY,7017,7897.369993900386
NY,7018,7830.093964299399
NY,7019,7727.81865118937
NY,7020,7633.498346935107
NY,7021,7552.2693312218925
NY,7022,7523.090955487725
NY,7023,7502.7576891713235
NY,7024,7582.7490845821774
NY,7025,7806.21664933361
NY,7026,8107.847545817853
NY,7027,8393.092055227168
NY,7028,8434.64190551378
NY,7029,8204.288771555156
NY,7030,7829.089279669579
NY,7031,7358.437900130152
NY,7032,6911.593975179118
NY,7033,6535.211850091071
NY,7034,6351.469894904749
NY,7035,6249.806149254688
NY,7036,6218.353135861355
NY,7037,6323.082186756304
NY,7038,6669.966284778678
NY,7039,7304.58191808311
NY,7040,7731.579985868069
NY,7041,7798.913593385725
NY,7042,7702.336861957518
NY,7043,7600.452777057798
NY,7044,7526.987576921871
NY,7045,7471.443870496066
NY,7046,7440.39903309995
NY,7047,7428.1857856557645
NY,7048,7501.390592055018
NY,7049,7702.894480839447
NY,7050,7984.010348933264
NY,7051,8264.923066294289
NY,7052,8286.607038018884
NY,7053,8033.672779397493
NY,7054,7673.890905704562
NY,7055,7216.3290769684245
NY,7056,6781.9559666709255
NY,7057,6598.308564227923
NY,7058,6403.192373303525
NY,7059,6298.528067011765
NY,7060,6269.541086053906
NY,7061,6358.794588438669
NY,7062,6673.563580587291
NY,7063,7266.539186696726
NY,7064,7695.833156947164
NY,7065,7802.153158086247
NY,7066,7756.6670583284925
NY,7067,7687.283399557583
NY,7068,7623.544900799276
NY,7069,7556.719975000872
NY,7070,7520.075721315652
NY,7071,7501.249667881518
NY,7072,7566.497221205615
NY,7073,7790.31795230533
NY,7074,8095.504350070074
NY,7075,8358.837326230317
NY,7076,8373.880966309368
NY,7077,8129.206696790837
NY,7078,7768.844067760631
NY,7079,7308.542514777312
NY,7080,6862.748215208774
NY,7081,6629.750093475849
NY,7082,6445.220552832044
NY,7083,6346.724872461568
NY,7084,6322.713861091427
NY,7085,6422.014087563114
NY,7086,6743.735418541954
NY,7087,7344.722478172336
NY,7088,7776.692284636509
NY,7089,7858.212406803711
NY,7090,7769.670659996086
NY,7091,7625.582988392442
NY,7092,7501.247406122169
NY,7093,7415.6618228228375
NY,7094,7379.476037248999
NY,7095,7366.584903187843
NY,7096,7456.910615737462
NY,7097,7723.521566203488
NY,7098,8089.296598753197
NY,7099,8406.108691247562
NY,7100,8454.264075297873
NY,7101,8228.171932768682
NY,7102,7862.027170272271
NY,7103,7395.564751330064
NY,7104,6951.94961352327
NY,7105,6597.4075554474245
NY,7106,6415.663564374396
NY,7107,6309.757728902022
NY,7108,6289.451378164541
NY,7109,6383.139948939474
NY,7110,6718.032310390209
NY,7111,7348.693675360136
NY,7112,7787.342150831764
NY,7113,7881.858618930321
NY,7114,7785.116023745302
NY,7115,7683.387531782015
NY,7116,7596.425242310949
NY,7117,7536.925746159021
NY,7118,7529.648069384041
NY,7119,7535.128744952022
NY,7120,7623.592883833237
NY,7121,7850.725351582501
NY,7122,8163.402016420903
NY,7123,8432.045185970205
NY,7124,8426.796049824686
NY,7125,8159.628418917402
NY,7126,7768.207583962131
NY,7127,7283.633595925425
NY,7128,6844.248098503541
NY,7129,6595.835612686125
NY,7130,6407.082808869661
NY,7131,6304.065463592568
NY,7132,6284.006238452594
NY,7133,6388.8319130781825
NY,7134,6744.472918579151
NY,7135,7400.66898012078
NY,7136,7855.649021742535
NY,7137,7957.821747604485
NY,7138,7911.781265520789
NY,7139,7846.486092933116
NY,7140,7759.96923296333
NY,7141,7685.526643499709
NY,7142,7673.633098097203
NY,7143,7673.214766678495
NY,7144,7745.644178093763
NY,7145,7972.603878148147
NY,7146,8263.36576767158
NY,7147,8513.731403226716
NY,7148,8501.411342504557
NY,7149,8232.963212149006
NY,7150,7836.985082292269
NY,7151,7344.367819881101
NY,7152,6908.203607520848
NY,7153,6619.421818177542
NY,7154,6443.4709374341335
NY,7155,6342.32206459227
NY,7156,6307.950438583318
NY,7157,6404.001808433739
NY,7158,6734.690279286476
NY,7159,7350.085084646308
NY,7160,7798.914149583243
NY,7161,7914.085163918707
NY,7162,7861.963093305011
NY,7163,7787.656041171054
NY,7164,7714.736691481825
NY,7165,7650.844874851344
NY,7166,7630.022920335245
NY,7167,7653.517708368545
NY,7168,7744.762087908486
NY,7169,7984.773664335559
NY,7170,8264.026606877552
NY,7171,8508.932937915946
NY,7172,8486.049987625359
NY,7173,8218.527622098346
NY,7174,7830.787686297895
NY,7175,7358.886238808627
NY,7176,6908.094978871911
NY,7177,6598.021573662384
NY,7178,6409.054347207975
NY,7179,6302.05466862503
NY,7180,6275.044614517075
NY,7181,6367.452086757963
NY,7182,6703.846918312639
NY,7183,7308.44828695323
NY,7184,7745.492023700965
NY,7185,7857.905001574027
NY,7186,7821.564360865195
NY,7187,7756.669302739318
NY,7188,7678.248373669148
NY,7189,7609.215864912357
NY,7190,7586.885079842317
NY,7191,7584.066930833139
NY,7192,7664.908195018125
NY,7193,7921.591181937496
NY,7194,8239.601635913704
NY,7195,8507.352195027988
NY,7196,8499.638121211346
NY,7197,8225.718836658627
NY,7198,7836.999026708302
NY,7199,7361.225457586977
NY,7200,6917.255554807303
NY,7201,6597.80276206293
NY,7202,6414.4533232204415
NY,7203,6311.972977341007
NY,7204,6281.819652390509
NY,7205,6381.9953200553865
NY,7206,6724.736944033513
NY,7207,7361.461753319684
NY,7208,7811.720775804351
NY,7209,7917.002363266572
NY,7210,7871.199952918852
NY,7211,7794.5137947831435
NY,7212,7702.903772385206
NY,7213,7617.313175402752
NY,7214,7577.652424397479
NY,7215,7554.44061405805
NY,7216,7629.520533236728
NY,7217,7908.35127823077
NY,7218,8244.514945388245
NY,7219,8517.051107429237
NY,7220,8520.618759914244
NY,7221,8271.509480982665
NY,7222,7897.631230876416
NY,7223,7428.564355635436
NY,7224,6990.319842839486
NY,7225,6662.900182426238
NY,7226,6471.452592841713
NY,7227,6362.3881937569715
NY,7228,6330.583708225821
NY,7229,6415.403871985774
NY,7230,6734.147966543653
NY,7231,7324.495926152081
NY,7232,7761.32522798456
NY,7233,7877.287418726012
NY,7234,7837.177105405848
NY,7235,7774.782745497567
NY,7236,7700.73064441608
NY,7237,7638.3176967925674
NY,7238,7612.598545424363
NY,7239,7608.1298314998405
NY,7240,7685.532665715739
NY,7241,7926.987913506622
NY,7242,8237.504859044526
NY,7243,8481.150311996867
NY,7244,8466.089244630494
NY,7245,8208.869518050937
NY,7246,7829.536349782862
NY,7247,7354.077997304715
NY,7248,6923.07135785747
NY,7249,6576.401660796006
NY,7250,6398.132678604188
NY,7251,6303.316935000744
NY,7252,6278.663388842264
NY,7253,6373.303131246001
NY,7254,6695.438887737004
NY,7255,7287.872546798733
NY,7256,7726.006444638831
NY,7257,7861.311610572168
NY,7258,7829.664890791256
NY,7259,7754.0161760448845
NY,7260,7671.134765067017
NY,7261,7606.286980314669
NY,7262,7569.340358360636
NY,7263,7544.329514796627
NY,7264,7626.383716320756
NY,7265,7876.348295050853
NY,7266,8199.551373370573
NY,7267,8468.231260629176
NY,7268,8450.1244549699
NY,7269,8191.342816680066
NY,7270,7814.801137532747
NY,7271,7344.78796742315
NY,7272,6892.365115423319
NY,7273,6636.4961998838305
NY,7274,6453.523193686644
NY,7275,6355.680536813362
NY,7276,6328.391343122893
NY,7277,6424.0757385738645
NY,7278,6761.3907464826495
NY,7279,7396.73989505561
NY,7280,7852.761077443815
NY,7281,7960.73488453792
NY,7282,7901.777040617529
NY,7283,7842.539604982239
NY,7284,7798.120211421633
NY,7285,7765.734815828525
NY,7286,7771.689688947273
NY,7287,7787.107991258864
NY,7288,7879.010996578381
NY,7289,8083.977580571194
NY,7290,8329.37481282523
NY,7291,8521.04981109724
NY,7292,8507.8267844206
NY,7293,8275.233227847034
NY,7294,7899.921301127785
NY,7295,7417.228296280325
NY,7296,6979.151406448215
NY,7297,6724.193622034747
NY,7298,6563.223888294284
NY,7299,6469.92350561804
NY,7300,6456.9708548778735
NY,7301,6590.538124602067
NY,7302,6969.717046732094
NY,7303,7615.267843772136
NY,7304,8050.304160883893
NY,7305,8139.108968643772
NY,7306,8094.35411744442
NY,7307,8057.851394796888
NY,7308,7999.295840634657
NY,7309,7953.667745919867
NY,7310,7967.351740442467
NY,7311,7990.722947328987
NY,7312,8101.314727664123
NY,7313,8423.518046057719
NY,7314,8802.135306908593
NY,7315,8915.026490839871
NY,7316,8789.679981426252
NY,7317,8521.442640342938
NY,7318,8149.735199014428
NY,7319,7674.635771999911
NY,7320,7255.07083938269
NY,7321,6906.228735647527
NY,7322,6741.202167440823
NY,7323,6644.616276888421
NY,7324,6629.131714539192
NY,7325,6740.66139028147
NY,7326,7102.876309355982
NY,7327,7716.86713750128
NY,7328,8148.312530591483
NY,7329,8237.566743461329
NY,7330,8143.745292116582
NY,7331,8036.282477274122
NY,7332,7938.75948128699
NY,7333,7864.042072801442
NY,7334,7864.272202281509
NY,7335,7918.003595311535
NY,7336,8057.167014080525
NY,7337,8414.451158466239
NY,7338,8820.923519500381
NY,7339,8931.48241774113
NY,7340,8791.34774437616
NY,7341,8528.192893030836
NY,7342,8156.758755878252
NY,7343,7671.4941388296225
NY,7344,7286.483123179335
NY,7345,6930.982384806176
NY,7346,6765.358054602916
NY,7347,6666.405361883712
NY,7348,6654.265190286593
NY,7349,6774.851934577461
NY,7350,7121.729139154546
NY,7351,7728.369279782505
NY,7352,8147.088416921063
NY,7353,8211.008210257926
NY,7354,8102.383565775638
NY,7355,7999.274363838083
NY,7356,7907.669004487139
NY,7357,7843.2874063025935
NY,7358,7850.8430394983755
NY,7359,7883.474134435856
NY,7360,8028.69756491173
NY,7361,8359.681339912092
NY,7362,8759.826701829871
NY,7363,8879.269933793864
NY,7364,8734.189619658858
NY,7365,8482.54530560673
NY,7366,8120.133833692643
NY,7367,7659.415119731408
NY,7368,7276.493097926396
NY,7369,6865.825908048327
NY,7370,6713.178425385926
NY,7371,6638.423551061438
NY,7372,6634.114494189378
NY,7373,6771.076719449411
NY,7374,7151.1704935354015
NY,7375,7755.393714716122
NY,7376,8121.97811474495
NY,7377,8158.950374875365
NY,7378,8048.23882878224
NY,7379,7957.195569683614
NY,7380,7869.367101294388
NY,7381,7805.026009818336
NY,7382,7832.755802652803
NY,7383,7883.3972133058055
NY,7384,8042.98426428766
NY,7385,8385.564538364802
NY,7386,8794.359754897949
NY,7387,8881.562299347449
NY,7388,8728.300088388602
NY,7389,8471.519040042386
NY,7390,8097.034745826269
NY,7391,7622.55637513467
NY,7392,7237.5501547812355
NY,7393,6868.9991966472554
NY,7394,6704.874393675941
NY,7395,6603.042275832886
NY,7396,6587.641795039349
NY,7397,6698.457483349137
NY,7398,7036.227620786717
NY,7399,7593.726600736376
NY,7400,7958.664363010799
NY,7401,8039.738961191404
NY,7402,8000.598209952106
NY,7403,7920.250030752387
NY,7404,7845.560542986611
NY,7405,7776.243596500625
NY,7406,7754.708233755683
NY,7407,7763.405492373259
NY,7408,7878.973746991815
NY,7409,8226.440619378852
NY,7410,8656.866775885424
NY,7411,8783.80585035059
NY,7412,8657.514170237997
NY,7413,8424.242103593743
NY,7414,8057.079781200786
NY,7415,7598.734716418587
NY,7416,7185.9291943567944
NY,7417,6800.244830640726
NY,7418,6642.291436091205
NY,7419,6555.448688846564
NY,7420,6539.6731431704325
NY,7421,6658.864426714157
NY,7422,6992.844093160006
NY,7423,7560.156853030771
NY,7424,7897.172954162632
NY,7425,7977.785295592361
NY,7426,7924.30189138491
NY,7427,7844.296673804428
NY,7428,7789.855477752248
NY,7429,7748.047372816522
NY,7430,7721.366971274748
NY,7431,7746.562169007192
NY,7432,7933.246440326691
NY,7433,8303.986092808351
NY,7434,8715.066815912971
NY,7435,8799.584537748784
NY,7436,8656.65569301553
NY,7437,8406.019635591848
NY,7438,8038.823389237118
NY,7439,7583.219156605942
NY,7440,7190.092775033193
NY,7441,6949.765719298162
NY,7442,6790.273169572791
NY,7443,6698.058981369045
NY,7444,6685.035867009278
NY,7445,6815.193110520049
NY,7446,7161.1104068345455
NY,7447,7740.716246493012
NY,7448,8080.740548882494
NY,7449,8121.264611802742
NY,7450,8046.039843064467
NY,7451,7981.179063056069
NY,7452,7921.964204405223
NY,7453,7875.219621341635
NY,7454,7893.964042311071
NY,7455,7952.5529203668475
NY,7456,8102.052407779588
NY,7457,8469.981407638757
NY,7458,8888.77446282834
NY,7459,8940.992052807898
NY,7460,8798.160055062676
NY,7461,8536.406230269614
NY,7462,8154.6294919958
NY,7463,7690.943849764294
NY,7464,7303.122057666163
NY,7465,6944.175448919175
NY,7466,6809.105143197736
NY,7467,6731.204849166233
NY,7468,6738.057169842596
NY,7469,6887.147226637898
NY,7470,7283.695914856925
NY,7471,7933.433679886722
NY,7472,8254.614400316495
NY,7473,8214.573523074051
NY,7474,8075.147991172969
NY,7475,7977.439712244141
NY,7476,7911.161915548711
NY,7477,7867.272223444018
NY,7478,7900.221564044342
NY,7479,7978.522286702099
NY,7480,8172.776532913844
NY,7481,8584.210505326467
NY,7482,9029.968000907115
NY,7483,9037.498052823452
NY,7484,8875.885837582143
NY,7485,8624.980887898497
NY,7486,8255.951486820635
NY,7487,7785.780683794637
NY,7488,7394.94742152521
NY,7489,7108.926208696476
NY,7490,6964.937311260011
NY,7491,6883.113177212022
NY,7492,6870.014560668868
NY,7493,7003.852736821819
NY,7494,7376.1903259652
NY,7495,7987.48181743928
NY,7496,8336.441480581492
NY,7497,8343.198117059922
NY,7498,8260.857901870116
NY,7499,8180.846424773748
NY,7500,8097.547500858308
NY,7501,8008.53264564386
NY,7502,8015.18822075099
NY,7503,8070.235568365602
NY,7504,8252.571519173449
NY,7505,8626.810974356266
NY,7506,9034.790434820275
NY,7507,9027.311390935198
NY,7508,8861.569237479268
NY,7509,8592.346817303891
NY,7510,8210.09381155876
NY,7511,7751.757633215061
NY,7512,7355.643115035686
NY,7513,7106.124277694332
NY,7514,6947.760787306305
NY,7515,6852.957537634646
NY,7516,6833.661227611148
NY,7517,6945.756282609543
NY,7518,7302.9648672224585
NY,7519,7883.624307460995
NY,7520,8243.283986594923
NY,7521,8289.08229185181
NY,7522,8207.105400966443
NY,7523,8150.900213477447
NY,7524,8092.413732351478
NY,7525,8065.094538180004
NY,7526,8096.058494169343
NY,7527,8167.229807057868
NY,7528,8335.455507486664
NY,7529,8703.254033368555
NY,7530,9092.996289923446
NY,7531,9069.693423093566
NY,7532,8888.027142907722
NY,7533,8627.952305922566
NY,7534,8258.553065580028
NY,7535,7805.583346703587
NY,7536,7405.883708969192
NY,7537,7109.64563886761
NY,7538,6933.688951436443
NY,7539,6837.833350426792
NY,7540,6826.151415400078
NY,7541,6940.765549240112
NY,7542,7287.683290076785
NY,7543,7849.870398862939
NY,7544,8203.006669513044
NY,7545,8287.730183865259
NY,7546,8252.855411217583
NY,7547,8211.878062264951
NY,7548,8174.870916249366
NY,7549,8156.442823569185
NY,7550,8170.153164439263
NY,7551,8236.486397488372
NY,7552,8396.317447616562
NY,7553,8749.019546120833
NY,7554,9124.11201389513
NY,7555,9108.298655456665
NY,7556,8950.353050484404
NY,7557,8681.691137978847
NY,7558,8320.113018728767
NY,7559,7872.031543087055
NY,7560,7479.42491994742
NY,7561,7189.135563501828
NY,7562,7026.487347025169
NY,7563,6929.630672609039
NY,7564,6912.0380585995465
NY,7565,7022.7690377524405
NY,7566,7356.764590573287
NY,7567,7921.656133845955
NY,7568,8281.563453576764
NY,7569,8376.25798094279
NY,7570,8333.777242596355
NY,7571,8268.358175337179
NY,7572,8174.639897216025
NY,7573,8085.816096602583
NY,7574,8064.5617645563
NY,7575,8102.067882972092
NY,7576,8289.623956182604
NY,7577,8685.816439941172
NY,7578,9104.346224649316
NY,7579,9097.896706848129
NY,7580,8934.027241842545
NY,7581,8677.181630888635
NY,7582,8290.356458464865
NY,7583,7820.79987919695
NY,7584,7418.584007605376
NY,7585,7150.726859083804
NY,7586,6995.0191890394455
NY,7587,6898.03077969528
NY,7588,6886.197283346361
NY,7589,7016.444106337091
NY,7590,7361.408055674469
NY,7591,7922.405532125372
NY,7592,8232.256954340484
NY,7593,8265.560834111795
NY,7594,8193.092899428091
NY,7595,8129.138316300171
NY,7596,8056.250080111127
NY,7597,8006.045669131728
NY,7598,8013.433127491151
NY,7599,8069.033434051514
NY,7600,8249.794911236629
NY,7601,8639.695294136981
NY,7602,9080.78425081968
NY,7603,9080.569283476331
NY,7604,8910.559407165845
NY,7605,8643.733676493245
NY,7606,8265.98485669124
NY,7607,7797.666577663441
NY,7608,7396.819090798091
NY,7609,7194.854831851307
NY,7610,7025.566863262786
NY,7611,6916.405502876533
NY,7612,6908.704452935965
NY,7613,7020.278635514397
NY,7614,7384.7897892114265
NY,7615,7999.040790521763
NY,7616,8327.507942853522
NY,7617,8373.004541583324
NY,7618,8317.469746517151
NY,7619,8248.777466675705
NY,7620,8191.379681691672
NY,7621,8171.84379038672
NY,7622,8196.948663836158
NY,7623,8258.652879028338
NY,7624,8427.952890718219
NY,7625,8812.21307131026
NY,7626,9202.311957805016
NY,7627,9196.389751377097
NY,7628,9029.0948378581
NY,7629,8769.68350874982
NY,7630,8381.084952017694
NY,7631,7898.791548949845
NY,7632,7496.0339892925045
NY,7633,7304.616087665073
NY,7634,7129.648470929302
NY,7635,7043.613705653523
NY,7636,7035.741437490731
NY,7637,7166.345879938756
NY,7638,7566.842303355665
NY,7639,8217.030913210369
NY,7640,8568.342090894792
NY,7641,8579.825848381738
NY,7642,8484.574680492681
NY,7643,8427.888163053442
NY,7644,8364.268680364459
NY,7645,8313.145325441186
NY,7646,8343.216383076681
NY,7647,8391.933696414668
NY,7648,8564.380415658473
NY,7649,8928.600682900038
NY,7650,9316.385748524388
NY,7651,9296.111727419019
NY,7652,9124.922843633268
NY,7653,8859.31409086449
NY,7654,8465.014825250643
NY,7655,7991.874008414138
NY,7656,7584.485299569249
NY,7657,7356.399860165329
NY,7658,7207.624165981024
NY,7659,7121.905726296795
NY,7660,7111.480311660701
NY,7661,7243.730475741113
NY,7662,7619.574639855268
NY,7663,8238.540698056983
NY,7664,8594.34344341262
NY,7665,8621.188819939828
NY,7666,8522.316412347445
NY,7667,8434.358295061172
NY,7668,8371.633854300194
NY,7669,8318.569410258895
NY,7670,8338.576647991509
NY,7671,8407.005999037464
NY,7672,8599.864125836369
NY,7673,8981.816887227257
NY,7674,9382.794334689512
NY,7675,9363.765634610047
NY,7676,9190.93024096432
NY,7677,8927.03114704723
NY,7678,8535.707625978818
NY,7679,8071.18045760249
NY,7680,7668.760576670867
NY,7681,7304.8847588362245
NY,7682,7147.626446623358
NY,7683,7063.853946629751
NY,7684,7058.323976275797
NY,7685,7169.431003555468
NY,7686,7530.447626601175
NY,7687,8134.15395461146
NY,7688,8477.616933979387
NY,7689,8516.452687917335
NY,7690,8442.385546038526
NY,7691,8379.961482096462
NY,7692,8314.996793575913
NY,7693,8268.803150311086
NY,7694,8282.413599055554
NY,7695,8341.390078288535
NY,7696,8513.55069759357
NY,7697,8884.527684275904
NY,7698,9273.046126113334
NY,7699,9254.365534637158
NY,7700,9079.868616526161
NY,7701,8813.13117928273
NY,7702,8424.269926029687
NY,7703,7955.808361306148
NY,7704,7553.724059390997
NY,7705,7349.418236301307
NY,7706,7192.781191327543
NY,7707,7100.4601966507215
NY,7708,7082.031424415423
NY,7709,7211.590911844471
NY,7710,7566.47818490716
NY,7711,8161.353548868375
NY,7712,8501.962170083413
NY,7713,8540.757437518932
NY,7714,8451.177284964034
NY,7715,8366.913248166755
NY,7716,8296.925656568273
NY,7717,8254.77204036663
NY,7718,8275.119225870926
NY,7719,8363.701268688942
NY,7720,8573.413040899172
NY,7721,8961.816642846012
NY,7722,9358.558060345837
NY,7723,9345.301001313565
NY,7724,9181.016575828066
NY,7725,8912.769468029172
NY,7726,8528.790219515173
NY,7727,8054.381877713153
NY,7728,7656.6301732386775
NY,7729,7227.447231831472
NY,7730,7068.88370311914
NY,7731,6981.405014719549
NY,7732,6971.282425753211
NY,7733,7098.210150052241
NY,7734,7443.1750911563554
NY,7735,8019.796038404598
NY,7736,8370.401827313938
NY,7737,8423.841354082699
NY,7738,8356.1304600593
NY,7739,8302.279595382833
NY,7740,8262.95293243044
NY,7741,8240.16132507599
NY,7742,8260.810701750296
NY,7743,8329.989994141554
NY,7744,8525.422377772484
NY,7745,8909.865220247413
NY,7746,9304.745321212334
NY,7747,9297.475525357719
NY,7748,9127.937860157854
NY,7749,8861.516007720525
NY,7750,8490.175771191447
NY,7751,8020.18650085821
NY,7752,7628.2944792288205
NY,7753,7138.863114494267
NY,7754,6981.8245224559945
NY,7755,6888.940883690138
NY,7756,6889.142477358421
NY,7757,7015.3627906368
NY,7758,7373.3161710365
NY,7759,7961.348284029584
NY,7760,8326.678068863393
NY,7761,8356.702279446399
NY,7762,8256.213985435524
NY,7763,8182.982449258702
NY,7764,8145.303041825013
NY,7765,8133.093937823073
NY,7766,8146.367476603361
NY,7767,8238.97516238717
NY,7768,8478.083135138395
NY,7769,8899.67987262067
NY,7770,9309.725795170884
NY,7771,9306.419652446083
NY,7772,9135.861971713053
NY,7773,8858.451236444678
NY,7774,8473.480969283331
NY,7775,7989.646529771123
NY,7776,7588.5671226554505
NY,7777,7234.7844458315045
NY,7778,7074.22000478335
NY,7779,6980.405995545868
NY,7780,6967.839668496874
NY,7781,7089.0869227199795
NY,7782,7453.638723639745
NY,7783,8070.400569880077
NY,7784,8420.832680252195
NY,7785,8467.685883232162
NY,7786,8389.730625991819
NY,7787,8321.891971174681
NY,7788,8252.717495638526
NY,7789,8204.333991583702
NY,7790,8226.701536736433
NY,7791,8302.4526502881
NY,7792,8475.109128372091
NY,7793,8831.619981484174
NY,7794,9192.032302010704
NY,7795,9161.963642416818
NY,7796,8963.374761735023
NY,7797,8668.019924126536
NY,7798,8259.392457628637
NY,7799,7780.777354164557
NY,7800,7367.076361479458
NY,7801,7306.800621935985
NY,7802,7149.912270831779
NY,7803,7054.46029314467
NY,7804,7045.812451664334
NY,7805,7174.8826153654415
NY,7806,7554.847532809454
NY,7807,8184.28349943544
NY,7808,8565.044893515875
NY,7809,8635.851177534443
NY,7810,8573.06953362926
NY,7811,8510.15862758591
NY,7812,8469.550857164707
NY,7813,8431.176915586413
NY,7814,8453.815287605034
NY,7815,8513.029832905616
NY,7816,8673.229946818772
NY,7817,9026.017017354354
NY,7818,9392.10198270753
NY,7819,9366.996033284414
NY,7820,9193.58809373766
NY,7821,8917.296691329264
NY,7822,8532.888618300245
NY,7823,8063.19662552004
NY,7824,7645.149257474304
NY,7825,7455.985143305206
NY,7826,7281.9843434782925
NY,7827,7177.030832204263
NY,7828,7150.9709226097184
NY,7829,7253.849197630283
NY,7830,7600.999221692443
NY,7831,8155.501624923561
NY,7832,8503.446118158163
NY,7833,8563.123276578345
NY,7834,8497.003259532814
NY,7835,8427.757116004326
NY,7836,8356.428473196534
NY,7837,8297.813318735448
NY,7838,8301.595049583153
NY,7839,8362.823989640944
NY,7840,8550.189360083843
NY,7841,8905.96322970466
NY,7842,9269.459627667928
NY,7843,9241.104069385775
NY,7844,9092.028923420871
NY,7845,8832.555907164355
NY,7846,8475.977429886266
NY,7847,8033.206792637486
NY,7848,7642.876050055488
NY,7849,7398.166231428335
NY,7850,7241.611627481315
NY,7851,7156.847584720264
NY,7852,7141.63097097446
NY,7853,7242.526037190465
NY,7854,7574.875216552364
NY,7855,8110.28998173532
NY,7856,8469.893330695697
NY,7857,8559.142115449378
NY,7858,8517.236301819118
NY,7859,8468.566253875247
NY,7860,8423.243442039498
NY,7861,8374.7192970081
NY,7862,8377.513173649302
NY,7863,8450.698235642564
NY,7864,8626.710763262532
NY,7865,8980.257272047135
NY,7866,9328.034361938357
NY,7867,9298.861448530573
NY,7868,9121.855782341381
NY,7869,8864.973209990202
NY,7870,8490.256593302268
NY,7871,8029.627486045099
NY,7872,7634.7201813575305
NY,7873,7325.273185328838
NY,7874,7149.319091015678
NY,7875,7048.496889790395
NY,7876,7025.776576734311
NY,7877,7131.98332446833
NY,7878,7452.379394589572
NY,7879,7999.474240078431
NY,7880,8348.104581451807
NY,7881,8431.658154733666
NY,7882,8414.034871425978
NY,7883,8379.333196767499
NY,7884,8321.345162958796
NY,7885,8262.921258104297
NY,7886,8247.275202392006
NY,7887,8291.43839094522
NY,7888,8443.414041553162
NY,7889,8794.055848005948
NY,7890,9151.169854307806
NY,7891,9130.942221054413
NY,7892,8976.237843866901
NY,7893,8723.754052763477
NY,7894,8377.556792624825
NY,7895,7934.669063241186
NY,7896,7546.422842707936
NY,7897,7229.886577967872
NY,7898,7059.275593883214
NY,7899,6965.055264141204
NY,7900,6951.875901404203
NY,7901,7062.683428140725
NY,7902,7387.897714153233
NY,7903,7938.315405107458
NY,7904,8301.005358106904
NY,7905,8368.749384644198
NY,7906,8314.43291907024
NY,7907,8238.123840920654
NY,7908,8186.169427598976
NY,7909,8150.72449967274
NY,7910,8173.996688845026
NY,7911,8250.76007419259
NY,7912,8455.143915619283
NY,7913,8840.357160501739
NY,7914,9219.251368701867
NY,7915,9209.623989828371
NY,7916,9049.800626320751
NY,7917,8801.269006619814
NY,7918,8434.103206575761
NY,7919,7977.059558244216
NY,7920,7585.016863209429
NY,7921,7308.066660664652
NY,7922,7139.148368197268
NY,7923,7043.978021524891
NY,7924,7018.985810519587
NY,7925,7130.328096807893
NY,7926,7461.206122862981
NY,7927,8019.29378329139
NY,7928,8389.850496018651
NY,7929,8500.933188047158
NY,7930,8484.097672244362
NY,7931,8432.499500992078
NY,7932,8384.270289497957
NY,7933,8349.774327945825
NY,7934,8379.931412289958
NY,7935,8454.140966223465
NY,7936,8601.636519196694
NY,7937,8962.767198096596
NY,7938,9319.240626117537
NY,7939,9295.47014573205
NY,7940,9102.577156163399
NY,7941,8834.89593496695
NY,7942,8453.453896575489
NY,7943,7986.384994948043
NY,7944,7586.895391128111
NY,7945,7137.164714010382
NY,7946,6957.474624906072
NY,7947,6860.270418739541
NY,7948,6861.20672504246
NY,7949,6964.107856857114
NY,7950,7309.847554312407
NY,7951,7890.754407528576
NY,7952,8279.78127326013
NY,7953,8406.951606288768
NY,7954,8430.859818199343
NY,7955,8434.992865163267
NY,7956,8432.656336619324
NY,7957,8418.636845788395
NY,7958,8430.77916988926
NY,7959,8465.672571309945
NY,7960,8602.409196523334
NY,7961,8942.519253005011
NY,7962,9304.19507274622
NY,7963,9292.553241284452
NY,7964,9132.174707259187
NY,7965,8880.072111760532
NY,7966,8506.284485025148
NY,7967,8036.435675088649
NY,7968,7631.677647976072
NY,7969,7441.893528441219
NY,7970,7282.588243078357
NY,7971,7192.02606380228
NY,7972,7183.055182897851
NY,7973,7312.3088788076895
NY,7974,7682.319699747866
NY,7975,8300.60043198369
NY,7976,8670.89275082871
NY,7977,8737.555183941332
NY,7978,8690.515914690902
NY,7979,8620.43487061556
NY,7980,8540.989547885482
NY,7981,8481.873020540563
NY,7982,8482.034406531929
NY,7983,8539.44596072456
NY,7984,8723.708628854691
NY,7985,9102.893719870684
NY,7986,9491.41909077308
NY,7987,9474.82472058244
NY,7988,9298.628613657467
NY,7989,9017.978098403866
NY,7990,8622.695544431892
NY,7991,8136.020651510279
NY,7992,7707.035570360801
NY,7993,7635.521208880287
NY,7994,7453.711634586779
NY,7995,7347.397619763832
NY,7996,7321.22461154964
NY,7997,7425.13682425275
NY,7998,7769.46095225513
NY,7999,8363.024737121158
NY,8000,8749.963155178248
NY,8001,8826.390843908271
NY,8002,8760.671004780917
NY,8003,8690.939940363766
NY,8004,8640.1894017297
NY,8005,8592.683102011751
NY,8006,8607.63978495197
NY,8007,8666.200698464442
NY,8008,8854.37699158063
NY,8009,9229.621676607556
NY,8010,9601.509207749764
NY,8011,9574.789560545081
NY,8012,9401.651714249905
NY,8013,9129.505235819193
NY,8014,8742.895255893576
NY,8015,8246.901535848094
NY,8016,7814.727604890125
NY,8017,7612.270980534793
NY,8018,7423.600221265247
NY,8019,7328.33772270835
NY,8020,7313.312095064
NY,8021,7428.17944430418
NY,8022,7787.822777745833
NY,8023,8388.236222860114
NY,8024,8826.202090022859
NY,8025,8964.795642133696
NY,8026,8983.553489166882
NY,8027,8946.552502871713
NY,8028,8906.305757187269
NY,8029,8868.861292396424
NY,8030,8879.340709694327
NY,8031,8925.349254528818
NY,8032,9065.014887722661
NY,8033,9461.691011255645
NY,8034,9825.864087159436
NY,8035,9735.593667744771
NY,8036,9552.305899262098
NY,8037,9296.033325089692
NY,8038,8895.173763129185
NY,8039,8383.155797612481
NY,8040,7909.690285679465
NY,8041,7626.635978238118
NY,8042,7425.685640704727
NY,8043,7329.350195239994
NY,8044,7310.617802593055
NY,8045,7428.031309299288
NY,8046,7784.7524232191265
NY,8047,8369.504616682576
NY,8048,8792.46015033336
NY,8049,8936.476499104963
NY,8050,8956.034229543086
NY,8051,8946.562037858579
NY,8052,8889.752813352583
NY,8053,8832.973046122094
NY,8054,8850.205694259946
NY,8055,8874.90482887497
NY,8056,9011.466524561763
NY,8057,9406.226989013897
NY,8058,9784.60660645473
NY,8059,9701.680533543414
NY,8060,9533.06478893466
NY,8061,9299.162127265781
NY,8062,8922.895410184116
NY,8063,8410.475289164825
NY,8064,7933.9629450357885
NY,8065,7732.317000008624
NY,8066,7541.626744856264
NY,8067,7439.009390353102
NY,8068,7422.810313113077
NY,8069,7529.231373831267
NY,8070,7870.869526402377
NY,8071,8434.555734919432
NY,8072,8829.337788266047
NY,8073,8977.461023444926
NY,8074,8999.912504147952
NY,8075,8952.620197751544
NY,8076,8877.108051926932
NY,8077,8798.297435343164
NY,8078,8774.405950168333
NY,8079,8805.223560048352
NY,8080,8967.060094955372
NY,8081,9398.110919006667
NY,8082,9799.403384488725
NY,8083,9729.729330446316
NY,8084,9570.565315988299
NY,8085,9342.180437080849
NY,8086,8967.828935824315
NY,8087,8467.862987867962
NY,8088,7994.680796670576
NY,8089,7601.134322321272
NY,8090,7393.6788000217
NY,8091,7302.015192390213
NY,8092,7289.4719757760456
NY,8093,7397.658172253281
NY,8094,7731.441064406747
NY,8095,8300.079826518076
NY,8096,8722.0297447989
NY,8097,8844.505579946674
NY,8098,8849.29680849323
NY,8099,8806.1904562441
NY,8100,8746.898076453554
NY,8101,8700.500092627001
NY,8102,8719.91845597215
NY,8103,8760.323646267217
NY,8104,8917.485596645994
NY,8105,9356.43761757975
NY,8106,9767.730664983569
NY,8107,9703.214490106339
NY,8108,9525.798671639754
NY,8109,9278.856591031593
NY,8110,8886.054747048808
NY,8111,8364.464069485129
NY,8112,7878.755610262643
NY,8113,7533.262115356102
NY,8114,7340.727300761597
NY,8115,7242.146314372696
NY,8116,7244.392282602626
NY,8117,7360.51620744985
NY,8118,7718.202563542959
NY,8119,8337.371716142746
NY,8120,8769.791437800627
NY,8121,8885.568612003679
NY,8122,8904.038934470918
NY,8123,8887.275612199877
NY,8124,8841.203857957584
NY,8125,8808.767883245112
NY,8126,8830.174805195057
NY,8127,8882.048054804262
NY,8128,9043.576214374779
NY,8129,9480.418656591862
NY,8130,9887.353750222585
NY,8131,9825.321018025182
NY,8132,9647.906593906747
NY,8133,9407.49256499746
NY,8134,9009.692340804103
NY,8135,8479.116930111177
NY,8136,7992.490767472487
NY,8137,7829.847068150421
NY,8138,7629.617298486071
NY,8139,7520.590111178144
NY,8140,7505.3688750743826
NY,8141,7618.461971248744
NY,8142,7981.330450168965
NY,8143,8625.12121779938
NY,8144,9068.490652571532
NY,8145,9212.103291623041
NY,8146,9229.386433867116
NY,8147,9216.681591504884
NY,8148,9178.716874549444
NY,8149,9110.269891710693
NY,8150,9114.046247761255
NY,8151,9137.125485328896
NY,8152,9246.664689581786
NY,8153,9636.572587345624
NY,8154,10005.524737833664
NY,8155,9939.450072450507
NY,8156,9760.021840755412
NY,8157,9508.994661423621
NY,8158,9110.019750809657
NY,8159,8591.828837956532
NY,8160,8119.948196701564
NY,8161,7933.003004795113
NY,8162,7739.255904549991
NY,8163,7634.685647152831
NY,8164,7608.984494899929
NY,8165,7717.547872791552
NY,8166,8069.577094162083
NY,8167,8680.596745361523
NY,8168,9134.16985648552
NY,8169,9296.489243431816
NY,8170,9331.44288815183
NY,8171,9330.910178481867
NY,8172,9301.33311504399
NY,8173,9242.483419600454
NY,8174,9238.949920305068
NY,8175,9248.860288690347
NY,8176,9372.601849002843
NY,8177,9757.428323829124
NY,8178,10129.141410255311
NY,8179,10060.086602119615
NY,8180,9883.553333244027
NY,8181,9638.381719374376
NY,8182,9266.86705458991
NY,8183,8751.360357905993
NY,8184,8275.10566225975
NY,8185,7781.649537275512
NY,8186,7583.299816825335
NY,8187,7485.542551885483
NY,8188,7469.67731082414
NY,8189,7591.779167652465
NY,8190,7945.355192067432
NY,8191,8526.595126447384
NY,8192,8964.047627655503
NY,8193,9107.046449638341
NY,8194,9113.6499571924
NY,8195,9056.878823220401
NY,8196,8967.367591686742
NY,8197,8889.405102505892
NY,8198,8892.185674838782
NY,8199,8943.538580422672
NY,8200,9110.964943671226
NY,8201,9541.149091122456
NY,8202,9956.590225289903
NY,8203,9896.33456404566
NY,8204,9734.079248430907
NY,8205,9498.9769356357
NY,8206,9115.299396588641
NY,8207,8589.865049158844
NY,8208,8112.628408147716
NY,8209,7917.468539955462
NY,8210,7709.180956472809
NY,8211,7603.6234420668425
NY,8212,7589.506806440525
NY,8213,7703.53260428882
NY,8214,8063.699234288617
NY,8215,8666.854994024689
NY,8216,9099.972356566068
NY,8217,9234.743136087678
NY,8218,9240.986372220855
NY,8219,9196.227517020493
NY,8220,9113.829211407511
NY,8221,9034.76267660299
NY,8222,9018.882524143747
NY,8223,9067.619226120046
NY,8224,9232.904949866859
NY,8225,9661.682062781717
NY,8226,10061.422310548243
NY,8227,9993.060579988091
NY,8228,9823.272020375494
NY,8229,9578.195362297683
NY,8230,9197.774980416467
NY,8231,8680.222662178462
NY,8232,8198.510665517155
NY,8233,7923.703106572307
NY,8234,7719.64699574455
NY,8235,7617.313771707216
NY,8236,7594.409660564
NY,8237,7699.749812665367
NY,8238,8021.8585606425
NY,8239,8597.765852860228
NY,8240,9019.480140586033
NY,8241,9163.411365212456
NY,8242,9179.544749785267
NY,8243,9134.076777334453
NY,8244,9070.70837080446
NY,8245,9012.176544443502
NY,8246,9001.985085099278
NY,8247,9053.169103526661
NY,8248,9215.940782733576
NY,8249,9644.059451283931
NY,8250,10033.042475381217
NY,8251,9972.661281663225
NY,8252,9811.100666389692
NY,8253,9582.93037523186
NY,8254,9198.635809631242
NY,8255,8693.916285245848
NY,8256,8218.815338450181
NY,8257,7754.639402267682
NY,8258,7570.81393024996
NY,8259,7482.743767829254
NY,8260,7479.30604964027
NY,8261,7587.983952156223
NY,8262,7928.988421411069
NY,8263,8507.495048233615
NY,8264,8951.933897194554
NY,8265,9132.584671787562
NY,8266,9193.916727846279
NY,8267,9192.716862097756
NY,8268,9147.569279733139
NY,8269,9103.15883983194
NY,8270,9125.09591063731
NY,8271,9180.113241309547
NY,8272,9317.000412774213
NY,8273,9720.431327710315
NY,8274,10108.738570572301
NY,8275,10039.774675000764
NY,8276,9861.75543302648
NY,8277,9611.195782668979
NY,8278,9237.52941927198
NY,8279,8734.913927053114
NY,8280,8253.725022468156
NY,8281,7796.153790097753
NY,8282,7596.973513288213
NY,8283,7500.2945165737165
NY,8284,7492.333628192699
NY,8285,7615.105425146644
NY,8286,7989.258863227275
NY,8287,8593.850671869156
NY,8288,9010.639463804665
NY,8289,9117.55367007839
NY,8290,9066.174244658956
NY,8291,8967.384420489141
NY,8292,8873.157774674636
NY,8293,8787.837840340563
NY,8294,8791.733008883709
NY,8295,8854.781135571244
NY,8296,9040.785158336595
NY,8297,9495.618677810391
NY,8298,9936.165309764483
NY,8299,9870.48335518795
NY,8300,9702.397231562305
NY,8301,9462.85839951735
NY,8302,9073.663942774322
NY,8303,8546.270067192204
NY,8304,8061.996894252196
NY,8305,7821.5629139367095
NY,8306,7632.062013830567
NY,8307,7542.680068618018
NY,8308,7534.1385100836735
NY,8309,7662.579168960408
NY,8310,8053.923215516944
NY,8311,8687.41849928686
NY,8312,9137.144827971483
NY,8313,9227.748600048749
NY,8314,9169.861980387976
NY,8315,9082.361599733643
NY,8316,8975.907231392457
NY,8317,8898.197433736488
NY,8318,8909.060714096045
NY,8319,8967.544710002425
NY,8320,9151.347240755664
NY,8321,9608.721596405253
NY,8322,10040.941760726941
NY,8323,9968.857754605649
NY,8324,9800.344705088193
NY,8325,9552.662203386777
NY,8326,9165.797288627504
NY,8327,8630.835681815014
NY,8328,8154.169403549087
NY,8329,7906.179811138602
NY,8330,7689.710486624089
NY,8331,7589.349072937326
NY,8332,7567.967826680869
NY,8333,7675.182439491541
NY,8334,8024.305305203793
NY,8335,8656.07632398865
NY,8336,9112.955744389039
NY,8337,9240.193298121609
NY,8338,9210.337827542377
NY,8339,9138.289139026526
NY,8340,9044.853020805162
NY,8341,8980.655290761808
NY,8342,8987.125196678312
NY,8343,9055.462605599166
NY,8344,9251.848809078874
NY,8345,9695.813980837112
NY,8346,10114.078590542634
NY,8347,10067.187273435717
NY,8348,9903.526134105663
NY,8349,9659.030275318228
NY,8350,9267.637616363839
NY,8351,8738.490434659749
NY,8352,8253.170428373517
NY,8353,7842.7076599477665
NY,8354,7629.534825423632
NY,8355,7528.37514816821
NY,8356,7504.099833965042
NY,8357,7619.390827545124
NY,8358,7974.362272486816
NY,8359,8586.592645492841
NY,8360,9036.938553247673
NY,8361,9168.746500586929
NY,8362,9164.908573916076
NY,8363,9116.392731865647
NY,8364,9058.13794618632
NY,8365,9003.35040979338
NY,8366,9013.304749991008
NY,8367,9056.75908734568
NY,8368,9228.658729830789
NY,8369,9648.597826314424
NY,8370,10036.433851290933
NY,8371,9948.699999609524
NY,8372,9771.348487866717
NY,8373,9520.681463350597
NY,8374,9128.292249565659
NY,8375,8613.947014367506
NY,8376,8136.410176481052
NY,8377,7827.305646134287
NY,8378,7620.285720564237
NY,8379,7504.73376968351
NY,8380,7478.199560331071
NY,8381,7579.677075534993
NY,8382,7931.006912205309
NY,8383,8529.309743021757
NY,8384,8964.195430598371
NY,8385,9115.820315073305
NY,8386,9113.595818060727
NY,8387,9074.697600234265
NY,8388,9004.660274627302
NY,8389,8931.066725030284
NY,8390,8944.79089730392
NY,8391,8983.536572851598
NY,8392,9124.61538031366
NY,8393,9547.566601042325
NY,8394,9934.232138001159
NY,8395,9868.513691645347
NY,8396,9699.753290242436
NY,8397,9452.395642846952
NY,8398,9069.46563121171
NY,8399,8551.678838961637
NY,8400,8078.952821848723
NY,8401,7763.027385209517
NY,8402,7554.225826483537
NY,8403,7446.541281099938
NY,8404,7427.175126971371
NY,8405,7523.60204679247
NY,8406,7842.484458307299
NY,8407,8399.15661664253
NY,8408,8834.515725337729
NY,8409,9005.003855447256
NY,8410,9039.366218249196
NY,8411,9031.719735366368
NY,8412,8979.521201442335
NY,8413,8940.721919686307
NY,8414,8953.321624232617
NY,8415,9004.532610700906
NY,8416,9167.243905196122
NY,8417,9572.609675468149
NY,8418,9960.034138505325
NY,8419,9883.005573543155
NY,8420,9710.412007752616
NY,8421,9475.611352730722
NY,8422,9114.572876367797
NY,8423,8619.266078745236
NY,8424,8149.21670415894
NY,8425,7895.211405858959
NY,8426,7687.648832578556
NY,8427,7584.711229333833
NY,8428,7571.325762079321
NY,8429,7672.888055079313
NY,8430,8005.61459475167
NY,8431,8578.12222687818
NY,8432,9011.123650578092
NY,8433,9180.636046221315
NY,8434,9224.132194175395
NY,8435,9211.71491481534
NY,8436,9172.508377918083
NY,8437,9124.435192671804
NY,8438,9134.860925860558
NY,8439,9167.971049147146
NY,8440,9324.47967703782
NY,8441,9758.992279447911
NY,8442,10174.87831872082
NY,8443,10124.406744123775
NY,8444,9964.925623891817
NY,8445,9743.559305955818
NY,8446,9368.977255212144
NY,8447,8857.914243535253
NY,8448,8390.92160882331
NY,8449,8121.691865664701
NY,8450,7932.507861380398
NY,8451,7833.26483247865
NY,8452,7815.9614375881645
NY,8453,7935.465962501445
NY,8454,8295.045598932045
NY,8455,8910.966275405299
NY,8456,9348.170031889849
NY,8457,9483.481250165028
NY,8458,9495.803836976709
NY,8459,9461.074580188093
NY,8460,9402.897311966635
NY,8461,9344.452200870142
NY,8462,9353.537339273412
NY,8463,9380.30506466962
NY,8464,9523.85725119851
NY,8465,9933.343057438066
NY,8466,10369.511179143778
NY,8467,10308.4290580446
NY,8468,10152.268467336768
NY,8469,9906.208034598812
NY,8470,9515.111544020293
NY,8471,8981.60576978921
NY,8472,8491.945169707893
NY,8473,8078.299824563056
NY,8474,7881.281880037764
NY,8475,7781.811132070975
NY,8476,7778.146465681223
NY,8477,7898.363391984716
NY,8478,8283.806302265253
NY,8479,8919.82200702686
NY,8480,9373.990544951784
NY,8481,9504.56573030161
NY,8482,9496.723810023688
NY,8483,9435.688252067402
NY,8484,9355.025000739454
NY,8485,9277.27142272725
NY,8486,9275.376537989672
NY,8487,9317.958341700777
NY,8488,9467.807128731238
NY,8489,9891.615664134948
NY,8490,10313.640369339023
NY,8491,10249.590158118632
NY,8492,10084.752395925436
NY,8493,9849.681145501796
NY,8494,9469.182907149682
NY,8495,8931.267126470798
NY,8496,8439.401728756376
NY,8497,8129.013394775512
NY,8498,7923.028349489192
NY,8499,7813.984841869795
NY,8500,7788.457381732304
NY,8501,7890.376206351645
NY,8502,8256.630682581825
NY,8503,8850.609332464018
NY,8504,9306.147643889819
NY,8505,9432.42260920271
NY,8506,9390.467944571169
NY,8507,9277.73461806568
NY,8508,9169.492537414296
NY,8509,9059.428076657586
NY,8510,9038.270296643105
NY,8511,9096.221736602741
NY,8512,9298.910278515434
NY,8513,9750.09967985285
NY,8514,10199.906706137698
NY,8515,10130.370059292622
NY,8516,9981.73370089953
NY,8517,9762.46533413177
NY,8518,9394.195379434715
NY,8519,8887.314682340147
NY,8520,8416.902937398062
NY,8521,7809.223229425174
NY,8522,7591.483315873331
NY,8523,7486.889980569409
NY,8524,7471.148337440268
NY,8525,7579.729656610411
NY,8526,7930.590807368668
NY,8527,8505.264027139786
NY,8528,8960.400649329134
NY,8529,9112.468444745373
NY,8530,9103.04715240796
NY,8531,9019.955547730481
NY,8532,8941.463921860848
NY,8533,8868.715325078037
NY,8534,8891.082773618294
NY,8535,8931.105421840149
NY,8536,9077.338723462482
NY,8537,9497.034304554937
NY,8538,9898.884394551594
NY,8539,9820.261578726285
NY,8540,9643.316759457658
NY,8541,9403.66809015579
NY,8542,9027.506791086706
NY,8543,8515.893663032386
NY,8544,8037.538099149423
NY,8545,7838.573196892293
NY,8546,7619.123676158623
NY,8547,7507.745077397459
NY,8548,7473.560380511392
NY,8549,7568.4731789919955
NY,8550,7884.415401241049
NY,8551,8439.81950923548
NY,8552,8870.985785088124
NY,8553,9046.223383080084
NY,8554,9089.188013638665
NY,8555,9073.626581138843
NY,8556,9020.03451683019
NY,8557,8963.959907591144
NY,8558,8968.597330829283
NY,8559,9012.983357610992
NY,8560,9164.971635475176
NY,8561,9570.12693314092
NY,8562,9978.408333659656
NY,8563,9905.401253623353
NY,8564,9752.708875111988
NY,8565,9523.678790643794
NY,8566,9176.879812857303
NY,8567,8705.676777939646
NY,8568,8239.153544034123
NY,8569,7903.718555771996
NY,8570,7679.549250464264
NY,8571,7567.125491329728
NY,8572,7543.816866078816
NY,8573,7629.95037003886
NY,8574,7917.847108536397
NY,8575,8418.805911912022
NY,8576,8849.766820543627
NY,8577,9067.541965374517
NY,8578,9153.16247552338
NY,8579,9155.312910058486
NY,8580,9106.90314428963
NY,8581,9026.136248697087
NY,8582,8992.080403899754
NY,8583,9023.003123168037
NY,8584,9160.88989004659
NY,8585,9536.789208283563
NY,8586,9896.049962302538
NY,8587,9792.243131895058
NY,8588,9617.893016034786
NY,8589,9413.765583622132
NY,8590,9101.513871082393
NY,8591,8648.990590299444
NY,8592,8212.480078236696
NY,8593,8056.782032262301
NY,8594,7840.7979480364585
NY,8595,7719.6718809298
NY,8596,7689.645851501196
NY,8597,7768.419180385052
NY,8598,8045.702088319702
NY,8599,8524.837048446246
NY,8600,8922.821300129131
NY,8601,9092.542652895245
NY,8602,9097.431732543216
NY,8603,9004.558658166722
NY,8604,8906.196356342477
NY,8605,8840.770552490266
NY,8606,8820.160584587445
NY,8607,8859.024049671376
NY,8608,9015.081189923283
NY,8609,9407.004953286222
NY,8610,9780.883400674481
NY,8611,9710.770888716665
NY,8612,9590.181600885396
NY,8613,9403.368896121476
NY,8614,9090.026762008751
NY,8615,8642.979301896679
NY,8616,8215.394829887764
NY,8617,7936.329972512939
NY,8618,7751.092558510626
NY,8619,7661.637313147932
NY,8620,7653.986001216672
NY,8621,7755.655761670865
NY,8622,8076.922984668936
NY,8623,8610.900797377699
NY,8624,9043.147313896892
NY,8625,9230.932685389977
NY,8626,9291.859750602061
NY,8627,9284.315066685147
NY,8628,9257.847457786765
NY,8629,9222.04258402653
NY,8630,9239.557793499074
NY,8631,9293.116715530692
NY,8632,9440.72836923896
NY,8633,9851.705705138748
NY,8634,10237.092676450091
NY,8635,10162.009353780663
NY,8636,9979.610765287891
NY,8637,9738.400701814879
NY,8638,9366.354644081108
NY,8639,8848.449627643713
NY,8640,8386.021486810503
NY,8641,7734.246633800914
NY,8642,7534.177685123399
NY,8643,7431.259336557116
NY,8644,7402.799134209285
NY,8645,7516.1719794819355
NY,8646,7852.655905945996
NY,8647,8413.52942681009
NY,8648,8861.494576485152
NY,8649,9047.723394667186
NY,8650,9118.171727947004
NY,8651,9109.73477090611
NY,8652,9053.081208116913
NY,8653,8990.705692023258
NY,8654,8973.518187367855
NY,8655,8997.185419922076
NY,8656,9129.585344002246
NY,8657,9519.902663146448
NY,8658,9895.481963185558
NY,8659,9811.246024492958
NY,8660,9628.00074795779
NY,8661,9374.483746080083
NY,8662,8985.017743810234
NY,8663,8467.59545880598
NY,8664,8006.054654646844
NY,8665,7675.222671006808
NY,8666,7475.659288611742
NY,8667,7374.894059326234
NY,8668,7354.42260545403
NY,8669,7447.708847973142
NY,8670,7760.986676952577
NY,8671,8284.083573274659
NY,8672,8727.38179345209
NY,8673,8903.267660243833
NY,8674,8933.266256913146
NY,8675,8889.651503482089
NY,8676,8808.324869058275
NY,8677,8740.47480565815
NY,8678,8733.690186835585
NY,8679,8763.73646071058
NY,8680,8909.996289317954
NY,8681,9333.081444430194
NY,8682,9756.813901939983
NY,8683,9673.14867961878
NY,8684,9506.701834858061
NY,8685,9281.415077235238
NY,8686,8913.338481433248
NY,8687,8407.773785257216
NY,8688,7949.535169908006
NY,8689,7619.984403434614
NY,8690,7407.932617950074
NY,8691,7304.48777291992
NY,8692,7276.3885025307316
NY,8693,7379.103537772305
NY,8694,7694.387834777304
NY,8695,8226.229199749248
NY,8696,8667.11232344048
NY,8697,8860.495882965173
NY,8698,8902.792686616003
NY,8699,8894.97851529766
NY,8700,8857.771766427993
NY,8701,8833.909627452318
NY,8702,8868.558667454582
NY,8703,8915.346102775805
NY,8704,9049.72888221644
NY,8705,9435.660603174004
NY,8706,9806.11391846079
NY,8707,9728.473645853267
NY,8708,9545.653590177062
NY,8709,9309.838921723944
NY,8710,8934.012556257711
NY,8711,8453.030515218112
NY,8712,7995.798649743627
NY,8713,7869.414144207881
NY,8714,7656.182422437911
NY,8715,7542.606301595002
NY,8716,7524.963223384406
NY,8717,7628.179111981716
NY,8718,7947.574849839439
NY,8719,8483.666738974915
NY,8720,8933.705258896696
NY,8721,9126.274150573769
NY,8722,9202.293644554214
NY,8723,9210.564356424523
NY,8724,9171.666389834341
NY,8725,9115.287075291436
NY,8726,9110.178364183179
NY,8727,9140.553466219899
NY,8728,9249.218031986327
NY,8729,9639.393895711128
NY,8730,10018.52826229884
NY,8731,9946.97999950642
NY,8732,9762.262334782903
NY,8733,9527.50080857287
NY,8734,9162.975407155255
NY,8735,8677.935559589372
NY,8736,8223.597273577818
NY,8737,7914.581197663191
NY,8738,7701.6100550512725
NY,8739,7593.127269540861
NY,8740,7556.933250028238
NY,8741,7645.22494292484
NY,8742,7937.406294898896
NY,8743,8445.946235643747
NY,8744,8844.603765363763
NY,8745,9021.641180567034
NY,8746,9100.486413655574
NY,8747,9113.962275249946
NY,8748,9080.30270315441
NY,8749,9034.851512451194
NY,8750,9015.595872000718
NY,8751,9035.334459402648
NY,8752,9162.75273718889
NY,8753,9540.952946819171
NY,8754,9909.332747654545
NY,8755,9780.162888781222
NY,8756,9562.910915916497
NY,8757,9308.49817639502
NY,8758,8956.177325035949
NY,8759,8504.388180024748
NY,8760,8083.955011064168
