region,hour,Load
TX,1,20.63476823307511
TX,2,20.175336232773756
TX,3,19.846552671713347
TX,4,19.67891663403142
TX,5,19.65952864593561
TX,6,19.897753958970313
TX,7,20.63323912721908
TX,8,21.632014265329065
TX,9,22.47181736122377
TX,10,22.788547876863465
TX,11,22.918766775543208
TX,12,22.91069821124734
TX,13,22.802354694344274
TX,14,22.658707532018333
TX,15,22.49569094477629
TX,16,22.38977204307831
TX,17,22.473351427131806
TX,18,23.0688513177522
TX,19,24.081027288078275
TX,20,24.07315199324132
TX,21,23.62084347755959
TX,22,23.063746788399282
TX,23,22.296554207417653
TX,24,21.471979419864425
TX,25,21.609290041642957
TX,26,21.112720247598897
TX,27,20.803280958913987
TX,28,20.660695272530596
TX,29,20.650849481836662
TX,30,20.921054175953373
TX,31,21.734656894951925
TX,32,22.903063472536186
TX,33,23.82734227092495
TX,34,24.13666306235335
TX,35,24.20924319109679
TX,36,24.15103880331087
TX,37,23.976210333308895
TX,38,23.787617574277807
TX,39,23.593079603618317
TX,40,23.434173519000684
TX,41,23.48906804631511
TX,42,24.140642960645188
TX,43,25.14850354344778
TX,44,25.144137366037437
TX,45,24.693195424931133
TX,46,24.10257380527484
TX,47,23.277083600407284
TX,48,22.388492313576453
TX,49,21.374655436090276
TX,50,20.897526214644945
TX,51,20.521618794812685
TX,52,20.3602728554143
TX,53,20.376541773899707
TX,54,20.684831979425255
TX,55,21.593580033057105
TX,56,22.909833492019068
TX,57,23.914306003106105
TX,58,24.164866056601277
TX,59,24.146686596747184
TX,60,23.999806395550394
TX,61,23.846221477847322
TX,62,23.655973865112443
TX,63,23.474735570752888
TX,64,23.30979001609466
TX,65,23.362914422979397
TX,66,23.985055149506724
TX,67,25.04598149162196
TX,68,25.067779859305215
TX,69,24.618580673935092
TX,70,24.05028712401264
TX,71,23.244944463352414
TX,72,22.387063571887815
TX,73,20.94415763589237
TX,74,20.438824334024595
TX,75,20.08393804373981
TX,76,19.94165066239863
TX,77,19.971359312816954
TX,78,20.317586517438684
TX,79,21.308824182801946
TX,80,22.70899934790647
TX,81,23.76769380245144
TX,82,24.034905606778956
TX,83,24.00696657156449
TX,84,23.89736416847057
TX,85,23.700930114448138
TX,86,23.523234448230077
TX,87,23.34882872352279
TX,88,23.176758200749173
TX,89,23.188141734939222
TX,90,23.74133466776804
TX,91,24.719738518827768
TX,92,24.722194274794184
TX,93,24.276766910563865
TX,94,23.695260499457085
TX,95,22.88576230601228
TX,96,22.03225425438016
TX,97,21.079282065189386
TX,98,20.57214574858814
TX,99,20.21140984712724
TX,100,20.045916811416173
TX,101,20.030963586835703
TX,102,20.368138738086405
TX,103,21.269088853797133
TX,104,22.588733501800643
TX,105,23.62089399796719
TX,106,23.898095568478908
TX,107,23.861683063355272
TX,108,23.731962060731135
TX,109,23.53262424642722
TX,110,23.34757444118615
TX,111,23.182582167868752
TX,112,23.04263422640646
TX,113,23.092076013161382
TX,114,23.686095921964085
TX,115,24.710610923344422
TX,116,24.72331807950153
TX,117,24.295231123994174
TX,118,23.731185442975857
TX,119,22.930396529273526
TX,120,22.08541912106817
TX,121,21.57535084528609
TX,122,21.111623091844866
TX,123,20.780093780348707
TX,124,20.607504686923647
TX,125,20.603798188927552
TX,126,20.937490488092156
TX,127,21.795784576497862
TX,128,23.10311852175411
TX,129,24.096995597580182
TX,130,24.31682558190754
TX,131,24.270454382974002
TX,132,24.103253173566117
TX,133,23.864399412313443
TX,134,23.642968147194797
TX,135,23.438176330030224
TX,136,23.266840847208194
TX,137,23.30612949044009
TX,138,23.918925425552718
TX,139,24.932383466692414
TX,140,24.93103377375125
TX,141,24.516838132767507
TX,142,23.96364274842964
TX,143,23.178455099428973
TX,144,22.345659354453797
TX,145,21.73317011131899
TX,146,21.260909088715184
TX,147,20.899622743642507
TX,148,20.74632714022664
TX,149,20.758004660233684
TX,150,21.02669263879568
TX,151,21.92025518602108
TX,152,23.22233727898982
TX,153,24.219150489116018
TX,154,24.445912897422236
TX,155,24.358956331629408
TX,156,24.177120351073036
TX,157,23.921331335546355
TX,158,23.665455777961892
TX,159,23.460322142818146
TX,160,23.274663038256236
TX,161,23.318339503980663
TX,162,23.91763587630942
TX,163,24.896400018088357
TX,164,24.90327304664194
TX,165,24.450687986583
TX,166,23.855967403902167
TX,167,23.03505579977521
TX,168,22.172718287802923
TX,169,21.955426554311842
TX,170,21.47279735747928
TX,171,21.098556033097054
TX,172,20.944399538077906
TX,173,20.900892381097954
TX,174,21.184164362792036
TX,175,21.976941364825723
TX,176,23.191187137012676
TX,177,24.090501103871063
TX,178,24.309944461874323
TX,179,24.26058121971451
TX,180,24.113939689165612
TX,181,23.88764671710809
TX,182,23.67557350383592
TX,183,23.4701507118309
TX,184,23.31198845706702
TX,185,23.33262017470508
TX,186,23.955848946675705
TX,187,24.963349838778388
TX,188,25.000368447722185
TX,189,24.58399391335335
TX,190,24.01960276916058
TX,191,23.223362618364405
TX,192,22.32802530053766
TX,193,22.198030568797584
TX,194,21.76214469124987
TX,195,21.453065146475783
TX,196,21.28772518506494
TX,197,21.287320069987775
TX,198,21.61718177804552
TX,199,22.49183871684521
TX,200,23.74650444622846
TX,201,24.70923442148602
TX,202,24.932797125042523
TX,203,24.844903887252787
TX,204,24.683710251289632
TX,205,24.45219485034876
TX,206,24.210914452326683
TX,207,23.994133910834254
TX,208,23.855311540896324
TX,209,23.94624966531206
TX,210,24.609079627063846
TX,211,25.669715381502414
TX,212,25.688753673683635
TX,213,25.250559123548303
TX,214,24.660017968155998
TX,215,23.847184957220602
TX,216,22.943453138959804
TX,217,22.670982861898192
TX,218,22.229454761272333
TX,219,21.890827916433153
TX,220,21.732332869441777
TX,221,21.738265454916984
TX,222,22.023604331755028
TX,223,22.947891757498546
TX,224,24.263750507986952
TX,225,25.234418425488368
TX,226,25.413440428181918
TX,227,25.310048151516188
TX,228,25.11071027410735
TX,229,24.8599756905348
TX,230,24.618328327175043
TX,231,24.380393795570477
TX,232,24.18601397849618
TX,233,24.22546944829964
TX,234,24.80745681637386
TX,235,25.81783978684152
TX,236,25.832856888397874
TX,237,25.377199678261984
TX,238,24.79650299635092
TX,239,23.944988239450634
TX,240,23.0376232133874
TX,241,21.98685449718126
TX,242,21.508100362712003
TX,243,21.145122899611735
TX,244,20.97125050805749
TX,245,20.948801591644497
TX,246,21.29078511298632
TX,247,22.21446424079653
TX,248,23.59780966676857
TX,249,24.653423268602143
TX,250,24.826241063321266
TX,251,24.683217770070936
TX,252,24.446720374427144
TX,253,24.173685205794673
TX,254,23.930102643658508
TX,255,23.705512731880948
TX,256,23.506775004059946
TX,257,23.538665268944712
TX,258,24.125806952364695
TX,259,25.101071092997973
TX,260,25.09657035200955
TX,261,24.64257438567766
TX,262,24.04171563947855
TX,263,23.235344912401878
TX,264,22.351045479764107
TX,265,21.232247278132395
TX,266,20.744697482510567
TX,267,20.40530679105693
TX,268,20.243053766340577
TX,269,20.235112518211952
TX,270,20.528571667652972
TX,271,21.382800102169096
TX,272,22.687374964373188
TX,273,23.689576428784942
TX,274,23.94852162206084
TX,275,23.889288031894655
TX,276,23.733096966217282
TX,277,23.49709963899457
TX,278,23.30369885888506
TX,279,23.127739363890832
TX,280,22.979278874671916
TX,281,23.034843108087255
TX,282,23.58746848221979
TX,283,24.542350483031885
TX,284,24.554317989695157
TX,285,24.118449031907296
TX,286,23.53692733221979
TX,287,22.728459090275045
TX,288,21.886147901456955
TX,289,21.32469509997314
TX,290,20.841144966522474
TX,291,20.481230577753013
TX,292,20.288625480923702
TX,293,20.251456049755504
TX,294,20.53204951122115
TX,295,21.417234856463775
TX,296,22.718166577643373
TX,297,23.727452216209695
TX,298,23.959206323122118
TX,299,23.900380402817895
TX,300,23.76390464043641
TX,301,23.51322508235929
TX,302,23.283626232419508
TX,303,23.067357088697353
TX,304,22.881377181444048
TX,305,22.90730650139693
TX,306,23.487755033368607
TX,307,24.469729565821666
TX,308,24.486538152197316
TX,309,24.036152929500663
TX,310,23.44144093752104
TX,311,22.643449397928006
TX,312,21.770294546698192
TX,313,21.143168448074135
TX,314,20.64921618870461
TX,315,20.314743696863236
TX,316,20.152954623993256
TX,317,20.156433797974948
TX,318,20.427601320371352
TX,319,21.342602767057546
TX,320,22.653394985174454
TX,321,23.680444341109542
TX,322,23.942026918371987
TX,323,23.915272662713058
TX,324,23.79294821627688
TX,325,23.57877291545729
TX,326,23.37227615832697
TX,327,23.19971007870763
TX,328,23.042315976793176
TX,329,23.08060233904564
TX,330,23.623326197422863
TX,331,24.563317964415475
TX,332,24.576494141895328
TX,333,24.116255708479578
TX,334,23.542733560272975
TX,335,22.7415458915223
TX,336,21.913631554853342
TX,337,21.816850603092334
TX,338,21.322136519216254
TX,339,20.955815883545053
TX,340,20.78607101443756
TX,341,20.779236767230593
TX,342,21.059247893321427
TX,343,21.884512174788966
TX,344,23.145994847080317
TX,345,24.067815866824382
TX,346,24.325875942760963
TX,347,24.273419360664057
TX,348,24.105314251335233
TX,349,23.878783224173628
TX,350,23.676513325102835
TX,351,23.44735014394139
TX,352,23.27197806098605
TX,353,23.337895509940328
TX,354,23.97048997604151
TX,355,24.982027856445832
TX,356,25.012375167588885
TX,357,24.571824438014115
TX,358,24.00999480325206
TX,359,23.19308212537778
TX,360,22.35008709105299
TX,361,21.857291460955114
TX,362,21.397871155360537
TX,363,21.037271555222297
TX,364,20.883526184741736
TX,365,20.883422613975537
TX,366,21.177827617210927
TX,367,21.972757188397345
TX,368,23.21444253591692
TX,369,24.155660794324117
TX,370,24.45152907912762
TX,371,24.427741454531702
TX,372,24.34492136829816
TX,373,24.122053568512715
TX,374,23.94398269969592
TX,375,23.75483572726202
TX,376,23.602755255583162
TX,377,23.63675392724289
TX,378,24.218773305584083
TX,379,25.21959498265557
TX,380,25.240560131830392
TX,381,24.821775709761692
TX,382,24.247493576641748
TX,383,23.443570592507925
TX,384,22.57571268670337
TX,385,21.299104623149567
TX,386,20.79105380366884
TX,387,20.43478214841676
TX,388,20.254414863894226
TX,389,20.2472551636426
TX,390,20.557018952329006
TX,391,21.45368603723728
TX,392,22.76119888085428
TX,393,23.764622474866435
TX,394,24.042644396179696
TX,395,24.045723847572418
TX,396,23.952403089896407
TX,397,23.779140272870677
TX,398,23.598265121919525
TX,399,23.41858786644381
TX,400,23.241782266940387
TX,401,23.286171001620186
TX,402,23.848805515670502
TX,403,24.825610185381315
TX,404,24.870058244440788
TX,405,24.436912494493335
TX,406,23.854921768561226
TX,407,23.043801384957135
TX,408,22.170545645171412
TX,409,21.756524304405808
TX,410,21.274206252904545
TX,411,20.938483091575954
TX,412,20.78341321468089
TX,413,20.804622330445863
TX,414,21.143496558467486
TX,415,22.11219277006231
TX,416,23.537162396791032
TX,417,24.60893084908841
TX,418,24.88352619746381
TX,419,24.85308471636043
TX,420,24.708657602819503
TX,421,24.498315671324317
TX,422,24.299318064023026
TX,423,24.12700628909053
TX,424,23.948684278396865
TX,425,23.97976884414094
TX,426,24.520831289625928
TX,427,25.46501796328223
TX,428,25.484311231307654
TX,429,25.042428395649978
TX,430,24.458481213666854
TX,431,23.650212004530182
TX,432,22.780595720126456
TX,433,22.11413248671433
TX,434,21.615691500778365
TX,435,21.237687829511735
TX,436,21.039770582264573
TX,437,21.014105000882484
TX,438,21.290443391215607
TX,439,22.13131626711137
TX,440,23.408968013810004
TX,441,24.375460904898855
TX,442,24.61860739088873
TX,443,24.561358943676186
TX,444,24.413718786762463
TX,445,24.185598694334676
TX,446,23.98060337165063
TX,447,23.799411173750496
TX,448,23.647143042414577
TX,449,23.691419757983432
TX,450,24.276416475990175
TX,451,25.29653088333433
TX,452,25.383560205687143
TX,453,24.966362037300463
TX,454,24.438754810604387
TX,455,23.672320286001092
TX,456,22.843329752925676
TX,457,22.349705467859057
TX,458,21.890980300259574
TX,459,21.585126256898008
TX,460,21.389732835432255
TX,461,21.40968655702129
TX,462,21.70942455935316
TX,463,22.58120199573513
TX,464,23.892942615908908
TX,465,24.84181759297537
TX,466,25.03500222877199
TX,467,24.885408344653523
TX,468,24.662829822049908
TX,469,24.401383547789905
TX,470,24.138566996572315
TX,471,23.905782451043812
TX,472,23.732146689693487
TX,473,23.76225031711406
TX,474,24.336191989919715
TX,475,25.34371535991683
TX,476,25.4131505435344
TX,477,24.973847331471806
TX,478,24.412539965761745
TX,479,23.649722757238752
TX,480,22.793181676923638
TX,481,21.703950800421936
TX,482,21.228096558449202
TX,483,20.89911247329345
TX,484,20.720485966891815
TX,485,20.70516333211279
TX,486,20.995671269030918
TX,487,21.89703546566213
TX,488,23.197881047832894
TX,489,24.173592488566936
TX,490,24.373733365682973
TX,491,24.27590693701821
TX,492,24.11485925563358
TX,493,23.85770482804956
TX,494,23.619527093928866
TX,495,23.39946214316453
TX,496,23.206616623836968
TX,497,23.221661908057634
TX,498,23.746217197095188
TX,499,24.697678952041812
TX,500,24.727802463959286
TX,501,24.291833510438043
TX,502,23.695758945703712
TX,503,22.907977994840827
TX,504,22.04337628276121
TX,505,21.92936048003814
TX,506,21.43666895888309
TX,507,21.09317341693244
TX,508,20.90404379550904
TX,509,20.89981428932096
TX,510,21.178927523689218
TX,511,22.026226640351208
TX,512,23.256673736909395
TX,513,24.199847614718166
TX,514,24.450982984324916
TX,515,24.41870453402441
TX,516,24.251471704459313
TX,517,24.021589437207556
TX,518,23.783642317761363
TX,519,23.598916985908172
TX,520,23.441423615141673
TX,521,23.490530356135125
TX,522,24.04050359825103
TX,523,25.030082350047813
TX,524,25.108597170812082
TX,525,24.66496877862965
TX,526,24.113937039534296
TX,527,23.34220411967061
TX,528,22.48711140898892
TX,529,21.64520117386912
TX,530,21.17785298155319
TX,531,20.844265700253516
TX,532,20.679244359171587
TX,533,20.667133613368552
TX,534,20.93556400313328
TX,535,21.776868310296088
TX,536,23.037596887857582
TX,537,24.015572573811323
TX,538,24.271479370035028
TX,539,24.236580504378527
TX,540,24.095837369497392
TX,541,23.869682401383447
TX,542,23.635482733131262
TX,543,23.414688860653495
TX,544,23.248066565083704
TX,545,23.296100361658823
TX,546,23.819550107642403
TX,547,24.831750953325418
TX,548,24.910453702818508
TX,549,24.46080934229368
TX,550,23.867410510041996
TX,551,23.050879696371027
TX,552,22.167889280924378
TX,553,21.328864372504416
TX,554,20.84970985626334
TX,555,20.50701259544914
TX,556,20.391279312942867
TX,557,20.41299680454473
TX,558,20.741901742245336
TX,559,21.67930192199191
TX,560,23.004449029433907
TX,561,24.008953793436117
TX,562,24.233951055893154
TX,563,24.183755123524424
TX,564,24.02769529264614
TX,565,23.8200523175645
TX,566,23.61771993068393
TX,567,23.437578853443444
TX,568,23.268536243608818
TX,569,23.288952576912024
TX,570,23.86074856555302
TX,571,24.89117183086519
TX,572,25.02507158277382
TX,573,24.61660788323523
TX,574,24.062521271414628
TX,575,23.284311023991712
TX,576,22.46766777279212
TX,577,22.117315133248546
TX,578,21.68447909811222
TX,579,21.378378473626228
TX,580,21.23513584053315
TX,581,21.28160367958577
TX,582,21.644364160374412
TX,583,22.598591500045664
TX,584,24.01975064977562
TX,585,25.067362081898214
TX,586,25.3281826032606
TX,587,25.285866076592402
TX,588,25.098047869741485
TX,589,24.864018416511318
TX,590,24.630400856577005
TX,591,24.440342906954704
TX,592,24.25224945366635
TX,593,24.243546163423602
TX,594,24.766610745191397
TX,595,25.71738964465585
TX,596,25.778641408376195
TX,597,25.347996972948206
TX,598,24.772453491599858
TX,599,23.967176006160077
TX,600,23.147430737862976
TX,601,22.470866795293556
TX,602,21.97283813872421
TX,603,21.608587385393953
TX,604,21.410131272671784
TX,605,21.374281219135245
TX,606,21.700079305683804
TX,607,22.59564818891405
TX,608,23.89930900729744
TX,609,24.859847797613323
TX,610,25.07248008000019
TX,611,24.966415345889175
TX,612,24.75251110684088
TX,613,24.458183144766746
TX,614,24.18133819674367
TX,615,23.938440626117277
TX,616,23.725184744010285
TX,617,23.745380160201655
TX,618,24.28508207999982
TX,619,25.296991904609524
TX,620,25.4022513303882
TX,621,24.97813236476087
TX,622,24.404084116641595
TX,623,23.59792407813922
TX,624,22.71960190612691
TX,625,21.52014770537236
TX,626,21.05287384469422
TX,627,20.70032917333673
TX,628,20.543528724425435
TX,629,20.52807155941393
TX,630,20.878305641220713
TX,631,21.786897544771172
TX,632,23.111243067434625
TX,633,24.081896792300487
TX,634,24.32008752816439
TX,635,24.2623770547449
TX,636,24.07226032481259
TX,637,23.831811778111007
TX,638,23.610414520815937
TX,639,23.400392434983253
TX,640,23.220774644036478
TX,641,23.25203102650113
TX,642,23.826789345783975
TX,643,24.844214615603168
TX,644,24.970816760146665
TX,645,24.56538522882887
TX,646,24.002495727563193
TX,647,23.236504337017966
TX,648,22.402437965105182
TX,649,21.716818167878337
TX,650,21.227529203117765
TX,651,20.906266440936843
TX,652,20.751608207459327
TX,653,20.758712818646792
TX,654,21.089359621759638
TX,655,21.97399077397232
TX,656,23.27285120767859
TX,657,24.269023231282873
TX,658,24.490001270539086
TX,659,24.40806732275142
TX,660,24.22930016676249
TX,661,23.967351715647172
TX,662,23.71808659201955
TX,663,23.503098717474625
TX,664,23.3245996106256
TX,665,23.32444991461287
TX,666,23.849344783656807
TX,667,24.846011001015388
TX,668,24.96910218588619
TX,669,24.514730093709158
TX,670,23.936109470573157
TX,671,23.173315868776942
TX,672,22.336306146154577
TX,673,21.61257737751173
TX,674,21.098745045619218
TX,675,20.743140907293387
TX,676,20.572526880422117
TX,677,20.58527852066544
TX,678,20.911317192617275
TX,679,21.80634927775913
TX,680,23.058066746020625
TX,681,24.02379040871108
TX,682,24.28414705430884
TX,683,24.2368789857751
TX,684,24.06989429409356
TX,685,23.83431016271145
TX,686,23.641406084434518
TX,687,23.465108243103398
TX,688,23.3189805232911
TX,689,23.329729700923078
TX,690,23.89778745985674
TX,691,24.882297703910346
TX,692,25.030659457719583
TX,693,24.608356501121474
TX,694,24.087120851101474
TX,695,23.341705906001845
TX,696,22.548683104904224
TX,697,22.204340801229332
TX,698,21.729755375448462
TX,699,21.38140451113101
TX,700,21.207891360282588
TX,701,21.18949849079519
TX,702,21.488798467922066
TX,703,22.330937586096894
TX,704,23.506129413739494
TX,705,24.38462803954327
TX,706,24.596188246211955
TX,707,24.498160245527135
TX,708,24.314458005807737
TX,709,24.089898244989058
TX,710,23.880590608156886
TX,711,23.703515572605724
TX,712,23.54306017331533
TX,713,23.564771534473586
TX,714,24.140186057301996
TX,715,25.16510977422794
TX,716,25.29352382715435
TX,717,24.866106834816705
TX,718,24.29383214696121
TX,719,23.543081358563327
TX,720,22.730760838790065
TX,721,22.006371326964434
TX,722,21.569513051680687
TX,723,21.21544270296261
TX,724,21.05320360463051
TX,725,21.05938737277722
TX,726,21.340562904765793
TX,727,22.206660023964176
TX,728,23.452067130569972
TX,729,24.342821401325775
TX,730,24.52063281091869
TX,731,24.393171787123396
TX,732,24.204806993808365
TX,733,23.953538101800323
TX,734,23.711599764950307
TX,735,23.502737146441614
TX,736,23.31857476984715
TX,737,23.3260190463862
TX,738,23.846276482911293
TX,739,24.83607895589137
TX,740,24.99779413934734
TX,741,24.567271066471896
TX,742,23.989759630583645
TX,743,23.181853505228432
TX,744,22.29912362924155
TX,745,21.554110058518045
TX,746,21.088299235196935
TX,747,20.776737293700766
TX,748,20.619978466186375
TX,749,20.664002956535782
TX,750,20.98198491072499
TX,751,21.923388898408344
TX,752,23.357771324490056
TX,753,24.28172747577231
TX,754,24.425958529797327
TX,755,24.22292707544798
TX,756,23.984020919642216
TX,757,23.669354832222492
TX,758,23.402936343168406
TX,759,23.157086430087062
TX,760,22.926428696382093
TX,761,22.878522344109356
TX,762,23.25483778450704
TX,763,24.10072440949775
TX,764,24.621651258407628
TX,765,24.28381079210672
TX,766,23.751414179364993
TX,767,22.990265511414762
TX,768,22.17610347325411
TX,769,21.58678755146094
TX,770,21.1073708036633
TX,771,20.777367046307262
TX,772,20.61647896113302
TX,773,20.640027969120514
TX,774,20.923650326978688
TX,775,21.83820704002987
TX,776,23.211442577685126
TX,777,24.09716079970069
TX,778,24.19580378911807
TX,779,23.942798947747164
TX,780,23.617369422040966
TX,781,23.26038421883685
TX,782,22.934874280482166
TX,783,22.686877751810204
TX,784,22.446756147355348
TX,785,22.442453785655363
TX,786,22.90414322773232
TX,787,23.811388763679528
TX,788,24.396251594039324
TX,789,24.112033796756858
TX,790,23.62212860700893
TX,791,22.893170799640746
TX,792,22.147670807928588
TX,793,22.646676998410218
TX,794,22.175446520172166
TX,795,21.861633016055723
TX,796,21.71035716871594
TX,797,21.73224047822804
TX,798,22.038608905805866
TX,799,22.911637126253154
TX,800,24.194602214083144
TX,801,25.052327434626708
TX,802,25.208538062215222
TX,803,25.065681410789615
TX,804,24.83661433192941
TX,805,24.549221735263743
TX,806,24.26536816068649
TX,807,24.01765200077237
TX,808,23.75819987898819
TX,809,23.715958470608733
TX,810,24.095126663769495
TX,811,24.90699376822118
TX,812,25.37770185837668
TX,813,25.05683781793852
TX,814,24.548540384175684
TX,815,23.82786349309917
TX,816,23.064227492613128
TX,817,22.49529387821246
TX,818,22.019778159893132
TX,819,21.711739008533332
TX,820,21.57160600282632
TX,821,21.60197835345084
TX,822,21.92369935941687
TX,823,22.805430932432223
TX,824,24.16200654073118
TX,825,25.051186815985062
TX,826,25.222425670438955
TX,827,25.057136355115503
TX,828,24.80639243552773
TX,829,24.492313411849548
TX,830,24.17001150279848
TX,831,23.857930914638846
TX,832,23.587716801709476
TX,833,23.52133566367354
TX,834,23.888463281374616
TX,835,24.741773898313244
TX,836,25.31458778401427
TX,837,25.028151885870486
TX,838,24.499011891253716
TX,839,23.7544062938442
TX,840,22.957473547106748
TX,841,21.85501505766055
TX,842,21.39251147029367
TX,843,21.092284084375603
TX,844,20.959934829738803
TX,845,20.987096934490403
TX,846,21.29419593086748
TX,847,22.131980493672557
TX,848,23.410083278844144
TX,849,24.211457049991107
TX,850,24.33771674435857
TX,851,24.14440300924453
TX,852,23.849314529537477
TX,853,23.529628042843168
TX,854,23.203989977812267
TX,855,22.89028759935875
TX,856,22.64683998456316
TX,857,22.60658510128741
TX,858,23.025063436492562
TX,859,23.925468563677356
TX,860,24.525837066250702
TX,861,24.24189005382975
TX,862,23.72040095606691
TX,863,22.96377607276952
TX,864,22.149264433363264
TX,865,21.188025282499378
TX,866,20.716894029294743
TX,867,20.43764507443758
TX,868,20.313560093907228
TX,869,20.35644490219099
TX,870,20.68451205977771
TX,871,21.58588330082444
TX,872,22.900653283325312
TX,873,23.742711586712606
TX,874,23.930789903753332
TX,875,23.81648605728879
TX,876,23.610394570654368
TX,877,23.32771859856443
TX,878,23.07510896836664
TX,879,22.869223158705122
TX,880,22.72779538883343
TX,881,22.727880455369753
TX,882,23.119649267015806
TX,883,23.977963328039237
TX,884,24.548086580614246
TX,885,24.24094269966398
TX,886,23.719850297767028
TX,887,22.96830247582833
TX,888,22.14884292565254
TX,889,21.337858030208587
TX,890,20.8918694744619
TX,891,20.578620600021196
TX,892,20.454335524828615
TX,893,20.48145273240951
TX,894,20.781334013820583
TX,895,21.712581079371773
TX,896,23.054298308408235
TX,897,23.897644203931467
TX,898,24.02175676444891
TX,899,23.859409056736727
TX,900,23.653199645148835
TX,901,23.374992803836353
TX,902,23.107015712672673
TX,903,22.863993666434286
TX,904,22.647833328536233
TX,905,22.648147883886477
TX,906,23.08881117736574
TX,907,23.987043403254308
TX,908,24.574667690996616
TX,909,24.307831808812892
TX,910,23.811152356957106
TX,911,23.070155047950333
TX,912,22.257011599762162
TX,913,22.254015034002283
TX,914,21.80759875365276
TX,915,21.506860160295805
TX,916,21.392096642902104
TX,917,21.428077948881246
TX,918,21.768451210827166
TX,919,22.761325660137746
TX,920,24.20082782778786
TX,921,25.016926660283186
TX,922,25.071369719928686
TX,923,24.78695427052633
TX,924,24.487626229643215
TX,925,24.148931332857295
TX,926,23.82520893159189
TX,927,23.55130762780415
TX,928,23.28802844846478
TX,929,23.23084522046939
TX,930,23.62352679183421
TX,931,24.446367019365834
TX,932,25.04856222212853
TX,933,24.767910173247756
TX,934,24.253279405235705
TX,935,23.533014843321396
TX,936,22.75150457296544
TX,937,22.049544469470316
TX,938,21.567664017417535
TX,939,21.241241481345487
TX,940,21.1033834781819
TX,941,21.105740920053734
TX,942,21.403868603544833
TX,943,22.32722447236971
TX,944,23.670396461276106
TX,945,24.546347011046713
TX,946,24.67922106085894
TX,947,24.506077476481458
TX,948,24.26029001090965
TX,949,23.96415018575543
TX,950,23.68161803689315
TX,951,23.424224917220503
TX,952,23.21574431448632
TX,953,23.176758510349767
TX,954,23.532780644232542
TX,955,24.35085048109015
TX,956,24.9462565804342
TX,957,24.675435337981583
TX,958,24.179209491843327
TX,959,23.44513824659026
TX,960,22.641587850606506
TX,961,21.923438255979704
TX,962,21.465015806668404
TX,963,21.18254083041567
TX,964,21.057524574817194
TX,965,21.104821487842834
TX,966,21.447529544624164
TX,967,22.351075028852197
TX,968,23.704325796217287
TX,969,24.567586589123728
TX,970,24.67099987677307
TX,971,24.493626020823992
TX,972,24.26192849706228
TX,973,23.96929927733643
TX,974,23.70500412230172
TX,975,23.46092936385215
TX,976,23.22946893805989
TX,977,23.16054233658039
TX,978,23.511514605520667
TX,979,24.328872357593937
TX,980,24.88957172930744
TX,981,24.583117848396274
TX,982,24.040287222366537
TX,983,23.269573341332734
TX,984,22.457540724174155
TX,985,22.001893243660803
TX,986,21.533755550250238
TX,987,21.230989300236445
TX,988,21.081289812810592
TX,989,21.099585966499358
TX,990,21.386501865232272
TX,991,22.310380261124035
TX,992,23.68495649634411
TX,993,24.528254788809612
TX,994,24.65205710732177
TX,995,24.487758312110252
TX,996,24.248922498636887
TX,997,23.929856411637953
TX,998,23.651280293986726
TX,999,23.4032532262034
TX,1000,23.16305974686707
TX,1001,23.111617288868416
TX,1002,23.467897595825825
TX,1003,24.255699907294275
TX,1004,24.84182141441747
TX,1005,24.56785448957223
TX,1006,24.06573198731
TX,1007,23.356699264450324
TX,1008,22.56507394299065
TX,1009,22.034823893860597
TX,1010,21.578238091960014
TX,1011,21.276881106020102
TX,1012,21.13940819607734
TX,1013,21.15544911211209
TX,1014,21.46526191379591
TX,1015,22.300737335794338
TX,1016,23.55041428134875
TX,1017,24.2938775047534
TX,1018,24.368382560631872
TX,1019,24.15154698305614
TX,1020,23.865484736743934
TX,1021,23.53822150596185
TX,1022,23.239049038034864
TX,1023,22.975478068166694
TX,1024,22.720514716874938
TX,1025,22.683626101044624
TX,1026,23.09955783805459
TX,1027,23.984789779536555
TX,1028,24.630566312822776
TX,1029,24.379596310453145
TX,1030,23.89618130083437
TX,1031,23.200085803028156
TX,1032,22.420732804975298
TX,1033,21.965083268799102
TX,1034,21.54367026794029
TX,1035,21.257110135193294
TX,1036,21.102602090415886
TX,1037,21.08206782259675
TX,1038,21.416688480446485
TX,1039,22.28096221647162
TX,1040,23.58658348265477
TX,1041,24.327817143417175
TX,1042,24.42716303336615
TX,1043,24.189810726481724
TX,1044,23.87929479141944
TX,1045,23.540460197266828
TX,1046,23.231679573742138
TX,1047,22.977261542002175
TX,1048,22.75790925734156
TX,1049,22.731452886286757
TX,1050,23.155628586670705
TX,1051,23.98644661574882
TX,1052,24.609226873791165
TX,1053,24.361901393410797
TX,1054,23.897321590750593
TX,1055,23.133595545340643
TX,1056,22.353840309141777
TX,1057,22.00077362803884
TX,1058,21.5793610617007
TX,1059,21.287042515150542
TX,1060,21.160417319963408
TX,1061,21.169685390951436
TX,1062,21.478187990504534
TX,1063,22.41738577558044
TX,1064,23.796168784670876
TX,1065,24.633385924948676
TX,1066,24.763940590964673
TX,1067,24.5897563907293
TX,1068,24.357242089394674
TX,1069,24.082943419981383
TX,1070,23.80731729409725
TX,1071,23.58970455966021
TX,1072,23.39546911618102
TX,1073,23.37370417734198
TX,1074,23.72873811424904
TX,1075,24.566516211426585
TX,1076,25.179594376043152
TX,1077,24.90850336205338
TX,1078,24.3962106715005
TX,1079,23.647435185655603
TX,1080,22.86679615697699
TX,1081,22.400648314830892
TX,1082,21.955223930966085
TX,1083,21.67439648561692
TX,1084,21.549008936333873
TX,1085,21.576673725987195
TX,1086,21.870876548002986
TX,1087,22.843162408916772
TX,1088,24.227806231445037
TX,1089,25.05424595660658
TX,1090,25.129102917103683
TX,1091,24.936192502165227
TX,1092,24.67312231755404
TX,1093,24.34290859706161
TX,1094,24.02565639357781
TX,1095,23.756080226508146
TX,1096,23.519690214201056
TX,1097,23.43783304290056
TX,1098,23.73111146380722
TX,1099,24.503298895019682
TX,1100,25.10912664035833
TX,1101,24.8272231379438
TX,1102,24.289655792310633
TX,1103,23.54632194031398
TX,1104,22.733455982383852
TX,1105,22.209714901142014
TX,1106,21.771387725688317
TX,1107,21.473153899284025
TX,1108,21.304509964591542
TX,1109,21.314646290097034
TX,1110,21.58146327427449
TX,1111,22.472048507568676
TX,1112,23.787590801316245
TX,1113,24.55613232010286
TX,1114,24.641437526715613
TX,1115,24.426018883397635
TX,1116,24.152029639425745
TX,1117,23.81182289564696
TX,1118,23.467061034289962
TX,1119,23.152480569784434
TX,1120,22.872673082953508
TX,1121,22.799577043121385
TX,1122,23.148755303327032
TX,1123,23.979609327503102
TX,1124,24.627634408589238
TX,1125,24.363935358009403
TX,1126,23.83896886951922
TX,1127,23.108182682600447
TX,1128,22.289739622205577
TX,1129,22.101822262616587
TX,1130,21.67229122478402
TX,1131,21.34276243051555
TX,1132,21.1999959894364
TX,1133,21.211490416455653
TX,1134,21.55857245394851
TX,1135,22.474275451011756
TX,1136,23.75935362409423
TX,1137,24.552019012182118
TX,1138,24.6677887144457
TX,1139,24.453850341876752
TX,1140,24.18557088698457
TX,1141,23.882969993351118
TX,1142,23.59168501739752
TX,1143,23.327755488651707
TX,1144,23.072896635470258
TX,1145,23.00860550204231
TX,1146,23.38467426899889
TX,1147,24.203170793149663
TX,1148,24.85801082342163
TX,1149,24.594183612939073
TX,1150,24.06522444083304
TX,1151,23.3114465795956
TX,1152,22.51465683676747
TX,1153,22.006867849666534
TX,1154,21.575177936954056
TX,1155,21.284212445192857
TX,1156,21.14904294336393
TX,1157,21.193824857356645
TX,1158,21.503150148980147
TX,1159,22.395822003745266
TX,1160,23.659392654377566
TX,1161,24.366787866561854
TX,1162,24.355800485356916
TX,1163,24.048026685283038
TX,1164,23.707005669309588
TX,1165,23.296913170794205
TX,1166,22.94579719607872
TX,1167,22.648377652276867
TX,1168,22.39446919910899
TX,1169,22.338929735534233
TX,1170,22.695372998135078
TX,1171,23.5572698930469
TX,1172,24.2616490524795
TX,1173,24.039543530520668
TX,1174,23.573790036390257
TX,1175,22.846846219808366
TX,1176,22.07297765131753
TX,1177,21.29135732168076
TX,1178,20.894319256595715
TX,1179,20.620615967877978
TX,1180,20.49069174994852
TX,1181,20.52517861012394
TX,1182,20.84020508554699
TX,1183,21.692467120084544
TX,1184,22.934140556980715
TX,1185,23.614209395469793
TX,1186,23.6193463813797
TX,1187,23.30830205768792
TX,1188,22.95656825106412
TX,1189,22.602382910790656
TX,1190,22.29597293495838
TX,1191,21.99526757085569
TX,1192,21.727958950239262
TX,1193,21.67951566460618
TX,1194,22.066645524440357
TX,1195,22.95013189649262
TX,1196,23.670479089603887
TX,1197,23.46292937538566
TX,1198,22.96923985737824
TX,1199,22.237339515026168
TX,1200,21.45833102561907
TX,1201,21.063210063465995
TX,1202,20.59660149633131
TX,1203,20.275528433027162
TX,1204,20.120391726862344
TX,1205,20.16001347252164
TX,1206,20.45219868769683
TX,1207,21.289005049562103
TX,1208,22.511896822711133
TX,1209,23.25204805714444
TX,1210,23.3615947009514
TX,1211,23.16107907957612
TX,1212,22.919719284408284
TX,1213,22.664684180264125
TX,1214,22.383360862578687
TX,1215,22.12482388143673
TX,1216,21.874783277413787
TX,1217,21.84416787509874
TX,1218,22.235908282479407
TX,1219,23.06491067556
TX,1220,23.775374261127148
TX,1221,23.54453814856291
TX,1222,23.03877805600658
TX,1223,22.307255032210435
TX,1224,21.527985710321357
TX,1225,20.949748210613237
TX,1226,20.547862539898638
TX,1227,20.26420941753074
TX,1228,20.146354675849516
TX,1229,20.193899223088984
TX,1230,20.547003196141763
TX,1231,21.496709696490996
TX,1232,22.83911271467065
TX,1233,23.63207415934216
TX,1234,23.762013044979025
TX,1235,23.6315459865502
TX,1236,23.430380846973307
TX,1237,23.17581509495512
TX,1238,22.95586720438097
TX,1239,22.770764038914795
TX,1240,22.59317618958634
TX,1241,22.54922424731068
TX,1242,22.895806260520636
TX,1243,23.661485677710747
TX,1244,24.299760102043905
TX,1245,24.042256531984968
TX,1246,23.527704779377107
TX,1247,22.749421612641687
TX,1248,21.925076016344253
TX,1249,21.275783494322905
TX,1250,20.842950993228946
TX,1251,20.551648182545232
TX,1252,20.419692538839914
TX,1253,20.47005499463078
TX,1254,20.81601296470957
TX,1255,21.821649145218487
TX,1256,23.220768039504875
TX,1257,24.021778461110376
TX,1258,24.136044369036192
TX,1259,23.950496604717
TX,1260,23.712005706103962
TX,1261,23.43709697316807
TX,1262,23.17972024772838
TX,1263,22.945417710956214
TX,1264,22.71243989668211
TX,1265,22.65414574991471
TX,1266,22.962193714748263
TX,1267,23.71351243935952
TX,1268,24.344696602722433
TX,1269,24.06343621505952
TX,1270,23.53469971479433
TX,1271,22.77233957144271
TX,1272,21.97342593900063
TX,1273,21.377478270711617
TX,1274,20.916083628516866
TX,1275,20.598532843651505
TX,1276,20.47074796859768
TX,1277,20.500557084493114
TX,1278,20.83376898727014
TX,1279,21.75434702440719
TX,1280,23.029413827999456
TX,1281,23.761042028876986
TX,1282,23.873560848583075
TX,1283,23.696554167912208
TX,1284,23.44422459829353
TX,1285,23.125665342029354
TX,1286,22.858444957091574
TX,1287,22.616810119369653
TX,1288,22.394182267358644
TX,1289,22.33552929399455
TX,1290,22.69541637477103
TX,1291,23.526968548503547
TX,1292,24.225840081099303
TX,1293,24.033887342456044
TX,1294,23.535464525408774
TX,1295,22.81628959575436
TX,1296,22.024922353980546
TX,1297,21.2731768739629
TX,1298,20.854684711490272
TX,1299,20.569055563335723
TX,1300,20.444133271419236
TX,1301,20.478971151499515
TX,1302,20.81518352135082
TX,1303,21.72218456248041
TX,1304,23.010819019012573
TX,1305,23.786483440569814
TX,1306,23.87060873840421
TX,1307,23.65276872156082
TX,1308,23.407000702236022
TX,1309,23.126520994633157
TX,1310,22.87689284870155
TX,1311,22.656976680044572
TX,1312,22.432089077465726
TX,1313,22.382018918088203
TX,1314,22.698990355591263
TX,1315,23.49457839081956
TX,1316,24.157973666251205
TX,1317,23.918959479178213
TX,1318,23.440242271291417
TX,1319,22.725402211655247
TX,1320,21.959518222655948
TX,1321,21.3309464596749
TX,1322,20.88502620180369
TX,1323,20.611063895037937
TX,1324,20.51037306953521
TX,1325,20.60134203881989
TX,1326,20.917761362031683
TX,1327,21.855240917533482
TX,1328,23.204009039145987
TX,1329,23.97601655906595
TX,1330,24.056124068483143
TX,1331,23.81300302089591
TX,1332,23.503153951821428
TX,1333,23.15084942293041
TX,1334,22.817781073918532
TX,1335,22.5211585847665
TX,1336,22.231300682814403
TX,1337,22.12951879266227
TX,1338,22.45153414265742
TX,1339,23.277983263531137
TX,1340,24.008800227940863
TX,1341,23.818592202602723
TX,1342,23.326160197355335
TX,1343,22.6021965026121
TX,1344,21.817759931697964
TX,1345,21.54770531687962
TX,1346,21.12624950859964
TX,1347,20.867553019073473
TX,1348,20.72579987400297
TX,1349,20.710101697764806
TX,1350,20.980719348525778
TX,1351,21.789283244744773
TX,1352,22.99125722609821
TX,1353,23.61660228989849
TX,1354,23.604683684920968
TX,1355,23.35098147854582
TX,1356,23.053475692324064
TX,1357,22.722108941951614
TX,1358,22.41386935436133
TX,1359,22.143833713542215
TX,1360,21.900426289976316
TX,1361,21.835091690068296
TX,1362,22.19049270706288
TX,1363,23.03405171526974
TX,1364,23.756605210493642
TX,1365,23.54294772486269
TX,1366,23.037431235213777
TX,1367,22.302255611817426
TX,1368,21.523678371059653
TX,1369,21.13418591118208
TX,1370,20.689416473966936
TX,1371,20.370020883284205
TX,1372,20.20481398960646
TX,1373,20.197598146196345
TX,1374,20.447186320703285
TX,1375,21.31138603814344
TX,1376,22.521049418443514
TX,1377,23.183375568928458
TX,1378,23.18982655559067
TX,1379,22.941026281017713
TX,1380,22.64671844153284
TX,1381,22.34851611970013
TX,1382,22.06547763248285
TX,1383,21.796157707817834
TX,1384,21.57691021071399
TX,1385,21.543622619809216
TX,1386,21.91197891265558
TX,1387,22.760209315508117
TX,1388,23.513949672490057
TX,1389,23.342147561231787
TX,1390,22.86640309745531
TX,1391,22.14583642491825
TX,1392,21.402422608605566
TX,1393,20.769716341901482
TX,1394,20.34654453206726
TX,1395,20.07505506839845
TX,1396,19.959471392792874
TX,1397,20.002532798822017
TX,1398,20.33563176875176
TX,1399,21.2506614206371
TX,1400,22.541601624052234
TX,1401,23.21131078021183
TX,1402,23.169431969207956
TX,1403,22.89368279988686
TX,1404,22.60375553224883
TX,1405,22.271392130283377
TX,1406,21.961320893206196
TX,1407,21.691717518210613
TX,1408,21.451073344889682
TX,1409,21.412508248643206
TX,1410,21.764826681673323
TX,1411,22.597583007450535
TX,1412,23.321253635369192
TX,1413,23.117536863196058
TX,1414,22.6177919655171
TX,1415,21.86424648091706
TX,1416,21.063773980722146
TX,1417,20.456822850308505
TX,1418,20.10017939282297
TX,1419,19.847462320362038
TX,1420,19.75711588757251
TX,1421,19.911958715083422
TX,1422,20.481993974470516
TX,1423,21.762605255948433
TX,1424,23.093151182872923
TX,1425,23.597781154789867
TX,1426,23.507655068280105
TX,1427,23.25899851958562
TX,1428,22.966579928128468
TX,1429,22.693294794559577
TX,1430,22.44702176211229
TX,1431,22.20151402079121
TX,1432,21.974896704449982
TX,1433,21.931932299726775
TX,1434,22.14469895577067
TX,1435,22.589466901207473
TX,1436,23.192986392137765
TX,1437,23.225890286888895
TX,1438,22.650015627267997
TX,1439,21.872606550269783
TX,1440,21.15561962542079
TX,1441,20.964119989434106
TX,1442,20.57998030477446
TX,1443,20.354896357930365
TX,1444,20.28476435890198
TX,1445,20.428848991680532
TX,1446,20.99668345292679
TX,1447,22.22095964436987
TX,1448,23.49581875889563
TX,1449,24.003416840663483
TX,1450,24.020526101678804
TX,1451,23.83133746609049
TX,1452,23.558659131649495
TX,1453,23.260736279937856
TX,1454,23.00013225452976
TX,1455,22.749658833960048
TX,1456,22.521304167634412
TX,1457,22.44135699647776
TX,1458,22.657480751720186
TX,1459,23.092023515053867
TX,1460,23.72315644003776
TX,1461,23.74587641108629
TX,1462,23.17483796195188
TX,1463,22.397340559469182
TX,1464,21.677476120336145
TX,1465,20.73989242058068
TX,1466,20.376080332954324
TX,1467,20.149779109894904
TX,1468,20.064172668033375
TX,1469,20.185524095529395
TX,1470,20.77709724659471
TX,1471,22.01654552042086
TX,1472,23.235478668123775
TX,1473,23.686904419637628
TX,1474,23.639698970028597
TX,1475,23.411701817543374
TX,1476,23.101852899915016
TX,1477,22.793585327700914
TX,1478,22.527702171015815
TX,1479,22.245676102529348
TX,1480,21.98437532545562
TX,1481,21.923489558476632
TX,1482,22.143400302601105
TX,1483,22.593468389098625
TX,1484,23.239232604566688
TX,1485,23.281967517190985
TX,1486,22.70593533115588
TX,1487,21.914126232904962
TX,1488,21.173874597521966
TX,1489,20.306323219174015
TX,1490,19.93628195782976
TX,1491,19.709419085260194
TX,1492,19.648535250835927
TX,1493,19.812359534886617
TX,1494,20.403872486222586
TX,1495,21.652595022502695
TX,1496,22.856103813183285
TX,1497,23.230332277966607
TX,1498,23.095206059692458
TX,1499,22.7648941091448
TX,1500,22.401934508416513
TX,1501,22.060848119220683
TX,1502,21.76982262539893
TX,1503,21.479454645197443
TX,1504,21.23087622431585
TX,1505,21.200821774444382
TX,1506,21.42146558542309
TX,1507,21.90440865851969
TX,1508,22.573254202857438
TX,1509,22.603505481277818
TX,1510,22.03570708274975
TX,1511,21.242871474047313
TX,1512,20.507252242831793
TX,1513,19.711417090721017
TX,1514,19.29632398919447
TX,1515,19.042270201432842
TX,1516,18.961680008065397
TX,1517,19.099809976545355
TX,1518,19.626273150890558
TX,1519,20.742238946151176
TX,1520,21.859974345771317
TX,1521,22.28612831253992
TX,1522,22.255834189733285
TX,1523,22.03641690554594
TX,1524,21.766564223160167
TX,1525,21.49295876899721
TX,1526,21.27024143435701
TX,1527,21.01247481800949
TX,1528,20.82592573197578
TX,1529,20.768920248118608
TX,1530,20.957801443861225
TX,1531,21.43972516186873
TX,1532,22.087719004570346
TX,1533,22.110160715127762
TX,1534,21.521464236531532
TX,1535,20.70297367865374
TX,1536,19.939706363768327
TX,1537,19.771745488986575
TX,1538,19.40495208485195
TX,1539,19.166078579296872
TX,1540,19.094475729976526
TX,1541,19.238651478093335
TX,1542,19.780532150748716
TX,1543,20.908006847690228
TX,1544,22.023091031494253
TX,1545,22.401643267057796
TX,1546,22.337655574803268
TX,1547,22.110060420820417
TX,1548,21.808341823766536
TX,1549,21.53410456162564
TX,1550,21.28339264378103
TX,1551,21.033450656606306
TX,1552,20.80118259357435
TX,1553,20.759027664219058
TX,1554,20.960590051305843
TX,1555,21.466076104916624
TX,1556,22.132388245468142
TX,1557,22.186005267343845
TX,1558,21.626500443973523
TX,1559,20.81325659041526
TX,1560,20.062406859566362
TX,1561,19.592875820124302
TX,1562,19.199115739643112
TX,1563,18.965667607775703
TX,1564,18.899684239158073
TX,1565,19.037018175844487
TX,1566,19.612730853144303
TX,1567,20.83244125955058
TX,1568,22.03851248403672
TX,1569,22.497953470726557
TX,1570,22.433969653168482
TX,1571,22.214224899072
TX,1572,21.93634886574231
TX,1573,21.66834245305779
TX,1574,21.404441166671546
TX,1575,21.125782199605574
TX,1576,20.897159169229504
TX,1577,20.87716168165476
TX,1578,21.109782249921853
TX,1579,21.603302697302535
TX,1580,22.259184987162513
TX,1581,22.300137695820446
TX,1582,21.687116194419847
TX,1583,20.848273647708847
TX,1584,20.05331276010251
TX,1585,19.888596441892858
TX,1586,19.48319672492941
TX,1587,19.823268873002515
TX,1588,19.158821548745458
TX,1589,19.312378120362286
TX,1590,19.896390937669608
TX,1591,21.191424160278903
TX,1592,22.500873903848163
TX,1593,22.982773911209996
TX,1594,22.90941953355
TX,1595,22.67921332040767
TX,1596,22.393415627951825
TX,1597,22.0890481085205
TX,1598,21.82804117600863
TX,1599,21.576288737879974
TX,1600,21.340783961510574
TX,1601,21.301984339369884
TX,1602,21.481370417889455
TX,1603,21.850567355993736
TX,1604,22.453605113704278
TX,1605,22.496255070895263
TX,1606,21.913034375385433
TX,1607,21.10352514172442
TX,1608,20.348900614685473
TX,1609,20.444934729829203
TX,1610,20.032681969249108
TX,1611,19.797135416061668
TX,1612,19.685855655934063
TX,1613,19.812711397742206
TX,1614,20.35248507541586
TX,1615,21.575204356340734
TX,1616,22.83601727449757
TX,1617,23.367270585465647
TX,1618,23.36903353605476
TX,1619,23.180327622918597
TX,1620,22.936266778557417
TX,1621,22.659088164010267
TX,1622,22.40130061894719
TX,1623,22.12731126343799
TX,1624,21.8886730557557
TX,1625,21.815702696301237
TX,1626,21.98799464641035
TX,1627,22.394305838880857
TX,1628,22.981993815122973
TX,1629,23.004595969336254
TX,1630,22.410498228990107
TX,1631,21.59389327229597
TX,1632,20.85872197599356
TX,1633,19.890413695030578
TX,1634,19.488416147058278
TX,1635,19.370684786969854
TX,1636,19.155165921478748
TX,1637,19.27840437432903
TX,1638,19.791497220487674
TX,1639,20.96569115079816
TX,1640,22.102255461889865
TX,1641,22.51733828050088
TX,1642,22.48821560384007
TX,1643,22.297263266219947
TX,1644,22.02482931508578
TX,1645,21.74971688323525
TX,1646,21.511084130389435
TX,1647,21.24791430669582
TX,1648,21.0077581058999
TX,1649,20.93031519254408
TX,1650,21.12442802713693
TX,1651,21.55202921864833
TX,1652,22.13560527353864
TX,1653,22.17484970757686
TX,1654,21.572589446292636
TX,1655,20.747655200801553
TX,1656,20.00989046023941
TX,1657,19.325445749831378
TX,1658,18.9601752316366
TX,1659,19.178288289366
TX,1660,18.681318443027422
TX,1661,18.856289843934004
TX,1662,19.47828497133466
TX,1663,20.74049741479956
TX,1664,21.923450665872597
TX,1665,22.32072574634414
TX,1666,22.236475312171418
TX,1667,22.01569135043958
TX,1668,21.71687000643465
TX,1669,21.442545146228447
TX,1670,21.171586064313043
TX,1671,20.900954291372955
TX,1672,20.641672762491897
TX,1673,20.572661670861372
TX,1674,20.7632346830226
TX,1675,21.16534766335573
TX,1676,21.781716364100713
TX,1677,21.848418577753424
TX,1678,21.255498087252644
TX,1679,20.457145509277925
TX,1680,19.751830673837485
TX,1681,19.54520898657192
TX,1682,19.205759421509708
TX,1683,18.94906874768911
TX,1684,18.948847949685604
TX,1685,19.08587371469764
TX,1686,19.693698196435662
TX,1687,20.871040401034907
TX,1688,21.94325373996407
TX,1689,22.235634670651446
TX,1690,22.121124313924533
TX,1691,21.905945927039845
TX,1692,21.636022976645254
TX,1693,21.374998988384643
TX,1694,21.175876530380908
TX,1695,20.950656967398455
TX,1696,20.737820039534373
TX,1697,20.719850362748655
TX,1698,20.923561881518083
TX,1699,21.328022550075314
TX,1700,21.929925034815263
TX,1701,21.96790199867817
TX,1702,21.369449159008855
TX,1703,20.535158504629678
TX,1704,19.764305510682405
TX,1705,19.720087766477437
TX,1706,19.342819190194156
TX,1707,19.492220418755476
TX,1708,19.064764088584
TX,1709,19.238972024433703
TX,1710,19.88842555208257
TX,1711,21.131056386375274
TX,1712,22.18618542308287
TX,1713,22.485200071370652
TX,1714,22.400784767786604
TX,1715,22.211713954935025
TX,1716,21.94997787652431
TX,1717,21.71380057270736
TX,1718,21.475194153122512
TX,1719,21.159221924748543
TX,1720,20.927037721898575
TX,1721,20.908611221878
TX,1722,21.104361684733128
TX,1723,21.44528251012276
TX,1724,22.042922123335313
TX,1725,22.091717498017353
TX,1726,21.49025410132304
TX,1727,20.676650698807084
TX,1728,19.966154468596958
TX,1729,19.534040461549075
TX,1730,19.191613225528695
TX,1731,19.163177284622417
TX,1732,18.975573239626282
TX,1733,19.200729837001035
TX,1734,19.930762789638695
TX,1735,21.270216147347924
TX,1736,22.415269199829062
TX,1737,22.69971261893975
TX,1738,22.592280738722764
TX,1739,22.370039276980258
TX,1740,22.05410266982586
TX,1741,21.735746117525267
TX,1742,21.435996088098246
TX,1743,21.11160463016477
TX,1744,20.844509571715477
TX,1745,20.794450518405636
TX,1746,20.95467040831483
TX,1747,21.33161480074756
TX,1748,21.958866547612228
TX,1749,22.064702953683163
TX,1750,21.468699780628977
TX,1751,20.65304463591166
TX,1752,19.964681536194423
TX,1753,19.417409520913928
TX,1754,19.079922732795936
TX,1755,18.892626742322165
TX,1756,18.89604543937231
TX,1757,19.143625385913786
TX,1758,19.950374324703002
TX,1759,21.39341946249757
TX,1760,22.56821982708077
TX,1761,22.801287851578635
TX,1762,22.586444905575426
TX,1763,22.28132379921831
TX,1764,21.920821286310748
TX,1765,21.585000180782146
TX,1766,21.314885958059254
TX,1767,21.01476902030732
TX,1768,20.764594535187175
TX,1769,20.705770588557034
TX,1770,20.844565571897878
TX,1771,21.142038557986144
TX,1772,21.707050205557774
TX,1773,21.791683560011496
TX,1774,21.172551052859145
TX,1775,20.34810222147557
TX,1776,19.639362704195023
TX,1777,19.498450391260803
TX,1778,19.146096205977557
TX,1779,18.95340281639338
TX,1780,18.905986444375728
TX,1781,19.111509662828258
TX,1782,19.83934175804692
TX,1783,21.19031092147899
TX,1784,22.312070970153826
TX,1785,22.615035851561455
TX,1786,22.508639207563714
TX,1787,22.25634498942914
TX,1788,21.94203348818695
TX,1789,21.653853513000648
TX,1790,21.39144508951809
TX,1791,21.090877492860415
TX,1792,20.850828307425044
TX,1793,20.787900851331017
TX,1794,20.942512551882608
TX,1795,21.249555461901156
TX,1796,21.819140986557915
TX,1797,21.89859241519346
TX,1798,21.249657499667464
TX,1799,20.40863275833764
TX,1800,19.691895445947555
TX,1801,18.99651744982327
TX,1802,18.636644286827483
TX,1803,18.454612295550707
TX,1804,18.444711859334653
TX,1805,18.65754443263964
TX,1806,19.392812695744496
TX,1807,20.729419025436982
TX,1808,21.881669580759382
TX,1809,22.214204449005813
TX,1810,22.112646869348797
TX,1811,21.887405917895762
TX,1812,21.59304319700641
TX,1813,21.325806831754385
TX,1814,21.0785438195826
TX,1815,20.799109789151387
TX,1816,20.55782130007552
TX,1817,20.513100484005108
TX,1818,20.6657746133726
TX,1819,20.966752267198252
TX,1820,21.535364962444298
TX,1821,21.61608196209872
TX,1822,21.02210164238336
TX,1823,20.201365974904515
TX,1824,19.50492360866971
TX,1825,18.878976367472173
TX,1826,18.55255937313777
TX,1827,18.37969734202685
TX,1828,18.349143195424507
TX,1829,18.605632679442575
TX,1830,19.366562460798157
TX,1831,20.728152363639538
TX,1832,21.855368066198864
TX,1833,22.12956911227496
TX,1834,21.986474656422125
TX,1835,21.744276209868072
TX,1836,21.422031114402767
TX,1837,21.14571241921047
TX,1838,20.882829997134657
TX,1839,20.589985990844973
TX,1840,20.327093700458658
TX,1841,20.27584877051232
TX,1842,20.425592683008055
TX,1843,20.766579115836027
TX,1844,21.355564595707943
TX,1845,21.46909908285707
TX,1846,20.878698982253834
TX,1847,20.057458382561936
TX,1848,19.328281790915852
TX,1849,19.184870866307172
TX,1850,18.84610977701655
TX,1851,18.675511345167738
TX,1852,18.65649251316893
TX,1853,18.86731893800416
TX,1854,19.530416812737368
TX,1855,20.81078511613767
TX,1856,21.85886150747934
TX,1857,22.109780655449864
TX,1858,21.945341072139403
TX,1859,21.643617988138573
TX,1860,21.281757062347292
TX,1861,20.945423726727494
TX,1862,20.6289894842161
TX,1863,20.261602858770253
TX,1864,19.971353692761408
TX,1865,19.87310158065705
TX,1866,20.037231266154354
TX,1867,20.397283469380003
TX,1868,21.022518510330542
TX,1869,21.173384085154257
TX,1870,20.60200440585775
TX,1871,19.801539848474867
TX,1872,19.090007378462705
TX,1873,18.686929411057058
TX,1874,18.359430698797752
TX,1875,18.18230741692844
TX,1876,18.162348358997274
TX,1877,18.38745180870828
TX,1878,19.12286197876807
TX,1879,20.427794493820084
TX,1880,21.504557732183887
TX,1881,21.756221978550833
TX,1882,21.572637383583814
TX,1883,21.30105733722851
TX,1884,20.99997184180619
TX,1885,20.72031717637014
TX,1886,20.436071634012052
TX,1887,20.162036565869546
TX,1888,19.952420489052436
TX,1889,19.978341620927715
TX,1890,20.19702927592677
TX,1891,20.555739698341785
TX,1892,21.14182595304984
TX,1893,21.26635693622016
TX,1894,20.66897381740721
TX,1895,19.879558184229133
TX,1896,19.175872271725854
TX,1897,18.82007624304795
TX,1898,18.48626988213852
TX,1899,18.305975076951032
TX,1900,18.29039845335544
TX,1901,18.551342360550922
TX,1902,19.322390976918072
TX,1903,20.68109318640893
TX,1904,21.79671874636988
TX,1905,22.062737935825453
TX,1906,21.899164223989523
TX,1907,21.64366816042331
TX,1908,21.31885167380429
TX,1909,20.99998174616113
TX,1910,20.718589131041444
TX,1911,20.398855117360828
TX,1912,20.154569188162267
TX,1913,20.14559190357326
TX,1914,20.33291288769815
TX,1915,20.669826490328894
TX,1916,21.242960804517956
TX,1917,21.361425827060607
TX,1918,20.76463009561406
TX,1919,19.96926690661426
TX,1920,19.27283117877988
TX,1921,18.745889668605844
TX,1922,18.38230787362173
TX,1923,18.18734850758778
TX,1924,18.155883265768942
TX,1925,18.418270892965467
TX,1926,19.228255209429555
TX,1927,20.683666827875854
TX,1928,21.85841544949022
TX,1929,22.163596871252853
TX,1930,22.044129505418443
TX,1931,21.83862876805434
TX,1932,21.55323561750781
TX,1933,21.272255195938044
TX,1934,21.02589757875802
TX,1935,20.712523852271623
TX,1936,20.46467985524178
TX,1937,20.411568328900326
TX,1938,20.561089922002598
TX,1939,20.842991023552003
TX,1940,21.369173679026343
TX,1941,21.458951723566724
TX,1942,20.855340952445385
TX,1943,20.044036734088547
TX,1944,19.351507925494207
TX,1945,19.231456387702003
TX,1946,18.86628712836977
TX,1947,18.652095739581657
TX,1948,18.61585315905509
TX,1949,18.846875116756856
TX,1950,19.613333526738206
TX,1951,20.966742163495432
TX,1952,22.037834225285913
TX,1953,22.316615946795608
TX,1954,22.188020539885155
TX,1955,21.94023363749988
TX,1956,21.683296132166692
TX,1957,21.38607578495115
TX,1958,21.15876345221771
TX,1959,20.87661572632456
TX,1960,20.648479574890384
TX,1961,20.606282469236877
TX,1962,20.725953235927463
TX,1963,21.012065546065806
TX,1964,21.554590862157795
TX,1965,21.642731265501304
TX,1966,21.01749342680171
TX,1967,20.18089485724426
TX,1968,19.49597331103727
TX,1969,18.7525832509902
TX,1970,18.410332372648956
TX,1971,18.225951005177823
TX,1972,18.198026034671255
TX,1973,18.396788554767223
TX,1974,19.08654941961659
TX,1975,20.425462804921835
TX,1976,21.575874048602255
TX,1977,21.93888241797372
TX,1978,21.909578603053923
TX,1979,21.74142276413724
TX,1980,21.486806841556355
TX,1981,21.24240620985255
TX,1982,20.9995277450004
TX,1983,20.703407900805225
TX,1984,20.460725317489267
TX,1985,20.425259519212393
TX,1986,20.563919781466794
TX,1987,20.828218244403253
TX,1988,21.34575157207172
TX,1989,21.42240560487522
TX,1990,20.810989665453732
TX,1991,19.983344969622713
TX,1992,19.295289426158348
TX,1993,18.349266788337903
TX,1994,17.996461375005133
TX,1995,17.82613245351504
TX,1996,17.810617242799765
TX,1997,18.04880521072205
TX,1998,18.809212856879075
TX,1999,20.17379835597681
TX,2000,21.298471853835803
TX,2001,21.62853859622543
TX,2002,21.570121363523754
TX,2003,21.362592742421835
TX,2004,21.067750365787447
TX,2005,20.788627063547224
TX,2006,20.5301399064557
TX,2007,20.217140269793667
TX,2008,19.935163922808613
TX,2009,19.845802931228626
TX,2010,19.945988856482902
TX,2011,20.220353386867824
TX,2012,20.765397842609957
TX,2013,20.903685186731213
TX,2014,20.318922377828898
TX,2015,19.50216186275175
TX,2016,18.826307273024916
TX,2017,18.691841094399553
TX,2018,18.3504025108499
TX,2019,18.18816175130412
TX,2020,18.166106869063466
TX,2021,18.398248635593124
TX,2022,19.120123301006053
TX,2023,20.38335326473282
TX,2024,21.38172405192269
TX,2025,21.638105288989976
TX,2026,21.51582007911095
TX,2027,21.30478400477851
TX,2028,21.01980381882483
TX,2029,20.725656043070174
TX,2030,20.459613068196635
TX,2031,20.154445018696876
TX,2032,19.923757508670484
TX,2033,19.87534559561738
TX,2034,20.051405000946634
TX,2035,20.40283470072807
TX,2036,20.990209513724075
TX,2037,21.151271207110387
TX,2038,20.55526382045626
TX,2039,19.747044170628236
TX,2040,19.05434930071275
TX,2041,18.572648082536713
TX,2042,18.262447948463702
TX,2043,18.09111909133386
TX,2044,18.041651110762874
TX,2045,18.245736876876244
TX,2046,18.965003482723642
TX,2047,20.246602927756722
TX,2048,21.26442266766465
TX,2049,21.527130130267988
TX,2050,21.396256464729017
TX,2051,21.159061411754784
TX,2052,20.866618667613544
TX,2053,20.593568623187245
TX,2054,20.321748803548942
TX,2055,20.01201189143959
TX,2056,19.77598115391963
TX,2057,19.741001597774165
TX,2058,19.920913159661374
TX,2059,20.272578171732913
TX,2060,20.856263952755125
TX,2061,21.01450518444813
TX,2062,20.42713418826277
TX,2063,19.634945667397677
TX,2064,18.98827682374138
TX,2065,18.289427965370656
TX,2066,17.9642216905603
TX,2067,17.809997672231002
TX,2068,17.805344719425243
TX,2069,17.984104132644934
TX,2070,18.756606825290834
TX,2071,20.11041040275146
TX,2072,21.197786739574777
TX,2073,21.471311276082826
TX,2074,21.320241387170878
TX,2075,21.1092105301428
TX,2076,20.792706502641924
TX,2077,20.520375499493277
TX,2078,20.247239358838357
TX,2079,19.95944421596666
TX,2080,19.687854873945973
TX,2081,19.635484300796605
TX,2082,19.80499930962755
TX,2083,20.156488228906074
TX,2084,20.761184705377453
TX,2085,20.94370777567364
TX,2086,20.371340317998417
TX,2087,19.578345531320014
TX,2088,18.86025712675036
TX,2089,18.67268422150191
TX,2090,18.364684395784526
TX,2091,18.189905572874295
TX,2092,18.17200556063832
TX,2093,18.428783382741297
TX,2094,19.16808392189799
TX,2095,20.57562613334177
TX,2096,21.68850383958521
TX,2097,21.908240140510923
TX,2098,21.767120551182565
TX,2099,21.536542183857954
TX,2100,21.25091967278814
TX,2101,20.93647487077249
TX,2102,20.666307770155328
TX,2103,20.342313560973263
TX,2104,20.057413344379665
TX,2105,19.948633130256344
TX,2106,20.041866057429345
TX,2107,20.3098578780656
TX,2108,20.82161356402683
TX,2109,20.959761105472886
TX,2110,20.369273552258676
TX,2111,19.552007983369506
TX,2112,18.8440685513409
TX,2113,18.686593044389184
TX,2114,18.327132970383364
TX,2115,18.155009141393936
TX,2116,18.13345863522127
TX,2117,18.366482468849114
TX,2118,19.11557232375918
TX,2119,20.449411699016736
TX,2120,21.50665728707367
TX,2121,21.807545072235783
TX,2122,21.702415221872336
TX,2123,21.50703877978361
TX,2124,21.263708717068628
TX,2125,21.025255392389518
TX,2126,20.791215589212428
TX,2127,20.515502450797264
TX,2128,20.293873612423962
TX,2129,20.24678637384959
TX,2130,20.381162680030158
TX,2131,20.634812412124624
TX,2132,21.141868165311195
TX,2133,21.270234591392278
TX,2134,20.701018551365927
TX,2135,19.88315585388455
TX,2136,19.19134650915766
TX,2137,18.502096755530914
TX,2138,18.145587790408747
TX,2139,17.974633881774306
TX,2140,17.937249889183164
TX,2141,18.15370698349877
TX,2142,18.86970664789927
TX,2143,20.190746361558563
TX,2144,21.290348922184705
TX,2145,21.66048920516603
TX,2146,21.640978110628726
TX,2147,21.49262329230083
TX,2148,21.25652729571065
TX,2149,20.99853580449351
TX,2150,20.76526828005982
TX,2151,20.51668542673487
TX,2152,20.29194361933602
TX,2153,20.241229883825312
TX,2154,20.36495019703649
TX,2155,20.597543636916726
TX,2156,21.083892547809207
TX,2157,21.177659590493967
TX,2158,20.600165439684226
TX,2159,19.812439804767944
TX,2160,19.11588238052826
TX,2161,18.1177917167273
TX,2162,17.802603546311012
TX,2163,17.79708097480976
TX,2164,17.637781721484025
TX,2165,17.92044927438002
TX,2166,18.779905576866884
TX,2167,20.133715371856077
TX,2168,21.03248276292583
TX,2169,21.240027101686753
TX,2170,21.180114258674916
TX,2171,21.021882058144865
TX,2172,20.741369489800245
TX,2173,20.456343708512193
TX,2174,20.19610300577547
TX,2175,19.888033247622403
TX,2176,19.618425683499517
TX,2177,19.62008110825439
TX,2178,19.74820468695656
TX,2179,19.864068800917376
TX,2180,20.146690638567637
TX,2181,20.44299343997008
TX,2182,19.9145266152935
TX,2183,19.08205689281305
TX,2184,18.32272217122672
TX,2185,17.860767359230966
TX,2186,17.561205586147643
TX,2187,17.77409564578749
TX,2188,17.458647188024557
TX,2189,17.714892965267502
TX,2190,18.525529246138973
TX,2191,19.7961351091308
TX,2192,20.662206754300016
TX,2193,20.898033297307837
TX,2194,20.8049688809348
TX,2195,20.6018531056822
TX,2196,20.32782840555685
TX,2197,20.057059049310567
TX,2198,19.82690307916195
TX,2199,19.51433459409347
TX,2200,19.296737315776536
TX,2201,19.259563469830272
TX,2202,19.422849677526152
TX,2203,19.604694217501475
TX,2204,19.887809420118007
TX,2205,20.192866779874002
TX,2206,19.645424252698618
TX,2207,18.77469127860273
TX,2208,18.043065262740186
TX,2209,17.612933641304142
TX,2210,17.342915392278563
TX,2211,17.31976738578211
TX,2212,17.232027556416913
TX,2213,17.483627131411044
TX,2214,18.275888111368467
TX,2215,19.57802170106839
TX,2216,20.439820774981012
TX,2217,20.630760442559986
TX,2218,20.50417674096207
TX,2219,20.346038997734905
TX,2220,20.0953819093279
TX,2221,19.906366831259376
TX,2222,19.712076868578357
TX,2223,19.46246098378214
TX,2224,19.278381734260183
TX,2225,19.297809560092933
TX,2226,19.48668247460087
TX,2227,19.64298869767901
TX,2228,19.89258372842408
TX,2229,20.13603649138515
TX,2230,19.612062234398074
TX,2231,18.715785737798775
TX,2232,17.946155268927534
TX,2233,17.63872137301219
TX,2234,17.352178551030395
TX,2235,17.40468502325439
TX,2236,17.235813230363874
TX,2237,17.526163976610555
TX,2238,18.3974522482015
TX,2239,19.7955304649598
TX,2240,20.736360965377948
TX,2241,20.994748139284315
TX,2242,20.941284682770757
TX,2243,20.781860242854965
TX,2244,20.527273350913855
TX,2245,20.25976450692363
TX,2246,20.016941453653345
TX,2247,19.72148472127035
TX,2248,19.47771154415609
TX,2249,19.46257629705697
TX,2250,19.605739122712286
TX,2251,19.716909551181775
TX,2252,19.951994768412362
TX,2253,20.230208724848854
TX,2254,19.68568529851464
TX,2255,18.790773877875868
TX,2256,18.066336910697796
TX,2257,17.804863418681318
TX,2258,17.475444572375284
TX,2259,17.465591747139772
TX,2260,17.2888161919937
TX,2261,17.57622099298863
TX,2262,18.45731927736312
TX,2263,19.92126017737883
TX,2264,20.910929283864622
TX,2265,21.194780175851903
TX,2266,21.18274966916318
TX,2267,21.05909127319355
TX,2268,20.840337252902344
TX,2269,20.60960614783494
TX,2270,20.404745321549836
TX,2271,20.131079724547863
TX,2272,19.9019962511565
TX,2273,19.871904406358098
TX,2274,19.97836031800757
TX,2275,20.077815121866717
TX,2276,20.279148348227665
TX,2277,20.517178550011774
TX,2278,19.930483580599965
TX,2279,18.99848431277701
TX,2280,18.213508646562328
TX,2281,17.879204506278192
TX,2282,17.55148224026138
TX,2283,17.473870133238574
TX,2284,17.394658164127563
TX,2285,17.652260625729262
TX,2286,18.471194854463086
TX,2287,19.809018905053495
TX,2288,20.709201106698057
TX,2289,20.995278617560533
TX,2290,20.994994900143798
TX,2291,20.934639927158198
TX,2292,20.746824200900434
TX,2293,20.557311521487158
TX,2294,20.41703527125045
TX,2295,20.18302513082182
TX,2296,19.99441432262781
TX,2297,19.988153250421085
TX,2298,20.11247779061851
TX,2299,20.183780570246768
TX,2300,20.377676647849675
TX,2301,20.60759985801686
TX,2302,19.995924103122615
TX,2303,19.07684753943568
TX,2304,18.315501939172993
TX,2305,17.93605440896412
TX,2306,17.582363255239144
TX,2307,17.74464937587279
TX,2308,17.416001907399558
TX,2309,17.68787710405713
TX,2310,18.481673183993603
TX,2311,19.791135293756078
TX,2312,20.719778309011538
TX,2313,21.019682706627886
TX,2314,21.06703443025986
TX,2315,20.99875027098737
TX,2316,20.85839296322265
TX,2317,20.66185964210621
TX,2318,20.46022121552801
TX,2319,20.20454509461343
TX,2320,19.967106375416737
TX,2321,19.946276530127207
TX,2322,20.070355128430062
TX,2323,20.14183526208828
TX,2324,20.284450377831174
TX,2325,20.444077870027098
TX,2326,19.885383404355316
TX,2327,18.969731023202726
TX,2328,18.213412676303054
TX,2329,17.690686364824355
TX,2330,17.37155921997845
TX,2331,17.215198192034517
TX,2332,17.248656930470133
TX,2333,17.523631906179705
TX,2334,18.401255881018653
TX,2335,19.80898410276335
TX,2336,20.754229585737676
TX,2337,20.967148576080294
TX,2338,20.864601222832402
TX,2339,20.682422431994056
TX,2340,20.465429404966734
TX,2341,20.20060035655563
TX,2342,20.019163584266824
TX,2343,19.74534212621372
TX,2344,19.51603883921497
TX,2345,19.451814083010184
TX,2346,19.55142265179767
TX,2347,19.612605039588516
TX,2348,19.800310004975564
TX,2349,20.06244465362471
TX,2350,19.51682437813001
TX,2351,18.64498473499523
TX,2352,17.8862199441359
TX,2353,17.28923515699323
TX,2354,16.95956658004912
TX,2355,16.8001956232123
TX,2356,16.802225161244927
TX,2357,17.07307264493241
TX,2358,17.905941074424604
TX,2359,19.23301760198963
TX,2360,20.12186336358502
TX,2361,20.365068030926277
TX,2362,20.32428244263708
TX,2363,20.185717103484958
TX,2364,19.98790052427034
TX,2365,19.80445360194621
TX,2366,19.580017710027896
TX,2367,19.32667675099918
TX,2368,19.129284086407687
TX,2369,19.122524641776852
TX,2370,19.24090154955186
TX,2371,19.33706424390398
TX,2372,19.51693770901546
TX,2373,19.76410780237798
TX,2374,19.220031184220208
TX,2375,18.335173640275148
TX,2376,17.572699399016432
TX,2377,17.096276627626317
TX,2378,16.82179259249753
TX,2379,16.690268892214416
TX,2380,16.724121889280344
TX,2381,16.981576122756294
TX,2382,17.779417919061263
TX,2383,19.061943356613096
TX,2384,19.97374744930667
TX,2385,20.27125423147502
TX,2386,20.27689367943603
TX,2387,20.17716921153015
TX,2388,20.00132787533215
TX,2389,19.804219166238905
TX,2390,19.613296153216226
TX,2391,19.391727184901825
TX,2392,19.280302043717064
TX,2393,19.323695547332388
TX,2394,19.51415406157263
TX,2395,19.605293856373134
TX,2396,19.737550058026226
TX,2397,19.956479106168203
TX,2398,19.38961996781273
TX,2399,18.47154993055878
TX,2400,17.723806215086196
TX,2401,17.374551737937463
TX,2402,17.0666325461387
TX,2403,16.957599115944273
TX,2404,16.993426479286118
TX,2405,17.257933297911997
TX,2406,18.12022369312039
TX,2407,19.48545297330352
TX,2408,20.37589218739728
TX,2409,20.56573855124981
TX,2410,20.501074378436357
TX,2411,20.36177265506214
TX,2412,20.194346898846064
TX,2413,20.010173703354468
TX,2414,19.868791835426247
TX,2415,19.68551487812257
TX,2416,19.462652707806864
TX,2417,19.46613719545225
TX,2418,19.618248405070627
TX,2419,19.706536273813864
TX,2420,19.841115042031856
TX,2421,20.058652652071356
TX,2422,19.498972442351096
TX,2423,18.56983564984954
TX,2424,17.817038210807702
TX,2425,17.263399731909182
TX,2426,16.943931972580312
TX,2427,16.790340290536644
TX,2428,16.82076853672233
TX,2429,17.10579144202758
TX,2430,18.00811365919032
TX,2431,19.48138976633251
TX,2432,20.482460150018042
TX,2433,20.783898019799267
TX,2434,20.81229962731762
TX,2435,20.779082800819413
TX,2436,20.724150980040875
TX,2437,20.5712597040398
TX,2438,20.46985373140846
TX,2439,20.25032710640381
TX,2440,20.05850014161508
TX,2441,20.022972412163032
TX,2442,20.13910500878335
TX,2443,20.17385334948865
TX,2444,20.250827080661534
TX,2445,20.41883816072459
TX,2446,19.787308790578905
TX,2447,18.83500305069416
TX,2448,18.04129469957201
TX,2449,17.908345046838097
TX,2450,17.524954482635778
TX,2451,17.316887528133947
TX,2452,17.302128296527172
TX,2453,17.567817574336907
TX,2454,18.40372368647781
TX,2455,19.7501256514102
TX,2456,20.697397391643044
TX,2457,21.012029444996326
TX,2458,21.060782422936946
TX,2459,20.974270562053256
TX,2460,20.808442573502735
TX,2461,20.66364025413505
TX,2462,20.483691429046644
TX,2463,20.238323385329956
TX,2464,20.040359488917254
TX,2465,20.012590656650055
TX,2466,20.129854863952858
TX,2467,20.197418093310706
TX,2468,20.332151898096033
TX,2469,20.573504321316936
TX,2470,20.019998000550963
TX,2471,19.063189006711127
TX,2472,18.276662942045107
TX,2473,17.78710751652879
TX,2474,17.447580420520854
TX,2475,17.278822163009572
TX,2476,17.27129662637449
TX,2477,17.501772951529034
TX,2478,18.326019931262664
TX,2479,19.66273654481778
TX,2480,20.608570140325526
TX,2481,20.909026456626172
TX,2482,20.918187458571616
TX,2483,20.834802271512498
TX,2484,20.63546615997485
TX,2485,20.486707678893673
TX,2486,20.33111344823766
TX,2487,20.096121769336555
TX,2488,19.910182937393802
TX,2489,19.89500083239865
TX,2490,20.009200593676454
TX,2491,20.027729055098856
TX,2492,20.123757225767694
TX,2493,20.372207868077364
TX,2494,19.800541615116984
TX,2495,18.907301837920542
TX,2496,18.154024513729063
TX,2497,17.39966241295052
TX,2498,17.08986360672289
TX,2499,16.944978171531844
TX,2500,16.942522842070602
TX,2501,17.219322950803544
TX,2502,18.05371434599964
TX,2503,19.373079100776156
TX,2504,20.26529236494457
TX,2505,20.574022922133267
TX,2506,20.621629880295288
TX,2507,20.617968218878282
TX,2508,20.4580935260979
TX,2509,20.255918676779757
TX,2510,20.07749084943623
TX,2511,19.821751719103325
TX,2512,19.624488374913508
TX,2513,19.58960575874163
TX,2514,19.690156794907665
TX,2515,19.746286615870112
TX,2516,19.893990304541703
TX,2517,20.1190860454092
TX,2518,19.539533974710164
TX,2519,18.665077474615096
TX,2520,17.90864232772424
TX,2521,17.201514017955397
TX,2522,16.863270866108778
TX,2523,16.69294446659558
TX,2524,16.71207735134522
TX,2525,16.96562940777987
TX,2526,17.754925481414013
TX,2527,19.019507971525318
TX,2528,19.89456161211079
TX,2529,20.212372297195618
TX,2530,20.25421988782757
TX,2531,20.20114960938739
TX,2532,20.04539266706727
TX,2533,19.86282494555937
TX,2534,19.714031669937615
TX,2535,19.506805776932726
TX,2536,19.296178608156282
TX,2537,19.255120680753198
TX,2538,19.35803659853372
TX,2539,19.398639716790193
TX,2540,19.48818521247962
TX,2541,19.743288195994836
TX,2542,19.202141261783762
TX,2543,18.33051827730204
TX,2544,17.5718461124231
TX,2545,17.150644735714966
TX,2546,16.84821049404151
TX,2547,16.72157927570709
TX,2548,16.75808521975128
TX,2549,17.040906665692955
TX,2550,17.825902276028827
TX,2551,19.10904096607011
TX,2552,19.979633942194326
TX,2553,20.173393351983545
TX,2554,20.125532731859696
TX,2555,20.012547181707305
TX,2556,19.784601614664865
TX,2557,19.56503885919391
TX,2558,19.350695945454348
TX,2559,19.098018953164853
TX,2560,18.907495672496907
TX,2561,18.91824980829979
TX,2562,19.06137998011389
TX,2563,19.124418770095858
TX,2564,19.282387210949793
TX,2565,19.50338294031291
TX,2566,18.994095049607832
TX,2567,18.127450406732393
TX,2568,17.420922068845215
TX,2569,17.138537025669223
TX,2570,16.84813890601788
TX,2571,16.726535907103326
TX,2572,16.757568794150664
TX,2573,17.045678616882423
TX,2574,17.896895833695353
TX,2575,19.262026228239435
TX,2576,20.166162991817814
TX,2577,20.3800010383929
TX,2578,20.305238737695536
TX,2579,20.168802841396268
TX,2580,19.934179624149785
TX,2581,19.762057211101457
TX,2582,19.583831589996276
TX,2583,19.353392800537673
TX,2584,19.1392587315447
TX,2585,19.151980521828822
TX,2586,19.26955149335468
TX,2587,19.39564501421998
TX,2588,19.499174232169896
TX,2589,19.79001842696287
TX,2590,19.27354470309872
TX,2591,18.399981431826014
TX,2592,17.685452991503688
TX,2593,17.24943311591198
TX,2594,16.93183154725897
TX,2595,16.785406466040605
TX,2596,16.799037007727808
TX,2597,17.123920206628632
TX,2598,18.009916429082246
TX,2599,19.44794757962861
TX,2600,20.40305004579572
TX,2601,20.63988438033156
TX,2602,20.601254765264827
TX,2603,20.457889848004843
TX,2604,20.2425393225185
TX,2605,20.039764984487885
TX,2606,19.862652018476734
TX,2607,19.616012202210765
TX,2608,19.41478786648127
TX,2609,19.407146360822825
TX,2610,19.500472660827324
TX,2611,19.56084098732459
TX,2612,19.70248966508096
TX,2613,19.958697808330886
TX,2614,19.420292698881205
TX,2615,18.527022669976304
TX,2616,17.770766643405654
TX,2617,17.448029039236772
TX,2618,17.126897293525868
TX,2619,16.979321241313862
TX,2620,17.003328407772038
TX,2621,17.29732448355007
TX,2622,18.155734068988345
TX,2623,19.46901354034571
TX,2624,20.40110198628095
TX,2625,20.700926149848037
TX,2626,20.715892220590348
TX,2627,20.641386574839217
TX,2628,20.468207880972365
TX,2629,20.241030908557146
TX,2630,20.079994090904417
TX,2631,19.802829206044603
TX,2632,19.592011808363218
TX,2633,19.560739177181404
TX,2634,19.65822429415668
TX,2635,19.699469834719395
TX,2636,19.773034408398214
TX,2637,19.996635875757335
TX,2638,19.457381135970216
TX,2639,18.566989428884014
TX,2640,17.781366670755546
TX,2641,17.303258024486322
TX,2642,16.97118476625944
TX,2643,16.82754783438733
TX,2644,16.86607723687958
TX,2645,17.148383699750756
TX,2646,17.96563947229215
TX,2647,19.280759108738764
TX,2648,20.183580666044655
TX,2649,20.440174382081587
TX,2650,20.374682259969973
TX,2651,20.27217690383954
TX,2652,20.090077740699574
TX,2653,19.89725896547048
TX,2654,19.723461357321007
TX,2655,19.451368756278267
TX,2656,19.24653341987639
TX,2657,19.21607833890341
TX,2658,19.334233974280036
TX,2659,19.41374932540187
TX,2660,19.567561611368973
TX,2661,19.849982085639333
TX,2662,19.322512824304038
TX,2663,18.45591301778293
TX,2664,17.62933652937974
TX,2665,16.99694956264932
TX,2666,16.6974673923065
TX,2667,16.57752309538137
TX,2668,16.621096758623914
TX,2669,16.911915429151936
TX,2670,17.744152615276857
TX,2671,19.122460900728463
TX,2672,20.033282971639572
TX,2673,20.255058610036347
TX,2674,20.21804230677124
TX,2675,20.140201845108617
TX,2676,19.976653068352093
TX,2677,19.795233851690732
TX,2678,19.621298799241856
TX,2679,19.388602778860744
TX,2680,19.198618480138137
TX,2681,19.156480627912885
TX,2682,19.233730603044958
TX,2683,19.24790942596929
TX,2684,19.34507038093945
TX,2685,19.55805361773034
TX,2686,19.07445796788311
TX,2687,18.2216608062279
TX,2688,17.48151806534577
TX,2689,17.221204499116126
TX,2690,16.922598746364454
TX,2691,16.7688230258292
TX,2692,16.77919316115767
TX,2693,17.00518090419809
TX,2694,17.766278254741795
TX,2695,18.992457116786554
TX,2696,19.846625885866075
TX,2697,20.07787364469923
TX,2698,20.057093206557827
TX,2699,19.934942621044836
TX,2700,19.74901488533892
TX,2701,19.63120295791729
TX,2702,19.53904228287383
TX,2703,19.306394615608518
TX,2704,19.073094620088447
TX,2705,19.047279147812212
TX,2706,19.14953655121839
TX,2707,19.180957781382787
TX,2708,19.23534944104775
TX,2709,19.476615708825715
TX,2710,19.000184514948256
TX,2711,18.13779077574276
TX,2712,17.396719771715514
TX,2713,16.901611480539298
TX,2714,16.61026960374207
TX,2715,16.481013446543102
TX,2716,16.491808597931076
TX,2717,16.739397646784713
TX,2718,17.52459611275285
TX,2719,18.761339870322136
TX,2720,19.644983846818274
TX,2721,19.912253489321508
TX,2722,19.94531685400449
TX,2723,19.917230101489743
TX,2724,19.781513544163737
TX,2725,19.64838346291714
TX,2726,19.46329102265563
TX,2727,19.195616940473577
TX,2728,18.994984712146543
TX,2729,18.99020340771032
TX,2730,19.137345095854403
TX,2731,19.230780683416207
TX,2732,19.37062454600998
TX,2733,19.651103587642524
TX,2734,19.164657688880038
TX,2735,18.276036926912766
TX,2736,17.533472410674904
TX,2737,17.1008219372994
TX,2738,16.77499926772185
TX,2739,16.648146339899558
TX,2740,16.654566379970376
TX,2741,16.93447507515919
TX,2742,17.779743997630312
TX,2743,19.136767078589862
TX,2744,20.075633139833336
TX,2745,20.354849618308158
TX,2746,20.362340134024652
TX,2747,20.262088506961568
TX,2748,20.05994044148385
TX,2749,19.87162813844536
TX,2750,19.69484091388721
TX,2751,19.474772801352504
TX,2752,19.28909552591442
TX,2753,19.197749902748818
TX,2754,19.30238985461954
TX,2755,19.36860199662492
TX,2756,19.53528031577837
TX,2757,19.8003851898241
TX,2758,19.27264554445228
TX,2759,18.3823303514178
TX,2760,17.619550300881293
TX,2761,17.18476031570299
TX,2762,16.87599950534673
TX,2763,16.75963101572713
TX,2764,16.823256836835824
TX,2765,17.139093152365877
TX,2766,18.032563028290415
TX,2767,19.44208865210557
TX,2768,20.35902582220454
TX,2769,20.54187147337926
TX,2770,20.434436020752706
TX,2771,20.29903195714181
TX,2772,20.10214264207756
TX,2773,19.866010858310446
TX,2774,19.71718557558149
TX,2775,19.45944660622526
TX,2776,19.24476026328128
TX,2777,19.195464607889022
TX,2778,19.270191579572927
TX,2779,19.318715264444496
TX,2780,19.425608741344544
TX,2781,19.66998212262
TX,2782,19.161158256218222
TX,2783,18.26275478009385
TX,2784,17.462029372862858
TX,2785,17.14339532163234
TX,2786,16.81266819442754
TX,2787,16.676645725297927
TX,2788,16.704414226500102
TX,2789,16.972417108093097
TX,2790,17.843710497432614
TX,2791,19.144276254621
TX,2792,20.023530789618835
TX,2793,20.29809206972476
TX,2794,20.30617060757231
TX,2795,20.216756519868344
TX,2796,20.095940162478264
TX,2797,20.012162220838388
TX,2798,19.908014989223876
TX,2799,19.691859115624617
TX,2800,19.50517869638936
TX,2801,19.43947775470888
TX,2802,19.534331998331584
TX,2803,19.58794344038633
TX,2804,19.67286284674474
TX,2805,19.84675699728415
TX,2806,19.3157156338374
TX,2807,18.431837620526924
TX,2808,17.65051218191668
TX,2809,17.01656184002209
TX,2810,16.69063454204849
TX,2811,16.515259335858325
TX,2812,16.541192020369895
TX,2813,16.82655970151004
TX,2814,17.660572129782874
TX,2815,18.97473033424276
TX,2816,19.886377724126085
TX,2817,20.158526289578536
TX,2818,20.146004908710704
TX,2819,20.110532892675877
TX,2820,20.049343742568137
TX,2821,19.915141560466466
TX,2822,19.767416805612665
TX,2823,19.52195764166166
TX,2824,19.302169164490955
TX,2825,19.24519583213081
TX,2826,19.3367461841521
TX,2827,19.365580974985157
TX,2828,19.40841960579671
TX,2829,19.58308902159882
TX,2830,19.066691569397392
TX,2831,18.14590775508684
TX,2832,17.38251277632991
TX,2833,16.892735937002946
TX,2834,16.574089565788395
TX,2835,16.42461622535177
TX,2836,16.438227633487923
TX,2837,16.70221141272411
TX,2838,17.53541179200144
TX,2839,18.863822345925854
TX,2840,19.793021901518546
TX,2841,20.072915899765995
TX,2842,20.14315219507062
TX,2843,20.070954468449564
TX,2844,19.903048343300444
TX,2845,19.723956548355986
TX,2846,19.54755831458412
TX,2847,19.369036526702192
TX,2848,19.181474408882217
TX,2849,19.143659248861614
TX,2850,19.22203238337881
TX,2851,19.250325565043536
TX,2852,19.26260053448804
TX,2853,19.45893061520493
TX,2854,18.93698010930629
TX,2855,18.04325054589591
TX,2856,17.25826074800958
TX,2857,17.040581679295297
TX,2858,16.721551347844418
TX,2859,16.576692305380995
TX,2860,16.589635085812635
TX,2861,16.852174951057727
TX,2862,17.615251188707074
TX,2863,18.802393771582576
TX,2864,19.696396002737163
TX,2865,20.059439681092975
TX,2866,20.136482032985334
TX,2867,20.134016166071117
TX,2868,20.039109608645685
TX,2869,19.915770641948626
TX,2870,19.78633660740568
TX,2871,19.56103585290245
TX,2872,19.403038752545505
TX,2873,19.43053899544262
TX,2874,19.575344515702515
TX,2875,19.614769269345768
TX,2876,19.682709707785246
TX,2877,19.867333933638488
TX,2878,19.326530996381557
TX,2879,18.423804261473148
TX,2880,17.625122547048125
TX,2881,16.891675698781896
TX,2882,16.432695346923058
TX,2883,16.21183640069184
TX,2884,16.15555665715855
TX,2885,16.42258284540487
TX,2886,17.150182270340036
TX,2887,18.18462393960277
TX,2888,19.084294870236082
TX,2889,19.43141788658058
TX,2890,19.55402184672649
TX,2891,19.59936730450955
TX,2892,19.625237866322433
TX,2893,19.594223543380004
TX,2894,19.580154938310425
TX,2895,19.501015925030643
TX,2896,19.487407391203533
TX,2897,19.647336541004403
TX,2898,19.866713086979473
TX,2899,19.96507121259864
TX,2900,20.026146158107473
TX,2901,20.13135119522909
TX,2902,19.770185187097283
TX,2903,18.753253357778828
TX,2904,17.71741070541602
TX,2905,16.92320994337798
TX,2906,16.463605234744268
TX,2907,16.217705429781557
TX,2908,16.151865611616465
TX,2909,16.431970586736334
TX,2910,17.21094692639544
TX,2911,18.31978352037873
TX,2912,19.249262921478405
TX,2913,19.54091072231499
TX,2914,19.645260142866313
TX,2915,19.762033224998802
TX,2916,19.857000121818185
TX,2917,19.875593223640333
TX,2918,19.889834389251828
TX,2919,19.793973197024563
TX,2920,19.737538421093937
TX,2921,19.805482977170907
TX,2922,19.951006035736427
TX,2923,20.017789431374474
TX,2924,20.024702750743916
TX,2925,20.045446213247732
TX,2926,19.693327383191903
TX,2927,18.65857773274587
TX,2928,17.614573121000188
TX,2929,16.873377342483245
TX,2930,16.41506110445234
TX,2931,16.18503313320529
TX,2932,16.160863481174907
TX,2933,16.469140479802583
TX,2934,17.283008316259405
TX,2935,18.459728160402854
TX,2936,19.40223217610117
TX,2937,19.6583610631947
TX,2938,19.702416463618928
TX,2939,19.724477252664517
TX,2940,19.723190152516217
TX,2941,19.667687672330935
TX,2942,19.64161875552245
TX,2943,19.53010021141587
TX,2944,19.45327957371082
TX,2945,19.540433888426566
TX,2946,19.64954775584572
TX,2947,19.68848110752659
TX,2948,19.74489598987435
TX,2949,19.85733717174668
TX,2950,19.54089137420133
TX,2951,18.547887657194114
TX,2952,17.534095129914746
TX,2953,16.90871822602702
TX,2954,16.4519015598478
TX,2955,16.19872039860992
TX,2956,16.14673532501939
TX,2957,16.41081629851024
TX,2958,17.176562683290506
TX,2959,18.237969609212175
TX,2960,19.149327618284527
TX,2961,19.42602329421996
TX,2962,19.46803776110802
TX,2963,19.448563590943014
TX,2964,19.414778697950087
TX,2965,19.320689137951497
TX,2966,19.27100804513096
TX,2967,19.16215892727551
TX,2968,19.115951151237848
TX,2969,19.2437087889437
TX,2970,19.406399301929028
TX,2971,19.51619730730794
TX,2972,19.63681098515281
TX,2973,19.824176066997655
TX,2974,19.51873911102339
TX,2975,18.528422219086625
TX,2976,17.49906110270022
TX,2977,16.867830644681653
TX,2978,16.39996130475052
TX,2979,16.151854288556326
TX,2980,16.109722257089707
TX,2981,16.368717757369506
TX,2982,17.078989611518313
TX,2983,18.13196147686585
TX,2984,19.079582877925077
TX,2985,19.462494546208482
TX,2986,19.617198203039596
TX,2987,19.715858198201506
TX,2988,19.777869180579554
TX,2989,19.80179010494181
TX,2990,19.792913281839603
TX,2991,19.711765341772818
TX,2992,19.693152296112416
TX,2993,19.802040734700284
TX,2994,19.930448875441286
TX,2995,19.96298327220129
TX,2996,20.022892283046378
TX,2997,20.09045956837116
TX,2998,19.721336845071217
TX,2999,18.665084981204117
TX,3000,17.595718408123563
TX,3001,16.862311779423553
TX,3002,16.404357162692428
TX,3003,16.176435361151736
TX,3004,16.119898379901937
TX,3005,16.38664563102171
TX,3006,17.147216859473446
TX,3007,18.24220478754482
TX,3008,19.202987554433143
TX,3009,19.60338626861501
TX,3010,19.75352977373031
TX,3011,19.82943130531941
TX,3012,19.878473628414774
TX,3013,19.86624099678761
TX,3014,19.857711449147935
TX,3015,19.790320965225867
TX,3016,19.785620296104078
TX,3017,19.917600024268324
TX,3018,20.084356366208322
TX,3019,20.13058334940508
TX,3020,20.11296599655955
TX,3021,20.109118133967634
TX,3022,19.706255270367453
TX,3023,18.668790508102255
TX,3024,17.59530028816078
TX,3025,16.860051674689597
TX,3026,16.374788228231758
TX,3027,16.11987072458697
TX,3028,16.07428863312237
TX,3029,16.34722141711417
TX,3030,17.032410278621217
TX,3031,18.0047783247063
TX,3032,18.880664716015982
TX,3033,19.23996261664321
TX,3034,19.412608593762016
TX,3035,19.5091142757773
TX,3036,19.60655966545276
TX,3037,19.647381889320638
TX,3038,19.671545017622634
TX,3039,19.667936547613962
TX,3040,19.69381690281474
TX,3041,19.821707121490107
TX,3042,19.99452769054007
TX,3043,20.049469914088295
TX,3044,20.03496228026228
TX,3045,20.022486267239863
TX,3046,19.689824379907478
TX,3047,18.635684653831177
TX,3048,17.586579783319536
TX,3049,16.810299002809348
TX,3050,16.316686997126798
TX,3051,16.05475543998461
TX,3052,15.99697215298952
TX,3053,16.271564647531463
TX,3054,16.954546395816745
TX,3055,17.983596662162373
TX,3056,18.911844452152735
TX,3057,19.285630028072084
TX,3058,19.48880114899445
TX,3059,19.62877755227434
TX,3060,19.748318693472378
TX,3061,19.82974920674682
TX,3062,19.85524231773144
TX,3063,19.847663275942004
TX,3064,19.871422585235464
TX,3065,20.013765291351074
TX,3066,20.15773289093752
TX,3067,20.22466685212874
TX,3068,20.16184706947998
TX,3069,20.10640146869044
TX,3070,19.69491912564383
TX,3071,18.677791485452005
TX,3072,17.640257944632005
TX,3073,16.973911534448252
TX,3074,16.4836116327598
TX,3075,16.23278072839704
TX,3076,16.186727256698937
TX,3077,16.45492272737987
TX,3078,17.18354218833783
TX,3079,18.270871240194076
TX,3080,19.222605130056223
TX,3081,19.586955757498668
TX,3082,19.714826153323333
TX,3083,19.836670704797587
TX,3084,19.933571342672554
TX,3085,19.983046445196237
TX,3086,20.055851594811152
TX,3087,20.037056266683763
TX,3088,20.033401510022617
TX,3089,20.203246550365414
TX,3090,20.335112568508034
TX,3091,20.429345237584357
TX,3092,20.42267242320605
TX,3093,20.446800467721236
TX,3094,20.033632313349266
TX,3095,18.946562506016992
TX,3096,17.841844912050345
TX,3097,17.024848159864533
TX,3098,16.536947707885616
TX,3099,16.267209173642886
TX,3100,16.229668787884865
TX,3101,16.531587189671217
TX,3102,17.314130481194788
TX,3103,18.46812404611625
TX,3104,19.45847954121766
TX,3105,19.78361843165466
TX,3106,19.891793445419687
TX,3107,19.99910840632499
TX,3108,20.08939828642537
TX,3109,20.16689837159489
TX,3110,20.283483732909033
TX,3111,20.29155959607781
TX,3112,20.293982369980935
TX,3113,20.430688043488875
TX,3114,20.54089164609092
TX,3115,20.590142029822346
TX,3116,20.575017972526002
TX,3117,20.616321542791493
TX,3118,20.246176780193018
TX,3119,19.136292832528483
TX,3120,18.008828926755783
TX,3121,17.23204631247217
TX,3122,16.71793316211977
TX,3123,16.434604448942814
TX,3124,16.357772877486322
TX,3125,16.600069577749956
TX,3126,17.303696417557482
TX,3127,18.35497039844085
TX,3128,19.35026462438765
TX,3129,19.778448096620338
TX,3130,19.989415898046936
TX,3131,20.239701102908036
TX,3132,20.372479298278588
TX,3133,20.453657460790332
TX,3134,20.494928178358006
TX,3135,20.467107804481458
TX,3136,20.47245637629579
TX,3137,20.586065567071184
TX,3138,20.734794258882584
TX,3139,20.818186533152243
TX,3140,20.81950000920019
TX,3141,20.822804592904706
TX,3142,20.376316228482047
TX,3143,19.26599069920808
TX,3144,18.114046768773118
TX,3145,17.246380154762093
TX,3146,16.737020052819283
TX,3147,16.450144047127477
TX,3148,16.38606391762149
TX,3149,16.654653452525732
TX,3150,17.387410776125495
TX,3151,18.410782327224776
TX,3152,19.358008460689994
TX,3153,19.8026147426949
TX,3154,20.009560728834003
TX,3155,20.19637331503785
TX,3156,20.295416910213806
TX,3157,20.366033367962093
TX,3158,20.39858200970466
TX,3159,20.371685497376017
TX,3160,20.37467301797645
TX,3161,20.530289144645334
TX,3162,20.689909327837434
TX,3163,20.716149680247266
TX,3164,20.645835393873778
TX,3165,20.61110812179896
TX,3166,20.199836300428974
TX,3167,19.10375575913348
TX,3168,18.00427967072038
TX,3169,17.091195846402584
TX,3170,16.594803642263123
TX,3171,16.333138449054942
TX,3172,16.260673339768424
TX,3173,16.51377006493707
TX,3174,17.245455463214157
TX,3175,18.299346149912974
TX,3176,19.239362043730225
TX,3177,19.612828569137427
TX,3178,19.77372220860616
TX,3179,19.962316365639772
TX,3180,20.119059420635985
TX,3181,20.22317931086034
TX,3182,20.30568451837156
TX,3183,20.325557084542528
TX,3184,20.34420123171185
TX,3185,20.512588512119486
TX,3186,20.674166910209717
TX,3187,20.64318945384181
TX,3188,20.54673395149982
TX,3189,20.383675876327025
TX,3190,19.950259744457284
TX,3191,18.843820242107682
TX,3192,17.67841158198959
TX,3193,16.966590563179885
TX,3194,16.44597324329546
TX,3195,16.160535615638345
TX,3196,16.074199910502326
TX,3197,16.29929797445069
TX,3198,16.965058287231166
TX,3199,17.92664466310675
TX,3200,18.8855615691329
TX,3201,19.370122535765915
TX,3202,19.64196056975177
TX,3203,19.825019946469226
TX,3204,19.934928710686993
TX,3205,19.94797044973665
TX,3206,19.97996160249747
TX,3207,19.906970630791342
TX,3208,19.89737785207317
TX,3209,19.99803556524827
TX,3210,20.167460553795383
TX,3211,20.198943469624442
TX,3212,20.210891968904892
TX,3213,20.18281034781265
TX,3214,19.81677718617322
TX,3215,18.733941540907235
TX,3216,17.6037570147412
TX,3217,16.788720591886236
TX,3218,16.289745536309784
TX,3219,16.027239836358227
TX,3220,15.966595709755934
TX,3221,16.20407123089804
TX,3222,16.8757620309638
TX,3223,17.85160611058768
TX,3224,18.749931237422857
TX,3225,19.122237203962246
TX,3226,19.290453441616847
TX,3227,19.36368965709193
TX,3228,19.450453482876963
TX,3229,19.488156437794252
TX,3230,19.504874813534208
TX,3231,19.469566590597132
TX,3232,19.473630460292238
TX,3233,19.63479729361735
TX,3234,19.873864656172564
TX,3235,20.00304106553823
TX,3236,20.028433802623894
TX,3237,20.040132060288208
TX,3238,19.73371355117789
TX,3239,18.675290647843575
TX,3240,17.557987298598878
TX,3241,16.97818214480987
TX,3242,16.468812234412326
TX,3243,16.19532749728887
TX,3244,16.119148480145935
TX,3245,16.373865457048893
TX,3246,17.081432977524646
TX,3247,18.136229941896296
TX,3248,19.116768094573665
TX,3249,19.525727872750117
TX,3250,19.775597499978936
TX,3251,20.030630676180603
TX,3252,20.25185922608486
TX,3253,20.38693475408278
TX,3254,20.497616252532886
TX,3255,20.538162901760376
TX,3256,20.591152792296416
TX,3257,20.754234263474416
TX,3258,20.93020563616176
TX,3259,20.95044581957927
TX,3260,20.8594219892178
TX,3261,20.703681686225647
TX,3262,20.24899341416004
TX,3263,19.072766258740614
TX,3264,17.882285823370392
TX,3265,16.970241803865672
TX,3266,16.46640301020435
TX,3267,16.200327371069026
TX,3268,16.133060411294565
TX,3269,16.39731131374604
TX,3270,17.169425508562266
TX,3271,18.312885985212674
TX,3272,19.3003985953898
TX,3273,19.72208954178532
TX,3274,20.001579962689558
TX,3275,20.22846366454551
TX,3276,20.375315196075377
TX,3277,20.462004434047472
TX,3278,20.56288923010687
TX,3279,20.564640155695447
TX,3280,20.567042993024458
TX,3281,20.655462345582208
TX,3282,20.81934862464342
TX,3283,20.80678089492495
TX,3284,20.717867317666823
TX,3285,20.60015800210588
TX,3286,20.142026099474617
TX,3287,19.00590592147301
TX,3288,17.849030489858798
TX,3289,17.084671308654176
TX,3290,16.566208675179702
TX,3291,16.292100810940696
TX,3292,16.222467718705634
TX,3293,16.485249476954483
TX,3294,17.226523893935045
TX,3295,18.27983130274622
TX,3296,19.27368685926804
TX,3297,19.784915874074162
TX,3298,20.078777012585714
TX,3299,20.29891231575223
TX,3300,20.507522352939226
TX,3301,20.618362841471154
TX,3302,20.729655220829088
TX,3303,20.73211579265452
TX,3304,20.777037249684238
TX,3305,20.916891992542542
TX,3306,21.053135762099725
TX,3307,21.040129980743306
TX,3308,20.945574910658685
TX,3309,20.824306291891144
TX,3310,20.341004603591827
TX,3311,19.177537687024387
TX,3312,18.023118895317968
TX,3313,17.27988245329026
TX,3314,16.740172811672636
TX,3315,16.41661047811941
TX,3316,16.330978505105612
TX,3317,16.576025766887053
TX,3318,17.271135131209768
TX,3319,18.316751767508393
TX,3320,19.367586196454617
TX,3321,19.921384931485267
TX,3322,20.31161746586502
TX,3323,20.69075713733502
TX,3324,20.952195026678538
TX,3325,21.10459717019734
TX,3326,21.173143673802166
TX,3327,21.120371284547296
TX,3328,21.12566471053124
TX,3329,21.226156064621293
TX,3330,21.331764390933696
TX,3331,21.25322079493416
TX,3332,21.11092162770476
TX,3333,20.98172431329436
TX,3334,20.50142246505464
TX,3335,19.379365718492856
TX,3336,18.239999940661434
TX,3337,17.14546500918149
TX,3338,16.63384859525493
TX,3339,16.354932134376647
TX,3340,16.280840927506546
TX,3341,16.529400219275495
TX,3342,17.260382783895167
TX,3343,18.34590147968413
TX,3344,19.36799236602891
TX,3345,19.81209926513339
TX,3346,20.045732226418217
TX,3347,20.210012794456922
TX,3348,20.301174074140157
TX,3349,20.368228256001395
TX,3350,20.412028217323453
TX,3351,20.380849211308142
TX,3352,20.36819673807184
TX,3353,20.46612613059122
TX,3354,20.597655819172694
TX,3355,20.610304153683355
TX,3356,20.53930775748445
TX,3357,20.482123585901256
TX,3358,20.15876448265863
TX,3359,19.07987038358372
TX,3360,17.964888734229657
TX,3361,17.064236504270408
TX,3362,16.549467671022153
TX,3363,16.25000189183845
TX,3364,16.14592078839104
TX,3365,16.39026805894467
TX,3366,17.070243736945578
TX,3367,18.05531496240918
TX,3368,18.993545178071418
TX,3369,19.41300907579619
TX,3370,19.684644650359328
TX,3371,19.94542883737165
TX,3372,20.1612727820808
TX,3373,20.274357129343016
TX,3374,20.388537988932235
TX,3375,20.41564866757254
TX,3376,20.494218494142242
TX,3377,20.688560380505788
TX,3378,20.881561169511805
TX,3379,20.88935916220986
TX,3380,20.750375721976273
TX,3381,20.521843954955575
TX,3382,20.04605500257939
TX,3383,18.95464132062118
TX,3384,17.85710068021903
TX,3385,17.195136585060165
TX,3386,16.66941461557032
TX,3387,16.394277930971654
TX,3388,16.280893417837998
TX,3389,16.499128388241875
TX,3390,17.136051970036313
TX,3391,18.12181871690874
TX,3392,19.071127030686142
TX,3393,19.55807628160433
TX,3394,19.98827051076754
TX,3395,20.31598431546932
TX,3396,20.59676113584069
TX,3397,20.83929730564973
TX,3398,21.024415240509768
TX,3399,21.11875168373428
TX,3400,21.191479113077722
TX,3401,21.388190670970875
TX,3402,21.57775965842121
TX,3403,21.5741971216924
TX,3404,21.378460774443216
TX,3405,21.172259420239293
TX,3406,20.621756785901788
TX,3407,19.415536308825263
TX,3408,18.20789608835358
TX,3409,17.304712717420866
TX,3410,16.769855115988367
TX,3411,16.467557413056227
TX,3412,16.366550383925333
TX,3413,16.608458827897113
TX,3414,17.320430985659314
TX,3415,18.356823484646338
TX,3416,19.38787989110812
TX,3417,19.88170751389903
TX,3418,20.166903955395362
TX,3419,20.438206063699482
TX,3420,20.660846649243148
TX,3421,20.799673239208644
TX,3422,20.92390601094661
TX,3423,20.953746722955856
TX,3424,21.0122555570355
TX,3425,21.141761850586256
TX,3426,21.28389433569105
TX,3427,21.251274448921514
TX,3428,21.163986255656337
TX,3429,21.020389309998198
TX,3430,20.599191506417355
TX,3431,19.438041596092226
TX,3432,18.222648189608105
TX,3433,17.067366705714242
TX,3434,16.55621118663006
TX,3435,16.272006041796555
TX,3436,16.203481506942115
TX,3437,16.46841318076878
TX,3438,17.236967613366986
TX,3439,18.36348372402532
TX,3440,19.402692322846626
TX,3441,19.85669257271313
TX,3442,20.155916067138687
TX,3443,20.42383966473096
TX,3444,20.60982470742277
TX,3445,20.774081155560907
TX,3446,20.892218122325538
TX,3447,20.920435787198212
TX,3448,20.939530456232795
TX,3449,21.08784861494242
TX,3450,21.242351809086497
TX,3451,21.21392526971553
TX,3452,21.080712426961007
TX,3453,20.908500476972844
TX,3454,20.434505393743187
TX,3455,19.281363780577447
TX,3456,18.080740590395003
TX,3457,17.27799162658543
TX,3458,16.722644681157497
TX,3459,16.41951194927142
TX,3460,16.311919568515457
TX,3461,16.545003277520568
TX,3462,17.241298801790354
TX,3463,18.29254105744251
TX,3464,19.310770172604855
TX,3465,19.823295205563014
TX,3466,20.13871729126983
TX,3467,20.368496795628012
TX,3468,20.582658699656935
TX,3469,20.721785636799833
TX,3470,20.840961703688105
TX,3471,20.8739131897639
TX,3472,20.89185829193935
TX,3473,21.016555255797787
TX,3474,21.14382903518975
TX,3475,21.106234987421267
TX,3476,21.02151833496626
TX,3477,20.83493335594635
TX,3478,20.376593468981323
TX,3479,19.23123128733677
TX,3480,18.05274415634783
TX,3481,17.415155928317937
TX,3482,16.856028546313507
TX,3483,16.508457918832793
TX,3484,16.396180712481332
TX,3485,16.608758614109547
TX,3486,17.254183094831067
TX,3487,18.273841808204608
TX,3488,19.3192415818999
TX,3489,19.842535985028025
TX,3490,20.14915985253096
TX,3491,20.37767565949877
TX,3492,20.543064616057965
TX,3493,20.66144203854449
TX,3494,20.75728259127675
TX,3495,20.795282058091324
TX,3496,20.83629566735408
TX,3497,21.0186360880412
TX,3498,21.1782003526361
TX,3499,21.194804408758184
TX,3500,21.09484881576567
TX,3501,20.892876332582922
TX,3502,20.438106039152874
TX,3503,19.32456835130923
TX,3504,18.137531331756566
TX,3505,17.34845999579565
TX,3506,16.788108801241798
TX,3507,16.458139819802387
TX,3508,16.35730030465652
TX,3509,16.551657245047995
TX,3510,17.153456385794485
TX,3511,18.102709747500448
TX,3512,19.12136525261772
TX,3513,19.731038362460943
TX,3514,20.18405950515853
TX,3515,20.528521763620017
TX,3516,20.73852764836211
TX,3517,20.88820789373808
TX,3518,20.945473625685207
TX,3519,20.968638823600607
TX,3520,21.006708674067156
TX,3521,21.17263160863324
TX,3522,21.330333071553365
TX,3523,21.331111904469434
TX,3524,21.16520514627332
TX,3525,20.947980500124775
TX,3526,20.47838716069735
TX,3527,19.402975606924592
TX,3528,18.247471389872445
TX,3529,17.230431744175917
TX,3530,16.7052417725047
TX,3531,16.394626966396032
TX,3532,16.27406115538051
TX,3533,16.482420762820166
TX,3534,17.11228841781384
TX,3535,18.118922933153925
TX,3536,19.122917557551464
TX,3537,19.641425926821565
TX,3538,19.949019001729834
TX,3539,20.201611399879145
TX,3540,20.395980388258057
TX,3541,20.568610216529695
TX,3542,20.69640498164046
TX,3543,20.741423100958176
TX,3544,20.799077520869357
TX,3545,20.95410084471706
TX,3546,21.139329468047407
TX,3547,21.12306187689815
TX,3548,21.012412878088043
TX,3549,20.837709599108866
TX,3550,20.400069735093766
TX,3551,19.344460818003228
TX,3552,18.156366454909993
TX,3553,17.20096919399449
TX,3554,16.651193221362224
TX,3555,16.343695820633155
TX,3556,16.23447094049264
TX,3557,16.436105719685656
TX,3558,16.99587428977061
TX,3559,17.83322269127385
TX,3560,18.75476665579829
TX,3561,19.423369036466177
TX,3562,19.9269666871735
TX,3563,20.349164233254097
TX,3564,20.648995409349016
TX,3565,20.869108295048484
TX,3566,21.005362071063402
TX,3567,21.081964197160488
TX,3568,21.209108952868228
TX,3569,21.4512000074427
TX,3570,21.660555408222834
TX,3571,21.656692996980837
TX,3572,21.496888510538742
TX,3573,21.191660900740285
TX,3574,20.639863432648035
TX,3575,19.464677435532185
TX,3576,18.279233301552697
TX,3577,17.409739751728132
TX,3578,16.84554935936686
TX,3579,16.527481680099232
TX,3580,16.419076274567608
TX,3581,16.63329794758848
TX,3582,17.279315158751984
TX,3583,18.250098821054998
TX,3584,19.2987478383126
TX,3585,19.989617526275737
TX,3586,20.41247971798265
TX,3587,20.77155747381833
TX,3588,21.09002235932602
TX,3589,21.292383367493237
TX,3590,21.49761516690742
TX,3591,21.578482385206627
TX,3592,21.707029168593966
TX,3593,21.910152311915407
TX,3594,22.07821833367243
TX,3595,22.031582302865974
TX,3596,21.822537934331447
TX,3597,21.55246297772302
TX,3598,21.039418042182476
TX,3599,19.906133949885305
TX,3600,18.676766716659444
TX,3601,17.52548777396486
TX,3602,16.960777458384804
TX,3603,16.633493165134382
TX,3604,16.522439025747484
TX,3605,16.75268916551486
TX,3606,17.433776896731228
TX,3607,18.456648798337813
TX,3608,19.461610041008818
TX,3609,20.003811801105932
TX,3610,20.430560016388892
TX,3611,20.864841455719326
TX,3612,21.222497372314226
TX,3613,21.47387829243962
TX,3614,21.677129244640657
TX,3615,21.766676573808272
TX,3616,21.825938369884017
TX,3617,22.01583913103425
TX,3618,22.13452087506316
TX,3619,22.065819388396875
TX,3620,21.829821297832886
TX,3621,21.52133801292925
TX,3622,20.9585481408723
TX,3623,19.73626635103144
TX,3624,18.5139935494364
TX,3625,19.097998180347673
TX,3626,18.3401639630399
TX,3627,17.811640692148085
TX,3628,17.571722324981494
TX,3629,17.688327549330644
TX,3630,18.023050303112967
TX,3631,18.707445582302057
TX,3632,19.670205435944027
TX,3633,20.513545127572385
TX,3634,21.17681447370464
TX,3635,21.86468209002436
TX,3636,22.447480502980905
TX,3637,22.937288305438
TX,3638,23.334255870510972
TX,3639,23.57780257645345
TX,3640,23.936186788207067
TX,3641,24.267533194552485
TX,3642,24.349889859897697
TX,3643,24.437293901501427
TX,3644,24.255055339408376
TX,3645,23.66360528738789
TX,3646,22.89998800049047
TX,3647,21.61402145883212
TX,3648,20.127176954746467
TX,3649,19.037129565907914
TX,3650,18.254697729807948
TX,3651,17.74288070152921
TX,3652,17.48566347413253
TX,3653,17.567583037049065
TX,3654,17.869999263597727
TX,3655,18.47959993447402
TX,3656,19.425556101512843
TX,3657,20.049937201181443
TX,3658,20.582908034043044
TX,3659,21.104696263447337
TX,3660,21.52547047542039
TX,3661,21.959961454244674
TX,3662,22.33520042713473
TX,3663,22.66982731938071
TX,3664,22.921888196040662
TX,3665,23.28844265715631
TX,3666,23.536392142705548
TX,3667,23.595449016896684
TX,3668,23.650443386532373
TX,3669,23.25698924232575
TX,3670,22.67956349118678
TX,3671,21.492668445241584
TX,3672,20.041723444306026
TX,3673,18.631254932730116
TX,3674,17.91378621577061
TX,3675,17.418799289578295
TX,3676,17.193389941749725
TX,3677,17.316074373294594
TX,3678,17.64115777955807
TX,3679,18.309832442655303
TX,3680,19.292745853284917
TX,3681,20.005993178892826
TX,3682,20.64782593249004
TX,3683,21.338316253337812
TX,3684,21.84412586491085
TX,3685,22.329619857649288
TX,3686,22.805903266143915
TX,3687,23.179820919488915
TX,3688,23.510583483959323
TX,3689,23.90137407314179
TX,3690,24.133471977736075
TX,3691,24.162383615087194
TX,3692,24.104308915199343
TX,3693,23.56829844456819
TX,3694,22.858937131075365
TX,3695,21.47761165069432
TX,3696,19.987142376466117
TX,3697,19.179121945265056
TX,3698,18.36080095783119
TX,3699,17.83327937009289
TX,3700,17.578563597170803
TX,3701,17.676205445866735
TX,3702,17.96894009037336
TX,3703,18.604511568412736
TX,3704,19.572619488068145
TX,3705,20.445113599779845
TX,3706,21.335184464453082
TX,3707,22.22491905571612
TX,3708,22.971570577172027
TX,3709,23.607780493675865
TX,3710,24.15245609824542
TX,3711,24.60401327651856
TX,3712,24.967958251891258
TX,3713,25.351626757913113
TX,3714,25.540543115539464
TX,3715,25.491009590940607
TX,3716,25.290796165854378
TX,3717,24.601963726828963
TX,3718,23.692394657569707
TX,3719,22.24033832987128
TX,3720,20.65096846992794
TX,3721,19.340674491642954
TX,3722,18.589238586808463
TX,3723,18.043895141022332
TX,3724,17.75162355544064
TX,3725,17.820844184319697
TX,3726,18.11665915125558
TX,3727,18.755824393954104
TX,3728,19.74142201205406
TX,3729,20.59895815985373
TX,3730,21.377080818043495
TX,3731,22.23659096798388
TX,3732,23.01011678297261
TX,3733,23.70158160901361
TX,3734,24.23449941481538
TX,3735,24.68206956215581
TX,3736,24.99514829680207
TX,3737,25.369167738840336
TX,3738,25.53304641918596
TX,3739,25.527821770369638
TX,3740,25.323858335247028
TX,3741,24.689496450182798
TX,3742,23.914779774848718
TX,3743,22.5213957343366
TX,3744,20.948000507031622
TX,3745,19.264177638299767
TX,3746,18.46424322998229
TX,3747,17.910403668162132
TX,3748,17.683492373150994
TX,3749,17.767319630882753
TX,3750,18.07201140477972
TX,3751,18.765509994369527
TX,3752,19.771531985977138
TX,3753,20.501692689018544
TX,3754,21.100576805567968
TX,3755,21.752266369324754
TX,3756,22.38186258327495
TX,3757,22.88704845548783
TX,3758,23.35714431340048
TX,3759,23.724488107443914
TX,3760,24.076331649580567
TX,3761,24.469781264469226
TX,3762,24.685647825006324
TX,3763,24.696484643980032
TX,3764,24.640996091186956
TX,3765,24.169769287991475
TX,3766,23.55027367059995
TX,3767,22.237689639082525
TX,3768,20.694608193249206
TX,3769,19.234515800995712
TX,3770,18.45725422740141
TX,3771,17.920521347901715
TX,3772,17.6795771554472
TX,3773,17.807790538929176
TX,3774,18.198722836575254
TX,3775,18.932540779621554
TX,3776,19.9722062692205
TX,3777,20.66458412558652
TX,3778,21.256042602230398
TX,3779,21.877809057178364
TX,3780,22.48594062439492
TX,3781,23.041709308851562
TX,3782,23.517894903766816
TX,3783,23.824375336383834
TX,3784,24.215016032900067
TX,3785,24.536073078959195
TX,3786,24.71066205406193
TX,3787,24.698647791180328
TX,3788,24.55717109652118
TX,3789,24.040645332145264
TX,3790,23.409986029333492
TX,3791,22.099798709153223
TX,3792,20.593323222038403
TX,3793,19.35639172497762
TX,3794,18.53143310555523
TX,3795,18.00162583956213
TX,3796,17.749197411784156
TX,3797,17.838918505199807
TX,3798,18.171278120734176
TX,3799,18.829260406005996
TX,3800,19.792778872326107
TX,3801,20.441084077715775
TX,3802,20.986670132466347
TX,3803,21.66756750451909
TX,3804,22.273552995068712
TX,3805,22.823085836686996
TX,3806,23.31601582214192
TX,3807,23.6949584304461
TX,3808,23.998790930033255
TX,3809,24.344494095553088
TX,3810,24.554548760101156
TX,3811,24.628678872723512
TX,3812,24.511516850629466
TX,3813,24.002994943066955
TX,3814,23.256312265311752
TX,3815,21.954071307734573
TX,3816,20.496319976830737
TX,3817,19.4835456454967
TX,3818,18.659600494262172
TX,3819,18.087877112812567
TX,3820,17.79052718841667
TX,3821,17.91085425510612
TX,3822,18.205879565371095
TX,3823,18.869896917914783
TX,3824,19.86812441881769
TX,3825,20.766085059020558
TX,3826,21.67863993852897
TX,3827,22.51657512756118
TX,3828,23.219170619245464
TX,3829,23.858639122055298
TX,3830,24.41094295719227
TX,3831,24.78781806518876
TX,3832,25.17281830505579
TX,3833,25.499821050399415
TX,3834,25.750046726675095
TX,3835,25.760801225412607
TX,3836,25.61063990315723
TX,3837,24.913572249859584
TX,3838,23.978695435121107
TX,3839,22.499221372040424
TX,3840,20.904838618825156
TX,3841,19.936411030580086
TX,3842,19.066759561033383
TX,3843,18.515994651956248
TX,3844,18.280877160982733
TX,3845,18.35911852355132
TX,3846,18.682290775812525
TX,3847,19.378523564431493
TX,3848,20.49286651870721
TX,3849,21.455733889279667
TX,3850,22.338717693754052
TX,3851,23.120840791745508
TX,3852,23.819125789713997
TX,3853,24.391001368458312
TX,3854,24.872311302639993
TX,3855,25.18099245271492
TX,3856,25.508847395792635
TX,3857,25.858299074139374
TX,3858,26.02325992792553
TX,3859,25.98014697043843
TX,3860,25.81215359767044
TX,3861,25.157530062547725
TX,3862,24.304403304590323
TX,3863,22.882294256495467
TX,3864,21.260135280361883
TX,3865,20.0498780008435
TX,3866,19.22343267601297
TX,3867,18.632067757251875
TX,3868,18.312770333972928
TX,3869,18.315580862074604
TX,3870,18.5904971704424
TX,3871,19.23347612346712
TX,3872,20.231214995931623
TX,3873,21.007219315459132
TX,3874,21.652320465112478
TX,3875,22.26920971341564
TX,3876,22.783770223738788
TX,3877,23.251995477714463
TX,3878,23.64190193431274
TX,3879,23.9183590556943
TX,3880,24.22706446348065
TX,3881,24.60591515258231
TX,3882,24.862662029442177
TX,3883,24.830835920294042
TX,3884,24.807969466290068
TX,3885,24.252003989776256
TX,3886,23.497397642653485
TX,3887,22.20389324810111
TX,3888,20.705578752614436
TX,3889,19.62375684154499
TX,3890,18.803144464875007
TX,3891,18.253443613343677
TX,3892,17.937212143127105
TX,3893,18.000856284877152
TX,3894,18.270039322360276
TX,3895,18.86396569249646
TX,3896,19.79948135684134
TX,3897,20.584398330314666
TX,3898,21.202675326039458
TX,3899,21.994183855706954
TX,3900,22.667043439324033
TX,3901,23.264562732020647
TX,3902,23.765565382172202
TX,3903,24.127234593006232
TX,3904,24.452542283235804
TX,3905,24.86278818499425
TX,3906,25.098556088099283
TX,3907,25.122224997992035
TX,3908,25.00748538470726
TX,3909,24.464042718205263
TX,3910,23.68044299034245
TX,3911,22.325868829629155
TX,3912,20.804164398027414
TX,3913,19.27003781043292
TX,3914,18.47194885375462
TX,3915,17.940691707486046
TX,3916,17.68517310189328
TX,3917,17.831204085105114
TX,3918,18.147318264949227
TX,3919,18.813465312197337
TX,3920,19.761199093178842
TX,3921,20.550817507174507
TX,3922,21.23976576481311
TX,3923,22.00852850331356
TX,3924,22.717137075700965
TX,3925,23.31487389214517
TX,3926,23.822577575596746
TX,3927,24.236031429655686
TX,3928,24.640822623439696
TX,3929,25.075344943129576
TX,3930,25.324994479611878
TX,3931,25.355724702863082
TX,3932,25.246475984528562
TX,3933,24.622121132592543
TX,3934,23.778422293307617
TX,3935,22.377186003340796
TX,3936,20.83642300924944
TX,3937,19.249760732997856
TX,3938,18.467455422663196
TX,3939,17.942392065880984
TX,3940,17.71817030041252
TX,3941,17.85859362129509
TX,3942,18.244012017062065
TX,3943,18.975209745969046
TX,3944,19.976881425737698
TX,3945,20.746906398932214
TX,3946,21.62791237893425
TX,3947,22.500398648925287
TX,3948,23.27779272914087
TX,3949,23.954709167275304
TX,3950,24.52674132779766
TX,3951,24.944936022226425
TX,3952,25.34061100465544
TX,3953,25.73920891471377
TX,3954,25.9299672085646
TX,3955,25.80428909155251
TX,3956,25.565004428027642
TX,3957,24.847756110682035
TX,3958,23.92623401239466
TX,3959,22.472532747893794
TX,3960,20.877002303948494
TX,3961,19.998070417553375
TX,3962,19.11723228222799
TX,3963,18.52290117117462
TX,3964,18.222974154629867
TX,3965,18.289015641786424
TX,3966,18.593312326850665
TX,3967,19.25122778728016
TX,3968,20.246689419553526
TX,3969,21.16999772514283
TX,3970,21.970893509968217
TX,3971,22.718018399903727
TX,3972,23.38307995218032
TX,3973,23.987061769040544
TX,3974,24.496656309331204
TX,3975,24.858813040514747
TX,3976,25.176698719684325
TX,3977,25.481079544868127
TX,3978,25.679692801836094
TX,3979,25.59758276985825
TX,3980,25.387996976104223
TX,3981,24.64089278703383
TX,3982,23.686229103366184
TX,3983,22.274177107821544
TX,3984,20.766549470465595
TX,3985,20.13096694608958
TX,3986,19.316603228115337
TX,3987,18.73556406812357
TX,3988,18.445328822971202
TX,3989,18.510077548825194
TX,3990,18.777146199585232
TX,3991,19.41722975786557
TX,3992,20.450190523347327
TX,3993,21.338246793798305
TX,3994,22.158732343536695
TX,3995,23.01897678863185
TX,3996,23.67137037646086
TX,3997,24.288647457437886
TX,3998,24.83606056472217
TX,3999,25.300814280379647
TX,4000,25.74631564213019
TX,4001,26.206868340566313
TX,4002,26.44748336435089
TX,4003,26.39505213978477
TX,4004,26.230940690445056
TX,4005,25.512864989332645
TX,4006,24.582944779400353
TX,4007,23.15161932969013
TX,4008,21.557678533387296
TX,4009,20.751594127248314
TX,4010,19.893171618412612
TX,4011,19.27777328733764
TX,4012,18.958378971517174
TX,4013,18.97867601164168
TX,4014,19.253934440224814
TX,4015,19.98364838064979
TX,4016,21.182066971376013
TX,4017,22.227633525644098
TX,4018,23.126205733740107
TX,4019,23.984746278320237
TX,4020,24.72079096594714
TX,4021,25.354704962636948
TX,4022,25.87815047302347
TX,4023,26.243833108057427
TX,4024,26.6078104443602
TX,4025,26.9871286237039
TX,4026,27.136564183612716
TX,4027,27.07152296365377
TX,4028,26.86339734985406
TX,4029,26.242024125850634
TX,4030,25.384651874965993
TX,4031,23.92646249352213
TX,4032,22.3078177881008
TX,4033,20.662025456102572
TX,4034,19.7351175451253
TX,4035,19.13204851077662
TX,4036,18.768416808414866
TX,4037,18.80358163052718
TX,4038,18.997392325939742
TX,4039,19.525804980662414
TX,4040,20.588319888149034
TX,4041,21.59204175523427
TX,4042,22.460291249355755
TX,4043,23.270683553835433
TX,4044,23.856618607830057
TX,4045,24.536225060303217
TX,4046,25.036448671117746
TX,4047,25.48439919594346
TX,4048,25.888172845735273
TX,4049,26.32912307871605
TX,4050,26.594840577736896
TX,4051,26.56864407381839
TX,4052,26.348180129032514
TX,4053,25.642230037699925
TX,4054,24.695539349460056
TX,4055,23.272976387871047
TX,4056,21.661036160194367
TX,4057,19.94938140664611
TX,4058,19.09707698308885
TX,4059,18.508827385985555
TX,4060,18.175786097295695
TX,4061,18.216121695785652
TX,4062,18.476655428264156
TX,4063,19.08240822631465
TX,4064,20.145849926307204
TX,4065,21.096151908884398
TX,4066,21.889405671574703
TX,4067,22.707453478103705
TX,4068,23.415939544720096
TX,4069,24.105529479900554
TX,4070,24.63605968327023
TX,4071,25.07182539826357
TX,4072,25.490425446687265
TX,4073,25.959662633472526
TX,4074,26.238511369807085
TX,4075,26.284448452818022
TX,4076,26.137450763995112
TX,4077,25.508021777246512
TX,4078,24.720806368102135
TX,4079,23.327703534681483
TX,4080,21.756700431560187
TX,4081,19.772915474139264
TX,4082,18.95441773157733
TX,4083,18.39552003819942
TX,4084,18.082867801613826
TX,4085,18.173855316045977
TX,4086,18.49512532242194
TX,4087,19.199895062060556
TX,4088,20.292293790989444
TX,4089,21.177687392981706
TX,4090,21.959621555885185
TX,4091,22.75963527641475
TX,4092,23.456969329846356
TX,4093,24.08531746886217
TX,4094,24.612135823463074
TX,4095,24.963048717565044
TX,4096,25.358828009622457
TX,4097,25.772742513495825
TX,4098,26.04091581097082
TX,4099,26.087297702114153
TX,4100,25.919137875032042
TX,4101,25.27061944656614
TX,4102,24.417147304252392
TX,4103,22.9940313308276
TX,4104,21.352058817635257
TX,4105,20.29393131732712
TX,4106,19.397998825177478
TX,4107,18.781684457094386
TX,4108,18.466118411065295
TX,4109,18.511066166079875
TX,4110,18.84498128269239
TX,4111,19.608110001067335
TX,4112,20.771255704344462
TX,4113,21.726787573235
TX,4114,22.624529300893265
TX,4115,23.480592171688468
TX,4116,24.174299071658233
TX,4117,24.771763034972114
TX,4118,25.224146725070753
TX,4119,25.53350665054263
TX,4120,25.838629736348604
TX,4121,26.073001719596366
TX,4122,26.216873118841253
TX,4123,26.172804212420427
TX,4124,25.97398392660391
TX,4125,25.21573947890905
TX,4126,24.312140293711693
TX,4127,22.89675866353039
TX,4128,21.357859082777686
TX,4129,20.4218626808337
TX,4130,19.52968472404396
TX,4131,18.927863466287295
TX,4132,18.61134706755318
TX,4133,18.702318478812103
TX,4134,18.99572927039945
TX,4135,19.655215448252186
TX,4136,20.72017104647257
TX,4137,21.718480607234497
TX,4138,22.50026207840919
TX,4139,23.331536235088507
TX,4140,24.053935353272884
TX,4141,24.59562996029059
TX,4142,25.07333708047962
TX,4143,25.43703285787565
TX,4144,25.820158383867366
TX,4145,26.273105239413283
TX,4146,26.52651108357162
TX,4147,26.51968868699033
TX,4148,26.39151425753881
TX,4149,25.746930765801554
TX,4150,24.855192499950366
TX,4151,23.456923549903753
TX,4152,21.862737510225454
TX,4153,19.95202988417774
TX,4154,19.126288761193678
TX,4155,18.570419539223852
TX,4156,18.261392024758756
TX,4157,18.330882246619193
TX,4158,18.60833366025872
TX,4159,19.235953201075287
TX,4160,20.244599897383715
TX,4161,21.113857084517253
TX,4162,21.904112856099097
TX,4163,22.708583459216687
TX,4164,23.512467652542927
TX,4165,24.21784329433027
TX,4166,24.833037043559674
TX,4167,25.26641776566801
TX,4168,25.73066490225356
TX,4169,26.20809880607049
TX,4170,26.489126067122395
TX,4171,26.431107604505605
TX,4172,26.260638583792407
TX,4173,25.592098120853937
TX,4174,24.73222316420336
TX,4175,23.269761711208073
TX,4176,21.646307529677493
TX,4177,20.18702440449999
TX,4178,19.289018858567268
TX,4179,18.711169582129088
TX,4180,18.438983306707264
TX,4181,18.51868647370677
TX,4182,18.831127558760883
TX,4183,19.477750383858883
TX,4184,20.543107484894108
TX,4185,21.580872042533837
TX,4186,22.527684568029613
TX,4187,23.448565133099454
TX,4188,24.17286946940377
TX,4189,24.759754260329096
TX,4190,25.309797833232444
TX,4191,25.760366155339593
TX,4192,26.086348429895025
TX,4193,26.41284316750834
TX,4194,26.57206721132343
TX,4195,26.437181855242144
TX,4196,26.21514209453858
TX,4197,25.484559678703153
TX,4198,24.59541777602003
TX,4199,23.117982222106836
TX,4200,21.499904308161984
TX,4201,20.374942848051646
TX,4202,19.533137720690046
TX,4203,18.943553455012356
TX,4204,18.604429243235536
TX,4205,18.653474161452998
TX,4206,18.907627911984825
TX,4207,19.52171963290015
TX,4208,20.539350782907388
TX,4209,21.47905708705399
TX,4210,22.294912785598477
TX,4211,23.086763799388233
TX,4212,23.723625621223313
TX,4213,24.30852695339822
TX,4214,24.774925764766408
TX,4215,25.117941560913092
TX,4216,25.45712972068635
TX,4217,25.77470420626763
TX,4218,25.987298258068474
TX,4219,25.910993515617783
TX,4220,25.682654351343693
TX,4221,25.032979526241032
TX,4222,24.23233911680066
TX,4223,22.872165844886812
TX,4224,21.30700888489752
TX,4225,20.293901765981786
TX,4226,19.454108417459707
TX,4227,18.87641907553241
TX,4228,18.583324058675963
TX,4229,18.653810233656564
TX,4230,18.91245391383453
TX,4231,19.522687172189023
TX,4232,20.578078258147563
TX,4233,21.507211168066615
TX,4234,22.284090181555133
TX,4235,23.068601047820934
TX,4236,23.794626939051046
TX,4237,24.38955478221555
TX,4238,24.950665304792953
TX,4239,25.379737534410207
TX,4240,25.764454558416514
TX,4241,26.10405504391574
TX,4242,26.328072208694877
TX,4243,26.33095810646788
TX,4244,26.13756161818433
TX,4245,25.501652349045123
TX,4246,24.64820475570098
TX,4247,23.285773274021643
TX,4248,21.68042358941469
TX,4249,20.282163491020345
TX,4250,19.522599272511407
TX,4251,18.940434529476516
TX,4252,18.637150841202182
TX,4253,18.695050341377097
TX,4254,18.95763452974699
TX,4255,19.611187889128615
TX,4256,20.69285789764981
TX,4257,21.594563016324955
TX,4258,22.386778462824207
TX,4259,23.18488380205804
TX,4260,23.90298120649456
TX,4261,24.51359300526128
TX,4262,25.01055628580082
TX,4263,25.44851770671345
TX,4264,25.841930049627795
TX,4265,26.297405841001865
TX,4266,26.584200095317748
TX,4267,26.580935648752217
TX,4268,26.313280196706046
TX,4269,25.648518715595383
TX,4270,24.747351152216346
TX,4271,23.344121878780683
TX,4272,21.724489946430012
TX,4273,20.57653450142622
TX,4274,19.72652883065758
TX,4275,19.147147053708938
TX,4276,18.863400971432476
TX,4277,18.953424128759117
TX,4278,19.249532111396565
TX,4279,20.01404936467829
TX,4280,21.182818280524558
TX,4281,22.137775838401257
TX,4282,22.957235432475443
TX,4283,23.82578990673818
TX,4284,24.593689262459428
TX,4285,25.25733092230634
TX,4286,25.83907123932845
TX,4287,26.195189071683664
TX,4288,26.485396558773967
TX,4289,26.804495335042837
TX,4290,26.948960372408262
TX,4291,26.887558098821476
TX,4292,26.622947954496187
TX,4293,25.915389460954902
TX,4294,25.079055678389434
TX,4295,23.72388511687716
TX,4296,22.077515887749804
TX,4297,21.694891131609012
TX,4298,20.746485681149704
TX,4299,20.101840327993468
TX,4300,19.74772532787728
TX,4301,19.79963422164469
TX,4302,20.077030629204568
TX,4303,20.733697879787474
TX,4304,21.850108983340768
TX,4305,22.886627559652382
TX,4306,23.84374954269174
TX,4307,24.83935917114512
TX,4308,25.68313611081534
TX,4309,26.391709126344065
TX,4310,27.000174340685767
TX,4311,27.478891085968957
TX,4312,27.941409064054216
TX,4313,28.3677140727769
TX,4314,28.63731925185601
TX,4315,28.583723582736003
TX,4316,28.358988692033115
TX,4317,27.585931199488453
TX,4318,26.540294935569342
TX,4319,25.07300025805489
TX,4320,23.3965253824756
TX,4321,22.661806088070634
TX,4322,21.696666883735638
TX,4323,20.960018971156835
TX,4324,20.53873110670044
TX,4325,20.47230643833196
TX,4326,20.670844474926458
TX,4327,21.35113354434107
TX,4328,22.61903036003803
TX,4329,23.73251401812001
TX,4330,24.76705355151104
TX,4331,25.81397999683824
TX,4332,26.686380291469114
TX,4333,27.426136642055123
TX,4334,28.011191580441935
TX,4335,28.411760653086976
TX,4336,28.746113239552457
TX,4337,29.119998584243877
TX,4338,29.287653253922688
TX,4339,29.149900012513893
TX,4340,28.822856922890185
TX,4341,27.9210032718667
TX,4342,26.782865145041196
TX,4343,25.123464441131986
TX,4344,23.37977005614398
TX,4345,22.13215338823262
TX,4346,21.13779412608783
TX,4347,20.40712244810191
TX,4348,20.030199036491286
TX,4349,20.051179088700867
TX,4350,20.33162575256185
TX,4351,20.799622560371237
TX,4352,21.620622070494402
TX,4353,22.518104559877127
TX,4354,23.442640182430246
TX,4355,24.428188880727355
TX,4356,25.37087072328897
TX,4357,26.191190231780652
TX,4358,26.918327789560827
TX,4359,27.455248454788137
TX,4360,27.864127225506643
TX,4361,28.24987890650426
TX,4362,28.457997701540048
TX,4363,28.39652964226862
TX,4364,28.152120985458048
TX,4365,27.29559424524251
TX,4366,26.248745311670163
TX,4367,24.789172496096505
TX,4368,23.211595108547055
TX,4369,21.392380871442413
TX,4370,20.418901822078787
TX,4371,19.77479925219549
TX,4372,19.40452396087077
TX,4373,19.42464548965346
TX,4374,19.645024941699212
TX,4375,19.979708694317388
TX,4376,20.701838829380648
TX,4377,21.412613981188198
TX,4378,22.292469155905643
TX,4379,23.292659933140648
TX,4380,24.189277703485107
TX,4381,25.01030904405949
TX,4382,25.78790452081071
TX,4383,26.374017802251743
TX,4384,26.880629920471446
TX,4385,27.362435913771176
TX,4386,27.671481831354388
TX,4387,27.64796357708099
TX,4388,27.374541858297658
TX,4389,26.46002194306772
TX,4390,25.346275298185486
TX,4391,23.884244750945687
TX,4392,22.309670285848664
TX,4393,21.284651346603496
TX,4394,20.391375782713677
TX,4395,19.70309200711646
TX,4396,19.348694901378014
TX,4397,19.323543168591684
TX,4398,19.600730039484713
TX,4399,19.870743284943536
TX,4400,20.56695397886438
TX,4401,21.50966551167004
TX,4402,22.475564121287558
TX,4403,23.61760764505986
TX,4404,24.647726075056635
TX,4405,25.57558642886765
TX,4406,26.40917371240432
TX,4407,27.055303786968977
TX,4408,27.541010539591372
TX,4409,28.05711989025363
TX,4410,28.360457872286354
TX,4411,28.35007055797405
TX,4412,28.04836088525635
TX,4413,27.151517995252828
TX,4414,26.137279311489728
TX,4415,24.69422073901284
TX,4416,23.14670144957211
TX,4417,22.050579402734023
TX,4418,21.080661362201
TX,4419,20.405171524476454
TX,4420,19.94565494865143
TX,4421,19.874240328966433
TX,4422,20.00907537897083
TX,4423,20.271288591876935
TX,4424,20.852067161482587
TX,4425,21.6802277532059
TX,4426,22.823416340319845
TX,4427,24.009411224990124
TX,4428,24.990350265809095
TX,4429,25.77848091768412
TX,4430,26.508558112078124
TX,4431,27.069136018795945
TX,4432,27.5877905435592
TX,4433,28.114381522396393
TX,4434,28.456492963604244
TX,4435,28.423190746160717
TX,4436,28.189743806777855
TX,4437,27.282834522264963
TX,4438,26.24720841859537
TX,4439,24.83704381893961
TX,4440,23.435329618671645
TX,4441,21.012329289318878
TX,4442,20.07879700043279
TX,4443,19.404734485951753
TX,4444,19.077689424667824
TX,4445,19.131236093795245
TX,4446,19.485637267626966
TX,4447,19.880587519168866
TX,4448,20.62787424831695
TX,4449,21.65938353411174
TX,4450,22.772833507718563
TX,4451,23.96810402871222
TX,4452,24.979782257416044
TX,4453,25.849590238798783
TX,4454,26.620709437106424
TX,4455,27.136580739454605
TX,4456,27.575083000278276
TX,4457,28.01028463326075
TX,4458,28.253627446468176
TX,4459,28.156272667573564
TX,4460,27.80832898677326
TX,4461,26.830572389223285
TX,4462,25.745632174752416
TX,4463,24.199472240068097
TX,4464,22.62899712783622
TX,4465,22.357095808848584
TX,4466,21.38299338671534
TX,4467,20.617175610555208
TX,4468,20.198352454478446
TX,4469,20.157756630555134
TX,4470,20.39498441081352
TX,4471,20.858144424103184
TX,4472,21.802162833315688
TX,4473,22.751338592749086
TX,4474,23.78077352332625
TX,4475,24.8629571792566
TX,4476,25.85548552697507
TX,4477,26.701597618287167
TX,4478,27.412797474903407
TX,4479,27.880678449992317
TX,4480,28.292767610943507
TX,4481,28.645862975225846
TX,4482,28.820617156249057
TX,4483,28.75660732192796
TX,4484,28.45088227407621
TX,4485,27.576023080773698
TX,4486,26.574132348692643
TX,4487,25.084119411962906
TX,4488,23.428154992535383
TX,4489,22.169989946756406
TX,4490,21.218177114316394
TX,4491,20.512774797044475
TX,4492,20.09804926626929
TX,4493,20.076321893213162
TX,4494,20.371845688844807
TX,4495,20.784952061309347
TX,4496,21.67887266204446
TX,4497,22.71334678408436
TX,4498,23.724995735104343
TX,4499,24.78888582080504
TX,4500,25.806248406595792
TX,4501,26.68122174136869
TX,4502,27.46721843866201
TX,4503,28.056159883070595
TX,4504,28.4840146864737
TX,4505,28.935816051628738
TX,4506,29.1848517605068
TX,4507,29.085732561414748
TX,4508,28.837082573245027
TX,4509,27.920932741418927
TX,4510,26.84052719995135
TX,4511,25.304590547376474
TX,4512,23.66238401890049
TX,4513,22.04638720162187
TX,4514,21.170381779902993
TX,4515,20.4650822325312
TX,4516,20.105946184918864
TX,4517,20.10304462389185
TX,4518,20.401663916825033
TX,4519,20.849767603426354
TX,4520,21.657359668070264
TX,4521,22.60832831758667
TX,4522,23.62440732898144
TX,4523,24.657889222637387
TX,4524,25.629789406757265
TX,4525,26.46777855688189
TX,4526,27.184397715411446
TX,4527,27.726788601098967
TX,4528,28.172879354749323
TX,4529,28.601602103425517
TX,4530,28.85159637192102
TX,4531,28.797787546928454
TX,4532,28.51547691445797
TX,4533,27.57490960038163
TX,4534,26.381603631689384
TX,4535,24.814326052183127
TX,4536,23.10871611717392
TX,4537,21.37052784811508
TX,4538,20.41701759131573
TX,4539,19.74800718922952
TX,4540,19.36751873521614
TX,4541,19.374770983169462
TX,4542,19.65533970040088
TX,4543,20.000023434859074
TX,4544,20.81288408925024
TX,4545,21.66203778933064
TX,4546,22.684830358223092
TX,4547,23.751273827052565
TX,4548,24.68669779776529
TX,4549,25.57172986727214
TX,4550,26.37017154879866
TX,4551,27.002352513029383
TX,4552,27.55847243464825
TX,4553,28.110050536431206
TX,4554,28.466367402852093
TX,4555,28.48953631999834
TX,4556,28.227769128392307
TX,4557,27.29055350900551
TX,4558,26.196806996495393
TX,4559,24.68044322289369
TX,4560,23.072983092401483
TX,4561,21.5504363605719
TX,4562,20.668160550724757
TX,4563,19.982196684732205
TX,4564,19.587430807809362
TX,4565,19.62250745464174
TX,4566,19.895649613468404
TX,4567,20.30345661909311
TX,4568,21.15433840541604
TX,4569,22.011862893690697
TX,4570,23.010482833132517
TX,4571,24.1386671680874
TX,4572,25.122840140230917
TX,4573,26.010194970336876
TX,4574,26.766925296377497
TX,4575,27.34795691379716
TX,4576,27.88649781032788
TX,4577,28.417086853903058
TX,4578,28.73120729295618
TX,4579,28.75390490111091
TX,4580,28.435434012070875
TX,4581,27.46866161274349
TX,4582,26.415881897630285
TX,4583,24.87922855645768
TX,4584,23.25713234893216
TX,4585,21.676064366153646
TX,4586,20.69851863978646
TX,4587,19.99718309454026
TX,4588,19.614858563828253
TX,4589,19.646093685038355
TX,4590,19.96647102765954
TX,4591,20.418070923576426
TX,4592,21.24714890083482
TX,4593,22.049482323982726
TX,4594,22.962536059578607
TX,4595,23.898108523093928
TX,4596,24.86794468249414
TX,4597,25.691917487783904
TX,4598,26.421237568383386
TX,4599,26.971369786378833
TX,4600,27.46616053496232
TX,4601,27.89689220476518
TX,4602,28.18858223559298
TX,4603,28.14306677419333
TX,4604,27.840134705487095
TX,4605,26.905332276320756
TX,4606,25.8342439027457
TX,4607,24.3371167987784
TX,4608,22.781170082995445
TX,4609,21.64351203017069
TX,4610,20.697582556520086
TX,4611,20.0044782692906
TX,4612,19.625097867879802
TX,4613,19.6531269706809
TX,4614,20.060418001662075
TX,4615,20.537662647266497
TX,4616,21.373946577950548
TX,4617,22.236435972876258
TX,4618,23.122536536805036
TX,4619,24.14086277177136
TX,4620,25.04619359590919
TX,4621,25.866590493870806
TX,4622,26.622893471819584
TX,4623,27.133635235306958
TX,4624,27.63414958772426
TX,4625,28.103543823152883
TX,4626,28.42006636865559
TX,4627,28.438400474850244
TX,4628,28.14259835013599
TX,4629,27.214561271917056
TX,4630,26.123874897258396
TX,4631,24.53268247404507
TX,4632,22.9782004257824
TX,4633,21.682160112250603
TX,4634,20.751661902172646
TX,4635,20.079226725992285
TX,4636,19.751853686564047
TX,4637,19.785633928758987
TX,4638,20.148563204837696
TX,4639,20.544470699304632
TX,4640,21.269730667672007
TX,4641,22.194277558797374
TX,4642,23.201221231437632
TX,4643,24.291133948444596
TX,4644,25.289732322795704
TX,4645,26.125734333496034
TX,4646,26.908743518041295
TX,4647,27.486980514745106
TX,4648,27.957392625629062
TX,4649,28.445412001006773
TX,4650,28.772946744599658
TX,4651,28.730334050138417
TX,4652,28.39700710522209
TX,4653,27.327188618384213
TX,4654,26.153600895184322
TX,4655,24.580095653356345
TX,4656,22.9921942468529
TX,4657,21.502118127327027
TX,4658,20.53470689432123
TX,4659,19.844113275070015
TX,4660,19.49334710909757
TX,4661,19.53125500076937
TX,4662,19.88008096406113
TX,4663,20.30777034300319
TX,4664,21.067967241147084
TX,4665,22.139147652111333
TX,4666,23.269460922219153
TX,4667,24.44700487785938
TX,4668,25.457856562908436
TX,4669,26.318475121943315
TX,4670,27.096792340342542
TX,4671,27.678506145656392
TX,4672,28.142524873526664
TX,4673,28.595147482246258
TX,4674,28.809758546750945
TX,4675,28.71181002877783
TX,4676,28.381751046475323
TX,4677,27.375783497667374
TX,4678,26.269535402488174
TX,4679,24.70674574462707
TX,4680,23.096583985848433
TX,4681,22.368974604217485
TX,4682,21.36177580520333
TX,4683,20.623760132303957
TX,4684,20.211266913785433
TX,4685,20.24217548811015
TX,4686,20.55913742763604
TX,4687,21.09055868134223
TX,4688,22.016973116944936
TX,4689,23.075277121277328
TX,4690,24.188313834876258
TX,4691,25.310135039876922
TX,4692,26.3469926599732
TX,4693,27.256537229565424
TX,4694,28.030244729130818
TX,4695,28.544940189418234
TX,4696,28.940968264003015
TX,4697,29.3906917938495
TX,4698,29.595876218771956
TX,4699,29.39287557846988
TX,4700,29.01862388589133
TX,4701,28.022499983083055
TX,4702,26.907777430624463
TX,4703,25.320066771848936
TX,4704,23.659336312418745
TX,4705,22.385024436957863
TX,4706,21.429405539716754
TX,4707,20.690290542200984
TX,4708,20.298399754062377
TX,4709,20.309391205147392
TX,4710,20.564517961735465
TX,4711,20.962753017256073
TX,4712,21.758458376008473
TX,4713,22.677882489704302
TX,4714,23.6884976727777
TX,4715,24.77450563172865
TX,4716,25.77996530685768
TX,4717,26.681698379923358
TX,4718,27.44006383274084
TX,4719,28.019982638116172
TX,4720,28.471256777781825
TX,4721,28.906453820485225
TX,4722,29.162943725118193
TX,4723,29.119073063693058
TX,4724,28.83857187721809
TX,4725,27.96805772242107
TX,4726,26.955624965055815
TX,4727,25.459234361756117
TX,4728,23.815899150242068
TX,4729,22.386032877587926
TX,4730,21.476197779133372
TX,4731,20.743878053690917
TX,4732,20.33257237482436
TX,4733,20.321299095110653
TX,4734,20.622937847646078
TX,4735,21.01048030166034
TX,4736,21.827581734133737
TX,4737,22.69352022400993
TX,4738,23.735666006384225
TX,4739,24.860114349023856
TX,4740,25.86394462424744
TX,4741,26.74339458473251
TX,4742,27.526926565815778
TX,4743,28.05840154068906
TX,4744,28.514312795163267
TX,4745,28.95384759489965
TX,4746,29.246638188720468
TX,4747,29.19108339171631
TX,4748,28.96113815721063
TX,4749,28.05489678169992
TX,4750,26.994638258280666
TX,4751,25.41243669903497
TX,4752,23.78318310883429
TX,4753,21.84937008151405
TX,4754,20.871453904883573
TX,4755,20.203390895183244
TX,4756,19.830922561961255
TX,4757,19.87804649438352
TX,4758,20.21902277864356
TX,4759,20.70346777677797
TX,4760,21.42164798937737
TX,4761,22.1973232570586
TX,4762,23.206160194583873
TX,4763,24.309550808274928
TX,4764,25.32459201103376
TX,4765,26.224290613861633
TX,4766,26.992889241312643
TX,4767,27.57434392388481
TX,4768,28.132123362064643
TX,4769,28.713056034695732
TX,4770,29.103892498871936
TX,4771,29.166692324375898
TX,4772,28.955110567698895
TX,4773,28.128452107385588
TX,4774,27.109304749691518
TX,4775,25.550710149402025
TX,4776,23.888903947888547
TX,4777,22.334197474538048
TX,4778,21.3489401778975
TX,4779,20.621992011727762
TX,4780,20.2512391784711
TX,4781,20.263700403947155
TX,4782,20.65908762931832
TX,4783,21.177781448899914
TX,4784,21.89960559126763
TX,4785,22.751552848420655
TX,4786,23.752110270952116
TX,4787,24.878216800968747
TX,4788,25.938059481848363
TX,4789,26.855210618369433
TX,4790,27.64594066216997
TX,4791,28.191740913246
TX,4792,28.66117488814673
TX,4793,29.003781068395526
TX,4794,29.242973486584017
TX,4795,29.138627086448725
TX,4796,28.75872457193418
TX,4797,27.76447975794814
TX,4798,26.767274470441304
TX,4799,25.225373654091307
TX,4800,23.584517950074048
TX,4801,23.01471082670496
TX,4802,22.007000791745636
TX,4803,21.269323658579452
TX,4804,20.822994623978527
TX,4805,20.82649134247662
TX,4806,21.18346502616334
TX,4807,21.580048198157076
TX,4808,22.324369905932077
TX,4809,23.219506620442385
TX,4810,24.23062615627473
TX,4811,25.27980881966889
TX,4812,26.314390464540903
TX,4813,27.238908263440877
TX,4814,28.047921314713303
TX,4815,28.594129188791722
TX,4816,29.057102813338467
TX,4817,29.50002616509099
TX,4818,29.737481975959874
TX,4819,29.61243095023865
TX,4820,29.269091277114846
TX,4821,28.367111700915384
TX,4822,27.400671347932324
TX,4823,25.85673612186181
TX,4824,24.20889845019404
TX,4825,22.439759307661685
TX,4826,21.46326551082586
TX,4827,20.75581422848218
TX,4828,20.341872617386358
TX,4829,20.32714932072856
TX,4830,20.6136609708986
TX,4831,20.996469925628208
TX,4832,21.702263210021407
TX,4833,22.430655558061584
TX,4834,23.398226636598103
TX,4835,24.423118510315568
TX,4836,25.410922160826058
TX,4837,26.28921229678271
TX,4838,27.094458143081855
TX,4839,27.682899206471234
TX,4840,28.1254313999062
TX,4841,28.735741067933247
TX,4842,28.980264571419152
TX,4843,28.936472118366083
TX,4844,28.617420681253645
TX,4845,27.682060986133486
TX,4846,26.661949784859424
TX,4847,25.15572296903845
TX,4848,23.54427138915251
TX,4849,21.906313591114635
TX,4850,20.95126320794646
TX,4851,20.259040342526884
TX,4852,19.88272341039827
TX,4853,19.957691575213044
TX,4854,20.309429135197114
TX,4855,20.714019237971076
TX,4856,21.4077499272075
TX,4857,22.159480292942177
TX,4858,23.15222288608001
TX,4859,24.242874328192983
TX,4860,25.325584277042577
TX,4861,26.180692420299728
TX,4862,26.985480172514844
TX,4863,27.57924423561145
TX,4864,28.027101469343503
TX,4865,28.485057799132637
TX,4866,28.750552323890414
TX,4867,28.68666550942502
TX,4868,28.398496366849802
TX,4869,27.449184122862558
TX,4870,26.391258783408215
TX,4871,24.81311366391116
TX,4872,23.2020088087715
TX,4873,22.20613364921067
TX,4874,21.243681857794186
TX,4875,20.555010544017076
TX,4876,20.18843359402143
TX,4877,20.194776229066452
TX,4878,20.483637161663296
TX,4879,20.83601602445472
TX,4880,21.57054260359734
TX,4881,22.48143568654405
TX,4882,23.60800235176084
TX,4883,24.71934531931039
TX,4884,25.715037884029883
TX,4885,26.61941608910517
TX,4886,27.38327303553453
TX,4887,27.97505683093912
TX,4888,28.483752371317042
TX,4889,28.94500807850348
TX,4890,29.230432577363203
TX,4891,29.19418874509667
TX,4892,28.879609250151283
TX,4893,27.955955827962363
TX,4894,26.90602204158424
TX,4895,25.373463920827476
TX,4896,23.76655563015631
TX,4897,22.91361011911477
TX,4898,21.905529950256923
TX,4899,21.21862948337725
TX,4900,20.834309962496743
TX,4901,20.76661501847978
TX,4902,21.01069390554546
TX,4903,21.40950204414588
TX,4904,22.09442678700498
TX,4905,22.964613850538406
TX,4906,23.935249714537967
TX,4907,25.003008673616804
TX,4908,26.064920233343994
TX,4909,26.96706337006142
TX,4910,27.77032465796289
TX,4911,28.357837354565127
TX,4912,28.845485164263135
TX,4913,29.315003970347945
TX,4914,29.558470349724345
TX,4915,29.519611274613144
TX,4916,29.220474540999852
TX,4917,28.21303609767182
TX,4918,27.15044447351253
TX,4919,25.546507552874328
TX,4920,23.886274544230922
TX,4921,22.071952051327553
TX,4922,21.102292817487086
TX,4923,20.427956401025256
TX,4924,20.028337391754423
TX,4925,20.028080833840285
TX,4926,20.353623585630917
TX,4927,20.76886998771918
TX,4928,21.542643928880196
TX,4929,22.403651379861657
TX,4930,23.36737934710666
TX,4931,24.43488987042007
TX,4932,25.427659609789977
TX,4933,26.299429931751394
TX,4934,27.097514641001545
TX,4935,27.699699449181715
TX,4936,28.181792719957617
TX,4937,28.628693444376005
TX,4938,28.925415609132568
TX,4939,28.868265340020017
TX,4940,28.55338479311804
TX,4941,27.60871438104121
TX,4942,26.614605653810013
TX,4943,25.030949005179167
TX,4944,23.444517920580076
TX,4945,22.57700053406473
TX,4946,21.61617348135285
TX,4947,20.946425726156765
TX,4948,20.571817525874657
TX,4949,20.607021586275277
TX,4950,20.99565515083392
TX,4951,21.482410862570372
TX,4952,22.25019212635432
TX,4953,23.16242266764288
TX,4954,24.237697845059056
TX,4955,25.384388132782362
TX,4956,26.460163569622964
TX,4957,27.362498755272487
TX,4958,28.16419975857399
TX,4959,28.73505259792303
TX,4960,29.213204631479293
TX,4961,29.67020948468517
TX,4962,29.96324142076724
TX,4963,29.87018225343067
TX,4964,29.52934538630096
TX,4965,28.537790594951243
TX,4966,27.380875859415212
TX,4967,25.748904679367428
TX,4968,24.10198512656921
TX,4969,22.734492732802824
TX,4970,21.726271860024532
TX,4971,20.985706043540052
TX,4972,20.59493100783696
TX,4973,20.604210032415736
TX,4974,20.942979562624284
TX,4975,21.392827077684732
TX,4976,22.151319993553827
TX,4977,23.047530957757317
TX,4978,23.962211375097894
TX,4979,24.9827781701314
TX,4980,25.954645951679854
TX,4981,26.794532933973713
TX,4982,27.518525027441115
TX,4983,27.984196412518358
TX,4984,28.373508900455437
TX,4985,28.73789482624163
TX,4986,28.999317727957365
TX,4987,29.001050382211137
TX,4988,28.790530311752313
TX,4989,27.970915709503007
TX,4990,27.05353879678693
TX,4991,25.54462574424671
TX,4992,23.95085026203601
TX,4993,22.072851148954456
TX,4994,21.10214379392604
TX,4995,20.349276585990303
TX,4996,19.966986084925356
TX,4997,19.97835176269427
TX,4998,20.32690116910313
TX,4999,20.708765986020033
TX,5000,21.325129489031422
TX,5001,22.104829926914533
TX,5002,23.09891088893697
TX,5003,24.145737733924857
TX,5004,25.101928974392344
TX,5005,25.959949527028858
TX,5006,26.71010211029915
TX,5007,27.270751219410652
TX,5008,27.689409920552155
TX,5009,28.071658498199536
TX,5010,28.243064924397935
TX,5011,28.123434828837176
TX,5012,27.809622947752654
TX,5013,26.92552497540802
TX,5014,26.022592958131742
TX,5015,24.546225475441407
TX,5016,22.98375706769787
TX,5017,22.363602750243057
TX,5018,21.38842375748379
TX,5019,20.692816354629613
TX,5020,20.311118202907394
TX,5021,20.32416701408034
TX,5022,20.620442527936845
TX,5023,20.995085692522057
TX,5024,21.684588906321515
TX,5025,22.691133417174317
TX,5026,23.847513274895896
TX,5027,24.963496264886917
TX,5028,25.957551826873306
TX,5029,26.801287098065586
TX,5030,27.55880597233524
TX,5031,28.135685033742604
TX,5032,28.54458744604466
TX,5033,28.92414682962794
TX,5034,29.144186063771553
TX,5035,29.045179299139818
TX,5036,28.657140387479647
TX,5037,27.602802791693826
TX,5038,26.411924746790003
TX,5039,24.849573900460918
TX,5040,23.24378517157701
TX,5041,21.80363612078258
TX,5042,20.876026482152533
TX,5043,20.214040102164535
TX,5044,19.832258736014168
TX,5045,19.846946595964916
TX,5046,20.13413095945809
TX,5047,20.458975192685504
TX,5048,21.15696637332323
TX,5049,22.16694815282229
TX,5050,23.309707602680685
TX,5051,24.481039304937333
TX,5052,25.461192543461436
TX,5053,26.341272781068042
TX,5054,27.098138944612742
TX,5055,27.652701218611508
TX,5056,28.17933419543053
TX,5057,28.688213138475717
TX,5058,28.988329619700732
TX,5059,28.93320253089434
TX,5060,28.584043938409483
TX,5061,27.566351825196648
TX,5062,26.46428080524708
TX,5063,24.888068969550194
TX,5064,23.204388331194604
TX,5065,21.75055174146302
TX,5066,20.8277873972671
TX,5067,20.1627919693689
TX,5068,19.75894523851933
TX,5069,19.760531731105253
TX,5070,20.067906896380762
TX,5071,20.36361563233331
TX,5072,21.115979357328285
TX,5073,22.044999424480874
TX,5074,23.06023010579578
TX,5075,24.140041639342375
TX,5076,25.127076689794723
TX,5077,26.033647971322853
TX,5078,26.857382755894562
TX,5079,27.501731749623282
TX,5080,28.036978871804802
TX,5081,28.576690023264057
TX,5082,28.930576432922518
TX,5083,28.886541813941523
TX,5084,28.54407086990209
TX,5085,27.579925650949235
TX,5086,26.493105416848355
TX,5087,24.903449519682628
TX,5088,23.255413747825205
TX,5089,20.73086690349321
TX,5090,19.87667086182151
TX,5091,19.29644655825788
TX,5092,18.985647570821957
TX,5093,19.111896948824477
TX,5094,19.667617110013275
TX,5095,20.283666571865844
TX,5096,20.87271785214619
TX,5097,21.643845311065732
TX,5098,22.554690884183003
TX,5099,23.608477659808226
TX,5100,24.580443810745756
TX,5101,25.39281708538298
TX,5102,26.142504535963944
TX,5103,26.782708227147154
TX,5104,27.315280915350442
TX,5105,27.79415935693811
TX,5106,28.104281745856188
TX,5107,28.15032703275301
TX,5108,27.723001158924028
TX,5109,26.722787649588042
TX,5110,25.461811690296415
TX,5111,23.7987774837535
TX,5112,22.315985763812463
TX,5113,21.008418446682963
TX,5114,20.108251695607148
TX,5115,19.527351845073646
TX,5116,19.25675040117328
TX,5117,19.405246855124933
TX,5118,20.012978188287406
TX,5119,20.679435444621255
TX,5120,21.325079334576948
TX,5121,22.14668968884759
TX,5122,23.146399368940713
TX,5123,24.214310593325102
TX,5124,25.190889680248986
TX,5125,26.08623038629217
TX,5126,26.881457164082555
TX,5127,27.460881921332554
TX,5128,27.902410665917717
TX,5129,28.283310375822705
TX,5130,28.50041892795396
TX,5131,28.44662682833909
TX,5132,27.981805829094725
TX,5133,26.958811479175235
TX,5134,25.71934744009167
TX,5135,24.040126889574598
TX,5136,22.552140320097713
TX,5137,21.609604594025004
TX,5138,20.696368655878832
TX,5139,20.076486302253674
TX,5140,19.74983432904671
TX,5141,19.839330323737776
TX,5142,20.413500856509845
TX,5143,21.038778897434142
TX,5144,21.65312261686111
TX,5145,22.559555036160337
TX,5146,23.50312163011705
TX,5147,24.572921170230206
TX,5148,25.55215375930017
TX,5149,26.409784197447667
TX,5150,27.17628065801599
TX,5151,27.749315955966143
TX,5152,28.222977373249233
TX,5153,28.60370894878661
TX,5154,28.79073954117162
TX,5155,28.734781103138157
TX,5156,28.304571724551046
TX,5157,27.31084175046079
TX,5158,26.098034926886598
TX,5159,24.457397224648055
TX,5160,22.943374720222522
TX,5161,22.00354148197094
TX,5162,21.065419456695526
TX,5163,20.413842593742512
TX,5164,20.055238207277
TX,5165,20.105177821584512
TX,5166,20.65468968005588
TX,5167,21.227766372222142
TX,5168,21.849231944652725
TX,5169,22.587183476010715
TX,5170,23.381943885260455
TX,5171,24.38403522705348
TX,5172,25.361014867247963
TX,5173,26.22343899571861
TX,5174,27.00968253121426
TX,5175,27.65804274042303
TX,5176,28.14231510254266
TX,5177,28.563542282339856
TX,5178,28.816416951497633
TX,5179,28.823386331779556
TX,5180,28.423804791012056
TX,5181,27.519395488768378
TX,5182,26.310568149929384
TX,5183,24.7104629816726
TX,5184,23.225273214644293
TX,5185,21.888651365626526
TX,5186,20.97637836466956
TX,5187,20.31028307424438
TX,5188,19.963361230950436
TX,5189,20.040603158097134
TX,5190,20.612531222592047
TX,5191,21.231596592335478
TX,5192,21.8869341578462
TX,5193,22.59250634566567
TX,5194,23.37537590539216
TX,5195,24.406874370076075
TX,5196,25.492833903023385
TX,5197,26.376472095661313
TX,5198,27.16825307518916
TX,5199,27.733893953987263
TX,5200,28.23374665171214
TX,5201,28.630342058206384
TX,5202,28.84774831242734
TX,5203,28.813684334647892
TX,5204,28.418354786810273
TX,5205,27.472193262587616
TX,5206,26.24030067676293
TX,5207,24.696481158614045
TX,5208,23.230652251595647
TX,5209,21.578457251875605
TX,5210,20.700535400635477
TX,5211,20.0799881457532
TX,5212,19.73134332371141
TX,5213,19.744348087157352
TX,5214,20.25249187974738
TX,5215,20.81565919473155
TX,5216,21.410955986443224
TX,5217,22.07818955833086
TX,5218,22.93099174167184
TX,5219,23.902903699400795
TX,5220,24.87976399474662
TX,5221,25.698092981860224
TX,5222,26.40523914069368
TX,5223,26.970872063549542
TX,5224,27.46800726739527
TX,5225,27.91018196664103
TX,5226,28.183246452840617
TX,5227,28.152857999779034
TX,5228,27.662564795506363
TX,5229,26.71074579848345
TX,5230,25.498501875502285
TX,5231,23.888725526684944
TX,5232,22.417650552709322
TX,5233,20.84571037859834
TX,5234,20.017424554760865
TX,5235,19.428414495401217
TX,5236,19.13209682122561
TX,5237,19.233501726581547
TX,5238,19.79855371523806
TX,5239,20.38128562839101
TX,5240,20.859469854927383
TX,5241,21.50808142895863
TX,5242,22.2994289081639
TX,5243,23.291625769812836
TX,5244,24.262907375255644
TX,5245,25.093443557600256
TX,5246,25.85500155928896
TX,5247,26.448906523248763
TX,5248,26.926210948734955
TX,5249,27.41813359225095
TX,5250,27.718672216055772
TX,5251,27.748416804594335
TX,5252,27.347032353742144
TX,5253,26.354013648027394
TX,5254,25.131611143989414
TX,5255,23.577881824197746
TX,5256,22.103372307199123
TX,5257,21.21966786062612
TX,5258,20.382226480366377
TX,5259,19.78398076573843
TX,5260,19.455849273889637
TX,5261,19.560174067285107
TX,5262,20.128188881076593
TX,5263,20.76997639576161
TX,5264,21.275460585392892
TX,5265,21.777400268459264
TX,5266,22.570326131702544
TX,5267,23.6066391923715
TX,5268,24.673305551323423
TX,5269,25.60016057387457
TX,5270,26.430978125334004
TX,5271,27.06097690428575
TX,5272,27.597947210924765
TX,5273,28.06590897788785
TX,5274,28.352176643760732
TX,5275,28.412927393200974
TX,5276,27.98065106311443
TX,5277,27.09475721342299
TX,5278,25.902824253322276
TX,5279,24.282931470212166
TX,5280,22.812276851109818
TX,5281,21.705438604301637
TX,5282,20.82111755803346
TX,5283,20.188650412924922
TX,5284,19.856615228965527
TX,5285,19.96237588348666
TX,5286,20.590543752079586
TX,5287,21.266496156336363
TX,5288,21.875269719496973
TX,5289,22.6882399694087
TX,5290,23.663911577636604
TX,5291,24.712752774227926
TX,5292,25.661061853222613
TX,5293,26.422234265116042
TX,5294,27.1455235569699
TX,5295,27.681304500930292
TX,5296,28.100586418166575
TX,5297,28.501444198274385
TX,5298,28.78517137589881
TX,5299,28.78135441847858
TX,5300,28.354244957328287
TX,5301,27.359373372166306
TX,5302,26.13781998503256
TX,5303,24.53768487633075
TX,5304,23.014652479947557
TX,5305,20.787627418062023
TX,5306,19.937822048416272
TX,5307,19.36788432593909
TX,5308,19.080715337063236
TX,5309,19.219106332224737
TX,5310,19.859494406343682
TX,5311,20.47830642407176
TX,5312,20.93394226725686
TX,5313,21.5695560124691
TX,5314,22.425558663854872
TX,5315,23.49952836326606
TX,5316,24.480087131925913
TX,5317,25.29925434328353
TX,5318,26.002964987890373
TX,5319,26.561424198233603
TX,5320,26.99833591240989
TX,5321,27.43569212771307
TX,5322,27.673559544612527
TX,5323,27.60855789357567
TX,5324,27.176358364189085
TX,5325,26.202872452480836
TX,5326,25.031626568534396
TX,5327,23.4581899913157
TX,5328,22.013729252671016
TX,5329,20.97876066200893
TX,5330,20.09818738330513
TX,5331,19.52322678564102
TX,5332,19.20617735497046
TX,5333,19.30051537883055
TX,5334,19.915320470799465
TX,5335,20.524184277971464
TX,5336,21.066155782401935
TX,5337,21.698510960569607
TX,5338,22.598049773242423
TX,5339,23.792280855930176
TX,5340,24.8302433408489
TX,5341,25.716587218096738
TX,5342,26.504044382927564
TX,5343,27.10530051176421
TX,5344,27.548058281942694
TX,5345,27.977695312328333
TX,5346,28.20895804863287
TX,5347,28.170924546596837
TX,5348,27.63805803020538
TX,5349,26.55374525211664
TX,5350,25.307124224611126
TX,5351,23.686436909972684
TX,5352,22.206106742482124
TX,5353,21.44753611758239
TX,5354,20.585478272269846
TX,5355,19.945577361906313
TX,5356,19.631066153024012
TX,5357,19.717644431261842
TX,5358,20.255874450745072
TX,5359,20.86546881408407
TX,5360,21.414358213101025
TX,5361,22.05662582313875
TX,5362,22.975391884026195
TX,5363,23.996907184777026
TX,5364,24.935108385915093
TX,5365,25.71942630497697
TX,5366,26.43870762771167
TX,5367,26.99302098504679
TX,5368,27.465915410556914
TX,5369,27.852327058191015
TX,5370,28.03083251937441
TX,5371,27.937659974613474
TX,5372,27.385342684553493
TX,5373,26.410835580793698
TX,5374,25.24728666652496
TX,5375,23.73502804869194
TX,5376,22.285606784637302
TX,5377,21.456567252652153
TX,5378,20.578936043039658
TX,5379,19.993919135450266
TX,5380,19.639008040524466
TX,5381,19.69607574329532
TX,5382,20.18357928320929
TX,5383,20.66818529208516
TX,5384,21.102386762989344
TX,5385,21.656880220469347
TX,5386,22.36189197118947
TX,5387,23.238669290811842
TX,5388,24.072759037174816
TX,5389,24.840815823432166
TX,5390,25.52555997583416
TX,5391,26.02734893619161
TX,5392,26.457727104062013
TX,5393,26.8104376756372
TX,5394,26.99451842346436
TX,5395,26.87618000946074
TX,5396,26.499748263934098
TX,5397,25.71933500568299
TX,5398,24.65195219667346
TX,5399,23.17115100241263
TX,5400,21.771944853457008
TX,5401,20.246135113392047
TX,5402,19.473126918105045
TX,5403,18.942388948778255
TX,5404,18.66728645208195
TX,5405,18.781134298269844
TX,5406,19.36577450424218
TX,5407,19.92702062213885
TX,5408,20.39158863211889
TX,5409,20.808534287633535
TX,5410,21.40361957116981
TX,5411,22.17532006828364
TX,5412,22.96824963433685
TX,5413,23.678806973230383
TX,5414,24.35554000667056
TX,5415,24.893868042974212
TX,5416,25.366354773485348
TX,5417,25.84478465137792
TX,5418,26.168315696725433
TX,5419,26.202030811335884
TX,5420,25.83267758995129
TX,5421,24.93791694096272
TX,5422,23.92964320522608
TX,5423,22.54298201469119
TX,5424,21.25191274535382
TX,5425,20.669439736137658
TX,5426,19.863763707588188
TX,5427,19.259482158577022
TX,5428,18.941904685352192
TX,5429,19.043852522821194
TX,5430,19.603873161859557
TX,5431,20.21311423012592
TX,5432,20.800518510190063
TX,5433,21.358439980045645
TX,5434,22.092955839464544
TX,5435,23.015627526143764
TX,5436,23.912281461247787
TX,5437,24.674093144952206
TX,5438,25.370990472496768
TX,5439,25.915295361610564
TX,5440,26.378089831274185
TX,5441,26.827008822389963
TX,5442,27.130965541860764
TX,5443,27.151382163091238
TX,5444,26.755106063990358
TX,5445,25.915920940333873
TX,5446,24.7941820411502
TX,5447,23.302648662952826
TX,5448,21.89525356731699
TX,5449,21.05350674103068
TX,5450,20.20703171428287
TX,5451,19.617107690575427
TX,5452,19.319203826729872
TX,5453,19.459433175107144
TX,5454,20.067148850251865
TX,5455,20.77456275672918
TX,5456,21.407186353345256
TX,5457,22.032494241283832
TX,5458,22.94322518324771
TX,5459,23.939432060512047
TX,5460,24.945740708668975
TX,5461,25.76532884042484
TX,5462,26.58610974371259
TX,5463,27.20920427168844
TX,5464,27.684442270757923
TX,5465,28.082371511036108
TX,5466,28.298725003046847
TX,5467,28.245047365240975
TX,5468,27.720076339317053
TX,5469,26.71390491497168
TX,5470,25.438017421610425
TX,5471,23.836481971367096
TX,5472,22.365609786573753
TX,5473,21.113043695618174
TX,5474,20.231888743257223
TX,5475,19.627812746509957
TX,5476,19.318796454960275
TX,5477,19.41430582082962
TX,5478,19.97105517212448
TX,5479,20.58002295492661
TX,5480,21.033163156708028
TX,5481,21.60900553811408
TX,5482,22.45948329202391
TX,5483,23.510677498584027
TX,5484,24.46942538122462
TX,5485,25.306147127051254
TX,5486,26.055739729734736
TX,5487,26.63524493631059
TX,5488,27.102390223192348
TX,5489,27.51321002349891
TX,5490,27.718077201929656
TX,5491,27.66385348349827
TX,5492,27.196981012469422
TX,5493,26.30103801644404
TX,5494,25.113908974486808
TX,5495,23.564787116296365
TX,5496,22.136328863067433
TX,5497,20.683561033991328
TX,5498,19.86087405659471
TX,5499,19.28577519579831
TX,5500,18.987845904217643
TX,5501,19.083514939599674
TX,5502,19.647899351332565
TX,5503,20.218854624474442
TX,5504,20.62214771622107
TX,5505,21.054179730081934
TX,5506,21.802646526949616
TX,5507,22.78725865346785
TX,5508,23.684471272422112
TX,5509,24.46288074062772
TX,5510,25.181192045241204
TX,5511,25.740333308669488
TX,5512,26.182947332966357
TX,5513,26.591276973860523
TX,5514,26.869068337412028
TX,5515,26.80324437086444
TX,5516,26.35426459252677
TX,5517,25.53990774836322
TX,5518,24.501462064539272
TX,5519,23.06617463849911
TX,5520,21.700427055032023
TX,5521,20.843267730342962
TX,5522,20.01027990922235
TX,5523,19.4149213479647
TX,5524,19.10059155817971
TX,5525,19.193684863800925
TX,5526,19.752458819147332
TX,5527,20.402644671231588
TX,5528,20.85509909135384
TX,5529,21.32307187066374
TX,5530,21.959601075581222
TX,5531,22.968527465739665
TX,5532,23.9893852499967
TX,5533,24.82997314814555
TX,5534,25.600165426128697
TX,5535,26.206112140152896
TX,5536,26.67224420621242
TX,5537,27.080911269133857
TX,5538,27.330734145921898
TX,5539,27.315254704955173
TX,5540,26.872563639926913
TX,5541,26.01031700205036
TX,5542,24.920863621943653
TX,5543,23.45779743510372
TX,5544,22.082764034414463
TX,5545,21.284282333227353
TX,5546,20.388873562093742
TX,5547,19.76698474558631
TX,5548,19.404893474677113
TX,5549,19.476654448086293
TX,5550,19.99599160021078
TX,5551,20.554929224819727
TX,5552,21.026048378548396
TX,5553,21.52263188238769
TX,5554,22.277682018013447
TX,5555,23.343583746634845
TX,5556,24.309681852631414
TX,5557,25.117882528712514
TX,5558,25.845911107740786
TX,5559,26.408039303957718
TX,5560,26.862449336432093
TX,5561,27.273334251385965
TX,5562,27.508203620333223
TX,5563,27.46230968994248
TX,5564,27.01159129799826
TX,5565,26.125599909046496
TX,5566,24.95509348470203
TX,5567,23.443210740044822
TX,5568,22.052237514630978
TX,5569,20.698744280908482
TX,5570,19.847779310986603
TX,5571,19.243894844001233
TX,5572,18.941220314337585
TX,5573,19.035482632359034
TX,5574,19.604803379026396
TX,5575,20.163286992734434
TX,5576,20.5914374022403
TX,5577,20.96332991217532
TX,5578,21.547625746355344
TX,5579,22.428553425148678
TX,5580,23.362732741808756
TX,5581,24.155738664204335
TX,5582,24.87323385217782
TX,5583,25.479838020681658
TX,5584,25.96711690863918
TX,5585,26.42419547762795
TX,5586,26.697790050711777
TX,5587,26.712555729490834
TX,5588,26.18785449474426
TX,5589,25.278357684332033
TX,5590,24.187409511972948
TX,5591,22.723362951784836
TX,5592,21.407688326626012
TX,5593,20.54272619545022
TX,5594,19.719177114772453
TX,5595,19.151718609172274
TX,5596,18.8685918551953
TX,5597,18.98819980840299
TX,5598,19.60415350497492
TX,5599,20.25552464459535
TX,5600,20.72883817901254
TX,5601,21.241507025828934
TX,5602,22.000754273483924
TX,5603,23.071162684014567
TX,5604,24.1110964121904
TX,5605,24.994045117739194
TX,5606,25.78957715633897
TX,5607,26.45132715638146
TX,5608,26.974885273032026
TX,5609,27.440946497571538
TX,5610,27.751144143155862
TX,5611,27.75020713685968
TX,5612,27.256044514345746
TX,5613,26.417184895451832
TX,5614,25.27613720468607
TX,5615,23.730834751451663
TX,5616,22.325107786167212
TX,5617,21.311839689806423
TX,5618,20.440107371070976
TX,5619,19.825583389952307
TX,5620,19.501654926621853
TX,5621,19.613229243958767
TX,5622,20.290684831134843
TX,5623,21.035187129280718
TX,5624,21.593899699465265
TX,5625,22.173296513624116
TX,5626,22.95573715395817
TX,5627,24.002256753690986
TX,5628,25.023900574650273
TX,5629,25.9491379416231
TX,5630,26.791535605945928
TX,5631,27.420571392707057
TX,5632,27.905000387715138
TX,5633,28.34067805744097
TX,5634,28.567308537306637
TX,5635,28.503754463384617
TX,5636,27.98438925282499
TX,5637,27.12171338153118
TX,5638,25.951652713499943
TX,5639,24.3563834820258
TX,5640,22.883121195137484
TX,5641,21.732271791537638
TX,5642,20.843142829695395
TX,5643,20.21155437999288
TX,5644,19.88767635355877
TX,5645,19.973214969371348
TX,5646,20.57390399974532
TX,5647,21.227471551936873
TX,5648,21.70239950091471
TX,5649,22.25866947275749
TX,5650,23.223290559877537
TX,5651,24.3263184490741
TX,5652,25.386240163188354
TX,5653,26.304872347092722
TX,5654,27.13841190523422
TX,5655,27.766192662984643
TX,5656,28.222658776098136
TX,5657,28.56462433553241
TX,5658,28.770537764719528
TX,5659,28.68196330093983
TX,5660,28.090125994615633
TX,5661,27.13921146713627
TX,5662,25.930015473433087
TX,5663,24.340060782893392
TX,5664,22.889635136910876
TX,5665,21.790122689260897
TX,5666,20.898845364384997
TX,5667,20.257350406756075
TX,5668,19.906076317682345
TX,5669,19.96898485435994
TX,5670,20.49478074680339
TX,5671,21.098729498596203
TX,5672,21.6306644850464
TX,5673,22.34796941726785
TX,5674,23.27833220867779
TX,5675,24.399314694326
TX,5676,25.440435444981805
TX,5677,26.373874519085422
TX,5678,27.197957873806235
TX,5679,27.815075540083495
TX,5680,28.250163723325556
TX,5681,28.67243441362497
TX,5682,28.89035663439463
TX,5683,28.80089610274718
TX,5684,28.259342580814828
TX,5685,27.287478347618872
TX,5686,26.06460441053995
TX,5687,24.450874378841995
TX,5688,22.96044161431147
TX,5689,21.39414101083075
TX,5690,20.523896148659432
TX,5691,19.910925840423165
TX,5692,19.59094181188616
TX,5693,19.673609488761457
TX,5694,20.226951887040528
TX,5695,20.886138544237472
TX,5696,21.328148554988914
TX,5697,21.84877572009034
TX,5698,22.625892345314575
TX,5699,23.645310310405765
TX,5700,24.575151670244423
TX,5701,25.395463240142693
TX,5702,26.096332442354317
TX,5703,26.60680289544497
TX,5704,26.98628493784432
TX,5705,27.397078877752687
TX,5706,27.60255613840066
TX,5707,27.54489443459192
TX,5708,27.06770049412117
TX,5709,26.25120446348833
TX,5710,25.10756171756911
TX,5711,23.629491143156077
TX,5712,22.275274934793877
TX,5713,20.68450567627766
TX,5714,19.8646649998464
TX,5715,19.296908618090786
TX,5716,18.994741507358277
TX,5717,19.080087947395217
TX,5718,19.667771298195785
TX,5719,20.23496904887525
TX,5720,20.664239026786685
TX,5721,21.20580344971468
TX,5722,21.979665210402317
TX,5723,22.900308724176497
TX,5724,23.926311314910567
TX,5725,24.70114649827712
TX,5726,25.385781223773968
TX,5727,25.916720865269617
TX,5728,26.32507407562682
TX,5729,26.73576518612933
TX,5730,27.0037574325386
TX,5731,26.967404741982637
TX,5732,26.475962522388382
TX,5733,25.69913884223859
TX,5734,24.57865468136134
TX,5735,23.083826797087376
TX,5736,21.71527723780079
TX,5737,20.846171911946335
TX,5738,20.013668530246516
TX,5739,19.460277987164897
TX,5740,19.13155583863839
TX,5741,19.210280440032186
TX,5742,19.7037542919446
TX,5743,20.28813434123435
TX,5744,20.74289607201431
TX,5745,21.344972192052218
TX,5746,22.149735907143267
TX,5747,23.179240036829956
TX,5748,24.1838039090852
TX,5749,25.007270543969145
TX,5750,25.714427728696002
TX,5751,26.22951278088793
TX,5752,26.70285333126113
TX,5753,27.08088952392346
TX,5754,27.29959022827625
TX,5755,27.22386089285756
TX,5756,26.701574701292827
TX,5757,25.879787526051036
TX,5758,24.78508212719555
TX,5759,23.320986446966188
TX,5760,21.94700966516245
TX,5761,20.44914780669825
TX,5762,19.59172865455865
TX,5763,19.025861190779175
TX,5764,18.73942972831549
TX,5765,18.86285165154557
TX,5766,19.42195957789164
TX,5767,20.11354635488069
TX,5768,20.58294958189833
TX,5769,21.038946848185095
TX,5770,21.59076476010269
TX,5771,22.453555653902683
TX,5772,23.325216575645328
TX,5773,24.134880162268864
TX,5774,24.882018205410084
TX,5775,25.43187997125188
TX,5776,25.852645186062777
TX,5777,26.230447738000183
TX,5778,26.388718706130323
TX,5779,26.315818447269784
TX,5780,25.8987684726959
TX,5781,25.24032668054559
TX,5782,24.216069449800287
TX,5783,22.76423303282179
TX,5784,21.37334546840594
TX,5785,19.961932112935223
TX,5786,19.17965713281372
TX,5787,18.67190975612516
TX,5788,18.425109481526395
TX,5789,18.580097231368303
TX,5790,19.259333003991593
TX,5791,19.99920308808278
TX,5792,20.408408038891825
TX,5793,20.702450068676193
TX,5794,21.28239500295009
TX,5795,22.132192175440693
TX,5796,22.981526412497622
TX,5797,23.767977352770007
TX,5798,24.48036843521218
TX,5799,25.027873761036016
TX,5800,25.471171503945552
TX,5801,25.828112806037268
TX,5802,26.033249820744857
TX,5803,25.9550911775134
TX,5804,25.444898855190438
TX,5805,24.742732631309096
TX,5806,23.68461845323773
TX,5807,22.210229025621576
TX,5808,20.85776804936895
TX,5809,20.634673992440074
TX,5810,19.78697073974679
TX,5811,19.20186195572782
TX,5812,18.930303138165836
TX,5813,19.055223555748565
TX,5814,19.672444251764638
TX,5815,20.343959071160373
TX,5816,20.726511213754257
TX,5817,21.27378013600827
TX,5818,22.174031005364526
TX,5819,23.276171346643096
TX,5820,24.30764930230398
TX,5821,25.15520701409378
TX,5822,25.871006960348105
TX,5823,26.407196914512145
TX,5824,26.859831066633323
TX,5825,27.207407910672767
TX,5826,27.356913737688387
TX,5827,27.21398237776291
TX,5828,26.616334561049495
TX,5829,25.787148720207675
TX,5830,24.61013509720088
TX,5831,23.072700406906826
TX,5832,21.71992106078941
TX,5833,19.797611039772878
TX,5834,19.14218286011388
TX,5835,18.64999487329913
TX,5836,18.42054219646238
TX,5837,18.539458100849338
TX,5838,19.20858449401576
TX,5839,20.21470304782165
TX,5840,20.901940172328313
TX,5841,21.337379094822136
TX,5842,22.05385435214438
TX,5843,22.78761509882756
TX,5844,23.472730302721104
TX,5845,24.14578722471496
TX,5846,24.803317034466335
TX,5847,25.297533972124125
TX,5848,25.741902532014855
TX,5849,26.18484815214076
TX,5850,26.591272191467798
TX,5851,26.501199423332316
TX,5852,25.899227806032286
TX,5853,24.96835961120403
TX,5854,23.63840364190165
TX,5855,22.222375816518944
TX,5856,20.963439069451628
TX,5857,19.61938699098293
TX,5858,18.93647628430753
TX,5859,18.4592983947815
TX,5860,18.232065461025332
TX,5861,18.328008158627775
TX,5862,18.95008268769858
TX,5863,19.888174456734504
TX,5864,20.494038811043893
TX,5865,20.937879299691932
TX,5866,21.584932393161854
TX,5867,22.36157820877394
TX,5868,23.127395533605398
TX,5869,23.833792231197382
TX,5870,24.467992356023444
TX,5871,24.999240475239603
TX,5872,25.41402052401636
TX,5873,25.827218689975457
TX,5874,26.216674215811803
TX,5875,26.1356050153711
TX,5876,25.574105158222437
TX,5877,24.642136422244885
TX,5878,23.337043159339736
TX,5879,21.95748261152522
TX,5880,20.659744985800213
TX,5881,19.406311840603237
TX,5882,18.764258567405435
TX,5883,18.306508947920427
TX,5884,18.07757983070658
TX,5885,18.190930446429654
TX,5886,18.801018513894192
TX,5887,19.75406413633116
TX,5888,20.428981815015124
TX,5889,20.829983279477077
TX,5890,21.402039103540393
TX,5891,22.066717333025355
TX,5892,22.695872917125374
TX,5893,23.28944022905185
TX,5894,23.810803585124397
TX,5895,24.198987015626187
TX,5896,24.541994907529407
TX,5897,24.94278480619385
TX,5898,25.27681952620255
TX,5899,25.188352207024007
TX,5900,24.645045141560118
TX,5901,23.915244669746173
TX,5902,22.724225671573688
TX,5903,21.410626218810098
TX,5904,20.18184176743448
TX,5905,19.219850116491877
TX,5906,18.592585099263353
TX,5907,18.125768855995787
TX,5908,17.89107875078229
TX,5909,17.980594576795156
TX,5910,18.54618509876781
TX,5911,19.44098919486016
TX,5912,20.011358969749637
TX,5913,20.403400054440336
TX,5914,20.96685611428156
TX,5915,21.516546838139316
TX,5916,22.081521261072567
TX,5917,22.574726610553814
TX,5918,23.065692458247213
TX,5919,23.420291811430207
TX,5920,23.773796008204602
TX,5921,24.230593869012264
TX,5922,24.6535663288262
TX,5923,24.713115606390463
TX,5924,24.30770362230148
TX,5925,23.64104851834178
TX,5926,22.493325845889107
TX,5927,21.194778211709213
TX,5928,19.985354438434058
TX,5929,19.225230582892834
TX,5930,18.58126794649073
TX,5931,18.147430771492814
TX,5932,17.938438790010455
TX,5933,18.088221477174628
TX,5934,18.72141238116768
TX,5935,19.73590608297336
TX,5936,20.41629816661269
TX,5937,20.83708329374204
TX,5938,21.395351038647295
TX,5939,22.04332812613563
TX,5940,22.66822897711736
TX,5941,23.234044802796763
TX,5942,23.783284539086168
TX,5943,24.22695437724465
TX,5944,24.602243532745828
TX,5945,25.028507772691405
TX,5946,25.41398834300113
TX,5947,25.375921719616542
TX,5948,24.89555756225542
TX,5949,24.197557684886593
TX,5950,23.023278506441983
TX,5951,21.70504125796856
TX,5952,20.471023249521068
TX,5953,19.40114974758353
TX,5954,18.75125123607934
TX,5955,18.29815554898053
TX,5956,18.10929691522742
TX,5957,18.23281301444242
TX,5958,18.913882728434725
TX,5959,20.01773101249587
TX,5960,20.7205479544173
TX,5961,21.078515385891656
TX,5962,21.58145122115978
TX,5963,22.202509087404657
TX,5964,22.79307413343028
TX,5965,23.331978952756128
TX,5966,23.88470221122743
TX,5967,24.35948978038807
TX,5968,24.7598456655331
TX,5969,25.18150173654158
TX,5970,25.55067814397623
TX,5971,25.44874386396845
TX,5972,24.827690551224475
TX,5973,24.003632171256434
TX,5974,22.742411075119303
TX,5975,21.398104282723658
TX,5976,20.149164980736543
TX,5977,19.3920038834781
TX,5978,18.72748018578921
TX,5979,18.260144483590896
TX,5980,18.065240353705494
TX,5981,18.190543526426787
TX,5982,18.8651649567061
TX,5983,19.967880456811045
TX,5984,20.698462297577713
TX,5985,21.121527183699076
TX,5986,21.73106620393642
TX,5987,22.44584787152007
TX,5988,23.09698855146817
TX,5989,23.670091607891948
TX,5990,24.178416029129135
TX,5991,24.554255101867355
TX,5992,24.882515208292205
TX,5993,25.260010367127453
TX,5994,25.57521734920565
TX,5995,25.483036272333916
TX,5996,24.93782345907222
TX,5997,24.167769825767138
TX,5998,22.927172972541488
TX,5999,21.530016722323808
TX,6000,20.29325889918324
TX,6001,19.631501062720464
TX,6002,18.964249693486508
TX,6003,18.487501471247516
TX,6004,18.273348567455695
TX,6005,18.415133176437344
TX,6006,19.0827462077191
TX,6007,20.14022832411906
TX,6008,20.78079712495846
TX,6009,21.111480851850885
TX,6010,21.49532589910698
TX,6011,21.89248868726492
TX,6012,22.394495590165484
TX,6013,22.916442899133482
TX,6014,23.417236301364518
TX,6015,23.793037635401944
TX,6016,24.15344219092936
TX,6017,24.585946263929543
TX,6018,24.969936948356537
TX,6019,24.96742614178013
TX,6020,24.590233364360277
TX,6021,23.971351821023966
TX,6022,22.817724934188536
TX,6023,21.49575677163042
TX,6024,20.27529950513828
TX,6025,18.394428051858295
TX,6026,17.819783490631593
TX,6027,17.43673137699866
TX,6028,17.284147115768164
TX,6029,17.46817844144334
TX,6030,18.14292569304849
TX,6031,19.274566448080908
TX,6032,20.005911910210198
TX,6033,20.254888214540983
TX,6034,20.51130196073784
TX,6035,20.86652550512428
TX,6036,21.260300242462836
TX,6037,21.684872869380122
TX,6038,22.109355262194274
TX,6039,22.482862735198186
TX,6040,22.81304384136974
TX,6041,23.213819445904402
TX,6042,23.640286122686163
TX,6043,23.6052917236147
TX,6044,23.236344749778436
TX,6045,22.672129020487073
TX,6046,21.606725756067526
TX,6047,20.372767231039525
TX,6048,19.198371493560483
TX,6049,18.8751832333163
TX,6050,18.24234252259882
TX,6051,17.825165328589367
TX,6052,17.644482396843408
TX,6053,17.782077009848322
TX,6054,18.422586936795074
TX,6055,19.443646459606647
TX,6056,20.091823638679692
TX,6057,20.412355314957978
TX,6058,20.78830251929825
TX,6059,21.325569723551062
TX,6060,21.865194249271788
TX,6061,22.436448401241957
TX,6062,22.96573817848509
TX,6063,23.401249444525092
TX,6064,23.785323275331915
TX,6065,24.229187533127604
TX,6066,24.626902880496708
TX,6067,24.573092655533436
TX,6068,24.08730643274844
TX,6069,23.390017832960343
TX,6070,22.217093545334066
TX,6071,20.921277182934066
TX,6072,19.72752090606888
TX,6073,18.724165695026322
TX,6074,18.112773120343878
TX,6075,17.683485003671045
TX,6076,17.496079974788525
TX,6077,17.64886547836684
TX,6078,18.307074205054843
TX,6079,19.335552471577603
TX,6080,19.989320613674675
TX,6081,20.285635322101797
TX,6082,20.745868304658117
TX,6083,21.37845901448716
TX,6084,21.940042397972615
TX,6085,22.476537869017516
TX,6086,22.969884828171175
TX,6087,23.37336567598285
TX,6088,23.72188123052027
TX,6089,24.137297502632986
TX,6090,24.521948865499876
TX,6091,24.411086250116067
TX,6092,23.876432539268407
TX,6093,23.091191381900625
TX,6094,21.949347143731153
TX,6095,20.698526131516708
TX,6096,19.520985585608607
TX,6097,18.38251848829044
TX,6098,17.772016849758014
TX,6099,17.406839813473177
TX,6100,17.226822636112022
TX,6101,17.39112265224486
TX,6102,18.084812116915057
TX,6103,19.177151107828468
TX,6104,19.861213786664013
TX,6105,20.12493499007584
TX,6106,20.518458305948094
TX,6107,21.031252964251188
TX,6108,21.540889037528657
TX,6109,22.014847714255843
TX,6110,22.473451731234963
TX,6111,22.816970771799966
TX,6112,23.13322135897297
TX,6113,23.547666212450586
TX,6114,23.940192742851725
TX,6115,23.91019931579896
TX,6116,23.538149755029306
TX,6117,22.887243479838414
TX,6118,21.71570308542059
TX,6119,20.469150577923028
TX,6120,19.26831327853946
TX,6121,18.346889055953714
TX,6122,17.751117809256257
TX,6123,17.36690462964885
TX,6124,17.197911535979713
TX,6125,17.40014513933272
TX,6126,18.153728606609054
TX,6127,19.332509528216185
TX,6128,20.021097414643098
TX,6129,20.215801912381984
TX,6130,20.47618670499269
TX,6131,20.869753757574266
TX,6132,21.301364087085616
TX,6133,21.7327280415695
TX,6134,22.18086117621227
TX,6135,22.562703473882767
TX,6136,22.877935974921385
TX,6137,23.28391964286954
TX,6138,23.680385437445537
TX,6139,23.672772639948956
TX,6140,23.334046005480896
TX,6141,22.738626975312002
TX,6142,21.61876985209975
TX,6143,20.388723838313346
TX,6144,19.234368002153158
TX,6145,18.312416105055828
TX,6146,17.71080917559837
TX,6147,17.30296557508664
TX,6148,17.14528098561334
TX,6149,17.328840628854906
TX,6150,18.04936602875851
TX,6151,19.18493175058138
TX,6152,19.88052953858889
TX,6153,20.081096795146113
TX,6154,20.310275438733544
TX,6155,20.578831551711456
TX,6156,20.91026564437157
TX,6157,21.305391535636726
TX,6158,21.70882049332083
TX,6159,22.01900001064408
TX,6160,22.401917020120628
TX,6161,22.831398965323135
TX,6162,23.242257422376706
TX,6163,23.316970176258152
TX,6164,23.159656682926684
TX,6165,22.673516765588612
TX,6166,21.600767397913945
TX,6167,20.39959104825339
TX,6168,19.24295272065331
TX,6169,18.346999209751235
TX,6170,17.730626193624108
TX,6171,17.32733690847176
TX,6172,17.156022080355868
TX,6173,17.296589786627088
TX,6174,17.983669116133584
TX,6175,19.0514056886502
TX,6176,19.72354098671775
TX,6177,20.04059858271903
TX,6178,20.351125977278286
TX,6179,20.66707392714992
TX,6180,21.07305810734007
TX,6181,21.512111925001314
TX,6182,21.988118849398656
TX,6183,22.371920233803017
TX,6184,22.776155370130628
TX,6185,23.2484528391222
TX,6186,23.704339770185133
TX,6187,23.72230154886449
TX,6188,23.387372602986648
TX,6189,22.84582182431164
TX,6190,21.718797524401865
TX,6191,20.43465732609898
TX,6192,19.254281765500334
TX,6193,18.343431657518682
TX,6194,17.724951084375157
TX,6195,17.32140028384074
TX,6196,17.148799156755224
TX,6197,17.339165224918396
TX,6198,18.050990234392632
TX,6199,19.20804638927199
TX,6200,19.931060407528413
TX,6201,20.26841392523636
TX,6202,20.637570721474386
TX,6203,21.077479101999433
TX,6204,21.55574812481345
TX,6205,22.077488275568232
TX,6206,22.637848314050594
TX,6207,23.097687037155584
TX,6208,23.494566950863966
TX,6209,23.922653859254428
TX,6210,24.270816056978433
TX,6211,24.128243085795315
TX,6212,23.711569170326502
TX,6213,23.105019733518592
TX,6214,22.004216527079272
TX,6215,20.747756704602544
TX,6216,19.47903056651726
TX,6217,18.683189218542484
TX,6218,18.04213511626333
TX,6219,17.596789443723832
TX,6220,17.38996839695561
TX,6221,17.50606548821791
TX,6222,18.160296961615916
TX,6223,19.17172783051555
TX,6224,19.812383587254605
TX,6225,20.059859751237223
TX,6226,20.313697074794323
TX,6227,20.675112968537814
TX,6228,21.099879389599074
TX,6229,21.54894798040878
TX,6230,22.023328122908932
TX,6231,22.44585145238959
TX,6232,22.830586096601486
TX,6233,23.291144015734705
TX,6234,23.70929120770333
TX,6235,23.670889472663145
TX,6236,23.321411148019045
TX,6237,22.696079722349506
TX,6238,21.578682365402585
TX,6239,20.34705928257566
TX,6240,19.207357275807574
TX,6241,18.192516809347715
TX,6242,17.580824626556577
TX,6243,17.17386983652
TX,6244,16.993616269498293
TX,6245,17.147188299432816
TX,6246,17.792936202191996
TX,6247,18.82545731665104
TX,6248,19.47768488525298
TX,6249,19.726052733018985
TX,6250,19.989700429146136
TX,6251,20.447642375898877
TX,6252,21.04153796211305
TX,6253,21.57801361469115
TX,6254,22.097519535718547
TX,6255,22.55514975441576
TX,6256,22.950439652869868
TX,6257,23.372935936970176
TX,6258,23.80011799697741
TX,6259,23.768365636347788
TX,6260,23.412773716580684
TX,6261,22.704347143585693
TX,6262,21.58164398234905
TX,6263,20.346075363801592
TX,6264,19.17495153841943
TX,6265,18.29158089300081
TX,6266,17.686540712342357
TX,6267,17.293426251514436
TX,6268,17.121692759197714
TX,6269,17.272260856105397
TX,6270,17.97175018789973
TX,6271,19.08723636751494
TX,6272,19.780905197229572
TX,6273,20.056127019905276
TX,6274,20.406543513526156
TX,6275,20.893777618034314
TX,6276,21.398420663074653
TX,6277,21.918974184183927
TX,6278,22.478703433616044
TX,6279,22.868650756467662
TX,6280,23.31185670959154
TX,6281,23.732602732854904
TX,6282,24.14346715022131
TX,6283,24.084506458286658
TX,6284,23.865038073845895
TX,6285,23.278650288963675
TX,6286,22.102928789478263
TX,6287,20.768123402001006
TX,6288,19.557151613376174
TX,6289,18.66878227528075
TX,6290,18.032821635051892
TX,6291,17.603271901596248
TX,6292,17.42694186461603
TX,6293,17.62902573168459
TX,6294,18.3784133379826
TX,6295,19.606766298891348
TX,6296,20.35968223182177
TX,6297,20.64072621481729
TX,6298,20.9547000661356
TX,6299,21.35907435981055
TX,6300,21.853732138814195
TX,6301,22.43616085066069
TX,6302,22.99487091808309
TX,6303,23.401604107333398
TX,6304,23.739528302729784
TX,6305,24.050247325233915
TX,6306,24.321860011217513
TX,6307,24.17783374980958
TX,6308,23.813657457022554
TX,6309,23.17199926676278
TX,6310,22.049435507402784
TX,6311,20.782900279925737
TX,6312,19.576499961061785
TX,6313,18.58307542824112
TX,6314,17.927334233404594
TX,6315,17.484080230526185
TX,6316,17.286256429862014
TX,6317,17.43618401788851
TX,6318,18.100883438453838
TX,6319,19.218926658879784
TX,6320,19.910901976115927
TX,6321,20.143531596098732
TX,6322,20.332562039102758
TX,6323,20.571272531404098
TX,6324,20.854176267131912
TX,6325,21.1778383893434
TX,6326,21.511930460890408
TX,6327,21.723372541524448
TX,6328,21.978941403321322
TX,6329,22.30094146082347
TX,6330,22.64856033303701
TX,6331,22.744836837446165
TX,6332,22.688182866768916
TX,6333,22.25536485423302
TX,6334,21.225322520590854
TX,6335,20.036777402667674
TX,6336,18.90778661717072
TX,6337,17.964504918268112
TX,6338,17.35797946971601
TX,6339,16.95505172158973
TX,6340,16.773492418124135
TX,6341,16.95816338925087
TX,6342,17.65534636727217
TX,6343,18.752431692394847
TX,6344,19.393692252742532
TX,6345,19.55075433369231
TX,6346,19.67573210503122
TX,6347,19.85406595838109
TX,6348,20.122492790292398
TX,6349,20.348118937710968
TX,6350,20.629483864616297
TX,6351,20.872477174313676
TX,6352,21.131015613571694
TX,6353,21.490598872954273
TX,6354,21.94707388601503
TX,6355,22.066081940101462
TX,6356,21.997495875086006
TX,6357,21.573689831809986
TX,6358,20.61190989687987
TX,6359,19.46735443127849
TX,6360,18.398328420369438
TX,6361,17.817191036347953
TX,6362,17.2559430826846
TX,6363,16.871373262363246
TX,6364,16.725513461518403
TX,6365,16.911095512336992
TX,6366,17.59169437478639
TX,6367,18.696681087408006
TX,6368,19.409490723039234
TX,6369,19.691117385491875
TX,6370,19.942781226913738
TX,6371,20.237018059537284
TX,6372,20.492813766690656
TX,6373,20.76345474256405
TX,6374,21.0638641040485
TX,6375,21.29768033304936
TX,6376,21.528680797667516
TX,6377,21.896749903453085
TX,6378,22.298964752163197
TX,6379,22.404317375519007
TX,6380,22.31414699226744
TX,6381,21.811315014634637
TX,6382,20.778902535761585
TX,6383,19.62625985653484
TX,6384,18.507517823801486
TX,6385,17.89627536131638
TX,6386,17.32962615884411
TX,6387,16.93844872678589
TX,6388,16.77001639778255
TX,6389,16.932641932673267
TX,6390,17.55841351674748
TX,6391,18.61294679693235
TX,6392,19.273697197744326
TX,6393,19.571970556035296
TX,6394,19.884946448708025
TX,6395,20.18645946510951
TX,6396,20.490935611584437
TX,6397,20.79858958838438
TX,6398,21.121176447396756
TX,6399,21.353685958430173
TX,6400,21.60082703469165
TX,6401,21.975803775530622
TX,6402,22.385437224047656
TX,6403,22.52273971536829
TX,6404,22.483023892691616
TX,6405,21.98993496722185
TX,6406,20.962710782703116
TX,6407,19.789392064788533
TX,6408,18.674050432771416
TX,6409,17.83388406878534
TX,6410,17.27715025906975
TX,6411,16.896965972704336
TX,6412,16.738560186692723
TX,6413,16.879247921603014
TX,6414,17.532396717942657
TX,6415,18.586717107375954
TX,6416,19.255476217613214
TX,6417,19.47335661059112
TX,6418,19.673701746636542
TX,6419,19.937808840698146
TX,6420,20.175094427643334
TX,6421,20.447326157528572
TX,6422,20.711947240004914
TX,6423,20.93666455131761
TX,6424,21.196063521483378
TX,6425,21.55834792745565
TX,6426,22.00144273345874
TX,6427,22.143194574452302
TX,6428,22.162202102823134
TX,6429,21.703786038768165
TX,6430,20.70720450953215
TX,6431,19.540852376280537
TX,6432,18.43962891069011
TX,6433,17.83715378669139
TX,6434,17.30755926224658
TX,6435,16.95776962931454
TX,6436,16.83299836372798
TX,6437,17.0331830293765
TX,6438,17.730988241468328
TX,6439,18.869932952295628
TX,6440,19.552691483021462
TX,6441,19.725270171833913
TX,6442,19.967031651943067
TX,6443,20.269083884111073
TX,6444,20.622016036652788
TX,6445,20.953858353660813
TX,6446,21.30118323207139
TX,6447,21.587290484327802
TX,6448,21.913483597768632
TX,6449,22.296449834182226
TX,6450,22.716888060425568
TX,6451,22.78302445271011
TX,6452,22.64680227757964
TX,6453,22.129054460405317
TX,6454,21.05211456597378
TX,6455,19.82427037775662
TX,6456,18.696332963945608
TX,6457,18.09774781412337
TX,6458,17.54520022678647
TX,6459,17.184768595190526
TX,6460,17.03148618667122
TX,6461,17.23379867661887
TX,6462,18.004989201752675
TX,6463,19.24475723048327
TX,6464,19.979122553706954
TX,6465,20.167954657827945
TX,6466,20.372005342429418
TX,6467,20.733247054124835
TX,6468,21.102322491606376
TX,6469,21.47030424953406
TX,6470,21.86349843392222
TX,6471,22.106783850659593
TX,6472,22.36887343099757
TX,6473,22.729928080698688
TX,6474,23.06677838387357
TX,6475,23.050833864668594
TX,6476,22.843221608627434
TX,6477,22.2519879314722
TX,6478,21.1636559886028
TX,6479,19.96020976723735
TX,6480,18.826310332621283
TX,6481,17.759742076300235
TX,6482,17.17147082889864
TX,6483,16.80608361977625
TX,6484,16.677207144101008
TX,6485,16.883837797239458
TX,6486,17.630716070211985
TX,6487,18.79239226637817
TX,6488,19.516432728522286
TX,6489,19.67468790890207
TX,6490,19.826437153718242
TX,6491,20.06322438054751
TX,6492,20.31235804473339
TX,6493,20.583485784064486
TX,6494,20.889894462967597
TX,6495,21.140871960610678
TX,6496,21.391880973152393
TX,6497,21.763487603279977
TX,6498,22.186275231120767
TX,6499,22.294915669278772
TX,6500,22.224892209780833
TX,6501,21.761900173969973
TX,6502,20.757228267146964
TX,6503,19.595440025852433
TX,6504,18.477074564961804
TX,6505,17.417892153906767
TX,6506,16.867014401292277
TX,6507,16.507480018081505
TX,6508,16.370644331101836
TX,6509,16.557245334375597
TX,6510,17.247565465490506
TX,6511,18.403777203411938
TX,6512,19.109137277115
TX,6513,19.326805685297742
TX,6514,19.482893446284056
TX,6515,19.72365553723198
TX,6516,20.065756922321597
TX,6517,20.45530302986696
TX,6518,20.873412212340035
TX,6519,21.19284819141702
TX,6520,21.5259765721808
TX,6521,21.94848889041273
TX,6522,22.368510403498462
TX,6523,22.411981678097224
TX,6524,22.29350651260304
TX,6525,21.805245862084632
TX,6526,20.740422352285375
TX,6527,19.581579448915562
TX,6528,18.477198403541927
TX,6529,17.699659643249873
TX,6530,17.13658114673636
TX,6531,16.745473065828026
TX,6532,16.588549378315594
TX,6533,16.776207337881665
TX,6534,17.496009700725992
TX,6535,18.66980347309616
TX,6536,19.400710061715248
TX,6537,19.61656203500473
TX,6538,19.837133578788162
TX,6539,20.16835467474109
TX,6540,20.561035773345825
TX,6541,21.071333989964778
TX,6542,21.521161898386467
TX,6543,21.910149312508963
TX,6544,22.23463445520564
TX,6545,22.621789033316958
TX,6546,22.940671508237326
TX,6547,22.848651849261994
TX,6548,22.698628024634314
TX,6549,22.160132522720353
TX,6550,21.10188689273506
TX,6551,19.884352884036648
TX,6552,18.70449520100057
TX,6553,17.893567335053756
TX,6554,17.41046678828197
TX,6555,17.11831550507505
TX,6556,17.032641098513327
TX,6557,17.209070418343885
TX,6558,17.901857993064638
TX,6559,19.181934381516808
TX,6560,20.229861235729512
TX,6561,20.63279140573092
TX,6562,20.84437357539999
TX,6563,21.08436378797913
TX,6564,21.326089943634358
TX,6565,21.520267659825695
TX,6566,21.707882244053174
TX,6567,21.776357738424075
TX,6568,21.865927491809167
TX,6569,22.025696262400768
TX,6570,22.125208792932938
TX,6571,22.108300904975174
TX,6572,21.96139373537564
TX,6573,21.31554052985547
TX,6574,20.41073055250014
TX,6575,19.327560378921437
TX,6576,18.362593811294175
TX,6577,17.827906572532516
TX,6578,17.37647368237696
TX,6579,17.11413110430699
TX,6580,17.047472269446843
TX,6581,17.28694043726041
TX,6582,18.015900722074637
TX,6583,19.34558902315561
TX,6584,20.39812928292274
TX,6585,20.779167407975994
TX,6586,20.935135164868257
TX,6587,21.072285852911346
TX,6588,21.141513899068116
TX,6589,21.216824559195754
TX,6590,21.29140465246413
TX,6591,21.296185886146635
TX,6592,21.353819892072128
TX,6593,21.564246126000207
TX,6594,21.775662912251573
TX,6595,21.88218865383947
TX,6596,21.884693767093367
TX,6597,21.324773992539228
TX,6598,20.45033177814198
TX,6599,19.42438461128689
TX,6600,18.496493535962124
TX,6601,17.78332097477794
TX,6602,17.339323342732282
TX,6603,17.0752628264675
TX,6604,17.014625996723844
TX,6605,17.250503031650947
TX,6606,18.01579696298637
TX,6607,19.43685045410397
TX,6608,20.52952575300517
TX,6609,20.86967993587243
TX,6610,20.936673729033515
TX,6611,20.972617595431096
TX,6612,20.986139970149935
TX,6613,21.061402450082397
TX,6614,21.162179972701026
TX,6615,21.1694774802132
TX,6616,21.189921635377225
TX,6617,21.388596200208664
TX,6618,21.632685105131824
TX,6619,21.815166134511408
TX,6620,21.790591451942593
TX,6621,21.2050383284127
TX,6622,20.295721101529814
TX,6623,19.259412035268152
TX,6624,18.333950783554055
TX,6625,17.885218840141352
TX,6626,17.456991023646502
TX,6627,17.20170697628709
TX,6628,17.135538837555345
TX,6629,17.397269313537148
TX,6630,18.22533656759859
TX,6631,19.729624548324455
TX,6632,20.888320030602106
TX,6633,21.19239573408931
TX,6634,21.24392322939095
TX,6635,21.251207858024976
TX,6636,21.21382384753428
TX,6637,21.180562971156846
TX,6638,21.224431857508936
TX,6639,21.16514098835797
TX,6640,21.13344225291667
TX,6641,21.270322937477715
TX,6642,21.46884013956748
TX,6643,21.64197475448368
TX,6644,21.67348263685876
TX,6645,21.116571196622502
TX,6646,20.248804701178067
TX,6647,19.233636643837386
TX,6648,18.316960813074026
TX,6649,17.714559905394474
TX,6650,17.28657540479513
TX,6651,17.00851409356601
TX,6652,16.923642374187736
TX,6653,17.145655278139486
TX,6654,17.926490324308368
TX,6655,19.319871408027666
TX,6656,20.425226066606896
TX,6657,20.797036968522047
TX,6658,20.935141616368874
TX,6659,21.01515890732053
TX,6660,21.022316834787055
TX,6661,21.049742259235057
TX,6662,21.07384436377366
TX,6663,21.02961029653564
TX,6664,21.035504142212602
TX,6665,21.192160006371257
TX,6666,21.37227552254107
TX,6667,21.51299321536219
TX,6668,21.52950218395221
TX,6669,20.958706258361573
TX,6670,20.0868273710182
TX,6671,19.091809504610527
TX,6672,18.184856739874068
TX,6673,17.68872055989247
TX,6674,17.24878085904051
TX,6675,16.995381214537442
TX,6676,16.92957980075303
TX,6677,17.156852437643714
TX,6678,17.895079488254897
TX,6679,19.281260572865744
TX,6680,20.41779699447903
TX,6681,20.82921593197767
TX,6682,20.981376656195682
TX,6683,21.063851928871856
TX,6684,21.054590252616343
TX,6685,20.988242046238046
TX,6686,20.991189879001258
TX,6687,20.89998429798424
TX,6688,20.86278388609331
TX,6689,21.02863843429031
TX,6690,21.294649470043993
TX,6691,21.56340099357956
TX,6692,21.653701162970425
TX,6693,21.110163029020992
TX,6694,20.247922526193587
TX,6695,19.27474856212504
TX,6696,18.386178026505505
TX,6697,17.908779502783744
TX,6698,17.49592992664812
TX,6699,17.259597473597594
TX,6700,17.209373737282796
TX,6701,17.46294337244678
TX,6702,18.249289880905266
TX,6703,19.675641345069508
TX,6704,20.823186759968436
TX,6705,21.18656476842585
TX,6706,21.25827893898087
TX,6707,21.255053405955408
TX,6708,21.204570730803223
TX,6709,21.121596526458493
TX,6710,21.081377244067724
TX,6711,20.959999329693314
TX,6712,20.953425405499647
TX,6713,21.11058613904454
TX,6714,21.341308183181255
TX,6715,21.588206313628838
TX,6716,21.69708300468655
TX,6717,21.170828723112376
TX,6718,20.32051860933668
TX,6719,19.33699447686579
TX,6720,18.421613851792667
TX,6721,17.731831714727072
TX,6722,17.319789657122833
TX,6723,17.088890408561333
TX,6724,17.05656558818928
TX,6725,17.282122540283765
TX,6726,18.00792727052948
TX,6727,19.360588654482644
TX,6728,20.442485350794353
TX,6729,20.773377349376478
TX,6730,20.820970320627797
TX,6731,20.818161160736782
TX,6732,20.776532874203802
TX,6733,20.74880409367697
TX,6734,20.7179164263457
TX,6735,20.623491602998932
TX,6736,20.619549243325743
TX,6737,20.796613395532294
TX,6738,21.033882877029203
TX,6739,21.300094586622023
TX,6740,21.42644778313115
TX,6741,20.915037179375958
TX,6742,20.090663037360027
TX,6743,19.138079961555732
TX,6744,18.24931884624338
TX,6745,17.508093685939873
TX,6746,17.119651910522123
TX,6747,16.906137416955332
TX,6748,16.869793417091735
TX,6749,17.13868826450079
TX,6750,17.939390743314757
TX,6751,19.2773248740222
TX,6752,20.347204832878187
TX,6753,20.64093202349276
TX,6754,20.636812661598764
TX,6755,20.67293128983339
TX,6756,20.691388695390092
TX,6757,20.714497244648708
TX,6758,20.750494363008137
TX,6759,20.71285855591159
TX,6760,20.71121882270672
TX,6761,20.862260523031484
TX,6762,21.06605253656166
TX,6763,21.24588613505046
TX,6764,21.33628892248797
TX,6765,20.80463665647902
TX,6766,20.00809565764136
TX,6767,19.04331433957354
TX,6768,18.20076182088597
TX,6769,17.56074629427499
TX,6770,17.162756462385115
TX,6771,16.94837388632155
TX,6772,16.91001519164835
TX,6773,17.169886265303813
TX,6774,17.98220664891759
TX,6775,19.428717402164956
TX,6776,20.572660461482776
TX,6777,20.891665732913133
TX,6778,20.883277099542678
TX,6779,20.842745659172852
TX,6780,20.782561828838876
TX,6781,20.769850203736606
TX,6782,20.795131849605834
TX,6783,20.74048672461851
TX,6784,20.729332295273622
TX,6785,20.87607601193621
TX,6786,21.088461355791118
TX,6787,21.298161699255616
TX,6788,21.362511751977312
TX,6789,20.831416571241537
TX,6790,20.006047533356476
TX,6791,19.04558104313888
TX,6792,18.17601559706131
TX,6793,17.473206081486435
TX,6794,17.05801182951632
TX,6795,16.84604992020103
TX,6796,16.832272552837036
TX,6797,17.12029024003474
TX,6798,17.933675045902092
TX,6799,19.433224393130516
TX,6800,20.625550852141547
TX,6801,20.93072823799788
TX,6802,20.940956243201164
TX,6803,20.96648168224365
TX,6804,21.009511176564512
TX,6805,21.00314528265174
TX,6806,21.04610480824441
TX,6807,20.997700340253516
TX,6808,20.95319034889839
TX,6809,21.09160786237967
TX,6810,21.27006655398045
TX,6811,21.470699012933345
TX,6812,21.522374410221182
TX,6813,20.93665432546863
TX,6814,20.07518315070898
TX,6815,19.066815071039894
TX,6816,18.127895956716465
TX,6817,17.546773153660943
TX,6818,17.116874756152363
TX,6819,16.89271958809092
TX,6820,16.8411402991589
TX,6821,17.09835386945074
TX,6822,17.89707119837354
TX,6823,19.330408689422285
TX,6824,20.49587874002556
TX,6825,20.857869960880524
TX,6826,20.93117787749189
TX,6827,20.962765389433272
TX,6828,20.928905741789663
TX,6829,20.87837088804524
TX,6830,20.856990271229854
TX,6831,20.771491995959277
TX,6832,20.760037320159864
TX,6833,20.88510176147132
TX,6834,21.070812514363343
TX,6835,21.302195437356637
TX,6836,21.344002387528008
TX,6837,20.794683510635387
TX,6838,19.96791432211122
TX,6839,18.980900575022325
TX,6840,18.120994907083954
TX,6841,17.61414502257144
TX,6842,17.194207886605565
TX,6843,16.975892422877962
TX,6844,16.912225104780067
TX,6845,17.18504691601834
TX,6846,17.96376005221648
TX,6847,19.359436111901402
TX,6848,20.514389813489878
TX,6849,20.90142941957769
TX,6850,20.968257542019227
TX,6851,20.93841726802645
TX,6852,20.829530312460456
TX,6853,20.736825185275222
TX,6854,20.689031090849124
TX,6855,20.54233497298755
TX,6856,20.486877910970623
TX,6857,20.630958266387275
TX,6858,20.889640510903337
TX,6859,21.20935489354095
TX,6860,21.30730568896237
TX,6861,20.798890082421497
TX,6862,19.99279584187258
TX,6863,19.03221796693105
TX,6864,18.175306313912184
TX,6865,17.527157230732172
TX,6866,17.139398192976778
TX,6867,16.932982318490414
TX,6868,16.901089436384034
TX,6869,17.17764413050952
TX,6870,17.96903103884635
TX,6871,19.402024017286553
TX,6872,20.556028385343954
TX,6873,20.94234358031309
TX,6874,20.99880556335657
TX,6875,20.960492715760044
TX,6876,20.887081931526364
TX,6877,20.759132354037025
TX,6878,20.663249952638317
TX,6879,20.51801862167012
TX,6880,20.47196969372856
TX,6881,20.620091414509023
TX,6882,20.879920869617706
TX,6883,21.219080832502318
TX,6884,21.335764268956712
TX,6885,20.831118460735684
TX,6886,20.01639999403462
TX,6887,19.044154128591764
TX,6888,18.18282305079232
TX,6889,17.461538275619187
TX,6890,17.062367897885004
TX,6891,16.866628004421546
TX,6892,16.842285421070503
TX,6893,17.092145961352713
TX,6894,17.825057850108216
TX,6895,19.16783391387374
TX,6896,20.27835068843785
TX,6897,20.634359539747336
TX,6898,20.651497876900464
TX,6899,20.595238629000423
TX,6900,20.46480253294121
TX,6901,20.30943160581174
TX,6902,20.20493796359082
TX,6903,20.048340600645396
TX,6904,20.002644157297272
TX,6905,20.196912326887524
TX,6906,20.510146492376858
TX,6907,20.910812219222496
TX,6908,21.050622162710543
TX,6909,20.55235272881779
TX,6910,19.749760228693766
TX,6911,18.81237803161752
TX,6912,17.963473449490483
TX,6913,17.361085937320016
TX,6914,16.993590111641605
TX,6915,16.79937681320868
TX,6916,16.77310388303109
TX,6917,17.02991871862477
TX,6918,17.8221035098673
TX,6919,19.17209525393668
TX,6920,20.293049648245137
TX,6921,20.64032635839437
TX,6922,20.66074936257277
TX,6923,20.5846755322037
TX,6924,20.455028166170365
TX,6925,20.365493287608228
TX,6926,20.301335263689854
TX,6927,20.16994579500833
TX,6928,20.16044412282969
TX,6929,20.357487356816677
TX,6930,20.66528822525682
TX,6931,21.067876484461376
TX,6932,21.181360665828727
TX,6933,20.676786021371992
TX,6934,19.86951340842599
TX,6935,18.897051943868412
TX,6936,18.038165433891038
TX,6937,17.71936314634627
TX,6938,17.338311548817426
TX,6939,17.135861764609306
TX,6940,17.12668440482666
TX,6941,17.404781781856908
TX,6942,18.23219897142012
TX,6943,19.67803855675813
TX,6944,20.82930320845213
TX,6945,21.145981885616468
TX,6946,21.1044269355673
TX,6947,20.984647622860845
TX,6948,20.807676936360007
TX,6949,20.635839876183933
TX,6950,20.53676843933743
TX,6951,20.367391777872395
TX,6952,20.3481871666205
TX,6953,20.558259685775752
TX,6954,20.94523712427581
TX,6955,21.412483104507732
TX,6956,21.565875684164084
TX,6957,21.04800629691824
TX,6958,20.23646544385201
TX,6959,19.273852328329323
TX,6960,18.395473248472868
TX,6961,17.754138582169574
TX,6962,17.39491923294625
TX,6963,17.193985122304916
TX,6964,17.180917509182393
TX,6965,17.471493881009422
TX,6966,18.360725531697295
TX,6967,19.89204365041612
TX,6968,21.100436087347575
TX,6969,21.388509618070024
TX,6970,21.297109582708682
TX,6971,21.165395192718048
TX,6972,20.973604667288445
TX,6973,20.814744757763037
TX,6974,20.742478736843015
TX,6975,20.58143271924109
TX,6976,20.50029316611028
TX,6977,20.654205008037277
TX,6978,20.978890894294324
TX,6979,21.360063799728696
TX,6980,21.48800510860247
TX,6981,20.99532734226089
TX,6982,20.169880610507583
TX,6983,19.197369285102315
TX,6984,18.299170957476303
TX,6985,17.803637556064864
TX,6986,17.434014641843564
TX,6987,17.237112330311753
TX,6988,17.20013138440965
TX,6989,17.453724386872135
TX,6990,18.28460528051493
TX,6991,19.705382514810452
TX,6992,20.85992559608451
TX,6993,21.192509090236072
TX,6994,21.164572433920025
TX,6995,21.044071185411234
TX,6996,20.849548780038024
TX,6997,20.713087453361645
TX,6998,20.62595778457415
TX,6999,20.476259717336326
TX,7000,20.44147056048046
TX,7001,20.599703811556914
TX,7002,20.906594861579336
TX,7003,21.269360187101856
TX,7004,21.34985459222563
TX,7005,20.845789621068175
TX,7006,20.050473690061814
TX,7007,19.09794644310358
TX,7008,18.258594612165723
TX,7009,17.73784412187755
TX,7010,17.354211735362323
TX,7011,17.136823796010106
TX,7012,17.100315506586647
TX,7013,17.333408315288185
TX,7014,18.140935846716886
TX,7015,19.540543315648325
TX,7016,20.687153213107877
TX,7017,21.03393525154579
TX,7018,21.011638128467066
TX,7019,20.90930122388247
TX,7020,20.768189084086547
TX,7021,20.611824760832
TX,7022,20.554745223374628
TX,7023,20.44346557215753
TX,7024,20.406076617062133
TX,7025,20.571325390150804
TX,7026,20.87240444665146
TX,7027,21.273927640370577
TX,7028,21.346722991996234
TX,7029,20.816781208122215
TX,7030,19.97428619322456
TX,7031,18.99457761391764
TX,7032,18.1709273593531
TX,7033,17.522100201694045
TX,7034,17.148075294076335
TX,7035,16.942503759633862
TX,7036,16.92150554480477
TX,7037,17.150820735150223
TX,7038,17.936323730630498
TX,7039,19.36989300621583
TX,7040,20.549428462317177
TX,7041,20.925909710684934
TX,7042,20.94534341648847
TX,7043,20.909630784361575
TX,7044,20.792010382857345
TX,7045,20.687265594435956
TX,7046,20.60338997186797
TX,7047,20.46947298408464
TX,7048,20.415259932714388
TX,7049,20.566560410369373
TX,7050,20.85698996456609
TX,7051,21.225030110241462
TX,7052,21.280559667990286
TX,7053,20.74743167915529
TX,7054,19.92933421934495
TX,7055,18.982346037533407
TX,7056,18.1181371630478
TX,7057,17.66068168009423
TX,7058,17.28943950366445
TX,7059,17.09520758048037
TX,7060,17.07795458049353
TX,7061,17.29958269313497
TX,7062,18.04463605859359
TX,7063,19.375891697655607
TX,7064,20.494485344993986
TX,7065,20.848613715949902
TX,7066,20.874832117333582
TX,7067,20.799846806561142
TX,7068,20.615071206112567
TX,7069,20.428727958458733
TX,7070,20.314685166840125
TX,7071,20.17362750566151
TX,7072,20.144589080072244
TX,7073,20.329032710902943
TX,7074,20.687668202854393
TX,7075,21.15412653447429
TX,7076,21.274613148025114
TX,7077,20.775541725799425
TX,7078,19.978758987808913
TX,7079,19.036855570655487
TX,7080,18.164483734854596
TX,7081,17.47466083871207
TX,7082,17.08986192604889
TX,7083,16.901787654245506
TX,7084,16.866686525808966
TX,7085,17.115226112581816
TX,7086,17.887665728005494
TX,7087,19.229287460952264
TX,7088,20.349123945011037
TX,7089,20.699591813959508
TX,7090,20.71424083861286
TX,7091,20.63695700055778
TX,7092,20.51995848260946
TX,7093,20.437998001581406
TX,7094,20.416427096378097
TX,7095,20.33290301439424
TX,7096,20.345279140873732
TX,7097,20.5780548781335
TX,7098,20.91960273266535
TX,7099,21.324694668747657
TX,7100,21.390501079808832
TX,7101,20.85987727430542
TX,7102,20.029507479123275
TX,7103,19.062127277170177
TX,7104,18.196865396331003
TX,7105,17.602975547433367
TX,7106,17.22268568519331
TX,7107,17.037976299672295
TX,7108,17.016337568514295
TX,7109,17.273893475668913
TX,7110,18.113943040916634
TX,7111,19.548595882432938
TX,7112,20.733948438946804
TX,7113,21.08919154093569
TX,7114,21.124150445705975
TX,7115,21.06224556550343
TX,7116,20.928123883802115
TX,7117,20.794389720160662
TX,7118,20.736754854633286
TX,7119,20.615557545471574
TX,7120,20.554781184976655
TX,7121,20.710699872310354
TX,7122,20.99522062915912
TX,7123,21.40084495673457
TX,7124,21.463137191477685
TX,7125,20.935775574746966
TX,7126,20.097472158644567
TX,7127,19.11811702970512
TX,7128,18.252584917417924
TX,7129,17.801081396962783
TX,7130,17.435733885389475
TX,7131,17.21884511092034
TX,7132,17.15590102448237
TX,7133,17.430103120645477
TX,7134,18.284662089587716
TX,7135,19.808832843130435
TX,7136,21.045245907809207
TX,7137,21.366499179168315
TX,7138,21.34423567548999
TX,7139,21.260178161026705
TX,7140,21.133090468070417
TX,7141,21.013767708910756
TX,7142,20.92763855171233
TX,7143,20.747438508120144
TX,7144,20.66319481786558
TX,7145,20.814977042938466
TX,7146,21.14412635118206
TX,7147,21.558913186013726
TX,7148,21.616247437004343
TX,7149,21.09193155013462
TX,7150,20.27377574772841
TX,7151,19.327391662796693
TX,7152,18.46245055570629
TX,7153,17.934550900624945
TX,7154,17.527924559708477
TX,7155,17.31905988519316
TX,7156,17.265332427409938
TX,7157,17.52198018106745
TX,7158,18.342520142942778
TX,7159,19.78976587287991
TX,7160,20.956391880631468
TX,7161,21.308533933146318
TX,7162,21.320507776414225
TX,7163,21.244685169841002
TX,7164,21.10219098721962
TX,7165,20.96060029259647
TX,7166,20.875907961263874
TX,7167,20.720895836515016
TX,7168,20.682840216866182
TX,7169,20.882056371509403
TX,7170,21.26055439553421
TX,7171,21.675943480517414
TX,7172,21.674818046129474
TX,7173,21.124531483518595
TX,7174,20.301507942020454
TX,7175,19.35119090296405
TX,7176,18.515896959354507
TX,7177,17.88804268718389
TX,7178,17.514533447710956
TX,7179,17.312410158365307
TX,7180,17.27279230716443
TX,7181,17.520985362006346
TX,7182,18.300379764209715
TX,7183,19.70900237231304
TX,7184,20.889734346438814
TX,7185,21.266658812184556
TX,7186,21.32806563538736
TX,7187,21.29487526256849
TX,7188,21.15747185322007
TX,7189,20.998462305784535
TX,7190,20.892602697872313
TX,7191,20.72467571753029
TX,7192,20.660329253053344
TX,7193,20.847347908571752
TX,7194,21.195188979315354
TX,7195,21.624862882449428
TX,7196,21.65303838250984
TX,7197,21.123203196977332
TX,7198,20.309558156100525
TX,7199,19.37495577355429
TX,7200,18.536640790967443
TX,7201,17.98120251666308
TX,7202,17.624808451957012
TX,7203,17.41317676973864
TX,7204,17.38173283364051
TX,7205,17.62930992891828
TX,7206,18.41886220417222
TX,7207,19.86138848965148
TX,7208,21.058837431893174
TX,7209,21.411120224529757
TX,7210,21.404481930421017
TX,7211,21.284366479717782
TX,7212,21.09387468505598
TX,7213,20.889946623142787
TX,7214,20.766186845278767
TX,7215,20.571494003168837
TX,7216,20.523345257068858
TX,7217,20.718517608528288
TX,7218,21.105454065480906
TX,7219,21.561822501694806
TX,7220,21.59985857732575
TX,7221,21.083865944639854
TX,7222,20.28394823798479
TX,7223,19.36414128032547
TX,7224,18.505725604218522
TX,7225,17.929645032698897
TX,7226,17.59624746610788
TX,7227,17.413311849606163
TX,7228,17.389900969480994
TX,7229,17.628034641936864
TX,7230,18.333557907440376
TX,7231,19.648006663862787
TX,7232,20.774544670941786
TX,7233,21.126003406294394
TX,7234,21.102163008125725
TX,7235,20.991092358755647
TX,7236,20.8029671237944
TX,7237,20.590922399628163
TX,7238,20.445306658664865
TX,7239,20.29349292463289
TX,7240,20.234653378206072
TX,7241,20.477698328039196
TX,7242,20.952683391661225
TX,7243,21.43919891811469
TX,7244,21.477133095426876
TX,7245,20.95857309215875
TX,7246,20.151993676149605
TX,7247,19.216819145540804
TX,7248,18.34874924338841
TX,7249,17.771015117187577
TX,7250,17.430956714383484
TX,7251,17.254961383382128
TX,7252,17.221292069293696
TX,7253,17.496116828328397
TX,7254,18.287859757486775
TX,7255,19.644570643160552
TX,7256,20.813370171382676
TX,7257,21.17167029379333
TX,7258,21.18041445227052
TX,7259,21.079047970864103
TX,7260,20.949140550440347
TX,7261,20.807651953354476
TX,7262,20.693365742431023
TX,7263,20.54876487694081
TX,7264,20.528878001978665
TX,7265,20.778167651583452
TX,7266,21.2310562101149
TX,7267,21.723905242370854
TX,7268,21.763466342899086
TX,7269,21.260603749631056
TX,7270,20.461487658503664
TX,7271,19.533733476699965
TX,7272,18.71977621157456
TX,7273,18.141180003138025
TX,7274,17.804768372191415
TX,7275,17.623400974106428
TX,7276,17.620784508966494
TX,7277,17.86502625612113
TX,7278,18.664880256532403
TX,7279,20.108040559119424
TX,7280,21.255290179844376
TX,7281,21.572867187579536
TX,7282,21.550720271522188
TX,7283,21.43954219955689
TX,7284,21.26129660994896
TX,7285,21.099537427676083
TX,7286,21.025339147887777
TX,7287,20.850072192458594
TX,7288,20.77702746333744
TX,7289,20.944043796537375
TX,7290,21.306281375694358
TX,7291,21.730806246528726
TX,7292,21.77077948681289
TX,7293,21.304921639480614
TX,7294,20.5432305380839
TX,7295,19.618858663097487
TX,7296,18.77236362180876
TX,7297,18.64504563674694
TX,7298,18.262521842275277
TX,7299,18.05453520358513
TX,7300,17.976750082951614
TX,7301,18.115114184842376
TX,7302,18.69869312112901
TX,7303,19.94265166541198
TX,7304,21.26206303156322
TX,7305,21.836595249170262
TX,7306,21.80317441308482
TX,7307,21.621682389794486
TX,7308,21.39972849383894
TX,7309,21.203163852368768
TX,7310,21.02638263342219
TX,7311,20.842370915780702
TX,7312,20.698737407174033
TX,7313,20.812838404087675
TX,7314,21.384948439469696
TX,7315,22.151693456354913
TX,7316,22.025943874048266
TX,7317,21.575731389685558
TX,7318,20.924263531212194
TX,7319,20.133803646524452
TX,7320,19.390949053075712
TX,7321,19.38042686826593
TX,7322,18.930230729813378
TX,7323,18.685587514820284
TX,7324,18.59076826879341
TX,7325,18.69717295893131
TX,7326,19.19221657132504
TX,7327,20.33071843711924
TX,7328,21.59144415039773
TX,7329,22.19282352716289
TX,7330,22.14693036618749
TX,7331,21.992984075063717
TX,7332,21.83049411025629
TX,7333,21.624110691465805
TX,7334,21.425189634075693
TX,7335,21.24727448454835
TX,7336,21.11003270354399
TX,7337,21.23356936535286
TX,7338,21.845190377784682
TX,7339,22.615984728522015
TX,7340,22.512652808555398
TX,7341,22.063889247984147
TX,7342,21.437749070127357
TX,7343,20.709394187239837
TX,7344,19.899254883754324
TX,7345,19.18671561912632
TX,7346,18.735835052863262
TX,7347,18.48594595559407
TX,7348,18.38663772539833
TX,7349,18.45818932206167
TX,7350,18.951147239534695
TX,7351,20.06456238642603
TX,7352,21.29251202172579
TX,7353,21.843611539943915
TX,7354,21.833885670373412
TX,7355,21.647577789494942
TX,7356,21.443258841391827
TX,7357,21.220754826241354
TX,7358,21.015716645904376
TX,7359,20.88883128646486
TX,7360,20.742709067159176
TX,7361,20.888364681926742
TX,7362,21.50891693747524
TX,7363,22.297320335427347
TX,7364,22.192091261558375
TX,7365,21.76426913191629
TX,7366,21.155350436341173
TX,7367,20.375556119633064
TX,7368,19.64116075588244
TX,7369,18.896481862451925
TX,7370,18.46786738867159
TX,7371,18.213079333100566
TX,7372,18.11961873487453
TX,7373,18.22071259195945
TX,7374,18.713636760628315
TX,7375,19.833165772249888
TX,7376,21.137151421546132
TX,7377,21.740973824260756
TX,7378,21.73318085150509
TX,7379,21.541004882501966
TX,7380,21.34299322395822
TX,7381,21.070480539694092
TX,7382,20.804859547496363
TX,7383,20.654625716124432
TX,7384,20.52747130023382
TX,7385,20.66655507612429
TX,7386,21.326361500633762
TX,7387,22.117221710155896
TX,7388,21.999714286675975
TX,7389,21.565520431185053
TX,7390,20.97397464032652
TX,7391,20.221871237773314
TX,7392,19.47556807869693
TX,7393,18.686652891610358
TX,7394,18.24751565919995
TX,7395,18.001734321782862
TX,7396,17.891359629379046
TX,7397,17.963431142775438
TX,7398,18.340697607282586
TX,7399,19.316824130781136
TX,7400,20.538003935336377
TX,7401,21.19201976121199
TX,7402,21.185440821067626
TX,7403,20.993182734460014
TX,7404,20.768018764962473
TX,7405,20.54727580865348
TX,7406,20.64613519797948
TX,7407,20.668558561252603
TX,7408,20.637527681707986
TX,7409,20.676334997951706
TX,7410,20.89063770087075
TX,7411,21.71771800673228
TX,7412,21.624830483824347
TX,7413,21.224205243168097
TX,7414,20.643235811739576
TX,7415,19.896671559559255
TX,7416,19.123531592307366
TX,7417,18.579616621212875
TX,7418,18.152850436272615
TX,7419,17.8798523240655
TX,7420,17.757059387287256
TX,7421,17.811498843108765
TX,7422,18.188755320725917
TX,7423,19.16016651119227
TX,7424,20.434848770239583
TX,7425,21.10001980800086
TX,7426,21.09276768395604
TX,7427,20.893756064221733
TX,7428,20.68870929821707
TX,7429,20.76190586172227
TX,7430,20.701972350878115
TX,7431,20.560390670496133
TX,7432,20.336398238053434
TX,7433,20.272461901682565
TX,7434,20.994321853965165
TX,7435,21.87860571631001
TX,7436,21.81467816955071
TX,7437,21.408035392518805
TX,7438,20.83906052041284
TX,7439,20.09410727073241
TX,7440,19.310034909811286
TX,7441,18.782221770430233
TX,7442,18.341848348324042
TX,7443,18.094411797010412
TX,7444,17.98826180280064
TX,7445,18.04962830267416
TX,7446,18.44482299452279
TX,7447,19.449672102118985
TX,7448,20.747704946671284
TX,7449,21.42230714468299
TX,7450,21.44151616408617
TX,7451,21.281063266471662
TX,7452,21.106589632252394
TX,7453,20.97017532744068
TX,7454,20.861197056532955
TX,7455,20.780423793114714
TX,7456,20.6321457057837
TX,7457,20.663789012928653
TX,7458,21.337768007623225
TX,7459,22.22824644033321
TX,7460,22.148509530464445
TX,7461,21.731830579189648
TX,7462,21.169057857499283
TX,7463,20.41561793360701
TX,7464,19.61248197163955
TX,7465,19.15358022027781
TX,7466,18.678627153610353
TX,7467,18.40186279340836
TX,7468,18.25678952190574
TX,7469,18.312405420474864
TX,7470,18.665476076351435
TX,7471,19.706593151761364
TX,7472,21.09149656350373
TX,7473,21.874031678307656
TX,7474,21.9818328384565
TX,7475,21.88085005296802
TX,7476,21.834113475989074
TX,7477,21.815552847989775
TX,7478,21.72809529374419
TX,7479,21.620620558806422
TX,7480,21.462891086198393
TX,7481,21.416189040441225
TX,7482,21.840289147357904
TX,7483,22.52288497167555
TX,7484,22.355230985440308
TX,7485,21.896533765861054
TX,7486,21.297568036621193
TX,7487,20.467948657315084
TX,7488,19.65740703827932
TX,7489,19.56653813062064
TX,7490,19.059984616691995
TX,7491,18.744157626808374
TX,7492,18.583770644031976
TX,7493,18.585990875933586
TX,7494,18.926843023787004
TX,7495,19.930389762485195
TX,7496,21.246193755447425
TX,7497,22.04596754277278
TX,7498,22.161354941200628
TX,7499,22.031977813505197
TX,7500,21.883493353682862
TX,7501,21.711024763310476
TX,7502,21.563847640092032
TX,7503,21.479119769706557
TX,7504,21.39986877548435
TX,7505,21.503611372432427
TX,7506,22.09846444950977
TX,7507,22.87111066468063
TX,7508,22.715265319436952
TX,7509,22.272303680635883
TX,7510,21.68160429663678
TX,7511,20.90650277169469
TX,7512,20.1275209326942
TX,7513,19.2402350641189
TX,7514,18.765195453888563
TX,7515,18.475658918674515
TX,7516,18.34616871881898
TX,7517,18.38642398322835
TX,7518,18.734175011869915
TX,7519,19.734149618234415
TX,7520,21.02380502643056
TX,7521,21.792617282358915
TX,7522,21.956847806584413
TX,7523,21.919735084012935
TX,7524,21.80019474089955
TX,7525,21.6615748110769
TX,7526,21.50700609172845
TX,7527,21.40206428516757
TX,7528,21.308450442197003
TX,7529,21.417118124649875
TX,7530,22.016446759617917
TX,7531,22.76250281061133
TX,7532,22.54914126656157
TX,7533,22.101195882266936
TX,7534,21.5122010092825
TX,7535,20.793729420985883
TX,7536,20.024892556723934
TX,7537,19.5000484591453
TX,7538,19.014158062628535
TX,7539,18.709619435320164
TX,7540,18.573824426486432
TX,7541,18.63036317703114
TX,7542,19.02411141448747
TX,7543,20.01869410324226
TX,7544,21.34636375652056
TX,7545,22.15502655954958
TX,7546,22.330615545824262
TX,7547,22.270731381600037
TX,7548,22.14674790171916
TX,7549,21.965214004356334
TX,7550,21.813123506757094
TX,7551,21.704560982951683
TX,7552,21.63376310502456
TX,7553,21.74655421802381
TX,7554,22.3909917651194
TX,7555,23.176720872604044
TX,7556,23.03505510553948
TX,7557,22.61189733785709
TX,7558,22.035491431980656
TX,7559,21.265361913046128
TX,7560,20.504839511952277
TX,7561,19.69269710477764
TX,7562,19.208136178889816
TX,7563,18.897341175143055
TX,7564,18.75454390273833
TX,7565,18.766157212621756
TX,7566,19.099287754369247
TX,7567,20.00904874218466
TX,7568,21.20708386103322
TX,7569,21.909921692536106
TX,7570,22.018351962809223
TX,7571,21.889996489058326
TX,7572,21.727341698810825
TX,7573,21.5327997396365
TX,7574,21.348559721702685
TX,7575,21.235740295568675
TX,7576,21.155215941658835
TX,7577,21.31654579292843
TX,7578,21.983133194810474
TX,7579,22.77353897042044
TX,7580,22.625663594569502
TX,7581,22.19813009892993
TX,7582,21.616394939231572
TX,7583,20.854265665496772
TX,7584,20.094656805751196
TX,7585,19.045899812954957
TX,7586,18.589292384759606
TX,7587,18.285626713834827
TX,7588,18.178210806260577
TX,7589,18.191394525217902
TX,7590,18.53113482824601
TX,7591,19.469734941816785
TX,7592,20.729259456211715
TX,7593,21.436271079757134
TX,7594,21.54963853679172
TX,7595,21.44702732023436
TX,7596,21.287472061395967
TX,7597,21.109623207283494
TX,7598,21.095761341139294
TX,7599,21.01704425228478
TX,7600,20.818801028469615
TX,7601,20.846496230821508
TX,7602,21.552768258173284
TX,7603,22.36043433250189
TX,7604,22.254068193993685
TX,7605,21.85285000979359
TX,7606,21.284095889565673
TX,7607,20.573594803267238
TX,7608,19.810544134232174
TX,7609,19.402334403675685
TX,7610,18.922903088256486
TX,7611,18.644062090990904
TX,7612,18.51083405825349
TX,7613,18.522205173894218
TX,7614,18.853023196612302
TX,7615,19.873550104380033
TX,7616,21.207711715895755
TX,7617,21.974879048319604
TX,7618,22.05899975168943
TX,7619,21.91262625369301
TX,7620,21.73505862595415
TX,7621,21.546777184977735
TX,7622,21.365876232170418
TX,7623,21.267124682650678
TX,7624,21.195334550418888
TX,7625,21.33698507612368
TX,7626,21.998862923523664
TX,7627,22.84816682168698
TX,7628,22.701815167115953
TX,7629,22.285312837862755
TX,7630,21.732624987278715
TX,7631,20.99470216478903
TX,7632,20.215178923126842
TX,7633,19.794864352778973
TX,7634,19.314585437803228
TX,7635,19.01904375388195
TX,7636,18.897046192122545
TX,7637,18.960678064734324
TX,7638,19.313353208176974
TX,7639,20.376735596249084
TX,7640,21.802791282258063
TX,7641,22.61689292563212
TX,7642,22.685762474362484
TX,7643,22.53848224383884
TX,7644,22.35272845085649
TX,7645,22.15423577065215
TX,7646,21.964956038136087
TX,7647,21.83805889630033
TX,7648,21.71042161737457
TX,7649,21.83270352097364
TX,7650,22.45520397930797
TX,7651,23.2400718924525
TX,7652,23.08396554124913
TX,7653,22.6382050631295
TX,7654,22.052334766453296
TX,7655,21.29584785431787
TX,7656,20.516216355910345
TX,7657,19.936542078909703
TX,7658,19.440463908450656
TX,7659,19.113557517324214
TX,7660,18.980903062375287
TX,7661,18.971087115871534
TX,7662,19.28788914089789
TX,7663,20.291155216953843
TX,7664,21.64088092771188
TX,7665,22.47709345044843
TX,7666,22.62979452712132
TX,7667,22.53309809170955
TX,7668,22.393464952031998
TX,7669,22.202844036166862
TX,7670,22.005370511536192
TX,7671,21.8950369438651
TX,7672,21.823101715733497
TX,7673,21.938393065166355
TX,7674,22.54421674158774
TX,7675,23.29994706584335
TX,7676,23.11780037360141
TX,7677,22.6900870921525
TX,7678,22.114489642790367
TX,7679,21.37363211364512
TX,7680,20.607355996212704
TX,7681,19.37637037884101
TX,7682,18.903522212007857
TX,7683,18.608347688040705
TX,7684,18.469198171222246
TX,7685,18.491411110749063
TX,7686,18.810386061216814
TX,7687,19.801347257331788
TX,7688,21.1386046420156
TX,7689,21.934342392062373
TX,7690,22.026470107427315
TX,7691,21.870429723895153
TX,7692,21.716455380065597
TX,7693,21.55102694345491
TX,7694,21.531669275490582
TX,7695,21.48034599577831
TX,7696,21.316350556472123
TX,7697,21.437572175285837
TX,7698,22.11219600122482
TX,7699,22.905891568293576
TX,7700,22.759366611133697
TX,7701,22.331342466551455
TX,7702,21.768171668519077
TX,7703,21.030075798782505
TX,7704,20.27349425901002
TX,7705,19.612765370205523
TX,7706,19.136415581266466
TX,7707,18.839953850933448
TX,7708,18.6959050550669
TX,7709,18.744145213336875
TX,7710,19.098853090828545
TX,7711,20.130452712649337
TX,7712,21.508205780438697
TX,7713,22.316971874123475
TX,7714,22.42343540431879
TX,7715,22.288730411221806
TX,7716,22.124095989998317
TX,7717,21.924697166487334
TX,7718,21.729041347270908
TX,7719,21.60906980646605
TX,7720,21.51136744248014
TX,7721,21.681694320434456
TX,7722,22.34836810457266
TX,7723,23.141377190157463
TX,7724,23.000670261079115
TX,7725,22.588191020666148
TX,7726,22.021828171437374
TX,7727,21.264367222602917
TX,7728,20.47063832055982
TX,7729,20.050694013921554
TX,7730,19.598509867581363
TX,7731,19.333125261298864
TX,7732,19.200312013144096
TX,7733,19.242908074334746
TX,7734,19.54246476608741
TX,7735,20.43367210350992
TX,7736,21.658028907549294
TX,7737,22.424122334064297
TX,7738,22.53030004778266
TX,7739,22.39210984047488
TX,7740,22.216842222737665
TX,7741,22.01490889108329
TX,7742,21.817405906370126
TX,7743,21.70731775497755
TX,7744,21.608997273406196
TX,7745,21.769260728831277
TX,7746,22.492241516417174
TX,7747,23.29009685459327
TX,7748,23.14438633909878
TX,7749,22.735956844450293
TX,7750,22.175582351982985
TX,7751,21.43823354205374
TX,7752,20.65889519404959
TX,7753,19.751218740470808
TX,7754,19.259763315023903
TX,7755,18.983482020092804
TX,7756,18.85311469900364
TX,7757,18.874463436912702
TX,7758,19.186988457666555
TX,7759,20.11829543151826
TX,7760,21.374382858892567
TX,7761,22.163838371792036
TX,7762,22.329871944332872
TX,7763,22.22549675858444
TX,7764,22.057308462223983
TX,7765,21.85510155779988
TX,7766,21.652963506981184
TX,7767,21.492170758340055
TX,7768,21.370510776433985
TX,7769,21.519728353359998
TX,7770,22.217233525827766
TX,7771,23.028665503741394
TX,7772,22.86658566532639
TX,7773,22.42760296427888
TX,7774,21.8407095884242
TX,7775,21.057318431797118
TX,7776,20.23127791386544
TX,7777,19.49698593563834
TX,7778,19.009664982755535
TX,7779,18.734811838493602
TX,7780,18.59619478329848
TX,7781,18.607822828924302
TX,7782,18.995433884730854
TX,7783,19.986580139367035
TX,7784,21.345640251102054
TX,7785,22.163739936388623
TX,7786,22.250183339829455
TX,7787,22.097926251387026
TX,7788,21.917759676758894
TX,7789,21.71946142614126
TX,7790,21.495368800121092
TX,7791,21.360952768012016
TX,7792,21.29277297000062
TX,7793,21.492878624776868
TX,7794,22.191817123134324
TX,7795,23.0322863249139
TX,7796,22.89363123958179
TX,7797,22.488754326088557
TX,7798,21.93834350996367
TX,7799,21.18663377360013
TX,7800,20.404721685143137
TX,7801,20.035444672232018
TX,7802,19.534417816248517
TX,7803,19.224998440027555
TX,7804,19.051403534279963
TX,7805,19.06628834977322
TX,7806,19.426779020108444
TX,7807,20.486840607949944
TX,7808,21.88734740522857
TX,7809,22.74154259820204
TX,7810,22.84128853207388
TX,7811,22.659488704011316
TX,7812,22.441223419456563
TX,7813,22.196355590223924
TX,7814,21.96284819558769
TX,7815,21.81323424338802
TX,7816,21.71688986245428
TX,7817,21.852922036943312
TX,7818,22.50587326007101
TX,7819,23.27465745445016
TX,7820,23.09519397723612
TX,7821,22.647745402766418
TX,7822,22.079096084019948
TX,7823,21.32834050286834
TX,7824,20.538190998760758
TX,7825,20.266655834889267
TX,7826,19.760304445008245
TX,7827,19.43793438067873
TX,7828,19.289051311190303
TX,7829,19.30665753842357
TX,7830,19.604546410038054
TX,7831,20.543730801046376
TX,7832,21.80199740149572
TX,7833,22.630030559624977
TX,7834,22.796237395152687
TX,7835,22.64369411187161
TX,7836,22.49003375444657
TX,7837,22.292838104291636
TX,7838,22.04199960138508
TX,7839,21.902185662627957
TX,7840,21.79731337776394
TX,7841,21.970553484628418
TX,7842,22.646715859442207
TX,7843,23.452470432326354
TX,7844,23.349203664664174
TX,7845,22.96613888739172
TX,7846,22.49463429538491
TX,7847,21.79616721446308
TX,7848,21.061200823779096
TX,7849,19.972834458399554
TX,7850,19.476738947335942
TX,7851,19.177463248149568
TX,7852,19.034513227886347
TX,7853,19.048767267124088
TX,7854,19.387026733458523
TX,7855,20.25401617861345
TX,7856,21.455230127491703
TX,7857,22.25149585009672
TX,7858,22.465500821902967
TX,7859,22.41903697102704
TX,7860,22.266990494460924
TX,7861,22.054346894417193
TX,7862,21.78208654857402
TX,7863,21.613458880896996
TX,7864,21.522890148925775
TX,7865,21.671979378318518
TX,7866,22.325003889650432
TX,7867,23.1331397801159
TX,7868,22.997489559874076
TX,7869,22.616066996354245
TX,7870,22.107603264423958
TX,7871,21.395218840176323
TX,7872,20.66438909241364
TX,7873,19.394031119733718
TX,7874,18.949336029027553
TX,7875,18.686295784240173
TX,7876,18.571391226187313
TX,7877,18.631353342091096
TX,7878,18.959436870457512
TX,7879,19.867279763820033
TX,7880,21.101155039956783
TX,7881,21.905184446967695
TX,7882,22.070539313757624
TX,7883,21.960498653031518
TX,7884,21.77648475693154
TX,7885,21.559139011015834
TX,7886,21.31667637170729
TX,7887,21.144122035595146
TX,7888,21.074092559501956
TX,7889,21.265410425746296
TX,7890,21.95909673789337
TX,7891,22.770469873351527
TX,7892,22.680810513450258
TX,7893,22.315052668500847
TX,7894,21.824153844071194
TX,7895,21.14126953956317
TX,7896,20.398809653301623
TX,7897,19.631163692505485
TX,7898,19.186726713443733
TX,7899,18.88180463809365
TX,7900,18.722333626556505
TX,7901,18.754100821534088
TX,7902,19.062078318400616
TX,7903,19.924480582863726
TX,7904,21.123230053567987
TX,7905,21.882532875013997
TX,7906,22.03857929555827
TX,7907,21.94068962391051
TX,7908,21.792292915605227
TX,7909,21.595229464056292
TX,7910,21.391172666131894
TX,7911,21.261834297830077
TX,7912,21.20430568749419
TX,7913,21.409275716897028
TX,7914,22.126478564193082
TX,7915,22.922895851087105
TX,7916,22.78070799854699
TX,7917,22.369537083016
TX,7918,21.815404063980687
TX,7919,21.08899236020055
TX,7920,20.304666439659158
TX,7921,19.791814706143324
TX,7922,19.309458921491384
TX,7923,19.013177835623893
TX,7924,18.870869531714675
TX,7925,18.88900299232532
TX,7926,19.235985215681993
TX,7927,20.168523665117295
TX,7928,21.408197126128282
TX,7929,22.243663476745926
TX,7930,22.467324515523387
TX,7931,22.438552529901568
TX,7932,22.343151774249765
TX,7933,22.176162831488213
TX,7934,21.988949211212272
TX,7935,21.882472572588515
TX,7936,21.799538048773236
TX,7937,21.95468186484619
TX,7938,22.606758239782398
TX,7939,23.41329048333531
TX,7940,23.263320730003016
TX,7941,22.84432336895962
TX,7942,22.284230822329917
TX,7943,21.536410903935845
TX,7944,20.770881038242795
TX,7945,20.191613505024854
TX,7946,19.68522063975255
TX,7947,19.367919763339078
TX,7948,19.228538525664547
TX,7949,19.259350007359988
TX,7950,19.598476983870615
TX,7951,20.53257875780772
TX,7952,21.782413351179816
TX,7953,22.501461214105316
TX,7954,22.557253764270534
TX,7955,22.37506158934192
TX,7956,22.15630209002451
TX,7957,21.89055026194366
TX,7958,21.591834863686927
TX,7959,21.421527783897385
TX,7960,21.328688488832938
TX,7961,21.55556149006255
TX,7962,22.310390388927093
TX,7963,23.140462026823535
TX,7964,23.00057355071385
TX,7965,22.595794454959783
TX,7966,22.0443556280876
TX,7967,21.306172119959175
TX,7968,20.54011240502253
TX,7969,19.875143239622734
TX,7970,19.37682435727692
TX,7971,19.06816622450034
TX,7972,18.905445394961596
TX,7973,18.93622664787545
TX,7974,19.247877728554727
TX,7975,20.22815384631836
TX,7976,21.578668347414677
TX,7977,22.396056493691088
TX,7978,22.502217828502488
TX,7979,22.35460436562804
TX,7980,22.22377661197362
TX,7981,22.03171391659107
TX,7982,21.84446375379559
TX,7983,21.729407635790807
TX,7984,21.63843841830512
TX,7985,21.78351409313444
TX,7986,22.463283196645644
TX,7987,23.208385681330185
TX,7988,23.03412500038604
TX,7989,22.597047317739964
TX,7990,22.025047668497546
TX,7991,21.271791907289415
TX,7992,20.498707712020188
TX,7993,20.010803144127056
TX,7994,19.533922630985373
TX,7995,19.233210212057344
TX,7996,19.094681916088344
TX,7997,19.150823097205063
TX,7998,19.531927690250473
TX,7999,20.56604910259018
TX,8000,21.978072497170967
TX,8001,22.84946878747086
TX,8002,22.998051999755386
TX,8003,22.885221403156187
TX,8004,22.751286259989147
TX,8005,22.60331074370943
TX,8006,22.47234969987511
TX,8007,22.40005744506203
TX,8008,22.355439438154114
TX,8009,22.53760354248534
TX,8010,23.226781772153743
TX,8011,24.02172498231457
TX,8012,23.86312658439288
TX,8013,23.46041997693821
TX,8014,22.91797312793071
TX,8015,22.179274755456884
TX,8016,21.39785485990864
TX,8017,20.952705018523663
TX,8018,20.411336213786875
TX,8019,20.060536884409984
TX,8020,19.85626862008116
TX,8021,19.823706390188093
TX,8022,20.021141815522384
TX,8023,20.848062580495128
TX,8024,22.100352237545597
TX,8025,23.02874508238752
TX,8026,23.250606232664754
TX,8027,23.231771063560846
TX,8028,23.11442284921517
TX,8029,22.915746893800282
TX,8030,22.704385300190495
TX,8031,22.557815189453404
TX,8032,22.442582730022497
TX,8033,22.583077425128014
TX,8034,23.35347168628107
TX,8035,24.177638476176554
TX,8036,24.000402430446997
TX,8037,23.605796706855877
TX,8038,23.07926400780811
TX,8039,22.335619052050912
TX,8040,21.477230126273565
TX,8041,20.63864641428113
TX,8042,20.108035878955402
TX,8043,19.766951542951126
TX,8044,19.608092372001302
TX,8045,19.58297967211881
TX,8046,19.84733167593499
TX,8047,20.695959308442568
TX,8048,21.974216907232183
TX,8049,22.89054516846174
TX,8050,23.065223281305922
TX,8051,22.973466441507817
TX,8052,22.8406518194693
TX,8053,22.622345407016205
TX,8054,22.408880825381555
TX,8055,22.311962757077655
TX,8056,22.26252045013255
TX,8057,22.43702064001959
TX,8058,23.213997378876687
TX,8059,24.029891104952657
TX,8060,23.866506900421246
TX,8061,23.48420474447938
TX,8062,22.975326764600386
TX,8063,22.257786511184868
TX,8064,21.45000773582091
TX,8065,20.95036236096517
TX,8066,20.403394087675107
TX,8067,20.041814411320587
TX,8068,19.837836863410068
TX,8069,19.788376012145598
TX,8070,20.040146491038936
TX,8071,20.827513357162335
TX,8072,22.000325303591246
TX,8073,22.92816487409127
TX,8074,23.16631223694807
TX,8075,23.13998417769901
TX,8076,23.036953584929446
TX,8077,22.81943419924392
TX,8078,22.619699229998364
TX,8079,22.47525719980466
TX,8080,22.37959271867801
TX,8081,22.528998050342402
TX,8082,23.308565841515005
TX,8083,24.175835123237686
TX,8084,24.003049154858328
TX,8085,23.613900045133864
TX,8086,23.09839276819077
TX,8087,22.377802717951145
TX,8088,21.528626050624958
TX,8089,20.597990732752603
TX,8090,20.064510722600122
TX,8091,19.688308240081394
TX,8092,19.493025929068622
TX,8093,19.477284525104796
TX,8094,19.707931044577226
TX,8095,20.504149113847973
TX,8096,21.737040245307444
TX,8097,22.683276890134778
TX,8098,22.963276704956453
TX,8099,22.977068718267432
TX,8100,22.89255099728116
TX,8101,22.734770175543495
TX,8102,22.560679763138435
TX,8103,22.433892752405708
TX,8104,22.33586029535665
TX,8105,22.497550525158893
TX,8106,23.310052185366168
TX,8107,24.18930999701659
TX,8108,24.051706579701186
TX,8109,23.68088002172203
TX,8110,23.178895518517123
TX,8111,22.44925527273378
TX,8112,21.64019949369374
TX,8113,20.817064423302096
TX,8114,20.262125542864506
TX,8115,19.89937621911562
TX,8116,19.72081157208668
TX,8117,19.68153392337829
TX,8118,19.92978802534645
TX,8119,20.787242976328418
TX,8120,22.085639925948758
TX,8121,23.027990822315804
TX,8122,23.251444621059903
TX,8123,23.240117015111007
TX,8124,23.15435818231926
TX,8125,22.964201008536055
TX,8126,22.767189153937778
TX,8127,22.645980921882153
TX,8128,22.530629738144267
TX,8129,22.656792884193923
TX,8130,23.4470459062804
TX,8131,24.299343668415823
TX,8132,24.137227999221437
TX,8133,23.743504253521525
TX,8134,23.230178727045303
TX,8135,22.489200756729357
TX,8136,21.642556192407216
TX,8137,21.047005028583467
TX,8138,20.474652366513535
TX,8139,20.113018463229555
TX,8140,19.947683588597275
TX,8141,19.953575873694543
TX,8142,20.24813281835633
TX,8143,21.163713027833527
TX,8144,22.538369387922145
TX,8145,23.571926169352214
TX,8146,23.80047232315845
TX,8147,23.7415773169478
TX,8148,23.608717332826906
TX,8149,23.40550860940885
TX,8150,23.198108796733745
TX,8151,23.087314038575737
TX,8152,22.997934325073413
TX,8153,23.1588144467043
TX,8154,23.952846227378945
TX,8155,24.78660264893857
TX,8156,24.601992346248498
TX,8157,24.202071588819283
TX,8158,23.687115042302132
TX,8159,22.981143461101688
TX,8160,22.143776276397865
TX,8161,21.808755211513667
TX,8162,21.25454466649419
TX,8163,20.859712130452642
TX,8164,20.661932148811115
TX,8165,20.618153419678784
TX,8166,20.838308912897556
TX,8167,21.677772273568173
TX,8168,22.948614617681176
TX,8169,23.881409933814403
TX,8170,24.07932618057048
TX,8171,24.008835270171982
TX,8172,23.839981640058298
TX,8173,23.612644384657866
TX,8174,23.371932479154598
TX,8175,23.227607970292055
TX,8176,23.124608234950994
TX,8177,23.243986314011064
TX,8178,24.031575508076106
TX,8179,24.872264680477773
TX,8180,24.686161114904458
TX,8181,24.27001403090406
TX,8182,23.748334092927685
TX,8183,22.997033169057065
TX,8184,22.126363660101624
TX,8185,21.42042414642619
TX,8186,20.879566571460845
TX,8187,20.503280998272167
TX,8188,20.328408537253303
TX,8189,20.31226655861757
TX,8190,20.523005411358962
TX,8191,21.3593876306727
TX,8192,22.62929485337636
TX,8193,23.60815200530257
TX,8194,23.846152496151447
TX,8195,23.809772322841578
TX,8196,23.680631441785
TX,8197,23.463327454986555
TX,8198,23.248606196940973
TX,8199,23.10887820795821
TX,8200,23.0063372632247
TX,8201,23.13826320783374
TX,8202,23.943583439602822
TX,8203,24.784420865344142
TX,8204,24.603756175145037
TX,8205,24.208431833070243
TX,8206,23.681444985850728
TX,8207,22.939174441181187
TX,8208,22.087681891404564
TX,8209,21.604889612402317
TX,8210,21.048410545366792
TX,8211,20.653684507739012
TX,8212,20.45359662494929
TX,8213,20.41763768844574
TX,8214,20.63885568897696
TX,8215,21.472734038151586
TX,8216,22.72717009649635
TX,8217,23.698651201461914
TX,8218,23.944081443159906
TX,8219,23.95386901279471
TX,8220,23.84394184719944
TX,8221,23.650226184430398
TX,8222,23.42358015118872
TX,8223,23.251506429837598
TX,8224,23.13065861692364
TX,8225,23.26412138452757
TX,8226,24.04907795870256
TX,8227,24.891938668834392
TX,8228,24.72168092749593
TX,8229,24.340347481010227
TX,8230,23.834416950048542
TX,8231,23.13926774642627
TX,8232,22.344425381536457
TX,8233,22.07184565676442
TX,8234,21.529262359930396
TX,8235,21.181640303060355
TX,8236,20.977138265680576
TX,8237,20.93550143253995
TX,8238,21.160428113586207
TX,8239,21.912979796704374
TX,8240,23.08208196998215
TX,8241,24.024151094458453
TX,8242,24.302942743619138
TX,8243,24.34583985937895
TX,8244,24.251059636341765
TX,8245,24.066492553871598
TX,8246,23.88125617149094
TX,8247,23.73327410966659
TX,8248,23.6169998572814
TX,8249,23.750808191653444
TX,8250,24.53920189869845
TX,8251,25.340859528345405
TX,8252,25.178808927306132
TX,8253,24.788847103832765
TX,8254,24.265005150875535
TX,8255,23.567313421170603
TX,8256,22.78384473079663
TX,8257,21.664464274534446
TX,8258,21.111134432355428
TX,8259,20.722500551203662
TX,8260,20.525959099305275
TX,8261,20.48495114758018
TX,8262,20.751810036920926
TX,8263,21.552835238433488
TX,8264,22.776138191237244
TX,8265,23.734677857269702
TX,8266,23.98349082276877
TX,8267,23.97070949045331
TX,8268,23.83678515209643
TX,8269,23.611783864605624
TX,8270,23.365318095725723
TX,8271,23.16764895073544
TX,8272,23.04615492392794
TX,8273,23.228733241499146
TX,8274,24.085943293021472
TX,8275,24.97469765024851
TX,8276,24.811639135835616
TX,8277,24.41920007549075
TX,8278,23.89503309502831
TX,8279,23.176603492656273
TX,8280,22.332744320497913
TX,8281,21.25723113946533
TX,8282,20.683743139412712
TX,8283,20.297684800586776
TX,8284,20.109742147630648
TX,8285,20.09438161014328
TX,8286,20.33474038091982
TX,8287,21.1667641374027
TX,8288,22.428215315362554
TX,8289,23.395885801373055
TX,8290,23.59022203442172
TX,8291,23.511615313051397
TX,8292,23.380492043901995
TX,8293,23.16250706283994
TX,8294,22.94012171829308
TX,8295,22.796332762667273
TX,8296,22.710939287130664
TX,8297,22.86062277093401
TX,8298,23.667681294306576
TX,8299,24.549333935116433
TX,8300,24.393518269770578
TX,8301,24.01669291496274
TX,8302,23.489619290318196
TX,8303,22.77222408365176
TX,8304,21.90203421565828
TX,8305,21.037406169726044
TX,8306,20.476260135560526
TX,8307,20.085515944129824
TX,8308,19.91275904820285
TX,8309,19.901562526689208
TX,8310,20.16655762722226
TX,8311,21.03521336270173
TX,8312,22.39092656639737
TX,8313,23.403865907181725
TX,8314,23.614385426819208
TX,8315,23.538091037089185
TX,8316,23.406194860311622
TX,8317,23.182493428118317
TX,8318,22.976074245104485
TX,8319,22.82806777305044
TX,8320,22.692090417618125
TX,8321,22.80957497413569
TX,8322,23.56186783528062
TX,8323,24.387458480379657
TX,8324,24.18978586884976
TX,8325,23.775625633140542
TX,8326,23.239121801141327
TX,8327,22.488896115278983
TX,8328,21.660370524722673
TX,8329,21.184140622651334
TX,8330,20.62356390017965
TX,8331,20.212469281916214
TX,8332,20.013808889226627
TX,8333,19.993948419540633
TX,8334,20.184564413713787
TX,8335,21.01142601402153
TX,8336,22.30875797972176
TX,8337,23.312328916474552
TX,8338,23.567663268226134
TX,8339,23.543553135123048
TX,8340,23.430113108124
TX,8341,23.220279321906595
TX,8342,23.01025113713753
TX,8343,22.882099239419937
TX,8344,22.787806097111833
TX,8345,22.9514957574191
TX,8346,23.741023797372872
TX,8347,24.577297455709022
TX,8348,24.399121714366217
TX,8349,24.018445279185585
TX,8350,23.51053941144847
TX,8351,22.801601954816345
TX,8352,21.982139440757752
TX,8353,21.257553993814717
TX,8354,20.67788183753012
TX,8355,20.290613994615644
TX,8356,20.086302864157492
TX,8357,20.075151952114417
TX,8358,20.30334207791005
TX,8359,21.116820163916007
TX,8360,22.358040032310463
TX,8361,23.320172832148817
TX,8362,23.607630485706185
TX,8363,23.64788153946096
TX,8364,23.602023641316467
TX,8365,23.428162849474727
TX,8366,23.241113583018652
TX,8367,23.106278117380498
TX,8368,23.001938468723278
TX,8369,23.117061187276768
TX,8370,23.879648922056884
TX,8371,24.700622292306168
TX,8372,24.520106736764845
TX,8373,24.093918827597946
TX,8374,23.528670300696827
TX,8375,22.75341738193159
TX,8376,21.893043138740712
TX,8377,20.852187391754523
TX,8378,20.29896585810517
TX,8379,19.967298937755576
TX,8380,19.809086744210404
TX,8381,19.7792775846894
TX,8382,20.036898348182845
TX,8383,20.85043165138813
TX,8384,22.14595383517488
TX,8385,23.191483522108086
TX,8386,23.50299037561157
TX,8387,23.571498751031847
TX,8388,23.51566864020788
TX,8389,23.33740253600599
TX,8390,23.151857296656434
TX,8391,23.015158833882545
TX,8392,22.890944090293733
TX,8393,23.02752950280136
TX,8394,23.795301922864617
TX,8395,24.62128132996289
TX,8396,24.434427663948348
TX,8397,24.027601630459426
TX,8398,23.527262980614616
TX,8399,22.80659158893388
TX,8400,21.98529313487479
TX,8401,21.729608195545794
TX,8402,21.182598544145662
TX,8403,20.83413752093953
TX,8404,20.658740240837975
TX,8405,20.611383895514905
TX,8406,20.813001975849154
TX,8407,21.543457824703356
TX,8408,22.742024658188637
TX,8409,23.71941547995393
TX,8410,24.043285478500906
TX,8411,24.094845468317164
TX,8412,24.041009985619553
TX,8413,23.875297921589205
TX,8414,23.680492411905476
TX,8415,23.54479414353824
TX,8416,23.445463001254787
TX,8417,23.56846770638368
TX,8418,24.35749783841562
TX,8419,25.227268446295763
TX,8420,25.07034072301055
TX,8421,24.70442965155282
TX,8422,24.208088289578402
TX,8423,23.517074005629105
TX,8424,22.71280226584184
TX,8425,22.071136429724906
TX,8426,21.538765890882676
TX,8427,21.197102047579996
TX,8428,21.04030792566008
TX,8429,21.042143815989604
TX,8430,21.3495480319425
TX,8431,22.19191808704114
TX,8432,23.408945046595342
TX,8433,24.38897875825559
TX,8434,24.653989696175014
TX,8435,24.63037339917576
TX,8436,24.491542346613894
TX,8437,24.2669774645265
TX,8438,24.03217890808159
TX,8439,23.87359066418605
TX,8440,23.74711427024504
TX,8441,23.917495833186432
TX,8442,24.775718059477605
TX,8443,25.72092324108902
TX,8444,25.592904425290627
TX,8445,25.236035320843413
TX,8446,24.758399806724146
TX,8447,24.03557822031074
TX,8448,23.185645397139055
TX,8449,22.053549004676356
TX,8450,21.530992098353643
TX,8451,21.186254330965532
TX,8452,21.012247104534488
TX,8453,20.954724920808566
TX,8454,21.201132966947203
TX,8455,22.055350312032488
TX,8456,23.315434600888903
TX,8457,24.313464003598956
TX,8458,24.561151418699733
TX,8459,24.526779149417912
TX,8460,24.394502406672085
TX,8461,24.197736789071325
TX,8462,23.967310819914154
TX,8463,23.81679931723178
TX,8464,23.688271749867408
TX,8465,23.7934756470061
TX,8466,24.549558159746116
TX,8467,25.4036628238964
TX,8468,25.228557293839316
TX,8469,24.840808643026097
TX,8470,24.30400730933552
TX,8471,23.580780951744597
TX,8472,22.719757773647874
TX,8473,21.88443326754933
TX,8474,21.33449967643652
TX,8475,20.972072423358792
TX,8476,20.797281591314388
TX,8477,20.769175665470726
TX,8478,20.97653329392398
TX,8479,21.842521485353096
TX,8480,23.193990107754765
TX,8481,24.2266613669838
TX,8482,24.452728676488853
TX,8483,24.357600168664884
TX,8484,24.191485048783726
TX,8485,23.940369469221068
TX,8486,23.687094545809394
TX,8487,23.53321276545303
TX,8488,23.429293879825405
TX,8489,23.562369374445794
TX,8490,24.336227533819027
TX,8491,25.212486141207854
TX,8492,25.03420465184806
TX,8493,24.647342915177497
TX,8494,24.15167987948328
TX,8495,23.439237116634445
TX,8496,22.607365769293963
TX,8497,22.081877145995463
TX,8498,21.508112016826427
TX,8499,21.132080146215895
TX,8500,20.934848346159473
TX,8501,20.89845947251769
TX,8502,21.07922992089125
TX,8503,21.904680187963162
TX,8504,23.147061109607893
TX,8505,24.13189241028907
TX,8506,24.409388505552748
TX,8507,24.387572102288654
TX,8508,24.258014427137983
TX,8509,24.030568694331983
TX,8510,23.810745494626296
TX,8511,23.6600173475749
TX,8512,23.52273089576311
TX,8513,23.594412890548725
TX,8514,24.305662601366425
TX,8515,25.08952605771854
TX,8516,24.883027172304473
TX,8517,24.488227418259473
TX,8518,23.980629080751143
TX,8519,23.298057650232867
TX,8520,22.485270329221578
TX,8521,21.820701351715606
TX,8522,21.257111198229538
TX,8523,20.869523792353732
TX,8524,20.68752165336163
TX,8525,20.668550144070704
TX,8526,20.88814200749281
TX,8527,21.651287720370682
TX,8528,22.85368601048393
TX,8529,23.848598051714767
TX,8530,24.213814477787448
TX,8531,24.28352070317046
TX,8532,24.21039482971968
TX,8533,24.030950266134507
TX,8534,23.827453345512204
TX,8535,23.637993294469222
TX,8536,23.535526025952226
TX,8537,23.629690839911675
TX,8538,24.3879010327735
TX,8539,25.23288210908007
TX,8540,25.060022831237415
TX,8541,24.674035547821287
TX,8542,24.18078082192637
TX,8543,23.47932223391138
TX,8544,22.675413452312295
TX,8545,22.113498823955812
TX,8546,21.564997381628405
TX,8547,21.18713138354787
TX,8548,20.982210805456862
TX,8549,20.94722277255777
TX,8550,21.155863855513545
TX,8551,21.904242820450825
TX,8552,23.083818498565098
TX,8553,24.0586376161212
TX,8554,24.419405968372246
TX,8555,24.500056502539152
TX,8556,24.40923666995078
TX,8557,24.203769870326052
TX,8558,23.955721691938642
TX,8559,23.78855893518405
TX,8560,23.65154893174985
TX,8561,23.761005685441575
TX,8562,24.513721735518995
TX,8563,25.316739039896145
TX,8564,25.090370897555133
TX,8565,24.665655341231062
TX,8566,24.168532560234855
TX,8567,23.48864763262565
TX,8568,22.67728909792304
TX,8569,21.352248094712365
TX,8570,20.7971834985371
TX,8571,20.428970532445508
TX,8572,20.219835391415934
TX,8573,20.17337292326576
TX,8574,20.342859151068616
TX,8575,20.927014370921047
TX,8576,21.925314017346636
TX,8577,22.812269921736075
TX,8578,23.193230701044413
TX,8579,23.306612428824742
TX,8580,23.23763519606176
TX,8581,23.055607766387315
TX,8582,22.80362445943522
TX,8583,22.642141738849713
TX,8584,22.527623280015803
TX,8585,22.602642584192687
TX,8586,23.255658661103578
TX,8587,24.000281972147476
TX,8588,23.7888495607996
TX,8589,23.39251998738233
TX,8590,22.9496978265232
TX,8591,22.374914908656553
TX,8592,21.69327807604304
TX,8593,21.15607337548947
TX,8594,20.59018746001452
TX,8595,20.228091183963244
TX,8596,20.037129333478664
TX,8597,20.000077357661972
TX,8598,20.19827463784978
TX,8599,20.852015344352154
TX,8600,21.864983792953208
TX,8601,22.771648680037906
TX,8602,23.16245223777936
TX,8603,23.254113778066305
TX,8604,23.213043650504563
TX,8605,23.037364448806326
TX,8606,22.78946277247846
TX,8607,22.58629804278231
TX,8608,22.450120959356646
TX,8609,22.549477425835846
TX,8610,23.240793103126826
TX,8611,24.03407692177412
TX,8612,23.860280550246227
TX,8613,23.52397914823358
TX,8614,23.085116169242703
TX,8615,22.47315878518874
TX,8616,21.72867424560257
TX,8617,21.441696849496783
TX,8618,20.929590084686073
TX,8619,20.60761476429955
TX,8620,20.453014496547357
TX,8621,20.458606536979584
TX,8622,20.7134029791739
TX,8623,21.47296676646293
TX,8624,22.61576482794067
TX,8625,23.53147648915521
TX,8626,23.90826306549087
TX,8627,24.020899388018396
TX,8628,24.001268210993835
TX,8629,23.859000671435588
TX,8630,23.681616133911238
TX,8631,23.525229571862095
TX,8632,23.44048274433254
TX,8633,23.54510974458412
TX,8634,24.2952893030629
TX,8635,25.13577864090556
TX,8636,24.951238267456983
TX,8637,24.53373430706359
TX,8638,24.000718762847065
TX,8639,23.24922385389665
TX,8640,22.438207202675276
TX,8641,21.053138682999613
TX,8642,20.489166327445894
TX,8643,20.114711481199997
TX,8644,19.9493593024501
TX,8645,19.92087987548591
TX,8646,20.143650328326377
TX,8647,20.969118104477964
TX,8648,22.20655470222762
TX,8649,23.22088206023444
TX,8650,23.581150819017537
TX,8651,23.64373014442353
TX,8652,23.587485074494065
TX,8653,23.4463527317501
TX,8654,23.239139259505837
TX,8655,23.104746072562282
TX,8656,22.99112259743268
TX,8657,23.10149804348595
TX,8658,23.860337651710886
TX,8659,24.726499224675766
TX,8660,24.565198572538286
TX,8661,24.169527358589903
TX,8662,23.65889833093733
TX,8663,22.939769689201793
TX,8664,22.143831149897522
TX,8665,21.194521217316733
TX,8666,20.63921775763159
TX,8667,20.270601635357977
TX,8668,20.07052384764553
TX,8669,20.02352146237108
TX,8670,20.17659441109803
TX,8671,20.894805695261034
TX,8672,22.06342677435403
TX,8673,23.003626035492683
TX,8674,23.337591571754725
TX,8675,23.4312473604334
TX,8676,23.388932000936762
TX,8677,23.231533413186483
TX,8678,23.041336697474776
TX,8679,22.899670160796028
TX,8680,22.7704440479928
TX,8681,22.871422583769288
TX,8682,23.583402359218447
TX,8683,24.39396683704487
TX,8684,24.20651237544389
TX,8685,23.80175397083386
TX,8686,23.277827777828158
TX,8687,22.584108386202445
TX,8688,21.802104394571533
TX,8689,21.4776610161882
TX,8690,20.941926335003732
TX,8691,20.570848244797684
TX,8692,20.396500914278157
TX,8693,20.368841358017484
TX,8694,20.59725613775983
TX,8695,21.37004678214736
TX,8696,22.53967546606667
TX,8697,23.53125259252306
TX,8698,23.90477060768898
TX,8699,24.012020539807498
TX,8700,23.97667982178521
TX,8701,23.852343556756175
TX,8702,23.668074584446245
TX,8703,23.535673150847703
TX,8704,23.427881114161274
TX,8705,23.515244696686178
TX,8706,24.23743467358746
TX,8707,25.075101191047338
TX,8708,24.895860008394678
TX,8709,24.497687319216617
TX,8710,23.98161319798134
TX,8711,23.279293510201367
TX,8712,22.46488679144971
TX,8713,22.014148063998963
TX,8714,21.48379942364159
TX,8715,21.12390533076917
TX,8716,20.944160219420464
TX,8717,20.89995452201532
TX,8718,21.117381764253388
TX,8719,21.86425197931271
TX,8720,23.039010939888975
TX,8721,23.9979406236368
TX,8722,24.340445292569655
TX,8723,24.42883086664972
TX,8724,24.392984277907498
TX,8725,24.22705095522938
TX,8726,24.031803445884
TX,8727,23.87669391726633
TX,8728,23.737582875310544
TX,8729,23.81320162557817
TX,8730,24.508840652830862
TX,8731,25.31103384812124
TX,8732,25.1064540909343
TX,8733,24.686528450281205
TX,8734,24.166225797651183
TX,8735,23.451352420199584
TX,8736,22.642341888944408
TX,8737,21.351370986750915
TX,8738,20.799632396041016
TX,8739,20.425866287286595
TX,8740,20.226489145503677
TX,8741,20.1603512085978
TX,8742,20.340428443063765
TX,8743,21.0232562215333
TX,8744,22.081897979891984
TX,8745,23.000769986504746
TX,8746,23.384078631033717
TX,8747,23.53541490939437
TX,8748,23.541074417081408
TX,8749,23.41291276843878
TX,8750,23.23422314915749
TX,8751,23.090163963885946
TX,8752,22.98822321037472
TX,8753,23.10221885214636
TX,8754,23.845623769123822
TX,8755,24.66274200770343
TX,8756,24.452871336186867
TX,8757,23.98543470651249
TX,8758,23.46371792435323
TX,8759,22.81382139484893
TX,8760,22.09622839409327
CA,1,8.438289214748682
CA,2,8.148187590947735
CA,3,7.98020100457545
CA,4,7.951348352039229
CA,5,8.086312143742951
CA,6,8.51746038518474
CA,7,9.287298815323972
CA,8,9.831917225307839
CA,9,10.028913110645268
CA,10,10.07242122793796
CA,11,10.045014543337956
CA,12,10.018919938044657
CA,13,9.974272099921544
CA,14,9.980030990511843
CA,15,10.034877397126737
CA,16,10.312871172168657
CA,17,10.99015613989917
CA,18,11.607843545894188
CA,19,11.478941094536598
CA,20,11.101009740855405
CA,21,10.642362258931147
CA,22,10.070338386907295
CA,23,9.32991349005748
CA,24,8.69791080029355
CA,25,8.452921067021949
CA,26,8.197636533119237
CA,27,8.10953814790792
CA,28,8.151703547768323
CA,29,8.320863025563739
CA,30,8.834976314791103
CA,31,9.671024036031948
CA,32,10.287466092210682
CA,33,10.590359279165853
CA,34,10.702939322513236
CA,35,10.703794162304604
CA,36,10.682719131650702
CA,37,10.605648848330596
CA,38,10.573792592084521
CA,39,10.615304549927217
CA,40,10.84351888476346
CA,41,11.475175604920462
CA,42,12.089029005479725
CA,43,11.930383420601236
CA,44,11.554826722251171
CA,45,11.076364348835797
CA,46,10.454886739238095
CA,47,9.69582775175367
CA,48,9.044323561400777
CA,49,8.854449418244569
CA,50,8.5945189316082
CA,51,8.462729101597661
CA,52,8.493770411945997
CA,53,8.691299817654837
CA,54,9.242888047954068
CA,55,10.139650901564034
CA,56,10.814722410173117
CA,57,11.109970830028693
CA,58,11.195206103791946
CA,59,11.175029344203795
CA,60,11.142805950136436
CA,61,11.087101745490703
CA,62,11.060842177331251
CA,63,11.06541577430295
CA,64,11.22983448574556
CA,65,11.777899253849544
CA,66,12.321965026574283
CA,67,12.129671119971391
CA,68,11.730380144189402
CA,69,11.21501190930247
CA,70,10.543612919031684
CA,71,9.760336760053457
CA,72,9.074852037084517
CA,73,8.591153944796392
CA,74,8.325753485332516
CA,75,8.18605054729802
CA,76,8.205077356972291
CA,77,8.437066911109214
CA,78,9.024165483228392
CA,79,9.97700329717147
CA,80,10.691926162436197
CA,81,10.959860820628196
CA,82,10.96611532442858
CA,83,10.897991863195626
CA,84,10.806870661861847
CA,85,10.727866420929745
CA,86,10.7021719109267
CA,87,10.72438829458793
CA,88,10.966473794478581
CA,89,11.54682273631242
CA,90,12.13625647088663
CA,91,11.946294721601076
CA,92,11.542956465128224
CA,93,11.04384059459677
CA,94,10.395183409103705
CA,95,9.634185333516799
CA,96,8.967343678404527
CA,97,8.62661573826738
CA,98,8.356511647722964
CA,99,8.243436016457764
CA,100,8.24824710481232
CA,101,8.452641288406339
CA,102,9.014501722125363
CA,103,9.93144218672197
CA,104,10.614482122901407
CA,105,10.888720929381764
CA,106,10.948868910672598
CA,107,10.93159959535401
CA,108,10.902149751027403
CA,109,10.827294580933076
CA,110,10.791150816221924
CA,111,10.796008366141928
CA,112,10.982974359929456
CA,113,11.533655405111961
CA,114,12.087186840742014
CA,115,11.907574092483635
CA,116,11.488537899374055
CA,117,11.002800191272673
CA,118,10.354967694464003
CA,119,9.603210506506395
CA,120,8.943314768003473
CA,121,8.70812762010596
CA,122,8.421512954645522
CA,123,8.293571502176512
CA,124,8.296168795407867
CA,125,8.497402266146263
CA,126,9.056292814858407
CA,127,9.959731797268846
CA,128,10.672875136021991
CA,129,10.972448253390091
CA,130,11.008330151188959
CA,131,10.94860722130523
CA,132,10.889258992981027
CA,133,10.806404222396903
CA,134,10.76897580325693
CA,135,10.788954045750494
CA,136,11.021370890562716
CA,137,11.641720791072546
CA,138,12.272482925471333
CA,139,12.124057862458386
CA,140,11.739746192769015
CA,141,11.283327200790941
CA,142,10.660956729980743
CA,143,9.947301153348713
CA,144,9.30914123179275
CA,145,8.972837037541897
CA,146,8.725085568640285
CA,147,8.612278108372873
CA,148,8.630249891268575
CA,149,8.842117227112261
CA,150,9.402988843663065
CA,151,10.309943248755692
CA,152,10.986378586168422
CA,153,11.247164947001641
CA,154,11.269763953413209
CA,155,11.201034586131902
CA,156,11.11071040773782
CA,157,11.011003700622082
CA,158,10.976265757978176
CA,159,11.010856039774616
CA,160,11.25057834512649
CA,161,11.860332662750846
CA,162,12.48871572626601
CA,163,12.329417503187237
CA,164,11.944833384287316
CA,165,11.451299284258438
CA,166,10.820228771999167
CA,167,10.079915359114048
CA,168,9.439792588860955
CA,169,9.013146858908412
CA,170,8.752664465371222
CA,171,8.635452191768483
CA,172,8.662248399038647
CA,173,8.852146038258322
CA,174,9.369806066305284
CA,175,10.243483099369335
CA,176,10.907432570055493
CA,177,11.212035773528216
CA,178,11.259221538472874
CA,179,11.22670380609787
CA,180,11.159234251389591
CA,181,11.06947128715674
CA,182,11.00607073951666
CA,183,11.029901318692206
CA,184,11.278379380716496
CA,185,11.909477773798647
CA,186,12.537316740562266
CA,187,12.39249938245853
CA,188,12.02941031078723
CA,189,11.559414150324802
CA,190,10.94960065029836
CA,191,10.195747095378513
CA,192,9.58201482518802
CA,193,8.984910780890052
CA,194,8.696224965549312
CA,195,8.575997590777732
CA,196,8.57918752199657
CA,197,8.753077939317128
CA,198,9.28656765393027
CA,199,10.156715934931762
CA,200,10.814288316351528
CA,201,11.111428206781431
CA,202,11.169376289953131
CA,203,11.13638640886571
CA,204,11.070849439728171
CA,205,11.00444540245078
CA,206,10.962957093138776
CA,207,11.001613293665725
CA,208,11.219468790092504
CA,209,11.807811154283108
CA,210,12.427580365316322
CA,211,12.312118526187188
CA,212,11.906365594350714
CA,213,11.43371577532955
CA,214,10.794115629477341
CA,215,10.048427179835087
CA,216,9.410293919952561
CA,217,9.1899746481299
CA,218,8.9390143859132
CA,219,8.84341875731144
CA,220,8.873616885499333
CA,221,9.103689420443745
CA,222,9.66834585772711
CA,223,10.61983527850291
CA,224,11.264765819483248
CA,225,11.480586622298599
CA,226,11.476075076637494
CA,227,11.37643999128773
CA,228,11.258278549636557
CA,229,11.141010910670259
CA,230,11.107504900649026
CA,231,11.149456227610168
CA,232,11.391467517248001
CA,233,12.033653948099685
CA,234,12.706747245614691
CA,235,12.613327249676551
CA,236,12.278469963482056
CA,237,11.82421541155907
CA,238,11.194472668080005
CA,239,10.453795483058045
CA,240,9.81648883196074
CA,241,9.167545669486781
CA,242,8.923695996422039
CA,243,8.810244502973099
CA,244,8.837392619522896
CA,245,9.055020179696447
CA,246,9.673156269908857
CA,247,10.658525552227001
CA,248,11.366714964594847
CA,249,11.57755531770962
CA,250,11.535676360685002
CA,251,11.407058586222565
CA,252,11.292789434439772
CA,253,11.191108729596968
CA,254,11.165248987360801
CA,255,11.198810482650856
CA,256,11.425786112149598
CA,257,12.001317009186216
CA,258,12.598684277892326
CA,259,12.433599018398453
CA,260,12.044616025842
CA,261,11.552495024302372
CA,262,10.914617118490309
CA,263,10.147729621060414
CA,264,9.495992724161079
CA,265,8.811252319508547
CA,266,8.553977635088184
CA,267,8.44023319499043
CA,268,8.449310410695883
CA,269,8.655052112525887
CA,270,9.214764832986255
CA,271,10.127079239576688
CA,272,10.82524699624032
CA,273,11.09751624024164
CA,274,11.125446659512214
CA,275,11.050180377302707
CA,276,10.966499556958343
CA,277,10.871035813025351
CA,278,10.81014536140852
CA,279,10.838072425212108
CA,280,11.04661200155067
CA,281,11.623280086870292
CA,282,12.214154215088785
CA,283,12.053956127415832
CA,284,11.664736292359553
CA,285,11.173875331932816
CA,286,10.536089507413715
CA,287,9.78314930058381
CA,288,9.132834764170806
CA,289,8.566289620162477
CA,290,8.300007804165181
CA,291,8.171746348782763
CA,292,8.160858189775414
CA,293,8.351429164401894
CA,294,8.902510097470687
CA,295,9.809305711607385
CA,296,10.524554324258522
CA,297,10.878805107922947
CA,298,10.950963437161993
CA,299,10.907373197936368
CA,300,10.825614433712811
CA,301,10.751793170806424
CA,302,10.702075187424667
CA,303,10.72581046081788
CA,304,10.932391339562516
CA,305,11.514643410514
CA,306,12.145813727896417
CA,307,11.993583562047517
CA,308,11.624746624155202
CA,309,11.15162880231485
CA,310,10.504196248068398
CA,311,9.76723384362008
CA,312,9.123206214012994
CA,313,8.576282487305072
CA,314,8.330120535236713
CA,315,8.22176693316665
CA,316,8.238385594239357
CA,317,8.461668069058694
CA,318,9.038123949272709
CA,319,9.987349576021495
CA,320,10.686200637390973
CA,321,11.002205665948035
CA,322,11.072805926008277
CA,323,11.019695975370148
CA,324,10.94240320286088
CA,325,10.853039950865117
CA,326,10.809800175331546
CA,327,10.803832764113388
CA,328,10.994006829805514
CA,329,11.542014631869435
CA,330,12.142107935720809
CA,331,12.003500561784959
CA,332,11.636647776899396
CA,333,11.16935626482897
CA,334,10.554015374230163
CA,335,9.845517189983179
CA,336,9.2374360998969
CA,337,9.144341931270413
CA,338,8.93437044364104
CA,339,8.855067052328378
CA,340,8.883233090456967
CA,341,9.11040937777279
CA,342,9.667247319008402
CA,343,10.562995988084849
CA,344,11.222452136969306
CA,345,11.47984742791021
CA,346,11.486848563454634
CA,347,11.410774407022535
CA,348,11.338114178995715
CA,349,11.272248672447983
CA,350,11.251197985641767
CA,351,11.29919078616887
CA,352,11.534432544061477
CA,353,12.12722514123355
CA,354,12.756161852039991
CA,355,12.629440738468196
CA,356,12.270532357958624
CA,357,11.803873892929364
CA,358,11.175394421902867
CA,359,10.462952118714183
CA,360,9.827016991264674
CA,361,9.374483426450238
CA,362,9.112544350791064
CA,363,8.988016561407257
CA,364,8.976373727422798
CA,365,9.152873678901093
CA,366,9.668395985701727
CA,367,10.518282307675051
CA,368,11.186140794987573
CA,369,11.478052029479272
CA,370,11.554352957832789
CA,371,11.52734785558191
CA,372,11.471917162286656
CA,373,11.335487626712487
CA,374,11.276333074484855
CA,375,11.266845589518406
CA,376,11.450605602400344
CA,377,12.031167729476303
CA,378,12.650684980536564
CA,379,12.51299614199528
CA,380,12.133183091206822
CA,381,11.667579095775363
CA,382,11.046025943721663
CA,383,10.32178650894369
CA,384,9.683228369061
CA,385,9.19006456296009
CA,386,8.934099863931344
CA,387,8.837495580741338
CA,388,8.860068794735497
CA,389,9.0729648965292
CA,390,9.616811284104797
CA,391,10.532568105809734
CA,392,11.150668478069177
CA,393,11.388388754104332
CA,394,11.327938104502831
CA,395,11.225215066590295
CA,396,11.114630419471327
CA,397,10.990990346355717
CA,398,10.956516885219495
CA,399,11.01348351034943
CA,400,11.26152785937916
CA,401,11.855469325850665
CA,402,12.482437574418347
CA,403,12.35057333438103
CA,404,11.956663602305525
CA,405,11.468263378999477
CA,406,10.814940088050905
CA,407,10.039817923219882
CA,408,9.372296030049863
CA,409,9.290294224557183
CA,410,9.027903483290828
CA,411,8.918152630275491
CA,412,8.932734173125143
CA,413,9.155398075806026
CA,414,9.739516275491615
CA,415,10.696119268507212
CA,416,11.38795843818877
CA,417,11.631821886281946
CA,418,11.652028910571339
CA,419,11.57720479696902
CA,420,11.506740509048765
CA,421,11.423981906675564
CA,422,11.38822794503017
CA,423,11.403898072378867
CA,424,11.614532021546712
CA,425,12.205788867152052
CA,426,12.848823881799081
CA,427,12.709121736496547
CA,428,12.31589365772216
CA,429,11.833620758530381
CA,430,11.198923986727845
CA,431,10.465542387085074
CA,432,9.828997415203878
CA,433,9.323225263643147
CA,434,9.084341292902776
CA,435,8.98287931263417
CA,436,9.000456145607002
CA,437,9.211791277743302
CA,438,9.787188957322645
CA,439,10.711764892735046
CA,440,11.403151717486304
CA,441,11.628850954451124
CA,442,11.580155714723388
CA,443,11.478064352679773
CA,444,11.358227505431222
CA,445,11.269565247327854
CA,446,11.21802678532882
CA,447,11.235511468398947
CA,448,11.416072487083184
CA,449,11.96450884813351
CA,450,12.576846487815745
CA,451,12.433102139214126
CA,452,12.045322640876917
CA,453,11.55672964254449
CA,454,10.914097050664441
CA,455,10.16612689469671
CA,456,9.50641968021749
CA,457,8.620943938891704
CA,458,8.375513028701294
CA,459,8.272667964318353
CA,460,8.27147942389511
CA,461,8.490365467272309
CA,462,9.030802965765899
CA,463,9.940421549078302
CA,464,10.651754510200524
CA,465,11.002509946436652
CA,466,11.116031550136302
CA,467,11.132158189715282
CA,468,11.096466002181378
CA,469,11.03234753937364
CA,470,10.991971642315585
CA,471,11.007825522479402
CA,472,11.192474171521916
CA,473,11.739906965833033
CA,474,12.396295482355576
CA,475,12.254537377205686
CA,476,11.872564303444342
CA,477,11.414293453090417
CA,478,10.818164006760929
CA,479,10.136802326125794
CA,480,9.553507404450029
CA,481,8.900896681130012
CA,482,8.673597967011336
CA,483,8.569205920927638
CA,484,8.583874508061841
CA,485,8.808444265395984
CA,486,9.378116437741957
CA,487,10.295152443370274
CA,488,10.99298725863199
CA,489,11.329388998035826
CA,490,11.402840949384233
CA,491,11.388875902877148
CA,492,11.323454032833412
CA,493,11.242462903731232
CA,494,11.195928799956288
CA,495,11.206140625967105
CA,496,11.408329873251617
CA,497,11.966458978343129
CA,498,12.59113418197558
CA,499,12.460476563396771
CA,500,12.104519151198469
CA,501,11.639297176201028
CA,502,11.005358361312368
CA,503,10.264928718097568
CA,504,9.624725133401192
CA,505,9.647402443720786
CA,506,9.389436201882674
CA,507,9.281850029506186
CA,508,9.315578147218487
CA,509,9.500481817407707
CA,510,10.030014646634015
CA,511,10.8909422530901
CA,512,11.528761223012726
CA,513,11.796373940426612
CA,514,11.83192834177923
CA,515,11.718020099819988
CA,516,11.586998446063118
CA,517,11.48155135449314
CA,518,11.436406186715308
CA,519,11.45358308732722
CA,520,11.654875064985445
CA,521,12.212799809048509
CA,522,12.845438338186588
CA,523,12.72248958817446
CA,524,12.359060073676307
CA,525,11.887414092874772
CA,526,11.256068452780436
CA,527,10.5189667521931
CA,528,9.876640478325708
CA,529,9.545047194944503
CA,530,9.304407660848993
CA,531,9.195692491027163
CA,532,9.213070909246492
CA,533,9.413056781734713
CA,534,9.93277463186327
CA,535,10.783718573307798
CA,536,11.425346028075984
CA,537,11.708251095279694
CA,538,11.795604491768211
CA,539,11.740274013632266
CA,540,11.65487570863443
CA,541,11.550959507742519
CA,542,11.506856411948297
CA,543,11.516522683300298
CA,544,11.722943673141058
CA,545,12.265640576572164
CA,546,12.898543160942788
CA,547,12.784126281263621
CA,548,12.39615191638117
CA,549,11.913734197225212
CA,550,11.265312102445996
CA,551,10.501295200041287
CA,552,9.84037112134223
CA,553,8.948631452727005
CA,554,8.656623248319864
CA,555,8.523810444103935
CA,556,8.541423102085847
CA,557,8.733114253139165
CA,558,9.308184388107927
CA,559,10.24739999246954
CA,560,10.909388321152907
CA,561,11.169569022666263
CA,562,11.20832002837287
CA,563,11.12639223708391
CA,564,11.045500124883807
CA,565,10.976009036540763
CA,566,10.939154882073941
CA,567,10.98681464761041
CA,568,11.218880868189776
CA,569,11.783675739938174
CA,570,12.413244615589383
CA,571,12.290980325690981
CA,572,11.897187594051708
CA,573,11.4030641816854
CA,574,10.761152110541166
CA,575,9.998010221709334
CA,576,9.36620551717018
CA,577,9.26256339226079
CA,578,9.021835578018313
CA,579,8.918968928725548
CA,580,8.93085860363499
CA,581,9.14592895403454
CA,582,9.75115481713771
CA,583,10.705074189797287
CA,584,11.375568266494708
CA,585,11.617080374218613
CA,586,11.59642320833255
CA,587,11.5007853700164
CA,588,11.397682819143656
CA,589,11.275230840058
CA,590,11.229871631124885
CA,591,11.241598145993406
CA,592,11.445110471664751
CA,593,11.98517876011954
CA,594,12.630326447000591
CA,595,12.503917540596488
CA,596,12.136956225646465
CA,597,11.662801126751235
CA,598,11.046918053105811
CA,599,10.321763282865161
CA,600,9.70029557782427
CA,601,9.117944180888435
CA,602,8.919465077089443
CA,603,8.794352148103552
CA,604,8.824614913809295
CA,605,9.057571969293301
CA,606,9.637984458919659
CA,607,10.569210445098085
CA,608,11.253345845165358
CA,609,11.472263614696928
CA,610,11.393518689835382
CA,611,11.266881987327803
CA,612,11.175320502808411
CA,613,11.091769774710798
CA,614,11.061723301057485
CA,615,11.122086885953493
CA,616,11.344159211763014
CA,617,11.925067500025447
CA,618,12.583496717395343
CA,619,12.471820322070775
CA,620,12.119652500889009
CA,621,11.651436622019224
CA,622,11.032142113386346
CA,623,10.291404393431494
CA,624,9.654903906187439
CA,625,9.207793277549454
CA,626,8.959593375946525
CA,627,8.839346095241583
CA,628,8.84253007851158
CA,629,9.045311926158467
CA,630,9.586439842611746
CA,631,10.485527729822959
CA,632,11.126154618700616
CA,633,11.320404626114243
CA,634,11.254378954626926
CA,635,11.10685871536177
CA,636,10.988267013809839
CA,637,10.871916428414659
CA,638,10.81775257414077
CA,639,10.822071735458017
CA,640,11.028296221481874
CA,641,11.602831949779974
CA,642,12.27999989888272
CA,643,12.17286704319314
CA,644,11.803263735114783
CA,645,11.33576402195976
CA,646,10.699141678700922
CA,647,9.944281885266186
CA,648,9.315299730278818
CA,649,8.630724429037935
CA,650,8.380432478618395
CA,651,8.262957306919894
CA,652,8.267142306343919
CA,653,8.493918847248063
CA,654,9.072654921525203
CA,655,9.992572820203097
CA,656,10.671238445328509
CA,657,10.941586802021314
CA,658,10.944218119114849
CA,659,10.835080184339633
CA,660,10.70662781594498
CA,661,10.593218672512835
CA,662,10.531154038315435
CA,663,10.567915636002022
CA,664,10.793449265040984
CA,665,11.373728644173152
CA,666,12.045251577010525
CA,667,11.956308618466434
CA,668,11.613361500283014
CA,669,11.178005881731925
CA,670,10.565336581821724
CA,671,9.871953500779085
CA,672,9.266816565396908
CA,673,9.124427007234779
CA,674,8.90104821857656
CA,675,8.79848635225825
CA,676,8.820242763391043
CA,677,9.027476988031557
CA,678,9.540928567353387
CA,679,10.393508521983863
CA,680,11.029901215030964
CA,681,11.260221846616774
CA,682,11.287578459239036
CA,683,11.227129897573517
CA,684,11.196740003786408
CA,685,11.14350799824382
CA,686,11.0807618883646
CA,687,11.078926329151855
CA,688,11.25792224804703
CA,689,11.77925164579313
CA,690,12.429814834111719
CA,691,12.32717057747253
CA,692,11.96322384617735
CA,693,11.500004111744227
CA,694,10.89671019420621
CA,695,10.15999298098465
CA,696,9.53837584205672
CA,697,9.430385075616046
CA,698,9.19162963826227
CA,699,9.09585795760117
CA,700,9.120003057964436
CA,701,9.343662983477424
CA,702,9.88569711596489
CA,703,10.758201513505522
CA,704,11.360024485257606
CA,705,11.573624544700424
CA,706,11.525706295770728
CA,707,11.394529573527263
CA,708,11.280180634303182
CA,709,11.176171971705529
CA,710,11.109906481537449
CA,711,11.137393585735468
CA,712,11.380434378867708
CA,713,11.979682723249748
CA,714,12.713699462650197
CA,715,12.653513894472544
CA,716,12.324464261061532
CA,717,11.888563524065562
CA,718,11.296676317208865
CA,719,10.577886484018874
CA,720,9.955624589613217
CA,721,9.569219599913719
CA,722,9.348608586524497
CA,723,9.251831057749783
CA,724,9.303334072963645
CA,725,9.55548440370238
CA,726,10.148852580576634
CA,727,11.092578037105127
CA,728,11.743899499840706
CA,729,11.976053078691928
CA,730,11.96099654737753
CA,731,11.836159081012024
CA,732,11.709079813279697
CA,733,11.547107090043458
CA,734,11.438753953116539
CA,735,11.420221294912833
CA,736,11.637079839048457
CA,737,12.243735467571767
CA,738,12.991131894673973
CA,739,12.922609900325966
CA,740,12.584347994521313
CA,741,12.117559854475063
CA,742,11.475420895190183
CA,743,10.70327819832504
CA,744,10.046714725908544
CA,745,9.404687867056902
CA,746,9.18252030829036
CA,747,9.091507236772221
CA,748,9.123045330945795
CA,749,9.36696673339782
CA,750,9.97128951495711
CA,751,10.934427951630738
CA,752,11.557872897359982
CA,753,11.71575223657827
CA,754,11.632027593078782
CA,755,11.513441800053123
CA,756,11.38758684693829
CA,757,11.255328205762885
CA,758,11.144833449117925
CA,759,11.119177805267524
CA,760,11.281677056856026
CA,761,11.732282504719672
CA,762,12.420719506134798
CA,763,12.473262195991644
CA,764,12.114107366742033
CA,765,11.656550591279924
CA,766,11.02916761779957
CA,767,10.317249257124487
CA,768,9.691929822016558
CA,769,9.070235065032207
CA,770,8.820394609412192
CA,771,8.71185808145423
CA,772,8.70739064350873
CA,773,8.928020195597695
CA,774,9.481741796845704
CA,775,10.385265277048894
CA,776,11.012208491197725
CA,777,11.247941484950797
CA,778,11.237799678274248
CA,779,11.138310872979389
CA,780,11.035885543689323
CA,781,10.891209026802494
CA,782,10.788409941865083
CA,783,10.748866137491266
CA,784,10.886184681111054
CA,785,11.30596174263813
CA,786,12.004074314085809
CA,787,12.040440376656809
CA,788,11.6494043927241
CA,789,11.169222443368879
CA,790,10.558455451730087
CA,791,9.843143116963272
CA,792,9.22330710158273
CA,793,9.084518806450582
CA,794,8.849956515737668
CA,795,8.755733739218448
CA,796,8.770122989185445
CA,797,9.001178787126683
CA,798,9.578920534715259
CA,799,10.489642618634404
CA,800,11.133162257823011
CA,801,11.38708062290811
CA,802,11.400483062438507
CA,803,11.314049837545369
CA,804,11.231812656248287
CA,805,11.126982079716582
CA,806,11.057573924410239
CA,807,11.021508245122439
CA,808,11.162578413057533
CA,809,11.610684481662233
CA,810,12.32706626085901
CA,811,12.351141011980006
CA,812,11.963203305237752
CA,813,11.519817242487282
CA,814,10.915527041972622
CA,815,10.23948338153423
CA,816,9.644349635467316
CA,817,9.339735698256764
CA,818,9.094048198815836
CA,819,9.007350313709175
CA,820,9.02694258022912
CA,821,9.256831465941422
CA,822,9.837004643517599
CA,823,10.734046046613502
CA,824,11.352902938085169
CA,825,11.580513447354848
CA,826,11.595380962302675
CA,827,11.516824109332289
CA,828,11.443735327604182
CA,829,11.356147044402592
CA,830,11.304034118188184
CA,831,11.289165617435053
CA,832,11.4415156665002
CA,833,11.82611013290634
CA,834,12.4845697971543
CA,835,12.5294971708083
CA,836,12.158293326138322
CA,837,11.695085819054741
CA,838,11.115017618302684
CA,839,10.41714133074514
CA,840,9.784342636408605
CA,841,9.245695124964904
CA,842,8.987632593709737
CA,843,8.881813374483842
CA,844,8.914524503920497
CA,845,9.09656600389722
CA,846,9.61193601832123
CA,847,10.455110742833883
CA,848,11.012250861308635
CA,849,11.201699120755723
CA,850,11.195735902810318
CA,851,11.050583301526412
CA,852,10.894749186120947
CA,853,10.741341470427859
CA,854,10.628757315575156
CA,855,10.588952091953352
CA,856,10.759474120914291
CA,857,11.201953205377881
CA,858,11.95052569394235
CA,859,12.04159661251097
CA,860,11.686545656441647
CA,861,11.233529282336523
CA,862,10.640309626565957
CA,863,9.94428396896751
CA,864,9.328167019883
CA,865,8.938946463948367
CA,866,8.713975196366414
CA,867,8.658134444920153
CA,868,8.682140705366015
CA,869,8.920806502258902
CA,870,9.49586474086732
CA,871,10.40966813690535
CA,872,11.00688896712676
CA,873,11.200502292972354
CA,874,11.18019456545161
CA,875,11.063867693988481
CA,876,10.947943545244888
CA,877,10.812292922283515
CA,878,10.713844063405938
CA,879,10.669547486304785
CA,880,10.848341052297508
CA,881,11.333425111636354
CA,882,12.12768921349051
CA,883,12.236857702299396
CA,884,11.922377741947011
CA,885,11.475562036878076
CA,886,10.875963981010905
CA,887,10.165801755651394
CA,888,9.536059635263522
CA,889,9.44617539077146
CA,890,9.207535660305178
CA,891,9.108829111972103
CA,892,9.122382862270864
CA,893,9.350132718658859
CA,894,9.934536338922914
CA,895,10.856063354202757
CA,896,11.406272567215133
CA,897,11.541600388749684
CA,898,11.49662944415252
CA,899,11.394729114033295
CA,900,11.29293716632518
CA,901,11.185754472201497
CA,902,11.12316734181082
CA,903,11.097844883086596
CA,904,11.269799457345863
CA,905,11.676237069218056
CA,906,12.33942236943332
CA,907,12.355804241380827
CA,908,11.944462958878507
CA,909,11.47666310007621
CA,910,10.849088665231616
CA,911,10.112781469373376
CA,912,9.484399963498761
CA,913,9.011237137070497
CA,914,8.77356032872145
CA,915,8.694060155338251
CA,916,8.727019367186951
CA,917,8.975435127875878
CA,918,9.595763660820344
CA,919,10.565549070845472
CA,920,11.194962173156966
CA,921,11.429652015693268
CA,922,11.444304792559032
CA,923,11.373135594785088
CA,924,11.291203408928009
CA,925,11.139194254510262
CA,926,11.019164171603625
CA,927,10.967104620707579
CA,928,11.108222755351287
CA,929,11.533831705369007
CA,930,12.258043883212059
CA,931,12.352587617951569
CA,932,12.015463426026798
CA,933,11.571258132243164
CA,934,10.967359599730989
CA,935,10.27354475428589
CA,936,9.64955466602569
CA,937,9.190401710061167
CA,938,8.965019276551603
CA,939,8.879695468809237
CA,940,8.917006663605278
CA,941,9.157868058220194
CA,942,9.748595698806081
CA,943,10.671403073236153
CA,944,11.265676561979678
CA,945,11.407277146382883
CA,946,11.331561156361756
CA,947,11.20024118759158
CA,948,11.083810367826391
CA,949,10.956497513467838
CA,950,10.86581789502093
CA,951,10.840525214304936
CA,952,10.997270250189231
CA,953,11.43579728554432
CA,954,12.161052238705764
CA,955,12.23860868466931
CA,956,11.881727528393004
CA,957,11.442615563158633
CA,958,10.855097643182848
CA,959,10.149246038967027
CA,960,9.520598368494964
CA,961,8.805564325768842
CA,962,8.575558516054414
CA,963,8.476122533043208
CA,964,8.48002363351283
CA,965,8.7071453514059
CA,966,9.249849863031534
CA,967,10.146433269012869
CA,968,10.721050008558295
CA,969,10.884058188844445
CA,970,10.813301856241287
CA,971,10.672812838223006
CA,972,10.562920872875816
CA,973,10.466972999436756
CA,974,10.426785992416303
CA,975,10.428932106172438
CA,976,10.616963558457273
CA,977,11.064823131691302
CA,978,11.815885745310045
CA,979,11.92600617892084
CA,980,11.583928929906628
CA,981,11.152530029687789
CA,982,10.54770548880517
CA,983,9.860923002964947
CA,984,9.222398600972147
CA,985,8.82069528736663
CA,986,8.595492228819484
CA,987,8.502713251121866
CA,988,8.546906802092494
CA,989,8.783445133714789
CA,990,9.383136210235579
CA,991,10.323389486327022
CA,992,10.934566344719164
CA,993,11.114108730884956
CA,994,11.05060463879597
CA,995,10.903192422630354
CA,996,10.794860566689522
CA,997,10.67227454284997
CA,998,10.572089706962483
CA,999,10.540856182548364
CA,1000,10.718425890054545
CA,1001,11.176662790789466
CA,1002,11.928658604720082
CA,1003,12.044014293357218
CA,1004,11.69867989614863
CA,1005,11.254765619900665
CA,1006,10.684787469217603
CA,1007,9.975059346491543
CA,1008,9.381622852429935
CA,1009,9.280434619377838
CA,1010,9.07005714687564
CA,1011,8.976854999644493
CA,1012,9.008880686595111
CA,1013,9.233474751434166
CA,1014,9.773170932308608
CA,1015,10.644631661592934
CA,1016,11.24008393545988
CA,1017,11.458859006209103
CA,1018,11.439290913481276
CA,1019,11.335009734075992
CA,1020,11.24244355128589
CA,1021,11.151960578362264
CA,1022,11.089685671028926
CA,1023,11.064047929609814
CA,1024,11.203976859842696
CA,1025,11.607242895243349
CA,1026,12.314762162707744
CA,1027,12.384349390307431
CA,1028,12.008671150698275
CA,1029,11.52928712620839
CA,1030,10.947602519241968
CA,1031,10.255330715832686
CA,1032,9.640579659949083
CA,1033,9.05817745373805
CA,1034,8.819711181803305
CA,1035,8.714563918548548
CA,1036,8.725943544658733
CA,1037,8.941424204834348
CA,1038,9.480154645023472
CA,1039,10.329472320607412
CA,1040,10.920610449886736
CA,1041,11.185062231068265
CA,1042,11.254836889556602
CA,1043,11.184966159343986
CA,1044,11.085851131289935
CA,1045,10.964422781661423
CA,1046,10.900237883289215
CA,1047,10.871826651218305
CA,1048,11.042560887396464
CA,1049,11.459179494445177
CA,1050,12.16876254549368
CA,1051,12.264024180191077
CA,1052,11.89797500025359
CA,1053,11.433847338486936
CA,1054,10.844254023639728
CA,1055,10.146309967333707
CA,1056,9.537803029772077
CA,1057,9.254265004939192
CA,1058,9.025930542455232
CA,1059,8.93156593923884
CA,1060,8.966197016783164
CA,1061,9.195252792699074
CA,1062,9.768937996541037
CA,1063,10.68396826065726
CA,1064,11.261630654010652
CA,1065,11.44060071231638
CA,1066,11.412954291204901
CA,1067,11.282039089409983
CA,1068,11.142430623373901
CA,1069,11.003713596254054
CA,1070,10.892170812020735
CA,1071,10.851037726013686
CA,1072,11.032393354999627
CA,1073,11.48149750356782
CA,1074,12.214716335498917
CA,1075,12.336974990502055
CA,1076,12.008034174895851
CA,1077,11.578420976399157
CA,1078,11.006378115160192
CA,1079,10.337976026049644
CA,1080,9.747450401642789
CA,1081,9.349853994079716
CA,1082,9.14038828645014
CA,1083,9.062018601485128
CA,1084,9.099136936152993
CA,1085,9.357213648684548
CA,1086,9.98326806419397
CA,1087,10.915629575253954
CA,1088,11.518628411135023
CA,1089,11.704111694917556
CA,1090,11.674091287940152
CA,1091,11.582742982020733
CA,1092,11.480360041398761
CA,1093,11.316489785557616
CA,1094,11.209888295402337
CA,1095,11.153357411848365
CA,1096,11.280698801591784
CA,1097,11.705207341492649
CA,1098,12.405078411696294
CA,1099,12.492622030041202
CA,1100,12.135657377998967
CA,1101,11.68326130134931
CA,1102,11.067756347585574
CA,1103,10.343167775564478
CA,1104,9.708804558291826
CA,1105,8.893198591922364
CA,1106,8.654486975626638
CA,1107,8.553369106159536
CA,1108,8.580628410845046
CA,1109,8.817523795558635
CA,1110,9.39083562361212
CA,1111,10.301671563880447
CA,1112,10.918481932321344
CA,1113,11.14369503208055
CA,1114,11.11434402996104
CA,1115,10.99975874325465
CA,1116,10.889187314545946
CA,1117,10.743738904010636
CA,1118,10.643725997913736
CA,1119,10.60539758223454
CA,1120,10.747792777427579
CA,1121,11.154611784597806
CA,1122,11.878181695538592
CA,1123,11.991577036093975
CA,1124,11.6362280154664
CA,1125,11.204379425624019
CA,1126,10.604047048008965
CA,1127,9.934080945443633
CA,1128,9.337004800337452
CA,1129,8.846872801903968
CA,1130,8.595220245233019
CA,1131,8.482568783909574
CA,1132,8.50738016339597
CA,1133,8.718739751362836
CA,1134,9.283115842176008
CA,1135,10.161783794818842
CA,1136,10.744990544434353
CA,1137,10.960806297327384
CA,1138,10.976771308031106
CA,1139,10.934949623793251
CA,1140,10.865376968866634
CA,1141,10.761746154120857
CA,1142,10.711669787880936
CA,1143,10.699213904026548
CA,1144,10.835604059836625
CA,1145,11.225699219703763
CA,1146,11.924739041681615
CA,1147,12.024484928974424
CA,1148,11.685492037002858
CA,1149,11.249467058955153
CA,1150,10.651506123824067
CA,1151,9.965636144912144
CA,1152,9.352190759592435
CA,1153,8.83877189291185
CA,1154,8.610020125658881
CA,1155,8.51975753723603
CA,1156,8.554150779116164
CA,1157,8.788609194873542
CA,1158,9.345228200701564
CA,1159,10.208462942105388
CA,1160,10.771846984396293
CA,1161,10.97158748580661
CA,1162,10.94885480038259
CA,1163,10.832301159101302
CA,1164,10.711314566446582
CA,1165,10.585253932667792
CA,1166,10.497337042678742
CA,1167,10.461797309102806
CA,1168,10.627541309498888
CA,1169,11.069311331231543
CA,1170,11.81252725273133
CA,1171,11.97220039401835
CA,1172,11.669205666266894
CA,1173,11.261192357656773
CA,1174,10.710756968045308
CA,1175,10.044376638169696
CA,1176,9.448789211952942
CA,1177,8.850722923227893
CA,1178,8.634457635302184
CA,1179,8.564241526466867
CA,1180,8.61865160932388
CA,1181,8.849011595240146
CA,1182,9.381493946848556
CA,1183,10.214156158316776
CA,1184,10.75362837477924
CA,1185,10.925586310985889
CA,1186,10.908413009615648
CA,1187,10.789970513827484
CA,1188,10.68143885919541
CA,1189,10.580465577214397
CA,1190,10.499204623244367
CA,1191,10.46054627448936
CA,1192,10.61705834836433
CA,1193,10.974796838985677
CA,1194,11.703625922867623
CA,1195,11.881605725721565
CA,1196,11.538472270756875
CA,1197,11.103468126926037
CA,1198,10.520763766199437
CA,1199,9.829884655855311
CA,1200,9.221096027944043
CA,1201,9.01917778685073
CA,1202,8.750942215776215
CA,1203,8.648585260662713
CA,1204,8.660661090142053
CA,1205,8.855313076526867
CA,1206,9.36989694030802
CA,1207,10.195384495636041
CA,1208,10.752995770583327
CA,1209,10.96171156007
CA,1210,10.912221624695901
CA,1211,10.776533442385366
CA,1212,10.669595867666656
CA,1213,10.541774174342894
CA,1214,10.40142395143191
CA,1215,10.328252551904031
CA,1216,10.485289759859974
CA,1217,10.914765429508927
CA,1218,11.653861188898325
CA,1219,11.80627622960603
CA,1220,11.46520813151149
CA,1221,11.012294772268836
CA,1222,10.425990602070852
CA,1223,9.730104887542996
CA,1224,9.117749618065107
CA,1225,8.870213598517022
CA,1226,8.627901594672574
CA,1227,8.533653961303445
CA,1228,8.56389224150797
CA,1229,8.792401356859065
CA,1230,9.337530177580913
CA,1231,10.173195735062757
CA,1232,10.730762742129428
CA,1233,10.943147877228549
CA,1234,10.933238085080818
CA,1235,10.83645796002605
CA,1236,10.738373586194523
CA,1237,10.60419173441691
CA,1238,10.531028319194226
CA,1239,10.480544107135376
CA,1240,10.62308140384295
CA,1241,11.052803426564147
CA,1242,11.765001886860416
CA,1243,11.928885397400114
CA,1244,11.556756642328594
CA,1245,11.088783242928908
CA,1246,10.480740561023097
CA,1247,9.76782010162081
CA,1248,9.153101242325311
CA,1249,8.509504859189978
CA,1250,8.276737923444552
CA,1251,8.19580979643426
CA,1252,8.21611858499542
CA,1253,8.458900790092242
CA,1254,9.035674556467574
CA,1255,9.929720726989268
CA,1256,10.511489252990113
CA,1257,10.67330732912845
CA,1258,10.622219200074072
CA,1259,10.519883634962582
CA,1260,10.470288975330622
CA,1261,10.398373669812754
CA,1262,10.393612402649714
CA,1263,10.37848237423208
CA,1264,10.516058314124692
CA,1265,10.920038990542341
CA,1266,11.596317461931644
CA,1267,11.698555415498118
CA,1268,11.329751660665707
CA,1269,10.862953127044094
CA,1270,10.257246157163776
CA,1271,9.564292851533448
CA,1272,8.938272139335298
CA,1273,8.42436154865914
CA,1274,8.190612418390067
CA,1275,8.10150838445071
CA,1276,8.129456059804278
CA,1277,8.383602826188948
CA,1278,8.937697844251872
CA,1279,9.788206196741667
CA,1280,10.383006015143737
CA,1281,10.63879509109698
CA,1282,10.650624987034785
CA,1283,10.547997724350903
CA,1284,10.460599629912725
CA,1285,10.34790933475503
CA,1286,10.273668791930369
CA,1287,10.227743596618573
CA,1288,10.35743836867761
CA,1289,10.774053794888058
CA,1290,11.512458975761426
CA,1291,11.67183370453269
CA,1292,11.346745757075075
CA,1293,10.92542791764537
CA,1294,10.359792765144554
CA,1295,9.697046531995136
CA,1296,9.07319493206568
CA,1297,8.785386516968128
CA,1298,8.576135572972662
CA,1299,8.475848436325874
CA,1300,8.492562471541348
CA,1301,8.729199097635998
CA,1302,9.283599889852805
CA,1303,10.125720833471012
CA,1304,10.685256313112443
CA,1305,10.91436744018377
CA,1306,10.938916752743177
CA,1307,10.88397859410235
CA,1308,10.816851931589781
CA,1309,10.720960091918753
CA,1310,10.633256987877617
CA,1311,10.56125636659449
CA,1312,10.641628872352737
CA,1313,11.014243928275862
CA,1314,11.712243922719269
CA,1315,11.860641081745909
CA,1316,11.515496938361798
CA,1317,11.07313997744213
CA,1318,10.475890390908022
CA,1319,9.811111743822067
CA,1320,9.183781098769874
CA,1321,8.628542168889265
CA,1322,8.38573884785986
CA,1323,8.282368347746234
CA,1324,8.301960355703953
CA,1325,8.541682774389354
CA,1326,9.110042285970918
CA,1327,9.990846531742989
CA,1328,10.605264265312309
CA,1329,10.887702149272716
CA,1330,10.96800985251525
CA,1331,10.96509893214008
CA,1332,10.939291658418375
CA,1333,10.838396933581695
CA,1334,10.77052305563657
CA,1335,10.71359624360789
CA,1336,10.8172646545923
CA,1337,11.191882559731441
CA,1338,11.865984621507708
CA,1339,11.99121690505726
CA,1340,11.645225226073444
CA,1341,11.19945928696225
CA,1342,10.603252558892574
CA,1343,9.92036886079267
CA,1344,9.31429136579046
CA,1345,9.174031677481182
CA,1346,8.939041666636077
CA,1347,8.849947438670064
CA,1348,8.879924893463738
CA,1349,9.120431439820747
CA,1350,9.671298444351494
CA,1351,10.506341364678597
CA,1352,11.050170434864372
CA,1353,11.234710460965863
CA,1354,11.221350962911131
CA,1355,11.131635578289385
CA,1356,11.023695283375837
CA,1357,10.890052396274402
CA,1358,10.773063617266228
CA,1359,10.709861959145917
CA,1360,10.822194565885967
CA,1361,11.23514196086974
CA,1362,11.971569100315122
CA,1363,12.156290500571414
CA,1364,11.830042794015077
CA,1365,11.400502289781203
CA,1366,10.832442431098807
CA,1367,10.164280734483434
CA,1368,9.576445459775968
CA,1369,9.157404926840343
CA,1370,8.949980709886054
CA,1371,8.861575304179839
CA,1372,8.89620619483165
CA,1373,9.104641823793553
CA,1374,9.6537050411819
CA,1375,10.498622698705063
CA,1376,11.035919417446271
CA,1377,11.220595375255977
CA,1378,11.235020151671836
CA,1379,11.144521389699609
CA,1380,11.010772384612656
CA,1381,10.860983980674762
CA,1382,10.775231090262988
CA,1383,10.731126630011957
CA,1384,10.866483997776877
CA,1385,11.263096282308265
CA,1386,11.95758015497673
CA,1387,12.093119496686464
CA,1388,11.767396699864628
CA,1389,11.31486093314146
CA,1390,10.721887349309965
CA,1391,10.01504966986545
CA,1392,9.398078401268686
CA,1393,8.72256049879308
CA,1394,8.507560226304465
CA,1395,8.4370359164343
CA,1396,8.486070793894301
CA,1397,8.753079919051299
CA,1398,9.34238520821913
CA,1399,10.185027623677898
CA,1400,10.719653035343331
CA,1401,10.907097146122965
CA,1402,10.880141323636655
CA,1403,10.793236825888453
CA,1404,10.705416550136142
CA,1405,10.576185293473433
CA,1406,10.496450438946482
CA,1407,10.447095616635313
CA,1408,10.589525229527172
CA,1409,11.009025966007753
CA,1410,11.728410541498096
CA,1411,11.863967726883827
CA,1412,11.534769862008536
CA,1413,11.083085879040425
CA,1414,10.490035937811527
CA,1415,9.790188962987902
CA,1416,9.182868456986764
CA,1417,9.205532395595155
CA,1418,8.967395497779519
CA,1419,8.864850071797886
CA,1420,8.880271761373983
CA,1421,9.102347959625934
CA,1422,9.694355759876931
CA,1423,10.628391582870456
CA,1424,11.167968243219326
CA,1425,11.222792333207567
CA,1426,11.07403873868828
CA,1427,10.911604040031083
CA,1428,10.799769505574996
CA,1429,10.655318388320556
CA,1430,10.55388087098147
CA,1431,10.492153379847956
CA,1432,10.600396567718898
CA,1433,10.941553227189218
CA,1434,11.484880080719321
CA,1435,11.767063327955933
CA,1436,11.648881487032975
CA,1437,11.233016183538647
CA,1438,10.608162441069942
CA,1439,9.875239820065051
CA,1440,9.245514314235688
CA,1441,8.57582882609134
CA,1442,8.318842844836205
CA,1443,8.204832570422488
CA,1444,8.214979581659298
CA,1445,8.434002337987357
CA,1446,9.011016562298908
CA,1447,9.964898780501542
CA,1448,10.542610568489788
CA,1449,10.679067213444624
CA,1450,10.627243653675002
CA,1451,10.52691476022368
CA,1452,10.412838434574908
CA,1453,10.27982348184115
CA,1454,10.152958279566095
CA,1455,10.095576745171009
CA,1456,10.216987822178584
CA,1457,10.595531305929219
CA,1458,11.181790374408516
CA,1459,11.474406968442342
CA,1460,11.366372225374288
CA,1461,10.960698589764943
CA,1462,10.360190999382288
CA,1463,9.633811016957148
CA,1464,9.005363815372755
CA,1465,8.555816933098537
CA,1466,8.290499491712335
CA,1467,8.17779871667919
CA,1468,8.175845056199115
CA,1469,8.379156463445105
CA,1470,8.93026952504042
CA,1471,9.847417030235855
CA,1472,10.391851113842922
CA,1473,10.431489012013458
CA,1474,10.260924785716288
CA,1475,10.078623673546852
CA,1476,9.929333792026872
CA,1477,9.800554603502135
CA,1478,9.734011383555584
CA,1479,9.766168703122032
CA,1480,9.975794248186606
CA,1481,10.42005799067684
CA,1482,11.02377208865856
CA,1483,11.344429737831803
CA,1484,11.257362595752246
CA,1485,10.858389035174557
CA,1486,10.260752532354832
CA,1487,9.538635401748444
CA,1488,8.911383905955436
CA,1489,8.662667375231509
CA,1490,8.42817137303364
CA,1491,8.33742748647692
CA,1492,8.369548875113015
CA,1493,8.606100893674943
CA,1494,9.173125989659532
CA,1495,10.070872479385448
CA,1496,10.60861707023766
CA,1497,10.722150423344855
CA,1498,10.664175670911005
CA,1499,10.560606793977149
CA,1500,10.441869540015105
CA,1501,10.297502248097745
CA,1502,10.182507949208855
CA,1503,10.137859011397518
CA,1504,10.274996931135403
CA,1505,10.67920732005228
CA,1506,11.285909624608976
CA,1507,11.624721484302226
CA,1508,11.53438637349936
CA,1509,11.133886639071312
CA,1510,10.546652017189723
CA,1511,9.830501626102139
CA,1512,9.226707364382234
CA,1513,8.964115758189564
CA,1514,8.732568409757121
CA,1515,8.642901493062016
CA,1516,8.669259235673529
CA,1517,8.862020143071687
CA,1518,9.399459416154373
CA,1519,10.244390689908094
CA,1520,10.68073399186924
CA,1521,10.701145763809711
CA,1522,10.576709036614734
CA,1523,10.372411092107894
CA,1524,10.211082545209706
CA,1525,10.061139132792263
CA,1526,9.931480671602504
CA,1527,9.896217001575046
CA,1528,10.079139020050816
CA,1529,10.478146335639716
CA,1530,11.093943349454063
CA,1531,11.467736910277802
CA,1532,11.376352596338037
CA,1533,10.99097600582268
CA,1534,10.400769850092294
CA,1535,9.688032837458652
CA,1536,9.077084864624656
CA,1537,8.577930418715454
CA,1538,8.342076812915558
CA,1539,8.23745165079031
CA,1540,8.25259735027335
CA,1541,8.4614359770349
CA,1542,9.00286311102222
CA,1543,9.848935837191544
CA,1544,10.278133362783338
CA,1545,10.306087245189131
CA,1546,10.198764835426811
CA,1547,10.056563451799683
CA,1548,9.951870207663752
CA,1549,9.813346059246555
CA,1550,9.679133727071672
CA,1551,9.686189497716063
CA,1552,9.901707125974118
CA,1553,10.346344318275907
CA,1554,10.989236200589877
CA,1555,11.358310365085515
CA,1556,11.272910143926673
CA,1557,10.869238481781943
CA,1558,10.277422064460133
CA,1559,9.560390209745716
CA,1560,8.930173086742736
CA,1561,8.495672725714025
CA,1562,8.261526267405296
CA,1563,8.167277405318638
CA,1564,8.207274411604407
CA,1565,8.434224428276401
CA,1566,9.021734550423687
CA,1567,9.926835107675783
CA,1568,10.379861849307165
CA,1569,10.388371394373662
CA,1570,10.25799945621539
CA,1571,10.104059402900289
CA,1572,9.973524327209498
CA,1573,9.845043365698995
CA,1574,9.748844553909294
CA,1575,9.727792877202633
CA,1576,9.8785049809823
CA,1577,10.313841112823157
CA,1578,10.919747461724128
CA,1579,11.269946483996748
CA,1580,11.195694292877993
CA,1581,10.817665878192603
CA,1582,10.206988777920635
CA,1583,9.479737893051563
CA,1584,8.849755480859377
CA,1585,8.562179069548016
CA,1586,8.329364978844708
CA,1587,8.388120273339249
CA,1588,8.259909340975652
CA,1589,8.501497587362516
CA,1590,9.142416637285551
CA,1591,10.101818505241312
CA,1592,10.581708322705838
CA,1593,10.540118802393277
CA,1594,10.332875901446311
CA,1595,10.152251160405418
CA,1596,10.01083861576958
CA,1597,9.845781560995114
CA,1598,9.72188102278886
CA,1599,9.66914484135009
CA,1600,9.814620946120655
CA,1601,10.254995566898176
CA,1602,10.872840744244934
CA,1603,11.251802580316491
CA,1604,11.188715067423816
CA,1605,10.793544342600601
CA,1606,10.18439054812612
CA,1607,9.461182269259295
CA,1608,8.823441435836864
CA,1609,8.59838298543558
CA,1610,8.372223558328097
CA,1611,8.408327964951264
CA,1612,8.282739158924471
CA,1613,8.508547455131474
CA,1614,9.102363298293925
CA,1615,10.021256234361527
CA,1616,10.545702353847272
CA,1617,10.595740583681987
CA,1618,10.415702011962871
CA,1619,10.236390871773954
CA,1620,10.065346350632671
CA,1621,9.899861915596532
CA,1622,9.784208611131021
CA,1623,9.760796094103451
CA,1624,9.918472903405755
CA,1625,10.341549533722178
CA,1626,10.955812358759301
CA,1627,11.33107574866344
CA,1628,11.275252049556158
CA,1629,10.890383905253993
CA,1630,10.311368525764983
CA,1631,9.599002067017562
CA,1632,8.972633481000535
CA,1633,8.548212181620768
CA,1634,8.3230835466953
CA,1635,8.231651658110898
CA,1636,8.256709018310278
CA,1637,8.50754682308563
CA,1638,9.097999900155772
CA,1639,10.01365173672741
CA,1640,10.503241754594276
CA,1641,10.496635234312059
CA,1642,10.313340375744458
CA,1643,10.127660242809132
CA,1644,9.971715093704182
CA,1645,9.801130386435862
CA,1646,9.677074933281366
CA,1647,9.6373085205895
CA,1648,9.79948166176505
CA,1649,10.241134237043582
CA,1650,10.850525087818268
CA,1651,11.19906587695679
CA,1652,11.136197452746094
CA,1653,10.737077865504395
CA,1654,10.130196245064749
CA,1655,9.42746504289576
CA,1656,8.817376879361312
CA,1657,8.23165124122671
CA,1658,8.005246126127354
CA,1659,7.949461870257549
CA,1660,7.911381741696989
CA,1661,8.135816171361638
CA,1662,8.721483227839089
CA,1663,9.651129067265678
CA,1664,10.186350967740065
CA,1665,10.244630472142207
CA,1666,10.107636984526737
CA,1667,9.935333969375066
CA,1668,9.769396487902586
CA,1669,9.594700356743072
CA,1670,9.453478759831725
CA,1671,9.404192642635747
CA,1672,9.540060834125704
CA,1673,9.914108832777668
CA,1674,10.47038699398326
CA,1675,10.84607930056978
CA,1676,10.844907890879922
CA,1677,10.485414566729942
CA,1678,9.903518243950765
CA,1679,9.201210333854013
CA,1680,8.604787265942013
CA,1681,8.38549841581577
CA,1682,8.15345352884922
CA,1683,7.9185319386928095
CA,1684,8.06660359958692
CA,1685,8.26801658440161
CA,1686,8.788786820565981
CA,1687,9.616200780660755
CA,1688,10.120632024475102
CA,1689,10.18473982356479
CA,1690,10.079384331203277
CA,1691,9.952572642916268
CA,1692,9.847190807293437
CA,1693,9.738536065028699
CA,1694,9.592667272995222
CA,1695,9.561235969426654
CA,1696,9.70373456029359
CA,1697,10.106444415249612
CA,1698,10.67357653404055
CA,1699,11.031508291532866
CA,1700,11.013832443759819
CA,1701,10.633083746631526
CA,1702,10.046786543347556
CA,1703,9.338541181451317
CA,1704,8.760675006173962
CA,1705,8.344655948922862
CA,1706,8.082253463968712
CA,1707,8.207140188355543
CA,1708,8.018791736325877
CA,1709,8.236851320670878
CA,1710,8.80849588980812
CA,1711,9.694137395281158
CA,1712,10.220271130797235
CA,1713,10.287021910207748
CA,1714,10.17025799541464
CA,1715,10.015281924467047
CA,1716,9.872568328106171
CA,1717,9.726567068126673
CA,1718,9.612622355564678
CA,1719,9.578573780301989
CA,1720,9.744814166752041
CA,1721,10.182078809856277
CA,1722,10.747985422713446
CA,1723,11.102032439245827
CA,1724,11.057269785559523
CA,1725,10.655625307529245
CA,1726,10.0621497865282
CA,1727,9.314762859224627
CA,1728,8.654493095388528
CA,1729,8.477508383704782
CA,1730,8.209731124845655
CA,1731,8.152465139153957
CA,1732,8.138739481831513
CA,1733,8.34570036827588
CA,1734,8.92251922769094
CA,1735,9.846564271436959
CA,1736,10.422812719185501
CA,1737,10.540441473417436
CA,1738,10.444028379191751
CA,1739,10.312371915757216
CA,1740,10.215779187991064
CA,1741,10.09164842347184
CA,1742,9.986699730835854
CA,1743,9.925322017181202
CA,1744,10.024759057922916
CA,1745,10.375644857169336
CA,1746,10.89414226196249
CA,1747,11.232291205995104
CA,1748,11.252178306349679
CA,1749,10.87399758930562
CA,1750,10.25468910711289
CA,1751,9.521023803707813
CA,1752,8.862892124408742
CA,1753,8.393742624663677
CA,1754,8.134892527804029
CA,1755,8.02913232408072
CA,1756,8.047184067314863
CA,1757,8.279405908958182
CA,1758,8.891427944087022
CA,1759,9.903318733606158
CA,1760,10.540469986013322
CA,1761,10.63691893154227
CA,1762,10.49969962670842
CA,1763,10.317576255275412
CA,1764,10.150885708280487
CA,1765,9.990055684518945
CA,1766,9.87254720642625
CA,1767,9.785570314722086
CA,1768,9.890047824077277
CA,1769,10.24501078329851
CA,1770,10.80077638459192
CA,1771,11.16210560528713
CA,1772,11.259556855226197
CA,1773,10.903462022449963
CA,1774,10.32501011686737
CA,1775,9.602806410210395
CA,1776,8.97295930337994
CA,1777,8.37648284929058
CA,1778,8.12585839508606
CA,1779,8.022419098217537
CA,1780,8.055896547806121
CA,1781,8.275363924820526
CA,1782,8.861249419254412
CA,1783,9.820395422837052
CA,1784,10.399933037685715
CA,1785,10.488762460617668
CA,1786,10.320452481389207
CA,1787,10.106317502320403
CA,1788,9.9143734451963
CA,1789,9.73455142129067
CA,1790,9.565987783127513
CA,1791,9.47157397581575
CA,1792,9.585302837799878
CA,1793,9.975488580376746
CA,1794,10.526702612409014
CA,1795,10.88880632382613
CA,1796,11.000419581588968
CA,1797,10.659843979326963
CA,1798,10.103392820156653
CA,1799,9.40364075845158
CA,1800,8.79047160721194
CA,1801,8.222023623221927
CA,1802,7.990607307510525
CA,1803,7.879356762869579
CA,1804,7.905107997301263
CA,1805,8.11129887201496
CA,1806,8.681262224824975
CA,1807,9.605514114539139
CA,1808,10.153934669191887
CA,1809,10.224427290968213
CA,1810,10.074615758949827
CA,1811,9.894955975727369
CA,1812,9.628797711379633
CA,1813,9.48395202225343
CA,1814,9.342313533663775
CA,1815,9.240431146969565
CA,1816,9.351993948543196
CA,1817,9.717749676952243
CA,1818,10.255937561295726
CA,1819,10.633166353829385
CA,1820,10.735663252056963
CA,1821,10.40801949989568
CA,1822,9.837097267567938
CA,1823,9.133801899361735
CA,1824,8.528714643698306
CA,1825,8.297988577190784
CA,1826,8.050980905084009
CA,1827,7.964200537390197
CA,1828,7.989881233847775
CA,1829,8.228522903189472
CA,1830,8.79463720174877
CA,1831,9.733576385514349
CA,1832,10.300157114463106
CA,1833,10.378550439613832
CA,1834,10.226369312548233
CA,1835,10.030918788383737
CA,1836,9.803559349055533
CA,1837,9.49833575296918
CA,1838,9.28104772353285
CA,1839,9.124222083828712
CA,1840,9.194833812729042
CA,1841,9.533426549805702
CA,1842,10.187115396612468
CA,1843,10.643757052913806
CA,1844,10.754566137380332
CA,1845,10.428951949985606
CA,1846,9.866868797305779
CA,1847,9.176164162290496
CA,1848,8.562145540173647
CA,1849,8.235809426981454
CA,1850,7.990174353130016
CA,1851,7.889892709991499
CA,1852,7.92333460158418
CA,1853,8.142071174392063
CA,1854,8.686385309284843
CA,1855,9.58641002565358
CA,1856,10.1258102838554
CA,1857,10.214648767204158
CA,1858,10.073906271491117
CA,1859,9.929394839129074
CA,1860,9.789072912845551
CA,1861,9.650948439683564
CA,1862,9.51108686164714
CA,1863,9.41839632836297
CA,1864,9.483940154126488
CA,1865,9.835597470404661
CA,1866,10.40593057853306
CA,1867,10.80624845880603
CA,1868,10.96284616917282
CA,1869,10.646625822294814
CA,1870,10.104522973605672
CA,1871,9.403486730240607
CA,1872,8.78224621050642
CA,1873,8.395568213138427
CA,1874,8.167281431610741
CA,1875,8.075292853616137
CA,1876,8.121578733913017
CA,1877,8.338840637984395
CA,1878,8.885148892313651
CA,1879,9.737759593319772
CA,1880,10.163848210910343
CA,1881,10.089700671328643
CA,1882,9.841091780799516
CA,1883,9.547496096281211
CA,1884,9.320258121767457
CA,1885,9.150557339988726
CA,1886,8.980937017020315
CA,1887,8.890553705181327
CA,1888,9.00566735620095
CA,1889,9.381684452611267
CA,1890,10.069086795174671
CA,1891,10.533976359437494
CA,1892,10.682344888537592
CA,1893,10.385398151504344
CA,1894,9.846956542557647
CA,1895,9.131100047007328
CA,1896,8.506797665025466
CA,1897,8.116789125749802
CA,1898,7.888501434632353
CA,1899,7.796978278554475
CA,1900,7.830029989710871
CA,1901,8.074704123781162
CA,1902,8.680393221241514
CA,1903,9.640344814122074
CA,1904,10.187529641539587
CA,1905,10.202746890175943
CA,1906,10.014671420785978
CA,1907,9.821184067322106
CA,1908,9.65721036871892
CA,1909,9.510149420378065
CA,1910,9.368842106589684
CA,1911,9.283424569546764
CA,1912,9.399028552106486
CA,1913,9.775039376264411
CA,1914,10.352305165771105
CA,1915,10.751929105430735
CA,1916,10.871782025310837
CA,1917,10.537710847105467
CA,1918,9.941533951943684
CA,1919,9.193683503109808
CA,1920,8.536887456648635
CA,1921,8.126969310994335
CA,1922,7.889929150578136
CA,1923,7.7973675625804235
CA,1924,7.83211517383289
CA,1925,8.08038699874035
CA,1926,8.71599031695847
CA,1927,9.73173677763491
CA,1928,10.357180209953672
CA,1929,10.388080278468536
CA,1930,10.20562201928877
CA,1931,9.996874535842142
CA,1932,9.84163133931385
CA,1933,9.665729242691654
CA,1934,9.515483625566253
CA,1935,9.413995011038155
CA,1936,9.500304520752746
CA,1937,9.868460327069403
CA,1938,10.446947679898459
CA,1939,10.812876646130553
CA,1940,10.913008123415041
CA,1941,10.569990986974593
CA,1942,9.985476840396277
CA,1943,9.27010665435281
CA,1944,8.636252269685043
CA,1945,8.158602130563922
CA,1946,7.9223393050343995
CA,1947,7.831609180188604
CA,1948,7.860634312703859
CA,1949,8.094826353087878
CA,1950,8.67071803180073
CA,1951,9.605988501794606
CA,1952,10.18997373712331
CA,1953,10.288819635300976
CA,1954,10.12832433514365
CA,1955,9.94113585584304
CA,1956,9.786396800957235
CA,1957,9.642620758848029
CA,1958,9.53329221153058
CA,1959,9.468255325419152
CA,1960,9.564973161326089
CA,1961,9.893376891380665
CA,1962,10.405301110992363
CA,1963,10.724564130075546
CA,1964,10.823756563461227
CA,1965,10.480562175215931
CA,1966,9.914421187526958
CA,1967,9.212672292031668
CA,1968,8.600634958455588
CA,1969,7.838499384589606
CA,1970,7.598468720169579
CA,1971,7.493992620545134
CA,1972,7.523416030999103
CA,1973,7.738225408822401
CA,1974,8.317096572605882
CA,1975,9.230670778766052
CA,1976,9.798746796143782
CA,1977,9.910156687259603
CA,1978,9.803840062478319
CA,1979,9.665180072197009
CA,1980,9.534847074674516
CA,1981,9.338667753038424
CA,1982,9.206328433928528
CA,1983,9.144647568404997
CA,1984,9.2820026449801
CA,1985,9.644440235337642
CA,1986,10.165603791275501
CA,1987,10.490707941564466
CA,1988,10.581694052206997
CA,1989,10.252261539992597
CA,1990,9.669749584433944
CA,1991,8.960752756819426
CA,1992,8.33398449128492
CA,1993,7.94321532997005
CA,1994,7.713743310498132
CA,1995,7.606896245509646
CA,1996,7.6257958216715584
CA,1997,7.837670140621787
CA,1998,8.40474250590899
CA,1999,9.344209770554396
CA,2000,9.916896132188077
CA,2001,10.040107656650875
CA,2002,9.944156838525368
CA,2003,9.790786445424535
CA,2004,9.656483226860987
CA,2005,9.497313217611993
CA,2006,9.388010580387363
CA,2007,9.298145782325857
CA,2008,9.374086968224194
CA,2009,9.699198987259978
CA,2010,10.199328361101799
CA,2011,10.53183235105315
CA,2012,10.628634385766217
CA,2013,10.30362586527837
CA,2014,9.736274007567369
CA,2015,9.021594280114954
CA,2016,8.402668393313741
CA,2017,7.976903050377842
CA,2018,7.720161911977767
CA,2019,7.614710960835172
CA,2020,7.636836710986429
CA,2021,7.823389807392521
CA,2022,8.33988331909844
CA,2023,9.174097501494428
CA,2024,9.665933212145918
CA,2025,9.715930363820998
CA,2026,9.574066852149238
CA,2027,9.442731682212411
CA,2028,9.329191521576067
CA,2029,9.240145172784956
CA,2030,9.104554887943594
CA,2031,9.012237716922318
CA,2032,9.11801408764144
CA,2033,9.43325329926026
CA,2034,9.972786734055124
CA,2035,10.362616321835798
CA,2036,10.488555443381797
CA,2037,10.178550365432843
CA,2038,9.634131817046052
CA,2039,8.936904854173775
CA,2040,8.331371481935328
CA,2041,7.97699779920042
CA,2042,7.743844472180629
CA,2043,7.65378640425269
CA,2044,7.68500686731897
CA,2045,7.891551619148048
CA,2046,8.416001318429393
CA,2047,9.297341343600431
CA,2048,9.721399740695896
CA,2049,9.688326781967994
CA,2050,9.513231392319836
CA,2051,9.272926858311024
CA,2052,9.099286355645651
CA,2053,8.94741707063199
CA,2054,8.844342745362104
CA,2055,8.817998784784495
CA,2056,8.963524765189826
CA,2057,9.388958132717486
CA,2058,9.980300949403722
CA,2059,10.395670703873023
CA,2060,10.516199523273135
CA,2061,10.212410644352136
CA,2062,9.664674101268028
CA,2063,8.936329407208508
CA,2064,8.31334421977315
CA,2065,7.6410982708208435
CA,2066,7.418353764031023
CA,2067,7.327768088950884
CA,2068,7.352262313745814
CA,2069,7.581047885394121
CA,2070,8.180308408008889
CA,2071,9.13527420310307
CA,2072,9.701694445084216
CA,2073,9.768320574156675
CA,2074,9.604551304529725
CA,2075,9.396179898380835
CA,2076,9.218178147128102
CA,2077,9.014865930938903
CA,2078,8.994362619378423
CA,2079,8.986468490723682
CA,2080,9.20432916922437
CA,2081,9.68063350079167
CA,2082,10.293543903502073
CA,2083,10.608063309835483
CA,2084,10.665492325406836
CA,2085,10.304408426157384
CA,2086,9.689066482918376
CA,2087,8.94225165889128
CA,2088,8.283512201403871
CA,2089,7.834096010381687
CA,2090,7.585860508967069
CA,2091,7.491345402883114
CA,2092,7.513032794276502
CA,2093,7.741426506241617
CA,2094,8.3710305158852
CA,2095,9.343332576713452
CA,2096,9.913100168530404
CA,2097,9.928364892834958
CA,2098,9.707293308324214
CA,2099,9.483208481740114
CA,2100,9.380186192973191
CA,2101,9.172765386188857
CA,2102,9.049084855272936
CA,2103,8.954405824205194
CA,2104,9.056724420725718
CA,2105,9.472888677868426
CA,2106,10.083286848079709
CA,2107,10.428224367210293
CA,2108,10.523402211802035
CA,2109,10.196010949367105
CA,2110,9.596469814683102
CA,2111,8.884163421127871
CA,2112,8.246377538174222
CA,2113,7.835637891666655
CA,2114,7.607930687283544
CA,2115,7.503638988489412
CA,2116,7.529866599490211
CA,2117,7.758992578515285
CA,2118,8.358870276065577
CA,2119,9.297908705178479
CA,2120,9.8479365029515
CA,2121,9.88899665695895
CA,2122,9.702172178004426
CA,2123,9.50852888511567
CA,2124,9.329959092116773
CA,2125,9.159699793830535
CA,2126,9.010285329906015
CA,2127,8.90871981580208
CA,2128,8.982353241841661
CA,2129,9.325245961031944
CA,2130,9.912851977901115
CA,2131,10.322571751622117
CA,2132,10.476326419941241
CA,2133,10.187484618015029
CA,2134,9.623670578314327
CA,2135,8.930227332815175
CA,2136,8.312472386435328
CA,2137,7.833942720773984
CA,2138,7.591506296214135
CA,2139,7.490762354388515
CA,2140,7.509723690110136
CA,2141,7.720748275380599
CA,2142,8.282924049258117
CA,2143,9.159294248639581
CA,2144,9.665315295658436
CA,2145,9.682469004589214
CA,2146,9.519989568368272
CA,2147,9.352339363032028
CA,2148,9.23995482476495
CA,2149,9.13369313408721
CA,2150,9.056817888028872
CA,2151,9.018843815576965
CA,2152,9.129692366227161
CA,2153,9.487957046567752
CA,2154,9.998511760241612
CA,2155,10.31602680679569
CA,2156,10.374191079164515
CA,2157,10.041058414393419
CA,2158,9.47911969536292
CA,2159,8.791668774748828
CA,2160,8.175491076895916
CA,2161,7.59485410563031
CA,2162,7.337375877070685
CA,2163,7.213242474036249
CA,2164,7.202561798552192
CA,2165,7.402947046031199
CA,2166,7.9346505577213025
CA,2167,8.783570865485506
CA,2168,9.33146380866383
CA,2169,9.48619417666586
CA,2170,9.43305590067042
CA,2171,9.34459432239343
CA,2172,9.294801196210436
CA,2173,9.165396204877258
CA,2174,9.030770117087972
CA,2175,8.942921809276966
CA,2176,8.98508811352472
CA,2177,9.210989259595362
CA,2178,9.63565102330504
CA,2179,9.891315196991897
CA,2180,10.101989453036362
CA,2181,9.966263492630166
CA,2182,9.423479644578984
CA,2183,8.719892972636824
CA,2184,8.07532786407641
CA,2185,7.577004944356553
CA,2186,7.312355838575144
CA,2187,7.381832101369622
CA,2188,7.200182956864267
CA,2189,7.401429075481116
CA,2190,7.946435901408296
CA,2191,8.787951589440462
CA,2192,9.296846217239777
CA,2193,9.373931538896182
CA,2194,9.213989812423446
CA,2195,9.040623269258855
CA,2196,8.897837248247031
CA,2197,8.735842249714892
CA,2198,8.591813387787951
CA,2199,8.50622696726078
CA,2200,8.588446444195027
CA,2201,8.885612389912668
CA,2202,9.380295906922374
CA,2203,9.711958183673007
CA,2204,9.965476964080276
CA,2205,9.85256092760889
CA,2206,9.331424325862027
CA,2207,8.64128433692825
CA,2208,8.006281033701297
CA,2209,7.657598018970323
CA,2210,7.38619385367767
CA,2211,7.344069167007486
CA,2212,7.261226139689397
CA,2213,7.483815470181067
CA,2214,8.012344302747831
CA,2215,8.860932089560901
CA,2216,9.375779408681804
CA,2217,9.452729015983312
CA,2218,9.316794852472373
CA,2219,9.114535580047255
CA,2220,8.9547827295034
CA,2221,8.790530086544875
CA,2222,8.703552640191843
CA,2223,8.66375480868297
CA,2224,8.766246109261672
CA,2225,9.069517714857662
CA,2226,9.535092912944052
CA,2227,9.8258824902947
CA,2228,10.046160495244635
CA,2229,9.914587371147926
CA,2230,9.370574485651012
CA,2231,8.647669349456395
CA,2232,7.991744192857934
CA,2233,7.502045297645159
CA,2234,7.23832054311862
CA,2235,7.150998110577527
CA,2236,7.123757009115797
CA,2237,7.3326861935182555
CA,2238,7.883033654158307
CA,2239,8.785707089191892
CA,2240,9.32158954047916
CA,2241,9.405672758566068
CA,2242,9.288813709793791
CA,2243,9.138603720482164
CA,2244,9.00035780638405
CA,2245,8.84584771035354
CA,2246,8.715709965848543
CA,2247,8.631176296980572
CA,2248,8.692836994891579
CA,2249,9.001205010776768
CA,2250,9.435322553803589
CA,2251,9.717647903865458
CA,2252,9.95534180490875
CA,2253,9.819887658317342
CA,2254,9.276741713806365
CA,2255,8.569145919849907
CA,2256,7.9267238542624785
CA,2257,7.609646630388665
CA,2258,7.363732957529449
CA,2259,7.275945654444543
CA,2260,7.245621776052044
CA,2261,7.4627274446571015
CA,2262,8.03938641291539
CA,2263,8.962027369573514
CA,2264,9.50595970825388
CA,2265,9.587542970078315
CA,2266,9.478801154393768
CA,2267,9.350091320153393
CA,2268,9.24367765234925
CA,2269,9.131547414384109
CA,2270,9.027760856997455
CA,2271,8.963028030049815
CA,2272,9.031882544051989
CA,2273,9.303728990448489
CA,2274,9.729954727301703
CA,2275,9.98321447813298
CA,2276,10.159320497579133
CA,2277,9.988439288287944
CA,2278,9.406574205143844
CA,2279,8.663796192185325
CA,2280,8.009341887788787
CA,2281,7.559302902946643
CA,2282,7.30177409011658
CA,2283,7.217205954466822
CA,2284,7.1862486869053415
CA,2285,7.388141183357904
CA,2286,7.932688339188222
CA,2287,8.795034529922642
CA,2288,9.3664175027196
CA,2289,9.527511710377466
CA,2290,9.452160456214354
CA,2291,9.310884877609029
CA,2292,9.177241747214694
CA,2293,9.016281903753152
CA,2294,8.90177264327263
CA,2295,8.806887639953755
CA,2296,8.843219288737984
CA,2297,9.09803547068186
CA,2298,9.498720767772795
CA,2299,9.746495559015477
CA,2300,9.943125449147942
CA,2301,9.807698378874962
CA,2302,9.256167753260133
CA,2303,8.534630514179828
CA,2304,7.886457868481948
CA,2305,7.480954893539716
CA,2306,7.232988209913918
CA,2307,7.236045177127552
CA,2308,7.1359050505504635
CA,2309,7.354508788568985
CA,2310,7.909344565204696
CA,2311,8.734559221213667
CA,2312,9.263794597660176
CA,2313,9.35563278934237
CA,2314,9.27363751103955
CA,2315,9.160677900771576
CA,2316,9.054200198889617
CA,2317,8.91024099214777
CA,2318,8.815881296809758
CA,2319,8.7496313160804
CA,2320,8.812946860057348
CA,2321,9.072864794187279
CA,2322,9.4788196594261
CA,2323,9.716963084633614
CA,2324,9.921070251506295
CA,2325,9.766812471295655
CA,2326,9.225138118285418
CA,2327,8.512443983148207
CA,2328,7.862250681315345
CA,2329,7.435001608570487
CA,2330,7.194482925433653
CA,2331,7.088315374254627
CA,2332,7.103047215096457
CA,2333,7.319809939380465
CA,2334,7.887900311691422
CA,2335,8.783282101765412
CA,2336,9.340576878953083
CA,2337,9.467993831507943
CA,2338,9.402958482577619
CA,2339,9.30681074225185
CA,2340,9.2110170133868
CA,2341,9.080966045945434
CA,2342,8.958604912995531
CA,2343,8.860755423730886
CA,2344,8.914394800353433
CA,2345,9.152925048171596
CA,2346,9.560648045119668
CA,2347,9.795690546310265
CA,2348,9.982644632005508
CA,2349,9.844920878432761
CA,2350,9.289710078502083
CA,2351,8.58584287145286
CA,2352,7.930052160985281
CA,2353,7.487150176381788
CA,2354,7.272539719072147
CA,2355,7.169983777222475
CA,2356,7.181487516116693
CA,2357,7.395835388134203
CA,2358,7.895816802797767
CA,2359,8.681065124955504
CA,2360,9.149155933534418
CA,2361,9.201621964064953
CA,2362,9.093080889260479
CA,2363,8.968471295379317
CA,2364,8.801764647017643
CA,2365,8.64782565119779
CA,2366,8.543168331027093
CA,2367,8.470350754409166
CA,2368,8.519303539902298
CA,2369,8.790378567084153
CA,2370,9.231815716934273
CA,2371,9.550690013110781
CA,2372,9.811922158119739
CA,2373,9.721107785581015
CA,2374,9.200342335406997
CA,2375,8.507602257904255
CA,2376,7.871356371309519
CA,2377,7.405771760974578
CA,2378,7.17665922765016
CA,2379,7.069635720066367
CA,2380,7.076132923474096
CA,2381,7.291873140125138
CA,2382,7.790172851481859
CA,2383,8.553478046916725
CA,2384,9.03206967488892
CA,2385,9.069571320273486
CA,2386,8.948473670093192
CA,2387,8.80020157793156
CA,2388,8.665485433442898
CA,2389,8.528189196798703
CA,2390,8.421066571792299
CA,2391,8.344039946853922
CA,2392,8.411039002973121
CA,2393,8.706669755287846
CA,2394,9.138408443512608
CA,2395,9.448932670016816
CA,2396,9.679442643950276
CA,2397,9.56981216633774
CA,2398,9.021650739546985
CA,2399,8.309203864117215
CA,2400,7.669825206308362
CA,2401,7.29360559307706
CA,2402,7.058708179851801
CA,2403,6.956726663718309
CA,2404,6.983043407050412
CA,2405,7.205813732149326
CA,2406,7.763592373306985
CA,2407,8.610173212475011
CA,2408,9.099587720062752
CA,2409,9.162705954124345
CA,2410,9.060169273149402
CA,2411,8.951624057659792
CA,2412,8.860134942179306
CA,2413,8.75696848932113
CA,2414,8.663161870959746
CA,2415,8.587637296275757
CA,2416,8.673819041489221
CA,2417,8.97434293399038
CA,2418,9.397441097551873
CA,2419,9.664684549565095
CA,2420,9.88068637076412
CA,2421,9.76167510784653
CA,2422,9.199316105705982
CA,2423,8.461844901660116
CA,2424,7.813936545294919
CA,2425,7.412604683144851
CA,2426,7.158202787592338
CA,2427,7.049950242640519
CA,2428,7.055942898243997
CA,2429,7.274813912388982
CA,2430,7.8445120786335645
CA,2431,8.699023251625446
CA,2432,9.226533999858454
CA,2433,9.314360350364822
CA,2434,9.240128027303118
CA,2435,9.126250608658193
CA,2436,8.96515993032642
CA,2437,8.77574458221571
CA,2438,8.61775587194103
CA,2439,8.527362128275414
CA,2440,8.579310875348877
CA,2441,8.819388667410195
CA,2442,9.222890133919318
CA,2443,9.495032445068913
CA,2444,9.718496604479048
CA,2445,9.606912851360725
CA,2446,9.051909826634484
CA,2447,8.327449393759712
CA,2448,7.695529537815954
CA,2449,7.241705781908627
CA,2450,6.972070009267188
CA,2451,6.8581586442282525
CA,2452,6.857596880378976
CA,2453,7.057218696831691
CA,2454,7.599419418896156
CA,2455,8.465401121209094
CA,2456,9.003298032149468
CA,2457,9.136195792459002
CA,2458,9.103264542593566
CA,2459,9.022933952989804
CA,2460,8.926618731415065
CA,2461,8.786155528874083
CA,2462,8.658777676691132
CA,2463,8.555145697631925
CA,2464,8.624874212439611
CA,2465,8.911808504984098
CA,2466,9.329215416193476
CA,2467,9.577087091145621
CA,2468,9.781280042901
CA,2469,9.66837032374502
CA,2470,9.121092541171992
CA,2471,8.400829230376019
CA,2472,7.751959724683195
CA,2473,7.284694484328382
CA,2474,7.022975269124137
CA,2475,6.905397377708132
CA,2476,6.888944190412328
CA,2477,7.078556594355849
CA,2478,7.604371189234647
CA,2479,8.38963716020261
CA,2480,8.89193530282994
CA,2481,9.014693519041138
CA,2482,8.958093907835076
CA,2483,8.85234722900461
CA,2484,8.77760917074789
CA,2485,8.669831977087872
CA,2486,8.56259820481647
CA,2487,8.529781500402946
CA,2488,8.62982555142905
CA,2489,8.892265061013113
CA,2490,9.296208542485791
CA,2491,9.529518247424775
CA,2492,9.698470226409402
CA,2493,9.564484193081087
CA,2494,9.007665653207178
CA,2495,8.301700036366723
CA,2496,7.67058449006572
CA,2497,7.143455477370095
CA,2498,6.895668103140364
CA,2499,6.777927581094863
CA,2500,6.788613978762663
CA,2501,6.988057721315133
CA,2502,7.507888318314668
CA,2503,8.298042960556787
CA,2504,8.810879335451762
CA,2505,8.933950744177254
CA,2506,8.901773021018847
CA,2507,8.84894813040179
CA,2508,8.78710076909278
CA,2509,8.697464052977947
CA,2510,8.61089895603302
CA,2511,8.546690807997797
CA,2512,8.61227832409548
CA,2513,8.855090869045288
CA,2514,9.22412710802748
CA,2515,9.419779290198063
CA,2516,9.59005636196253
CA,2517,9.461930300491671
CA,2518,8.91482274257302
CA,2519,8.212236485939048
CA,2520,7.560769813896676
CA,2521,7.148181447069938
CA,2522,6.896559101655613
CA,2523,6.786066052008351
CA,2524,6.77035740292008
CA,2525,6.948622114199672
CA,2526,7.4304380695097
CA,2527,8.155983151566396
CA,2528,8.6944591746086
CA,2529,8.876544378908807
CA,2530,8.88054959948675
CA,2531,8.81434651995367
CA,2532,8.748298356040841
CA,2533,8.647695538783365
CA,2534,8.562817688066156
CA,2535,8.475559078644219
CA,2536,8.552877806841925
CA,2537,8.836590269179732
CA,2538,9.234745564146554
CA,2539,9.472971345613466
CA,2540,9.653702711181577
CA,2541,9.525024079830626
CA,2542,8.988585098712377
CA,2543,8.318150014663228
CA,2544,7.672293060698535
CA,2545,7.379392628952299
CA,2546,7.11332830804669
CA,2547,6.988009715754864
CA,2548,6.971799404146643
CA,2549,7.167549224942036
CA,2550,7.637614015434846
CA,2551,8.354101456124988
CA,2552,8.840986815485767
CA,2553,8.917842353595134
CA,2554,8.870292218587908
CA,2555,8.804378609060352
CA,2556,8.761304146261429
CA,2557,8.65580530431209
CA,2558,8.541736978075217
CA,2559,8.418970868119453
CA,2560,8.438006998358002
CA,2561,8.686786025820947
CA,2562,9.040435840922202
CA,2563,9.270277475430532
CA,2564,9.483005172266008
CA,2565,9.403099329579538
CA,2566,8.88245454014055
CA,2567,8.195510336289193
CA,2568,7.587814483923374
CA,2569,7.196564681997959
CA,2570,6.952514664787423
CA,2571,6.865614924572381
CA,2572,6.877666843479288
CA,2573,7.105260268780857
CA,2574,7.636543172953886
CA,2575,8.393304157145453
CA,2576,8.90022748538556
CA,2577,8.99694052293583
CA,2578,8.92159516423504
CA,2579,8.856230195210824
CA,2580,8.759795696676287
CA,2581,8.676254803832881
CA,2582,8.60201678653747
CA,2583,8.51749760253631
CA,2584,8.592930650054303
CA,2585,8.879522428482266
CA,2586,9.249855188873417
CA,2587,9.500263889789101
CA,2588,9.68776032523393
CA,2589,9.561673595286388
CA,2590,9.027147839356521
CA,2591,8.334738869090598
CA,2592,7.693131755334632
CA,2593,7.342502746844924
CA,2594,7.0909685225365795
CA,2595,6.986331056196623
CA,2596,6.9917774082249275
CA,2597,7.206369642372855
CA,2598,7.7457941121250125
CA,2599,8.518669849361492
CA,2600,9.00673100140369
CA,2601,9.094468875348998
CA,2602,8.991959992252815
CA,2603,8.906697237689364
CA,2604,8.841312712650137
CA,2605,8.734204617034841
CA,2606,8.631573312883017
CA,2607,8.542513321446856
CA,2608,8.586214486928991
CA,2609,8.8377231730893
CA,2610,9.24324887496931
CA,2611,9.483184864697769
CA,2612,9.68316940067604
CA,2613,9.580254269554699
CA,2614,9.06246547310918
CA,2615,8.376761098721282
CA,2616,7.750081685534331
CA,2617,7.164151485211906
CA,2618,6.930432108315583
CA,2619,6.828448828537603
CA,2620,6.857008506239445
CA,2621,7.074104379302269
CA,2622,7.605681975525597
CA,2623,8.359831261065331
CA,2624,8.821661813657709
CA,2625,8.909721427214176
CA,2626,8.795068901854428
CA,2627,8.656417116226075
CA,2628,8.5373442410076
CA,2629,8.394030232293582
CA,2630,8.308696931514394
CA,2631,8.224913224565018
CA,2632,8.307127449957111
CA,2633,8.564632672055712
CA,2634,8.988383631379449
CA,2635,9.261226558671565
CA,2636,9.478345868824922
CA,2637,9.398796271220867
CA,2638,8.882242286375671
CA,2639,8.192310072021689
CA,2640,7.558528647890517
CA,2641,7.097316115524358
CA,2642,6.857537360657419
CA,2643,6.750821857050428
CA,2644,6.7624741316820245
CA,2645,6.97062661145489
CA,2646,7.489723179444123
CA,2647,8.230801460144662
CA,2648,8.712706915299181
CA,2649,8.823933392061754
CA,2650,8.766684564565692
CA,2651,8.671527081782187
CA,2652,8.586591404846127
CA,2653,8.475363055532299
CA,2654,8.375324100937016
CA,2655,8.292116529687684
CA,2656,8.344753141273916
CA,2657,8.606063041211762
CA,2658,8.986847007187958
CA,2659,9.208504054617158
CA,2660,9.395472292793356
CA,2661,9.300414113340112
CA,2662,8.773872853389328
CA,2663,8.085516647236233
CA,2664,7.48547281553679
CA,2665,7.164532184446708
CA,2666,6.934656554994576
CA,2667,6.821087678894453
CA,2668,6.824172261857916
CA,2669,7.018107963675334
CA,2670,7.529638973445935
CA,2671,8.306445648763656
CA,2672,8.819524462491678
CA,2673,8.946143145896132
CA,2674,8.917384498815858
CA,2675,8.83689818483518
CA,2676,8.750560947203724
CA,2677,8.648270971963075
CA,2678,8.56442331374321
CA,2679,8.500712909021956
CA,2680,8.56602477865767
CA,2681,8.816107192302084
CA,2682,9.196618795383792
CA,2683,9.43062439529397
CA,2684,9.606281720582894
CA,2685,9.48834806011722
CA,2686,8.945985098370826
CA,2687,8.236666709258268
CA,2688,7.61089856870791
CA,2689,7.2628793480957325
CA,2690,7.026991834121122
CA,2691,6.905448062538286
CA,2692,6.905065815936319
CA,2693,7.093309127806714
CA,2694,7.598788583240077
CA,2695,8.377543538185973
CA,2696,8.892321233803786
CA,2697,9.058162246386985
CA,2698,9.036883023410141
CA,2699,8.981365062084219
CA,2700,8.884304066357615
CA,2701,8.76328901303274
CA,2702,8.673919866346823
CA,2703,8.57582430198803
CA,2704,8.62538949910713
CA,2705,8.86681949231779
CA,2706,9.2278963802805
CA,2707,9.445545034603223
CA,2708,9.625460390164355
CA,2709,9.501318420623805
CA,2710,8.943598865222768
CA,2711,8.23738378847641
CA,2712,7.591026790820822
CA,2713,7.146665793130579
CA,2714,6.921049008525333
CA,2715,6.765281099842807
CA,2716,6.75713895877095
CA,2717,6.959820661006725
CA,2718,7.424548716671533
CA,2719,8.18557677660645
CA,2720,8.670739650187258
CA,2721,8.754730408971954
CA,2722,8.653503341725743
CA,2723,8.543300236545996
CA,2724,8.393857578777993
CA,2725,8.256668615116839
CA,2726,8.124001365820034
CA,2727,8.034281067375582
CA,2728,8.09038594879071
CA,2729,8.359283722375094
CA,2730,8.775937707258697
CA,2731,9.051091050954046
CA,2732,9.294150161435514
CA,2733,9.216771666562499
CA,2734,8.697715816307392
CA,2735,8.029998631850862
CA,2736,7.3851132300898366
CA,2737,7.099943377108068
CA,2738,6.869482092273996
CA,2739,6.758534902356323
CA,2740,6.768544163057984
CA,2741,6.989069721379796
CA,2742,7.495545220268219
CA,2743,8.276223813693829
CA,2744,8.773645626328497
CA,2745,8.86462101205621
CA,2746,8.790490165954644
CA,2747,8.69197814560305
CA,2748,8.60703739639349
CA,2749,8.514696228830099
CA,2750,8.43126962315734
CA,2751,8.351978677089019
CA,2752,8.381760216959298
CA,2753,8.63396916859259
CA,2754,9.040500295337027
CA,2755,9.28093967338072
CA,2756,9.478025989708035
CA,2757,9.39523378238633
CA,2758,8.843113933965206
CA,2759,8.138859781542859
CA,2760,7.485048278576656
CA,2761,7.967571195939247
CA,2762,7.732507677795625
CA,2763,7.637104132332402
CA,2764,7.653610856170831
CA,2765,7.873074313882603
CA,2766,8.424936148175775
CA,2767,9.283631897734415
CA,2768,9.841002373466095
CA,2769,9.98923550337208
CA,2770,9.947907636096893
CA,2771,9.865033014797008
CA,2772,9.795511607927047
CA,2773,9.698001452579014
CA,2774,9.621172110532644
CA,2775,9.558118869856536
CA,2776,9.605359596636545
CA,2777,9.842592829344397
CA,2778,10.228387857999074
CA,2779,10.450534413296962
CA,2780,10.62079606688643
CA,2781,10.487970493257508
CA,2782,9.927639772168384
CA,2783,9.20094103411197
CA,2784,8.543369248580996
CA,2785,7.195349079864595
CA,2786,6.947048601914175
CA,2787,6.842925340940471
CA,2788,6.845551545100656
CA,2789,7.054838526544156
CA,2790,7.5768714828381745
CA,2791,8.36277805024019
CA,2792,8.874731165403976
CA,2793,8.981636240943509
CA,2794,8.919775558511047
CA,2795,8.80818181209136
CA,2796,8.712492256091451
CA,2797,8.567652514762676
CA,2798,8.419339392270519
CA,2799,8.284362325163716
CA,2800,8.28917002142594
CA,2801,8.52827243576238
CA,2802,8.935611592314853
CA,2803,9.193973971352667
CA,2804,9.42713460355374
CA,2805,9.407382849591746
CA,2806,8.898884329134727
CA,2807,8.235493737848527
CA,2808,7.621801018283051
CA,2809,8.69212559211802
CA,2810,8.443150442956284
CA,2811,8.340893510457908
CA,2812,8.344189075375965
CA,2813,8.544124162824245
CA,2814,9.067959439137791
CA,2815,9.852772783734164
CA,2816,10.337355159848386
CA,2817,10.416588845448008
CA,2818,10.291971263858978
CA,2819,10.133508657887402
CA,2820,10.018572815185703
CA,2821,9.902532174388117
CA,2822,9.79494121995747
CA,2823,9.745948005326852
CA,2824,9.827600338674307
CA,2825,10.113406048691438
CA,2826,10.548355983779969
CA,2827,10.834855300693027
CA,2828,11.051139210871725
CA,2829,10.980109205441583
CA,2830,10.447638025376444
CA,2831,9.759706254013727
CA,2832,9.13109076367449
CA,2833,9.139436239117304
CA,2834,8.89454693386797
CA,2835,8.796532553553684
CA,2836,8.807578772936367
CA,2837,9.026528989144408
CA,2838,9.532811739602883
CA,2839,10.289730293989095
CA,2840,10.778282825481195
CA,2841,10.866530858916196
CA,2842,10.795704352208325
CA,2843,10.705083254742505
CA,2844,10.634487591348497
CA,2845,10.535697075058273
CA,2846,10.458896728011242
CA,2847,10.385058020431245
CA,2848,10.434428817485509
CA,2849,10.709230223038647
CA,2850,11.095573669560112
CA,2851,11.328804342356918
CA,2852,11.513554424361505
CA,2853,11.416863334486282
CA,2854,10.900177041216958
CA,2855,10.202190948268031
CA,2856,9.575323575260361
CA,2857,7.888235488815415
CA,2858,7.6536595505705876
CA,2859,7.535673006241242
CA,2860,7.544687255056007
CA,2861,7.733941269392532
CA,2862,8.212606507425619
CA,2863,8.959204515850768
CA,2864,9.48017580817371
CA,2865,9.592609885397458
CA,2866,9.575413814559981
CA,2867,9.522335443408302
CA,2868,9.468137434268819
CA,2869,9.398475706669515
CA,2870,9.330707385409516
CA,2871,9.226723273502618
CA,2872,9.256417028505481
CA,2873,9.509559826160316
CA,2874,9.862922482737405
CA,2875,10.092400321321197
CA,2876,10.300102147481992
CA,2877,10.229637058147798
CA,2878,9.724183669478622
CA,2879,9.039688192033866
CA,2880,8.419990964772525
CA,2881,7.104236996312738
CA,2882,6.844916157669533
CA,2883,6.724599179035195
CA,2884,6.711035224414874
CA,2885,6.885409168022633
CA,2886,7.300039751803606
CA,2887,7.966330188682125
CA,2888,8.412544983778234
CA,2889,8.533283265533179
CA,2890,8.522743412258517
CA,2891,8.468486422766958
CA,2892,8.437944466127684
CA,2893,8.409231720810709
CA,2894,8.41665706695756
CA,2895,8.441833143530607
CA,2896,8.548930735187666
CA,2897,8.826103613378143
CA,2898,9.212126226141976
CA,2899,9.408804053897013
CA,2900,9.459989386740249
CA,2901,9.456475575642388
CA,2902,8.955959473961745
CA,2903,8.205657285022193
CA,2904,7.513896804337837
CA,2905,7.134078515833123
CA,2906,6.8594341704132695
CA,2907,6.735171171058473
CA,2908,6.714454016163527
CA,2909,6.8654592886799595
CA,2910,7.300203581196362
CA,2911,8.029617686139341
CA,2912,8.543077300672016
CA,2913,8.683221508781852
CA,2914,8.703846084975014
CA,2915,8.711925586409105
CA,2916,8.745897931427741
CA,2917,8.786968174731356
CA,2918,8.819386917990848
CA,2919,8.801136243216577
CA,2920,8.905853668367323
CA,2921,9.149243811983522
CA,2922,9.470188471175009
CA,2923,9.623905074124421
CA,2924,9.679771669290218
CA,2925,9.653820640886936
CA,2926,9.13247347518616
CA,2927,8.371196632719363
CA,2928,7.6649681158261895
CA,2929,7.112914942410968
CA,2930,6.81859103276577
CA,2931,6.677001050481291
CA,2932,6.65685708347372
CA,2933,6.828462701749335
CA,2934,7.301423540099463
CA,2935,8.078711411475364
CA,2936,8.614977291527117
CA,2937,8.757101756217809
CA,2938,8.729497577661498
CA,2939,8.685743835340498
CA,2940,8.659806187522118
CA,2941,8.636239455792408
CA,2942,8.660743115920612
CA,2943,8.703229075666071
CA,2944,8.818806845299328
CA,2945,9.079041943159824
CA,2946,9.442890410257284
CA,2947,9.58879796470089
CA,2948,9.628128908786328
CA,2949,9.582854059978132
CA,2950,9.075496759609765
CA,2951,8.315108245657473
CA,2952,7.615427666159616
CA,2953,7.165624987065654
CA,2954,6.869133166823598
CA,2955,6.730585598904175
CA,2956,6.697986814252183
CA,2957,6.859889665838764
CA,2958,7.304207697928703
CA,2959,8.036966850315762
CA,2960,8.59460076913566
CA,2961,8.784696400857783
CA,2962,8.79893177798725
CA,2963,8.760763258504245
CA,2964,8.72679964019479
CA,2965,8.680937960861716
CA,2966,8.640154593692262
CA,2967,8.616590170623526
CA,2968,8.70267135774286
CA,2969,8.935619865661021
CA,2970,9.266146673436408
CA,2971,9.45025704825894
CA,2972,9.521115301416463
CA,2973,9.51479339969656
CA,2974,9.01508983439527
CA,2975,8.268297709665406
CA,2976,7.575393290319963
CA,2977,7.256936071424537
CA,2978,6.9408196902248225
CA,2979,6.785462566362273
CA,2980,6.766037857367376
CA,2981,6.915460124018768
CA,2982,7.349880732204431
CA,2983,8.064747982601528
CA,2984,8.577645963013621
CA,2985,8.730521385730446
CA,2986,8.696722256195466
CA,2987,8.661269645192338
CA,2988,8.649636798727592
CA,2989,8.610456893910648
CA,2990,8.597824118907436
CA,2991,8.590542881805952
CA,2992,8.69365822159874
CA,2993,8.950575609640175
CA,2994,9.315428786238185
CA,2995,9.494218869933158
CA,2996,9.553443875513
CA,2997,9.571886320495729
CA,2998,9.076172938351943
CA,2999,8.333262702284781
CA,3000,7.640030480621654
CA,3001,7.111572423946247
CA,3002,6.826622533502459
CA,3003,6.693441421155146
CA,3004,6.684293141643418
CA,3005,6.8568505947305916
CA,3006,7.294010404357896
CA,3007,8.010468128994129
CA,3008,8.479905292946931
CA,3009,8.580072796798872
CA,3010,8.513752931566872
CA,3011,8.434757331229225
CA,3012,8.382695637807206
CA,3013,8.315474397833965
CA,3014,8.282126607607571
CA,3015,8.280981974826656
CA,3016,8.400274793078411
CA,3017,8.677307808390115
CA,3018,9.078998962815774
CA,3019,9.319496159229901
CA,3020,9.408684199954331
CA,3021,9.445837369320639
CA,3022,8.972981447753869
CA,3023,8.243788577895467
CA,3024,7.570821973465888
CA,3025,7.080526681596064
CA,3026,6.78753135622822
CA,3027,6.6659245545065655
CA,3028,6.648685795389934
CA,3029,6.817603301647684
CA,3030,7.215591692821554
CA,3031,7.883534918439947
CA,3032,8.343501725054143
CA,3033,8.467337748683478
CA,3034,8.462268985821987
CA,3035,8.439963129032796
CA,3036,8.461596502832652
CA,3037,8.455244173033169
CA,3038,8.442537901379813
CA,3039,8.510049478512009
CA,3040,8.64734795955366
CA,3041,8.960354494680688
CA,3042,9.389301120091995
CA,3043,9.589846236133337
CA,3044,9.658810349822287
CA,3045,9.649703696771278
CA,3046,9.13953298471117
CA,3047,8.37209856255556
CA,3048,7.666044973558278
CA,3049,7.148860183428056
CA,3050,6.863420908662879
CA,3051,6.7212726820028825
CA,3052,6.697259650167112
CA,3053,6.863236919034596
CA,3054,7.271576892813703
CA,3055,7.95972709810318
CA,3056,8.426307869947145
CA,3057,8.576686854044137
CA,3058,8.556628558828828
CA,3059,8.509145738938175
CA,3060,8.482849832779117
CA,3061,8.452045751438117
CA,3062,8.457224149233012
CA,3063,8.463667727624493
CA,3064,8.608737220627063
CA,3065,8.933959555824964
CA,3066,9.325486208379735
CA,3067,9.555087520187644
CA,3068,9.595505562641224
CA,3069,9.607914975323174
CA,3070,9.098911826283649
CA,3071,8.332064306867153
CA,3072,7.6049976688145104
CA,3073,7.146044586086827
CA,3074,6.8533233169573
CA,3075,6.713896532327232
CA,3076,6.690053742113849
CA,3077,6.857619758255427
CA,3078,7.304358068819375
CA,3079,8.039535399867674
CA,3080,8.532001695265066
CA,3081,8.634157071409108
CA,3082,8.60776070113117
CA,3083,8.541258428042612
CA,3084,8.561340328849115
CA,3085,8.562119692247025
CA,3086,8.514553520651567
CA,3087,8.58052551779262
CA,3088,8.744087302022686
CA,3089,9.00722763634909
CA,3090,9.43918896409011
CA,3091,9.62356310885789
CA,3092,9.611628226987628
CA,3093,9.614294919287046
CA,3094,9.097007908932365
CA,3095,8.30302391175034
CA,3096,7.581472824696111
CA,3097,7.176600494551464
CA,3098,6.865285561810601
CA,3099,6.713915163207391
CA,3100,6.681483494072336
CA,3101,6.848975837476822
CA,3102,7.3168342110925675
CA,3103,8.109822327021257
CA,3104,8.672180805185073
CA,3105,8.802092918939067
CA,3106,8.765221977988432
CA,3107,8.75707656226413
CA,3108,8.781830868879103
CA,3109,8.77728116103336
CA,3110,8.785956294583467
CA,3111,8.781441060958855
CA,3112,8.890678919167032
CA,3113,9.173972038506923
CA,3114,9.50266035774239
CA,3115,9.650902711715961
CA,3116,9.671099048413078
CA,3117,9.642824342802955
CA,3118,9.11818883872488
CA,3119,8.336017623172078
CA,3120,7.615900939780254
CA,3121,7.078141066218567
CA,3122,6.777693489961354
CA,3123,6.63746161917941
CA,3124,6.599599433529082
CA,3125,6.7600977678414145
CA,3126,7.179105250274794
CA,3127,7.894813025122193
CA,3128,8.381602897433998
CA,3129,8.484648787101667
CA,3130,8.450659711679608
CA,3131,8.406253762577704
CA,3132,8.417808369299548
CA,3133,8.398162295649955
CA,3134,8.42567159644029
CA,3135,8.493491803678522
CA,3136,8.636244355629408
CA,3137,8.916878588998182
CA,3138,9.318263462894851
CA,3139,9.496361432701624
CA,3140,9.498224473309099
CA,3141,9.477896059222193
CA,3142,8.97936275930209
CA,3143,8.227521940173304
CA,3144,7.511173589793115
CA,3145,7.077486398842421
CA,3146,6.7793430997202675
CA,3147,6.626238799151799
CA,3148,6.602593473180684
CA,3149,6.752185336512802
CA,3150,7.152111024038139
CA,3151,7.862336636114224
CA,3152,8.401472820061915
CA,3153,8.63572191751244
CA,3154,8.69974050356021
CA,3155,8.702032994544522
CA,3156,8.773355445182686
CA,3157,8.837485147443886
CA,3158,8.93514029817391
CA,3159,9.034141188508904
CA,3160,9.16545744805352
CA,3161,9.411926368410892
CA,3162,9.731916194144244
CA,3163,9.873609007551797
CA,3164,9.828558031104402
CA,3165,9.748429636196473
CA,3166,9.206645551776836
CA,3167,8.411741530165886
CA,3168,7.679620835520248
CA,3169,7.22157883747495
CA,3170,6.921104230611407
CA,3171,6.779456520255496
CA,3172,6.756524048697421
CA,3173,6.91414188414134
CA,3174,7.330806765441316
CA,3175,8.052772174456482
CA,3176,8.577889140515582
CA,3177,8.751754660651917
CA,3178,8.77234242150592
CA,3179,8.760919755732653
CA,3180,8.776922073843883
CA,3181,8.780591231564074
CA,3182,8.792783295168016
CA,3183,8.829833462237906
CA,3184,8.977616075042793
CA,3185,9.288823788267447
CA,3186,9.679566359627556
CA,3187,9.873841889804776
CA,3188,9.877185440050338
CA,3189,9.833912923229054
CA,3190,9.313197841473329
CA,3191,8.541194948734448
CA,3192,7.81723586221561
CA,3193,7.255262966023191
CA,3194,6.939378350994979
CA,3195,6.7797276478591595
CA,3196,6.7336749365893445
CA,3197,6.872238698929382
CA,3198,7.248921064928181
CA,3199,7.921975301413158
CA,3200,8.406726263372672
CA,3201,8.582146540384134
CA,3202,8.589575135685616
CA,3203,8.584782068554373
CA,3204,8.61510058937726
CA,3205,8.656073440647745
CA,3206,8.701567141583562
CA,3207,8.762703435290929
CA,3208,8.91137598233408
CA,3209,9.199453675938306
CA,3210,9.550293185554
CA,3211,9.689436004671954
CA,3212,9.69037022105173
CA,3213,9.678156821084263
CA,3214,9.185360232772696
CA,3215,8.413516850963074
CA,3216,7.701549643189767
CA,3217,7.225336429042734
CA,3218,6.924558629558549
CA,3219,6.769359188450479
CA,3220,6.728722748963457
CA,3221,6.8704972135266
CA,3222,7.24985785681604
CA,3223,7.918818631735714
CA,3224,8.380183433958685
CA,3225,8.556843280402656
CA,3226,8.624379040823404
CA,3227,8.663678365629236
CA,3228,8.74858060607897
CA,3229,8.791276912880873
CA,3230,8.819832978792329
CA,3231,8.881552041577557
CA,3232,8.988575613782778
CA,3233,9.227774717608316
CA,3234,9.570253790534911
CA,3235,9.746197397095782
CA,3236,9.793130822467258
CA,3237,9.772623187061122
CA,3238,9.257862830103296
CA,3239,8.473945486517426
CA,3240,7.737720454799633
CA,3241,7.226056769734932
CA,3242,6.930610880802526
CA,3243,6.774414473183837
CA,3244,6.750896295110053
CA,3245,6.910678767271599
CA,3246,7.31848824712194
CA,3247,8.02276879739076
CA,3248,8.533135375816347
CA,3249,8.714735600640417
CA,3250,8.736509778737425
CA,3251,8.719341095798088
CA,3252,8.780108626051996
CA,3253,8.826447558905413
CA,3254,8.880854858734475
CA,3255,8.912339774243247
CA,3256,9.049678399691885
CA,3257,9.314461636856386
CA,3258,9.62517268619116
CA,3259,9.737533011278616
CA,3260,9.733530517479387
CA,3261,9.729853788796591
CA,3262,9.231397240064691
CA,3263,8.456452205168514
CA,3264,7.75479502938195
CA,3265,7.267318013598534
CA,3266,6.944345799261946
CA,3267,6.769318865894124
CA,3268,6.723728805882933
CA,3269,6.8723645133137445
CA,3270,7.297925718585016
CA,3271,8.06783824670988
CA,3272,8.61082701694238
CA,3273,8.778683855414117
CA,3274,8.741112283154465
CA,3275,8.68195414375774
CA,3276,8.691978421870287
CA,3277,8.706924666718782
CA,3278,8.729862950331718
CA,3279,8.725818373883047
CA,3280,8.835625769280643
CA,3281,9.059384667676381
CA,3282,9.385023349845941
CA,3283,9.52025458918259
CA,3284,9.545591686689665
CA,3285,9.568139194072742
CA,3286,9.081049957477317
CA,3287,8.3154813011444
CA,3288,7.612311381663171
CA,3289,7.213701152828058
CA,3290,6.918776620062299
CA,3291,6.775990243539913
CA,3292,6.749631564495147
CA,3293,6.911724088883604
CA,3294,7.310872070681248
CA,3295,8.001815258965676
CA,3296,8.453636362591363
CA,3297,8.526135666262164
CA,3298,8.460659886805189
CA,3299,8.392191889904439
CA,3300,8.377639927713208
CA,3301,8.369976781248278
CA,3302,8.376383364880915
CA,3303,8.418396098327639
CA,3304,8.55043597429599
CA,3305,8.893310545762697
CA,3306,9.316777963384155
CA,3307,9.503504945157157
CA,3308,9.5512415844326
CA,3309,9.58730301816613
CA,3310,9.116029438593243
CA,3311,8.359335696296903
CA,3312,7.639964323723469
CA,3313,7.185212280519964
CA,3314,6.893389124177556
CA,3315,6.746202598916336
CA,3316,6.7098971807694925
CA,3317,6.853902529563748
CA,3318,7.229046264406287
CA,3319,7.90992932420588
CA,3320,8.41094437711189
CA,3321,8.574645376296221
CA,3322,8.625772102899711
CA,3323,8.630368983164336
CA,3324,8.658348987418702
CA,3325,8.690711412471654
CA,3326,8.709763926361386
CA,3327,8.758110398198212
CA,3328,8.900561414753035
CA,3329,9.185132238845199
CA,3330,9.54066056281684
CA,3331,9.683088913888765
CA,3332,9.675452517562986
CA,3333,9.662111613761455
CA,3334,9.161366167218688
CA,3335,8.404696670363384
CA,3336,7.69910872403226
CA,3337,7.282189111489956
CA,3338,6.956257180785259
CA,3339,6.8049970118947
CA,3340,6.758672199482391
CA,3341,6.899826224549543
CA,3342,7.295434692934756
CA,3343,8.009857278145484
CA,3344,8.559675953308295
CA,3345,8.79339309387797
CA,3346,8.847732531058984
CA,3347,8.838520449152188
CA,3348,8.865682881168652
CA,3349,8.87693092511909
CA,3350,8.932657714589315
CA,3351,9.000447475557442
CA,3352,9.1420882299035
CA,3353,9.409513219958738
CA,3354,9.757327839462368
CA,3355,9.840659232682567
CA,3356,9.805650258771006
CA,3357,9.780937900092272
CA,3358,9.29914299206638
CA,3359,8.543744202111741
CA,3360,7.816628115914101
CA,3361,7.286592965409058
CA,3362,6.972410917135261
CA,3363,6.811025358167873
CA,3364,6.763620624414222
CA,3365,6.898759499468064
CA,3366,7.252311671044621
CA,3367,7.889989970419837
CA,3368,8.365986157014481
CA,3369,8.546813124464736
CA,3370,8.581934627991314
CA,3371,8.549496705656653
CA,3372,8.562325430558312
CA,3373,8.597648681721031
CA,3374,8.623808060439517
CA,3375,8.758190877070113
CA,3376,8.996092761286278
CA,3377,9.359199271583037
CA,3378,9.744717678017427
CA,3379,9.91568721067378
CA,3380,9.874911032787919
CA,3381,9.832651585664838
CA,3382,9.325624990933816
CA,3383,8.551273384723803
CA,3384,7.808791043189061
CA,3385,7.317507239594101
CA,3386,6.9992336281897805
CA,3387,6.832230046329875
CA,3388,6.7839413462870475
CA,3389,6.906155322121623
CA,3390,7.260569954248135
CA,3391,7.915913613564069
CA,3392,8.42265770579717
CA,3393,8.62884797452804
CA,3394,8.739945095762822
CA,3395,8.807935524101856
CA,3396,8.94910253423656
CA,3397,9.021545617983767
CA,3398,9.073342419487997
CA,3399,9.217546544510183
CA,3400,9.4050287756653
CA,3401,9.68836771507196
CA,3402,10.046043111449851
CA,3403,10.170583998875891
CA,3404,10.115156767780741
CA,3405,10.070079307692914
CA,3406,9.544033112305774
CA,3407,8.7340941795069
CA,3408,7.978332201035232
CA,3409,7.429302337982066
CA,3410,7.114848851896718
CA,3411,6.946014273456963
CA,3412,6.8997907731319605
CA,3413,7.0444085364604145
CA,3414,7.414610884020143
CA,3415,8.106714561552998
CA,3416,8.63616523335077
CA,3417,8.854807621173656
CA,3418,8.910948768061127
CA,3419,8.93047894425821
CA,3420,9.00732320518327
CA,3421,9.057155092072266
CA,3422,9.135344384014518
CA,3423,9.198676357799457
CA,3424,9.34678759530712
CA,3425,9.626648614136654
CA,3426,9.94762730991877
CA,3427,10.01664094276907
CA,3428,9.917167191247309
CA,3429,9.855992344684246
CA,3430,9.34190128099996
CA,3431,8.535678809569044
CA,3432,7.775402138677517
CA,3433,7.180885542342539
CA,3434,6.874127697413124
CA,3435,6.724199373233248
CA,3436,6.684022304347101
CA,3437,6.862418162940119
CA,3438,7.27372055156403
CA,3439,8.018454044398124
CA,3440,8.540055327321467
CA,3441,8.752392743082327
CA,3442,8.796322743634557
CA,3443,8.807539601717776
CA,3444,8.826305594725586
CA,3445,8.837210384342628
CA,3446,8.888715465459164
CA,3447,8.95434381827605
CA,3448,9.103622785502568
CA,3449,9.362537977398864
CA,3450,9.696713846624721
CA,3451,9.782243246634762
CA,3452,9.719616581946495
CA,3453,9.66859258352388
CA,3454,9.187462629614778
CA,3455,8.417662718427618
CA,3456,7.697438164354931
CA,3457,7.269227651652431
CA,3458,6.954099535613128
CA,3459,6.79396400416773
CA,3460,6.750028564755452
CA,3461,6.902718759139209
CA,3462,7.293886297766896
CA,3463,8.001588804693053
CA,3464,8.533675048326975
CA,3465,8.72644346341175
CA,3466,8.731985488088823
CA,3467,8.719470320306705
CA,3468,8.73212082580962
CA,3469,8.725031556370848
CA,3470,8.781031896779457
CA,3471,8.833908029297202
CA,3472,8.985026214642819
CA,3473,9.278273934961593
CA,3474,9.643413446937238
CA,3475,9.78428463601177
CA,3476,9.788626249962874
CA,3477,9.768032974404068
CA,3478,9.292560473994417
CA,3479,8.518025023620417
CA,3480,7.790942852650165
CA,3481,7.417574330400404
CA,3482,7.090179927091672
CA,3483,6.927527337609359
CA,3484,6.881671555221316
CA,3485,7.031321286713151
CA,3486,7.461393809783877
CA,3487,8.234296008075955
CA,3488,8.831890398104132
CA,3489,9.079374041601552
CA,3490,9.130633568097029
CA,3491,9.152925163910467
CA,3492,9.22924177117805
CA,3493,9.326211137972704
CA,3494,9.41714775711485
CA,3495,9.495561145856358
CA,3496,9.641987655343778
CA,3497,9.888920240044746
CA,3498,10.181606015870797
CA,3499,10.234141451627476
CA,3500,10.148132038136156
CA,3501,10.063146580739827
CA,3502,9.577922159469225
CA,3503,8.803942091456655
CA,3504,8.06274947915893
CA,3505,7.562393238570469
CA,3506,7.240300130578101
CA,3507,7.07162131231741
CA,3508,7.015416275986171
CA,3509,7.1465065141587205
CA,3510,7.502902535369542
CA,3511,8.174763763593603
CA,3512,8.72504338945506
CA,3513,8.967613912583785
CA,3514,9.052490108557386
CA,3515,9.091855692259315
CA,3516,9.150560761202994
CA,3517,9.202617210456832
CA,3518,9.231721048907422
CA,3519,9.282187882027639
CA,3520,9.465659940776264
CA,3521,9.772241783896208
CA,3522,10.087660789302996
CA,3523,10.185096524488726
CA,3524,10.107688055512503
CA,3525,10.059747190452768
CA,3526,9.556407601023311
CA,3527,8.768103363497248
CA,3528,8.02185736914927
CA,3529,7.48578457378213
CA,3530,7.144171901186838
CA,3531,6.9616702639174
CA,3532,6.910244993283563
CA,3533,7.037555350560127
CA,3534,7.402784875626124
CA,3535,8.066002586188532
CA,3536,8.606628963253673
CA,3537,8.879796911170835
CA,3538,8.989187377112366
CA,3539,9.04624597563314
CA,3540,9.142131411612995
CA,3541,9.176764204455136
CA,3542,9.226506541266462
CA,3543,9.263655657501756
CA,3544,9.427472645852895
CA,3545,9.647052207516218
CA,3546,9.9564605966578
CA,3547,10.027498370015282
CA,3548,9.952771377687426
CA,3549,9.866990927696587
CA,3550,9.371092666072283
CA,3551,8.602850696176642
CA,3552,7.880921145433305
CA,3553,7.393554331672902
CA,3554,7.065023650503013
CA,3555,6.886172319240311
CA,3556,6.837597178382567
CA,3557,6.950768687633897
CA,3558,7.296881921453562
CA,3559,7.92816708792034
CA,3560,8.421575030159945
CA,3561,8.707568867294928
CA,3562,8.832928614024583
CA,3563,8.900249785099964
CA,3564,9.008352316548383
CA,3565,9.04098488503618
CA,3566,9.038523432957493
CA,3567,9.049883820683315
CA,3568,9.182271947510369
CA,3569,9.419562132201847
CA,3570,9.786531073922015
CA,3571,9.907543098580529
CA,3572,9.84096138791651
CA,3573,9.769830439446796
CA,3574,9.29361229809713
CA,3575,8.534466240868634
CA,3576,7.81279118010082
CA,3577,7.35717939112127
CA,3578,7.0239513696447275
CA,3579,6.873389103358878
CA,3580,6.831828925292648
CA,3581,6.963192773443494
CA,3582,7.332866603590032
CA,3583,8.021496855813382
CA,3584,8.586505705488662
CA,3585,8.896422120421237
CA,3586,9.050464913438784
CA,3587,9.159389625529677
CA,3588,9.274206391456323
CA,3589,9.358329046380074
CA,3590,9.427223087584446
CA,3591,9.53798051811735
CA,3592,9.684952454200726
CA,3593,9.9427909554715
CA,3594,10.197164121372204
CA,3595,10.169399632022284
CA,3596,9.992954846365501
CA,3597,9.879093917539185
CA,3598,9.36045434689264
CA,3599,8.570368337741193
CA,3600,7.849149431600852
CA,3601,7.414646270003976
CA,3602,7.098633403083238
CA,3603,6.942750764574184
CA,3604,6.908205105388467
CA,3605,7.056575255344704
CA,3606,7.466466978319118
CA,3607,8.203937020515223
CA,3608,8.76671875700758
CA,3609,9.015157564245367
CA,3610,9.086328473603995
CA,3611,9.140772326739548
CA,3612,9.181147073631879
CA,3613,9.189023447052183
CA,3614,9.19953129097632
CA,3615,9.214715216779528
CA,3616,9.391368689866978
CA,3617,9.69932315319192
CA,3618,10.018273678212726
CA,3619,10.1524610350177
CA,3620,10.11821526371945
CA,3621,10.034232830585115
CA,3622,9.513976707036454
CA,3623,8.701838035231006
CA,3624,7.959188017881033
CA,3625,7.932192096420883
CA,3626,7.5311905327509425
CA,3627,7.307768038909948
CA,3628,7.213149569740951
CA,3629,7.304173359663463
CA,3630,7.6136800180042785
CA,3631,8.3101685412906
CA,3632,8.909924512518726
CA,3633,9.242986102881462
CA,3634,9.469375658951144
CA,3635,9.66662816975174
CA,3636,9.841488448792022
CA,3637,9.99923340256347
CA,3638,10.14968774045409
CA,3639,10.291012825567634
CA,3640,10.489661556212923
CA,3641,10.745701734371693
CA,3642,10.984033666543365
CA,3643,11.046052122948941
CA,3644,10.850281904974041
CA,3645,10.65923398959986
CA,3646,10.197722681585812
CA,3647,9.335107812104342
CA,3648,8.485294721324895
CA,3649,8.035187543067144
CA,3650,7.659882400253308
CA,3651,7.453445807759566
CA,3652,7.368160135438908
CA,3653,7.465384323611452
CA,3654,7.792310407883802
CA,3655,8.526069847103196
CA,3656,9.191217793284833
CA,3657,9.579100704168699
CA,3658,9.856166918296598
CA,3659,10.072763291637806
CA,3660,10.27000569932828
CA,3661,10.409717712268385
CA,3662,10.589698851495598
CA,3663,10.738553211569418
CA,3664,10.88320325918285
CA,3665,11.098231369742127
CA,3666,11.340769698988675
CA,3667,11.333849483107384
CA,3668,11.165643650490535
CA,3669,10.960183633881098
CA,3670,10.466645724070025
CA,3671,9.598087170314637
CA,3672,8.733484328383176
CA,3673,8.090569114710638
CA,3674,7.686139247407858
CA,3675,7.464516734952921
CA,3676,7.351502409564513
CA,3677,7.4332760181808855
CA,3678,7.717140037801546
CA,3679,8.341971439627653
CA,3680,8.890137270384255
CA,3681,9.184919369207453
CA,3682,9.306526150912605
CA,3683,9.421501644757797
CA,3684,9.514153608309751
CA,3685,9.610661324183054
CA,3686,9.75619841288189
CA,3687,9.874143036057331
CA,3688,10.032094223852411
CA,3689,10.323026073392656
CA,3690,10.659162578243876
CA,3691,10.823045970605978
CA,3692,10.79340944588636
CA,3693,10.68190873723427
CA,3694,10.256225608096896
CA,3695,9.436519215131424
CA,3696,8.630359644204146
CA,3697,7.635419184917752
CA,3698,7.262060576231094
CA,3699,7.048808670526594
CA,3700,6.966248536688478
CA,3701,7.053813435382765
CA,3702,7.332536094616475
CA,3703,7.928503027324656
CA,3704,8.442114707421007
CA,3705,8.756815642143597
CA,3706,8.992728083231208
CA,3707,9.149650664911519
CA,3708,9.288315680666253
CA,3709,9.395019378202317
CA,3710,9.509664380082745
CA,3711,9.608398035330465
CA,3712,9.760532425128368
CA,3713,10.040002423387987
CA,3714,10.361649585299057
CA,3715,10.473479800566048
CA,3716,10.397706083593718
CA,3717,10.294568630971487
CA,3718,9.898050289691987
CA,3719,9.090969853241171
CA,3720,8.281800316104531
CA,3721,7.726943785633022
CA,3722,7.335736825522548
CA,3723,7.1371337272793625
CA,3724,7.039591568116309
CA,3725,7.1198557899047
CA,3726,7.380498075402268
CA,3727,8.027652091206383
CA,3728,8.63723984772908
CA,3729,8.971899144291257
CA,3730,9.164736024313488
CA,3731,9.32242855348072
CA,3732,9.522781669764752
CA,3733,9.681423643859672
CA,3734,9.789920758911821
CA,3735,10.054873576807635
CA,3736,10.279922125117945
CA,3737,10.577190624884498
CA,3738,10.936591965140202
CA,3739,11.02880016423648
CA,3740,10.938077043485292
CA,3741,10.8019440071845
CA,3742,10.357124527138772
CA,3743,9.496343212281413
CA,3744,8.65624845720869
CA,3745,7.962323448893389
CA,3746,7.556414512282536
CA,3747,7.334275774070369
CA,3748,7.237881883991431
CA,3749,7.3200484716524725
CA,3750,7.620934655005892
CA,3751,8.294559631384665
CA,3752,8.873533972286756
CA,3753,9.183268344233664
CA,3754,9.378761827149198
CA,3755,9.560665082445956
CA,3756,9.71255122497413
CA,3757,9.87371775605
CA,3758,10.04274204908438
CA,3759,10.18398553443933
CA,3760,10.428218995427313
CA,3761,10.774343699920546
CA,3762,11.106841004934664
CA,3763,11.20339874327377
CA,3764,11.087200100734188
CA,3765,10.924828490600529
CA,3766,10.46443817857934
CA,3767,9.55660348872279
CA,3768,8.68934940505932
CA,3769,7.948829537745887
CA,3770,7.527570299854303
CA,3771,7.297045654726758
CA,3772,7.189437406790009
CA,3773,7.277056378911341
CA,3774,7.5784456680202235
CA,3775,8.26232359697277
CA,3776,8.851162987213005
CA,3777,9.16738895580358
CA,3778,9.395597956525373
CA,3779,9.636243447167072
CA,3780,9.897556973443304
CA,3781,10.120553712891791
CA,3782,10.340186298745044
CA,3783,10.564392243345425
CA,3784,10.770183924915512
CA,3785,11.023170218379047
CA,3786,11.30403381967733
CA,3787,11.365983508296406
CA,3788,11.223981751969653
CA,3789,11.04419524633201
CA,3790,10.577473311581661
CA,3791,9.684539061898798
CA,3792,8.804217294690227
CA,3793,8.301614729126179
CA,3794,7.861309674084536
CA,3795,7.622089172958523
CA,3796,7.502307454143813
CA,3797,7.589189426002354
CA,3798,7.896194597173081
CA,3799,8.639593848928202
CA,3800,9.33533364896813
CA,3801,9.780931151944491
CA,3802,9.994266660170293
CA,3803,10.172552480830854
CA,3804,10.345387194964916
CA,3805,10.511233776028671
CA,3806,10.694868947164128
CA,3807,10.880613920117238
CA,3808,11.043753665213595
CA,3809,11.279377769818334
CA,3810,11.52763000239549
CA,3811,11.57795428956269
CA,3812,11.370849168056917
CA,3813,11.14967770695532
CA,3814,10.687144726005027
CA,3815,9.8058272697185
CA,3816,8.929091799475232
CA,3817,8.12237236238918
CA,3818,7.698961330941381
CA,3819,7.470994582539409
CA,3820,7.363285071312161
CA,3821,7.443280745743464
CA,3822,7.71717589203007
CA,3823,8.356439172530585
CA,3824,8.941298181118444
CA,3825,9.339693855166148
CA,3826,9.536901677361184
CA,3827,9.7164570413548
CA,3828,9.95316431808133
CA,3829,10.155780543736894
CA,3830,10.364283836442132
CA,3831,10.574348926559367
CA,3832,10.808062127546085
CA,3833,11.101731130720587
CA,3834,11.382572360062499
CA,3835,11.409142303082376
CA,3836,11.15606288400809
CA,3837,10.913573907871411
CA,3838,10.501241433930158
CA,3839,9.625017108085466
CA,3840,8.747588447811768
CA,3841,8.011378023931538
CA,3842,7.580835554511042
CA,3843,7.325139445708345
CA,3844,7.22087406914515
CA,3845,7.306106170538018
CA,3846,7.569703551233104
CA,3847,8.241630353060385
CA,3848,8.874698127270428
CA,3849,9.270878892839951
CA,3850,9.46389058831665
CA,3851,9.594370947088706
CA,3852,9.754327712642109
CA,3853,9.881846271670634
CA,3854,10.03963380119729
CA,3855,10.184915598474593
CA,3856,10.306699893650967
CA,3857,10.592452204713869
CA,3858,10.873863445957278
CA,3859,10.881151837407462
CA,3860,10.726881120688798
CA,3861,10.580068050831738
CA,3862,10.162982961326607
CA,3863,9.321829261134653
CA,3864,8.434705441596721
CA,3865,8.00668495031646
CA,3866,7.602510883460976
CA,3867,7.375519129439901
CA,3868,7.285719155212912
CA,3869,7.370377302775264
CA,3870,7.6625930817405035
CA,3871,8.324946980736406
CA,3872,8.92211460597325
CA,3873,9.29162694625591
CA,3874,9.502375425854575
CA,3875,9.677942099721927
CA,3876,9.811226383110403
CA,3877,9.93237065540628
CA,3878,10.125200145619894
CA,3879,10.302702433879624
CA,3880,10.5056154674104
CA,3881,10.785782191763367
CA,3882,11.109532547988168
CA,3883,11.24571547726065
CA,3884,11.142209354001794
CA,3885,10.979249574270808
CA,3886,10.563459848641996
CA,3887,9.714712923130845
CA,3888,8.866974198360246
CA,3889,7.9543721488672405
CA,3890,7.563909332473616
CA,3891,7.350372922380047
CA,3892,7.243702104801878
CA,3893,7.321068558554095
CA,3894,7.589732575903046
CA,3895,8.234499129560511
CA,3896,8.785656858168739
CA,3897,9.09229240841162
CA,3898,9.273350574098277
CA,3899,9.419883561901543
CA,3900,9.557268149971424
CA,3901,9.71334726661659
CA,3902,9.862539280652632
CA,3903,10.015256347330004
CA,3904,10.188390286852766
CA,3905,10.528453136185744
CA,3906,10.892432605266448
CA,3907,11.031377490470518
CA,3908,10.975878966479176
CA,3909,10.828561276157759
CA,3910,10.42527843350708
CA,3911,9.592291465374684
CA,3912,8.771824604588147
CA,3913,8.069754568505802
CA,3914,7.661405558985456
CA,3915,7.443623262406473
CA,3916,7.339566315781829
CA,3917,7.424569989910329
CA,3918,7.726633275093103
CA,3919,8.37920379858009
CA,3920,8.94934452928847
CA,3921,9.324155885972425
CA,3922,9.584152606714696
CA,3923,9.801353598271987
CA,3924,10.054849397962673
CA,3925,10.224910844456243
CA,3926,10.316873172859136
CA,3927,10.563484916681588
CA,3928,10.749096699275993
CA,3929,11.03908402168714
CA,3930,11.387781746096124
CA,3931,11.447997973528773
CA,3932,11.228885372394727
CA,3933,11.006026646865084
CA,3934,10.53189856802866
CA,3935,9.631383112258659
CA,3936,8.745626935061651
CA,3937,8.069189324304938
CA,3938,7.645235733066045
CA,3939,7.417212271280071
CA,3940,7.328154796664482
CA,3941,7.428276027791784
CA,3942,7.731941817265236
CA,3943,8.430972706830465
CA,3944,9.060629944066612
CA,3945,9.433025960715867
CA,3946,9.624281218140052
CA,3947,9.780164128015155
CA,3948,9.993875137781982
CA,3949,10.14018573592791
CA,3950,10.32886101304294
CA,3951,10.469236831735287
CA,3952,10.580288517294761
CA,3953,10.836276988798158
CA,3954,11.11075434722158
CA,3955,11.123985507352007
CA,3956,10.967446377584078
CA,3957,10.783258187952983
CA,3958,10.347558160494145
CA,3959,9.493786445742852
CA,3960,8.632360699104982
CA,3961,7.963296613826351
CA,3962,7.560328581380342
CA,3963,7.343783796635972
CA,3964,7.245249657683466
CA,3965,7.327998456284858
CA,3966,7.599901260945016
CA,3967,8.270331013268766
CA,3968,8.861530387233811
CA,3969,9.247405467579592
CA,3970,9.455129717047887
CA,3971,9.621565992782102
CA,3972,9.80353730717114
CA,3973,9.965705735647598
CA,3974,10.133895328242204
CA,3975,10.35810541060697
CA,3976,10.597044822304918
CA,3977,10.916327433160752
CA,3978,11.221182439157218
CA,3979,11.258711786800623
CA,3980,11.042311779212456
CA,3981,10.866428038143715
CA,3982,10.44213059711242
CA,3983,9.578439445941195
CA,3984,8.717897363538086
CA,3985,8.217194335233941
CA,3986,7.819856652945149
CA,3987,7.581830301086982
CA,3988,7.4228404479497385
CA,3989,7.498607182278247
CA,3990,7.77840816789069
CA,3991,8.416919055382875
CA,3992,9.02612473725996
CA,3993,9.45744228821422
CA,3994,9.707159479164709
CA,3995,9.952902845605982
CA,3996,10.121581865820557
CA,3997,10.28388836930925
CA,3998,10.443234945576114
CA,3999,10.594143795166259
CA,4000,10.753037283300687
CA,4001,11.006879142833336
CA,4002,11.282626775964165
CA,4003,11.348395665042904
CA,4004,11.196635101858359
CA,4005,11.017824056966653
CA,4006,10.576501819035329
CA,4007,9.731200217047228
CA,4008,8.925332072872516
CA,4009,8.323873837532894
CA,4010,7.964936438513623
CA,4011,7.732355453499852
CA,4012,7.656520769860979
CA,4013,7.72664329514179
CA,4014,8.032397611573344
CA,4015,8.736684678961813
CA,4016,9.462248472846222
CA,4017,9.987920945272132
CA,4018,10.254457606723367
CA,4019,10.459817541923528
CA,4020,10.643673839939884
CA,4021,10.787576784515737
CA,4022,10.931330232578194
CA,4023,11.001031264291276
CA,4024,11.096381245805397
CA,4025,11.397465415198383
CA,4026,11.720357409037584
CA,4027,11.755083209000734
CA,4028,11.511288801181708
CA,4029,11.235918614361625
CA,4030,10.758613291418937
CA,4031,9.867847727981966
CA,4032,8.987342956411073
CA,4033,8.408334610212526
CA,4034,7.9908092158411295
CA,4035,7.768870539331932
CA,4036,7.642096361157674
CA,4037,7.710791972220268
CA,4038,7.961336200308875
CA,4039,8.588185843499733
CA,4040,9.206456877606872
CA,4041,9.80197777686369
CA,4042,10.148160679522913
CA,4043,10.367253300794161
CA,4044,10.593048008787783
CA,4045,10.746157127273525
CA,4046,10.822817871725247
CA,4047,11.05210843525676
CA,4048,11.200343906309033
CA,4049,11.405677350047936
CA,4050,11.710190197304149
CA,4051,11.729069021447232
CA,4052,11.482880532985032
CA,4053,11.332572705304761
CA,4054,10.92359249073878
CA,4055,10.058432391835922
CA,4056,9.206665091251086
CA,4057,8.387892489008848
CA,4058,7.969915165193305
CA,4059,7.743705812077735
CA,4060,7.6312032809077355
CA,4061,7.677257731990297
CA,4062,7.959958978537817
CA,4063,8.600925755183631
CA,4064,9.123650151096763
CA,4065,9.659657004107558
CA,4066,9.942368926094833
CA,4067,10.148994575578952
CA,4068,10.408378024140525
CA,4069,10.554237729214046
CA,4070,10.736143427677657
CA,4071,10.887787581621629
CA,4072,10.992482383800107
CA,4073,11.109439630077471
CA,4074,11.390016524428267
CA,4075,11.354077987424926
CA,4076,11.149891454612895
CA,4077,10.95860058112463
CA,4078,10.519420555346363
CA,4079,9.668313988899477
CA,4080,8.838026583502815
CA,4081,8.355046000433992
CA,4082,7.912740391129858
CA,4083,7.692836252303938
CA,4084,7.5896940335128775
CA,4085,7.68166413124112
CA,4086,7.9962394464494055
CA,4087,8.672063973052653
CA,4088,9.282629944173664
CA,4089,9.709837316732125
CA,4090,9.981726898631797
CA,4091,10.18767900430114
CA,4092,10.408616013134466
CA,4093,10.580287805692327
CA,4094,10.757569466252422
CA,4095,10.863430720501462
CA,4096,11.062396149034127
CA,4097,11.314653720812505
CA,4098,11.601419062353056
CA,4099,11.699629565392502
CA,4100,11.59534689875609
CA,4101,11.430672769770364
CA,4102,10.9970162069191
CA,4103,10.116663369504357
CA,4104,9.246125830601676
CA,4105,8.402430394325194
CA,4106,7.985039063140819
CA,4107,7.7455120542159674
CA,4108,7.63001452952506
CA,4109,7.722326134535214
CA,4110,8.055431559182297
CA,4111,8.785932452618926
CA,4112,9.468275245923108
CA,4113,9.895611528644023
CA,4114,10.145228845929486
CA,4115,10.396257063064361
CA,4116,10.63875437400577
CA,4117,10.79609693115394
CA,4118,10.949057573498202
CA,4119,11.098061762590437
CA,4120,11.236451745374564
CA,4121,11.48404339247437
CA,4122,11.774673492258875
CA,4123,11.812451716508473
CA,4124,11.609821820202095
CA,4125,11.408073746391675
CA,4126,10.931870095002887
CA,4127,10.066660255890328
CA,4128,9.177232695412217
CA,4129,8.502891999919054
CA,4130,8.0761743125659
CA,4131,7.824714366943304
CA,4132,7.697320102170237
CA,4133,7.79252202136378
CA,4134,8.075488912413176
CA,4135,8.756436942959178
CA,4136,9.443340672186633
CA,4137,9.90672924574007
CA,4138,10.185427252402576
CA,4139,10.421486841724535
CA,4140,10.571652201894342
CA,4141,10.642262411958091
CA,4142,10.736926006928401
CA,4143,10.807859454760036
CA,4144,10.881959754801185
CA,4145,11.132232424826855
CA,4146,11.417228641767956
CA,4147,11.474969409792623
CA,4148,11.33503679161777
CA,4149,11.163791904662974
CA,4150,10.719065339065256
CA,4151,9.878437883165736
CA,4152,9.02807507684945
CA,4153,8.29509091203764
CA,4154,7.869740218071905
CA,4155,7.645033982475137
CA,4156,7.530169300673091
CA,4157,7.611806315749526
CA,4158,7.868466444578326
CA,4159,8.50051043886934
CA,4160,9.124521464516066
CA,4161,9.490379679949227
CA,4162,9.731003446357148
CA,4163,9.949300748044976
CA,4164,10.216064021320324
CA,4165,10.388117419968932
CA,4166,10.558595090803909
CA,4167,10.747498474409113
CA,4168,10.92976709802817
CA,4169,11.249988703122959
CA,4170,11.583825396675579
CA,4171,11.672755025405573
CA,4172,11.50498673739314
CA,4173,11.326271428701265
CA,4174,10.928008917081772
CA,4175,10.07531334294544
CA,4176,9.220105238428847
CA,4177,8.620390510293841
CA,4178,8.185155414410074
CA,4179,7.94364114053269
CA,4180,7.821945699925961
CA,4181,7.890828323348414
CA,4182,8.143124437767616
CA,4183,8.802925760167842
CA,4184,9.410497074070593
CA,4185,9.847379636843536
CA,4186,10.143457379037939
CA,4187,10.375733063574655
CA,4188,10.65585698223616
CA,4189,10.822003514525122
CA,4190,11.015382149161592
CA,4191,11.242080845691467
CA,4192,11.434214336916202
CA,4193,11.710690408501318
CA,4194,11.97725042748297
CA,4195,12.03573463273247
CA,4196,11.786990904807835
CA,4197,11.50204645717261
CA,4198,11.040461485597973
CA,4199,10.147196451946357
CA,4200,9.285854735245746
CA,4201,8.52099293412453
CA,4202,8.055927488930864
CA,4203,7.834595408135906
CA,4204,7.707094623158853
CA,4205,7.766226906401126
CA,4206,8.04475324153479
CA,4207,8.746730268778055
CA,4208,9.424090986841335
CA,4209,9.949729703666973
CA,4210,10.282312823827443
CA,4211,10.530947100896428
CA,4212,10.828452654175674
CA,4213,11.021845868487642
CA,4214,11.249249771426701
CA,4215,11.4208663924896
CA,4216,11.609205131890445
CA,4217,11.85257900356847
CA,4218,12.173995803738741
CA,4219,12.193868281929712
CA,4220,12.033926162552115
CA,4221,11.810107463775077
CA,4222,11.344312691446552
CA,4223,10.448541021738224
CA,4224,9.581926919598265
CA,4225,8.77795895732934
CA,4226,8.330323767831258
CA,4227,8.067771263474432
CA,4228,7.947968184516741
CA,4229,8.01707296248056
CA,4230,8.294433860234854
CA,4231,8.974967176074811
CA,4232,9.736786043448173
CA,4233,10.334117261011839
CA,4234,10.755302791286349
CA,4235,11.064432759268113
CA,4236,11.458388490022797
CA,4237,11.716315157400798
CA,4238,11.877615352893299
CA,4239,12.144056000442895
CA,4240,12.304691091467491
CA,4241,12.55191787891489
CA,4242,12.765704209477276
CA,4243,12.72170854525836
CA,4244,12.415505168245183
CA,4245,12.091187442602203
CA,4246,11.566835383329327
CA,4247,10.596548484701374
CA,4248,9.69398335073087
CA,4249,8.998544412303712
CA,4250,8.545388791376057
CA,4251,8.251825613260717
CA,4252,8.102383706160166
CA,4253,8.170638117599628
CA,4254,8.537798528290548
CA,4255,9.304004188959722
CA,4256,10.003736125058305
CA,4257,10.453093137324622
CA,4258,10.74726394863978
CA,4259,11.011332796884949
CA,4260,11.21313842669773
CA,4261,11.356750927961578
CA,4262,11.537833775961461
CA,4263,11.622202186083355
CA,4264,11.764802314363404
CA,4265,12.041663046321812
CA,4266,12.411583540231469
CA,4267,12.458552820579728
CA,4268,12.301057226055343
CA,4269,12.092754168999333
CA,4270,11.64140093189971
CA,4271,10.735574097529513
CA,4272,9.832212327316755
CA,4273,8.794565588637523
CA,4274,8.316226385889365
CA,4275,8.044480237540139
CA,4276,7.921618504787866
CA,4277,8.008814394401519
CA,4278,8.321703691700217
CA,4279,9.054615521188557
CA,4280,9.802743896670183
CA,4281,10.309674379475227
CA,4282,10.65240338547108
CA,4283,10.92538423789793
CA,4284,11.220975049699122
CA,4285,11.399991691500293
CA,4286,11.60380052771349
CA,4287,11.814092779175743
CA,4288,12.006454012554977
CA,4289,12.267423017001532
CA,4290,12.603947230171507
CA,4291,12.635846364641989
CA,4292,12.339920504171737
CA,4293,12.041958899867762
CA,4294,11.543535651814292
CA,4295,10.601111836450205
CA,4296,9.698175968552945
CA,4297,9.27929445053297
CA,4298,8.825355047836394
CA,4299,8.551698930624928
CA,4300,8.385435232478649
CA,4301,8.42244415938878
CA,4302,8.716974878224246
CA,4303,9.465750960875727
CA,4304,10.278624238497828
CA,4305,10.86737435958755
CA,4306,11.240301210584411
CA,4307,11.581100050790385
CA,4308,11.860222259016767
CA,4309,12.094868482134196
CA,4310,12.346067576782659
CA,4311,12.551871878137034
CA,4312,12.678790252886813
CA,4313,12.852468595481582
CA,4314,13.05057170950115
CA,4315,13.011552192085968
CA,4316,12.747601745340846
CA,4317,12.442296275417354
CA,4318,11.910962341140552
CA,4319,10.962054405848848
CA,4320,10.023368283138936
CA,4321,9.147685553347703
CA,4322,8.698594257769734
CA,4323,8.382460473015076
CA,4324,8.206889586821882
CA,4325,8.29835454916372
CA,4326,8.611628311944884
CA,4327,9.395584865375083
CA,4328,10.185561812987359
CA,4329,10.697116607792918
CA,4330,11.033104730406201
CA,4331,11.319358042979362
CA,4332,11.53787256064858
CA,4333,11.711940331235745
CA,4334,11.915719904298129
CA,4335,12.102199243267236
CA,4336,12.233570077880836
CA,4337,12.468894589056612
CA,4338,12.696522521375877
CA,4339,12.689252772544114
CA,4340,12.464130675077918
CA,4341,12.211508618527459
CA,4342,11.716337269471166
CA,4343,10.81850514570272
CA,4344,9.919434149810321
CA,4345,9.319923760660851
CA,4346,8.813252410518665
CA,4347,8.535839750913427
CA,4348,8.392192475786224
CA,4349,8.462040837045626
CA,4350,8.643108437668495
CA,4351,9.162352972222278
CA,4352,9.860549862215937
CA,4353,10.451724636199208
CA,4354,10.911733459555384
CA,4355,11.374569437573218
CA,4356,11.747760823559933
CA,4357,12.07955085461963
CA,4358,12.36978612290062
CA,4359,12.559548004672415
CA,4360,12.685273554489152
CA,4361,12.853561942610462
CA,4362,13.065901599406402
CA,4363,13.050507384456905
CA,4364,12.779673547205684
CA,4365,12.494426333348713
CA,4366,11.958679790076664
CA,4367,10.99343781754952
CA,4368,10.090724523700533
CA,4369,9.389541339329599
CA,4370,8.931770277858217
CA,4371,8.646618278028942
CA,4372,8.490700904793481
CA,4373,8.453790559662506
CA,4374,8.6180403636484
CA,4375,9.064084428837514
CA,4376,9.709812923504195
CA,4377,10.294271442382943
CA,4378,10.715986518398385
CA,4379,11.0863322513271
CA,4380,11.417013855149134
CA,4381,11.652421542588518
CA,4382,11.873825476423836
CA,4383,12.092595585805833
CA,4384,12.305036282738033
CA,4385,12.495560173344174
CA,4386,12.777428307477724
CA,4387,12.679448871254442
CA,4388,12.191896387122055
CA,4389,11.85409845940257
CA,4390,11.367403823793385
CA,4391,10.502358553547634
CA,4392,9.631919520853732
CA,4393,8.698907118683335
CA,4394,8.239593885564982
CA,4395,7.988060076413812
CA,4396,7.853050432137516
CA,4397,7.892618692755712
CA,4398,8.031026137424071
CA,4399,8.403057884929165
CA,4400,9.07127213907928
CA,4401,9.715084299536874
CA,4402,10.136809223094417
CA,4403,10.477217824709582
CA,4404,10.790007024591118
CA,4405,11.06210856197556
CA,4406,11.350709225093599
CA,4407,11.61850254802307
CA,4408,11.920309377958926
CA,4409,12.228786959088803
CA,4410,12.533569791823025
CA,4411,12.504729138363277
CA,4412,12.08120298807489
CA,4413,11.664282811583643
CA,4414,11.170050838551346
CA,4415,10.373916191251197
CA,4416,9.527865400101572
CA,4417,8.778540032774725
CA,4418,8.327817593058784
CA,4419,8.050968098279837
CA,4420,7.891037345386361
CA,4421,7.922506199433047
CA,4422,8.007656887743726
CA,4423,8.318238970847409
CA,4424,8.894383160501357
CA,4425,9.510433372107059
CA,4426,10.021888715616074
CA,4427,10.364952521789531
CA,4428,10.833257439428479
CA,4429,11.107386690989
CA,4430,11.334105585568311
CA,4431,11.576203050291506
CA,4432,11.8232757043362
CA,4433,11.939570250642898
CA,4434,12.286959480807218
CA,4435,12.173049106048323
CA,4436,11.925240072769697
CA,4437,11.6387461195528
CA,4438,11.160217772007908
CA,4439,10.30347510456572
CA,4440,9.48672865841256
CA,4441,8.66787806385419
CA,4442,8.22811518423453
CA,4443,7.960302735255578
CA,4444,7.81193333120962
CA,4445,7.830637453474042
CA,4446,7.9666811829132165
CA,4447,8.367998698913784
CA,4448,8.869325510120532
CA,4449,9.436767853408359
CA,4450,9.921694194090017
CA,4451,10.358276787235434
CA,4452,10.769820561417253
CA,4453,11.07721507761518
CA,4454,11.384283385309995
CA,4455,11.67949551737652
CA,4456,12.033323969598547
CA,4457,12.310713043281032
CA,4458,12.543171314925821
CA,4459,12.490718563796584
CA,4460,12.158104783512265
CA,4461,11.84757624306767
CA,4462,11.391158497995134
CA,4463,10.504843341241832
CA,4464,9.594032238497622
CA,4465,9.298933515749212
CA,4466,8.828065603697139
CA,4467,8.551864764478864
CA,4468,8.44965248063586
CA,4469,8.502529025663838
CA,4470,8.688752688848638
CA,4471,9.167487096437428
CA,4472,9.996974556685386
CA,4473,10.710140132942838
CA,4474,11.2610142838991
CA,4475,11.719925047038863
CA,4476,12.138009997754482
CA,4477,12.488800785520674
CA,4478,12.841622056579117
CA,4479,13.15418256693363
CA,4480,13.462054006115116
CA,4481,13.658293471391667
CA,4482,13.776201709588952
CA,4483,13.590390127634732
CA,4484,13.1500600786974
CA,4485,12.712626358006933
CA,4486,12.159420156676164
CA,4487,11.16820887304774
CA,4488,10.198995854785323
CA,4489,9.220021546199288
CA,4490,8.758951666230224
CA,4491,8.45146403004247
CA,4492,8.294880576887227
CA,4493,8.341512464684042
CA,4494,8.510539100525834
CA,4495,8.912181196163912
CA,4496,9.478624369243434
CA,4497,9.994091326661351
CA,4498,10.431848105059068
CA,4499,10.854649317874525
CA,4500,11.260192946198151
CA,4501,11.628918704295474
CA,4502,11.97266916142596
CA,4503,12.312907745444342
CA,4504,12.55982411790481
CA,4505,12.850759449872546
CA,4506,13.07102564223422
CA,4507,13.0220008672889
CA,4508,12.649321033281543
CA,4509,12.2294940487616
CA,4510,11.742983416418472
CA,4511,10.822091869137742
CA,4512,9.892358155772488
CA,4513,8.81959542908923
CA,4514,8.320445584510242
CA,4515,8.067574334249251
CA,4516,7.94623026642224
CA,4517,7.998215215194216
CA,4518,8.164808052394335
CA,4519,8.656579936054426
CA,4520,9.312275258859897
CA,4521,9.848589939967619
CA,4522,10.316796801679997
CA,4523,10.718953449797064
CA,4524,11.098894408928315
CA,4525,11.38946907934364
CA,4526,11.659137554753807
CA,4527,11.897576029360014
CA,4528,12.134779335379768
CA,4529,12.355745098179119
CA,4530,12.542731275014626
CA,4531,12.447935911122293
CA,4532,12.117857222218825
CA,4533,11.772713684264259
CA,4534,11.237267128919486
CA,4535,10.324480320893368
CA,4536,9.398362179232576
CA,4537,8.95643283485091
CA,4538,8.458021218286422
CA,4539,8.194435345280258
CA,4540,8.028732583622329
CA,4541,8.045224091096046
CA,4542,8.161562735574748
CA,4543,8.551465837485326
CA,4544,9.119442637860196
CA,4545,9.62069921815041
CA,4546,10.063487792288251
CA,4547,10.390170973947061
CA,4548,10.803363139907283
CA,4549,11.089416729935968
CA,4550,11.352799987818353
CA,4551,11.63623224733405
CA,4552,11.886800525246889
CA,4553,12.195424390586066
CA,4554,12.45520769660405
CA,4555,12.48554863771937
CA,4556,12.172380366087761
CA,4557,11.820054437693504
CA,4558,11.331742419913077
CA,4559,10.445438225476568
CA,4560,9.526033490387308
CA,4561,9.250832482979424
CA,4562,8.8507545617215
CA,4563,8.560432336951783
CA,4564,8.398262476207707
CA,4565,8.426924613961473
CA,4566,8.566642735873245
CA,4567,8.944486762941473
CA,4568,9.66300779569458
CA,4569,10.34116167726651
CA,4570,10.801233911434394
CA,4571,11.114780016841317
CA,4572,11.489972849289178
CA,4573,11.745350681133035
CA,4574,12.001034271106713
CA,4575,12.34341462486792
CA,4576,12.56024759393076
CA,4577,12.823657138736168
CA,4578,13.020737514871518
CA,4579,12.974323513290907
CA,4580,12.628419371836658
CA,4581,12.230218805458495
CA,4582,11.705697288128901
CA,4583,10.691394614172616
CA,4584,9.777597343974072
CA,4585,9.121291097034904
CA,4586,8.58718456178787
CA,4587,8.39966144858678
CA,4588,8.267569413178183
CA,4589,8.300614847287774
CA,4590,8.455729760974997
CA,4591,8.935961750590145
CA,4592,9.529340978362638
CA,4593,10.23607900532935
CA,4594,10.676409678599853
CA,4595,10.951995101325096
CA,4596,11.50130811739955
CA,4597,11.846050319591486
CA,4598,12.012850410399635
CA,4599,12.494628441561478
CA,4600,12.741811421277175
CA,4601,12.823435920409645
CA,4602,13.236487330085383
CA,4603,13.173401913076203
CA,4604,12.713040703950597
CA,4605,12.435363972912345
CA,4606,11.9350525024475
CA,4607,11.00173891792684
CA,4608,10.023678950520935
CA,4609,9.050579982945052
CA,4610,8.567396560525655
CA,4611,8.304986991910054
CA,4612,8.181047214012967
CA,4613,8.239726357997055
CA,4614,8.451335325890339
CA,4615,8.990682464095194
CA,4616,9.78625091667648
CA,4617,10.481198031089894
CA,4618,10.99078420284123
CA,4619,11.343014952820967
CA,4620,11.830720846553195
CA,4621,12.17078271851225
CA,4622,12.472075441537047
CA,4623,12.818062059704522
CA,4624,13.081032826275484
CA,4625,13.179149586157411
CA,4626,13.37803917892667
CA,4627,13.223670404029148
CA,4628,12.818170670219558
CA,4629,12.47432552353597
CA,4630,11.91827435757962
CA,4631,10.906443793904916
CA,4632,9.949754352773594
CA,4633,9.110787657070276
CA,4634,8.651301013674628
CA,4635,8.364125836511757
CA,4636,8.22764337902948
CA,4637,8.300633902848435
CA,4638,8.506618517474067
CA,4639,9.03752396962366
CA,4640,9.750114929443859
CA,4641,10.368347462792944
CA,4642,10.828838374681379
CA,4643,11.296314626669407
CA,4644,11.705000875943506
CA,4645,12.043909374336389
CA,4646,12.34353359172853
CA,4647,12.581208070889215
CA,4648,12.777212202640493
CA,4649,13.019690198241204
CA,4650,13.23444120694013
CA,4651,13.250295702512783
CA,4652,13.00309448190995
CA,4653,12.67564647595413
CA,4654,12.139533916542698
CA,4655,11.19690213723774
CA,4656,10.280116308961142
CA,4657,9.141064431655426
CA,4658,8.63938102729614
CA,4659,8.38900069179508
CA,4660,8.248145795360204
CA,4661,8.311705116568048
CA,4662,8.470178665709163
CA,4663,8.894133593269787
CA,4664,9.56411167573473
CA,4665,10.20232727406636
CA,4666,10.740764043405127
CA,4667,11.168132519208084
CA,4668,11.581639591108068
CA,4669,11.905810297626186
CA,4670,12.12300082432534
CA,4671,12.414867523309795
CA,4672,12.67418175209756
CA,4673,13.00487485704444
CA,4674,13.287224303314959
CA,4675,13.250115990840756
CA,4676,12.904327848817944
CA,4677,12.509777560389068
CA,4678,11.939289096643202
CA,4679,10.988046331801488
CA,4680,10.023223746865707
CA,4681,9.612460023632094
CA,4682,9.091914418441787
CA,4683,8.778815510051516
CA,4684,8.595585429782023
CA,4685,8.55996094237904
CA,4686,8.865117103846028
CA,4687,9.436802524500333
CA,4688,10.129988252630087
CA,4689,10.720422594453263
CA,4690,11.186231097764564
CA,4691,11.68087852196808
CA,4692,12.142132937171919
CA,4693,12.479736783187647
CA,4694,12.780850338978038
CA,4695,13.065250407046015
CA,4696,13.315544787679354
CA,4697,13.571718070372338
CA,4698,13.78707990112055
CA,4699,13.71706259455145
CA,4700,13.391638157072947
CA,4701,13.01657803086154
CA,4702,12.481741601353914
CA,4703,11.514488705525988
CA,4704,10.539001416947423
CA,4705,9.70901391339146
CA,4706,9.159798614026883
CA,4707,8.840117578591624
CA,4708,8.644760260105908
CA,4709,8.673885984718032
CA,4710,8.894131835480831
CA,4711,9.467893154223768
CA,4712,10.234914757642693
CA,4713,10.951330089586222
CA,4714,11.554276663292326
CA,4715,12.004735604750415
CA,4716,12.450163346971415
CA,4717,12.788067328414364
CA,4718,12.97297736460332
CA,4719,13.30931721029548
CA,4720,13.568544569955101
CA,4721,13.748421395757953
CA,4722,13.901643111864308
CA,4723,13.8121046591284
CA,4724,13.436599951853413
CA,4725,13.056288272251068
CA,4726,12.431713454329648
CA,4727,11.573901757230468
CA,4728,10.572408354066807
CA,4729,10.015036613762142
CA,4730,9.510829185403313
CA,4731,9.20450560558369
CA,4732,9.026995140736659
CA,4733,9.020828489766767
CA,4734,9.246614555884516
CA,4735,9.81546568577447
CA,4736,10.598382033852271
CA,4737,11.272749507173668
CA,4738,11.785965777664785
CA,4739,12.266389576269436
CA,4740,12.694565033119176
CA,4741,13.150814636883284
CA,4742,13.542974903951746
CA,4743,13.831684891799817
CA,4744,14.100031935832304
CA,4745,14.171274622750175
CA,4746,14.423764144809432
CA,4747,14.31757321748797
CA,4748,13.855773946361206
CA,4749,13.561720921500857
CA,4750,12.931927534059547
CA,4751,11.934527035190055
CA,4752,10.935408066129341
CA,4753,9.901250023494676
CA,4754,9.419070276361216
CA,4755,9.090262212611988
CA,4756,8.906397316967494
CA,4757,8.940332942191171
CA,4758,9.173854512003102
CA,4759,9.734589615728025
CA,4760,10.44231907545239
CA,4761,11.114170945440778
CA,4762,11.645718897942269
CA,4763,11.965075677475848
CA,4764,12.448973588639282
CA,4765,12.748065080246565
CA,4766,12.880113892836226
CA,4767,13.281367755061106
CA,4768,13.459842396838049
CA,4769,13.421157537129925
CA,4770,13.741394303813893
CA,4771,13.585015761486558
CA,4772,13.04961856581758
CA,4773,12.80341005875311
CA,4774,12.225858264925378
CA,4775,11.201617193996846
CA,4776,10.279751363974645
CA,4777,9.515227851550607
CA,4778,9.040406963084365
CA,4779,8.763044239882454
CA,4780,8.591233914120682
CA,4781,8.650768176017833
CA,4782,8.914362987686195
CA,4783,9.497362504411015
CA,4784,10.292648649622684
CA,4785,11.012110005778153
CA,4786,11.482067924265461
CA,4787,11.84344364601211
CA,4788,12.272132384160082
CA,4789,12.597169912980059
CA,4790,12.889620759814433
CA,4791,13.186650996873304
CA,4792,13.444925538055776
CA,4793,13.666602254605728
CA,4794,13.830045588668716
CA,4795,13.809369574041849
CA,4796,13.427379315148626
CA,4797,13.168206311813663
CA,4798,12.625725195465655
CA,4799,11.64442737023669
CA,4800,10.697359222697049
CA,4801,10.05861820417512
CA,4802,9.551554993395273
CA,4803,9.187219437210832
CA,4804,9.038458506839547
CA,4805,9.024395448239943
CA,4806,9.230538676210923
CA,4807,9.695589973670451
CA,4808,10.34390612220367
CA,4809,10.976913652125129
CA,4810,11.483594538513286
CA,4811,11.935436721466697
CA,4812,12.398659197284351
CA,4813,12.813513107233797
CA,4814,13.170350630605245
CA,4815,13.4526456567216
CA,4816,13.718759298191316
CA,4817,13.982372348480228
CA,4818,14.227700304298105
CA,4819,14.17381667856673
CA,4820,13.816819761974351
CA,4821,13.464462820351192
CA,4822,12.939531908416896
CA,4823,11.940940743980555
CA,4824,10.942255970873978
CA,4825,9.97825406651727
CA,4826,9.417082842840427
CA,4827,9.08919325090783
CA,4828,8.883969441410294
CA,4829,8.894739038741587
CA,4830,9.030755514950942
CA,4831,9.402159414595959
CA,4832,10.15966875082617
CA,4833,10.918661810402927
CA,4834,11.458781200151353
CA,4835,11.892543422979333
CA,4836,12.31988080053912
CA,4837,12.637936719893212
CA,4838,12.979380046015011
CA,4839,13.309125795479181
CA,4840,13.50083321761708
CA,4841,13.612221548762015
CA,4842,13.75241797248835
CA,4843,13.576942424920084
CA,4844,13.204820558471708
CA,4845,12.821278124725822
CA,4846,12.284924169291596
CA,4847,11.329038359053385
CA,4848,10.371690250831445
CA,4849,9.603863047075297
CA,4850,9.095653498893592
CA,4851,8.768010607221187
CA,4852,8.616519819418398
CA,4853,8.656413166346958
CA,4854,8.816128500532606
CA,4855,9.236779060300398
CA,4856,9.998872753786559
CA,4857,10.651746319192739
CA,4858,11.162920930129033
CA,4859,11.596930648683852
CA,4860,12.002514524797517
CA,4861,12.315304655601112
CA,4862,12.563508567621431
CA,4863,12.836587919458024
CA,4864,13.053708582110085
CA,4865,13.253666542814452
CA,4866,13.418891127353264
CA,4867,13.354227306497647
CA,4868,13.047518517480071
CA,4869,12.681090491198468
CA,4870,12.17578169538132
CA,4871,11.267517029745663
CA,4872,10.252899239922087
CA,4873,10.262863830526822
CA,4874,9.733772875890619
CA,4875,9.378955951045304
CA,4876,9.127063252193127
CA,4877,9.110554662276318
CA,4878,9.27656459600939
CA,4879,9.756322382212034
CA,4880,10.312721681566531
CA,4881,10.882547670009433
CA,4882,11.361122571419099
CA,4883,11.781211902613096
CA,4884,12.176173469390301
CA,4885,12.453733897319319
CA,4886,12.770154829285376
CA,4887,13.005692044759853
CA,4888,13.239935057751357
CA,4889,13.448924308391158
CA,4890,13.692245284048425
CA,4891,13.616660267091964
CA,4892,13.265889620701646
CA,4893,12.90363287079461
CA,4894,12.385135447669427
CA,4895,11.43415115717802
CA,4896,10.538822444868682
CA,4897,9.794819086229728
CA,4898,9.323140235157574
CA,4899,9.035561404240191
CA,4900,8.890785708130945
CA,4901,8.921665989234357
CA,4902,9.076840535665081
CA,4903,9.484140047867143
CA,4904,10.119494171084366
CA,4905,10.747177012993719
CA,4906,11.199048447784254
CA,4907,11.456952530564779
CA,4908,12.053723564214566
CA,4909,12.417920116324602
CA,4910,12.714392113737146
CA,4911,13.033359140604427
CA,4912,13.299767014684464
CA,4913,13.48739540118354
CA,4914,13.8397283450901
CA,4915,13.730588277419963
CA,4916,13.365371873627348
CA,4917,12.996506122677905
CA,4918,12.499873023456644
CA,4919,11.497979515652267
CA,4920,10.519519530584525
CA,4921,9.40801965697139
CA,4922,8.930567574269446
CA,4923,8.64192376256589
CA,4924,8.505501839056429
CA,4925,8.545889314652758
CA,4926,8.733029103968416
CA,4927,9.173855039244929
CA,4928,9.819658163580222
CA,4929,10.346299822882115
CA,4930,10.824249725203314
CA,4931,11.135819961830402
CA,4932,11.573767932248382
CA,4933,11.859897920199106
CA,4934,11.936652462313527
CA,4935,12.309888808955538
CA,4936,12.509405933897016
CA,4937,12.618489056641309
CA,4938,12.877010445610903
CA,4939,12.800137219836026
CA,4940,12.429564723679013
CA,4941,12.148856251516357
CA,4942,11.655229510741625
CA,4943,10.742308321998673
CA,4944,9.83135391174374
CA,4945,9.081796615276186
CA,4946,8.616857369742014
CA,4947,8.32948812991804
CA,4948,8.194831475530824
CA,4949,8.258568078235651
CA,4950,8.46422718610279
CA,4951,8.977225365662937
CA,4952,9.727798579786151
CA,4953,10.398704573129763
CA,4954,10.97761247739957
CA,4955,11.388833202636544
CA,4956,11.875314699366164
CA,4957,12.208289073323392
CA,4958,12.488415734077682
CA,4959,12.835907240711947
CA,4960,13.02468969732408
CA,4961,13.29572606443294
CA,4962,13.533478526587903
CA,4963,13.430594163200189
CA,4964,13.077705730413903
CA,4965,12.710465429971
CA,4966,12.133391128686307
CA,4967,11.168911017783365
CA,4968,10.170890457632145
CA,4969,9.300243392530481
CA,4970,8.778725730463716
CA,4971,8.489918948426737
CA,4972,8.342078425570401
CA,4973,8.370720489202725
CA,4974,8.527866121229438
CA,4975,8.9397860515587
CA,4976,9.635131181479196
CA,4977,10.297535905310296
CA,4978,10.77216341745239
CA,4979,11.223336892274125
CA,4980,11.626562546500445
CA,4981,11.981260795192282
CA,4982,12.370415722833878
CA,4983,12.69234605381695
CA,4984,12.957733018620726
CA,4985,13.181791041174504
CA,4986,13.403064895357724
CA,4987,13.307975204414317
CA,4988,12.977290147291662
CA,4989,12.580114111436748
CA,4990,12.004588238560817
CA,4991,11.073036410506626
CA,4992,10.151574795865931
CA,4993,9.378998675690793
CA,4994,8.876857731727878
CA,4995,8.611501676764687
CA,4996,8.483086594120918
CA,4997,8.498589306093905
CA,4998,8.63975830650081
CA,4999,9.048690645340276
CA,5000,9.683739425980121
CA,5001,10.242120086274745
CA,5002,10.691570445768882
CA,5003,11.135866466177992
CA,5004,11.554306859673078
CA,5005,11.908492441688267
CA,5006,12.26312866204825
CA,5007,12.557322577236205
CA,5008,12.77967548744
CA,5009,13.071964476397813
CA,5010,13.380856906265098
CA,5011,13.334722227742207
CA,5012,13.06249673978967
CA,5013,12.769021358694868
CA,5014,12.210619990897099
CA,5015,11.294934710940872
CA,5016,10.389784811754645
CA,5017,9.803429270354963
CA,5018,9.284446264424403
CA,5019,8.984226698294798
CA,5020,8.790847590013922
CA,5021,8.759595366693626
CA,5022,9.006462124101816
CA,5023,9.472674472274234
CA,5024,10.106622469189674
CA,5025,10.725043441651227
CA,5026,11.232131083529568
CA,5027,11.688269250189924
CA,5028,12.122620843155442
CA,5029,12.47596455441453
CA,5030,12.742638644208876
CA,5031,13.000970465208948
CA,5032,13.23141596101103
CA,5033,13.345360492633775
CA,5034,13.54401290854452
CA,5035,13.459992728041414
CA,5036,13.138924891757185
CA,5037,12.785218664346468
CA,5038,12.240636168014344
CA,5039,11.264921321037408
CA,5040,10.376755187769247
CA,5041,9.932403103501418
CA,5042,9.349849307649091
CA,5043,9.077924323251933
CA,5044,8.845469492689375
CA,5045,8.760670131947313
CA,5046,8.96341861695077
CA,5047,9.426298872760396
CA,5048,9.999876962589157
CA,5049,10.732658046631473
CA,5050,11.137942964991668
CA,5051,11.425223252883008
CA,5052,11.911064804149369
CA,5053,12.220860176935673
CA,5054,12.330597356528864
CA,5055,12.712638466477541
CA,5056,12.957315635701644
CA,5057,13.153923431935352
CA,5058,13.387667232317911
CA,5059,13.286955569251255
CA,5060,12.854934640385823
CA,5061,12.471142519470451
CA,5062,11.934695836716532
CA,5063,10.972018885071503
CA,5064,10.06565374208951
CA,5065,9.610804783429085
CA,5066,9.099026267467801
CA,5067,8.810830753582305
CA,5068,8.64822936041845
CA,5069,8.628333507585033
CA,5070,8.7980284208031
CA,5071,9.18331665484919
CA,5072,9.792744124141286
CA,5073,10.382777627498518
CA,5074,10.798721728088626
CA,5075,11.0247730025195
CA,5076,11.610279070157606
CA,5077,11.98927311832753
CA,5078,12.267688887324447
CA,5079,12.60123468462917
CA,5080,12.83111470984954
CA,5081,12.988562617702978
CA,5082,13.262404029970607
CA,5083,13.181276729752204
CA,5084,12.905028045418323
CA,5085,12.64544521117138
CA,5086,12.097502792688745
CA,5087,11.217375777201685
CA,5088,10.333580090587638
CA,5089,9.378581127081652
CA,5090,8.925503138924245
CA,5091,8.634775582109901
CA,5092,8.483084773574658
CA,5093,8.564687402847024
CA,5094,8.910346188149148
CA,5095,9.445491299954627
CA,5096,10.04747899020561
CA,5097,10.584017460315097
CA,5098,10.88910435437361
CA,5099,11.201479320326012
CA,5100,11.594929269785087
CA,5101,11.901464909865016
CA,5102,12.21748971617021
CA,5103,12.49052434784267
CA,5104,12.767273496307393
CA,5105,13.028049724078823
CA,5106,13.341307539878551
CA,5107,13.188216232182384
CA,5108,12.732069625505632
CA,5109,12.390000073202055
CA,5110,11.71717893295168
CA,5111,10.76745478146689
CA,5112,9.813620220898644
CA,5113,9.064119787782001
CA,5114,8.595116323624184
CA,5115,8.31388393259372
CA,5116,8.187096467834511
CA,5117,8.263272251463336
CA,5118,8.643479530046559
CA,5119,9.193887788754742
CA,5120,9.842940214376004
CA,5121,10.330444259117101
CA,5122,10.65406766655153
CA,5123,10.954058304639176
CA,5124,11.39168735293953
CA,5125,11.733515404084649
CA,5126,12.091659046162587
CA,5127,12.334563654393138
CA,5128,12.582634239788655
CA,5129,12.967467185462295
CA,5130,13.35643665245199
CA,5131,13.333977059184578
CA,5132,12.926092039362578
CA,5133,12.645566764595829
CA,5134,11.974234083577038
CA,5135,10.977652421871767
CA,5136,10.050481089030644
CA,5137,9.273307346669016
CA,5138,8.76423299462485
CA,5139,8.42349428112382
CA,5140,8.28976403408663
CA,5141,8.363484276110743
CA,5142,8.678710452289836
CA,5143,9.206057091092715
CA,5144,9.837934074103858
CA,5145,10.316673411582912
CA,5146,10.691454850907908
CA,5147,11.101690844219307
CA,5148,11.463979063475241
CA,5149,11.749870960939324
CA,5150,12.082979448404355
CA,5151,12.330288937414009
CA,5152,12.573458889118175
CA,5153,12.860040672594
CA,5154,13.126887032190323
CA,5155,13.084101526688695
CA,5156,12.789606519751644
CA,5157,12.52066341102549
CA,5158,11.873025570539612
CA,5159,10.941327867227507
CA,5160,10.029162037271478
CA,5161,9.941364391108122
CA,5162,9.43999985628614
CA,5163,9.113949672250598
CA,5164,8.934256375201151
CA,5165,8.959945085589505
CA,5166,9.302093877173112
CA,5167,9.866998681435271
CA,5168,10.561187902043148
CA,5169,11.115862390019043
CA,5170,11.488864750403243
CA,5171,11.896438142271405
CA,5172,12.320826654730963
CA,5173,12.66447731565483
CA,5174,13.034498035761159
CA,5175,13.303998313333842
CA,5176,13.560228794168067
CA,5177,13.756251880974617
CA,5178,13.966355389974122
CA,5179,13.88337403097711
CA,5180,13.50055935008204
CA,5181,13.16694815052641
CA,5182,12.495528065355936
CA,5183,11.52257877730386
CA,5184,10.59527625581175
CA,5185,9.826227699484813
CA,5186,9.275354159632274
CA,5187,8.970206876768355
CA,5188,8.800147089023282
CA,5189,8.84695531542696
CA,5190,9.218268145718252
CA,5191,9.815995756145163
CA,5192,10.455729917758006
CA,5193,11.014958524872268
CA,5194,11.335508299044493
CA,5195,11.655492406820366
CA,5196,11.998691668619845
CA,5197,12.330232495044383
CA,5198,12.635137436629451
CA,5199,12.916823296855899
CA,5200,13.126276415081641
CA,5201,13.330160086206316
CA,5202,13.56528294834362
CA,5203,13.484053068894498
CA,5204,13.132630655463698
CA,5205,12.88429743163342
CA,5206,12.234446821811169
CA,5207,11.309907099624564
CA,5208,10.380270817183513
CA,5209,9.243861668535553
CA,5210,8.76422703442194
CA,5211,8.47512002972138
CA,5212,8.322027088590778
CA,5213,8.407508736328564
CA,5214,8.711100462774963
CA,5215,9.162770815039638
CA,5216,9.721036553606954
CA,5217,10.204791327698391
CA,5218,10.59147589920868
CA,5219,10.972604780467162
CA,5220,11.35585932649506
CA,5221,11.727841917196113
CA,5222,12.089950074969229
CA,5223,12.371711913198682
CA,5224,12.654644786059954
CA,5225,13.000717472213035
CA,5226,13.287420955170607
CA,5227,13.219364879664393
CA,5228,12.880959566132372
CA,5229,12.588081421708416
CA,5230,11.927161523458532
CA,5231,11.009054926200898
CA,5232,10.114220209551728
CA,5233,9.253455352448006
CA,5234,8.804116151745596
CA,5235,8.506248125431414
CA,5236,8.375204031743888
CA,5237,8.433947808955047
CA,5238,8.722552833846041
CA,5239,9.151287767743284
CA,5240,9.70205548358045
CA,5241,10.146708182123932
CA,5242,10.572018830956267
CA,5243,10.989022781516407
CA,5244,11.434769078887761
CA,5245,11.80479664476889
CA,5246,12.174016873324266
CA,5247,12.502642864135835
CA,5248,12.711807349581079
CA,5249,13.030270293180184
CA,5250,13.252853172309585
CA,5251,13.105906614268738
CA,5252,12.683804708677172
CA,5253,12.416885932537047
CA,5254,11.827434295360852
CA,5255,10.958903726898896
CA,5256,10.073426694510546
CA,5257,9.040800747660919
CA,5258,8.608043852059213
CA,5259,8.337485265033008
CA,5260,8.205636750987189
CA,5261,8.339776303265234
CA,5262,8.676978410323922
CA,5263,9.157764599260076
CA,5264,9.70682583647627
CA,5265,10.155144803424081
CA,5266,10.589304907282715
CA,5267,10.944187577330847
CA,5268,11.454891255090203
CA,5269,11.815918924749134
CA,5270,12.107642245712242
CA,5271,12.521691035919963
CA,5272,12.74512565543619
CA,5273,12.91915740898436
CA,5274,13.232630820909215
CA,5275,13.116038506455752
CA,5276,12.71643957874655
CA,5277,12.428485262477178
CA,5278,11.7492358235536
CA,5279,10.757321773732546
CA,5280,9.86901506726006
CA,5281,9.28581743958519
CA,5282,8.842666773829135
CA,5283,8.567534432148712
CA,5284,8.454494164196568
CA,5285,8.569695487901928
CA,5286,8.92681979257867
CA,5287,9.44227093114254
CA,5288,10.049693299441326
CA,5289,10.56981699944713
CA,5290,10.903321844984692
CA,5291,11.286166089254678
CA,5292,11.68429396290987
CA,5293,11.96857610852776
CA,5294,12.311918572995127
CA,5295,12.563242878922662
CA,5296,12.707658396804318
CA,5297,12.980366383225979
CA,5298,13.214569194627067
CA,5299,13.151412051847268
CA,5300,12.818587927922394
CA,5301,12.5374964862572
CA,5302,11.850654568413114
CA,5303,10.896803209245885
CA,5304,9.98195408284444
CA,5305,9.486167741335851
CA,5306,8.955406825390918
CA,5307,8.640710847845048
CA,5308,8.473191722279145
CA,5309,8.481525327394587
CA,5310,8.800925147447247
CA,5311,9.25922058459644
CA,5312,9.96397830086089
CA,5313,10.54257034503649
CA,5314,10.915424081346908
CA,5315,11.259101921881724
CA,5316,11.609365615183698
CA,5317,11.902695957347163
CA,5318,12.221729800899356
CA,5319,12.42685950408851
CA,5320,12.607127750411651
CA,5321,12.829044355232272
CA,5322,13.038785349408839
CA,5323,12.900769360747699
CA,5324,12.526998908313004
CA,5325,12.200685070207745
CA,5326,11.512434278195368
CA,5327,10.630284945761943
CA,5328,9.758327386813008
CA,5329,9.41334535375396
CA,5330,8.93020018145937
CA,5331,8.647776378706794
CA,5332,8.48869891567696
CA,5333,8.53472563576648
CA,5334,8.81912403816959
CA,5335,9.32104963541446
CA,5336,9.827632276907586
CA,5337,10.319914219633995
CA,5338,10.564571402284255
CA,5339,11.035773216648685
CA,5340,11.404018110966081
CA,5341,11.741558778786585
CA,5342,12.114146587003594
CA,5343,12.433514771648829
CA,5344,12.719461751039004
CA,5345,13.041225878976393
CA,5346,13.352216674792391
CA,5347,13.269351977710707
CA,5348,12.990515618819137
CA,5349,12.722516547335587
CA,5350,12.0538474041647
CA,5351,11.104105586851123
CA,5352,10.207270502117405
CA,5353,9.44053019951043
CA,5354,8.94010997649884
CA,5355,8.679465572087105
CA,5356,8.528483479732179
CA,5357,8.590946164344137
CA,5358,8.883604408814813
CA,5359,9.3164302876061
CA,5360,9.820092354277694
CA,5361,10.23413097122783
CA,5362,10.58576300344531
CA,5363,10.918629332890008
CA,5364,11.379584648907356
CA,5365,11.771646244427606
CA,5366,12.133600930377272
CA,5367,12.4710532025385
CA,5368,12.739111717499238
CA,5369,13.046130285422942
CA,5370,13.359229605483598
CA,5371,13.310237557508232
CA,5372,13.022108395534508
CA,5373,12.72375863406841
CA,5374,12.046514217779299
CA,5375,11.116994630798251
CA,5376,10.222456332445487
CA,5377,9.695555044998496
CA,5378,9.185683372410395
CA,5379,8.921584767162054
CA,5380,8.763377540488039
CA,5381,8.76447021665699
CA,5382,9.065627880577967
CA,5383,9.546690473616902
CA,5384,10.070206446832099
CA,5385,10.574767761668213
CA,5386,10.978671886906813
CA,5387,11.383035101328804
CA,5388,11.80103666147179
CA,5389,12.171848263032395
CA,5390,12.55300103426535
CA,5391,12.825020115794123
CA,5392,13.035331218741952
CA,5393,13.26354675078981
CA,5394,13.491899433898476
CA,5395,13.323280019627228
CA,5396,12.979107715188126
CA,5397,12.717672066295883
CA,5398,12.060972893757947
CA,5399,11.127635190401522
CA,5400,10.251502362724972
CA,5401,9.955052148024588
CA,5402,9.469496095342983
CA,5403,9.174005665696416
CA,5404,8.990009197709663
CA,5405,9.022715184644117
CA,5406,9.324183077381054
CA,5407,9.780304713532857
CA,5408,10.34707483157033
CA,5409,10.89264759336357
CA,5410,11.349350039130233
CA,5411,11.685896542551156
CA,5412,12.05617893669782
CA,5413,12.330944722733959
CA,5414,12.495606740658706
CA,5415,12.842536359178716
CA,5416,13.02921345771017
CA,5417,13.315560578503648
CA,5418,13.595250041406594
CA,5419,13.547184197110878
CA,5420,13.19565921973021
CA,5421,12.953911922623002
CA,5422,12.20263297724223
CA,5423,11.157185000186258
CA,5424,10.212938787540981
CA,5425,9.123344971033092
CA,5426,8.634670217058284
CA,5427,8.327276507789941
CA,5428,8.173635836554581
CA,5429,8.259986416191095
CA,5430,8.568261935404516
CA,5431,9.037624658844306
CA,5432,9.624043409739286
CA,5433,10.137463093486836
CA,5434,10.428603277661507
CA,5435,10.685304629444135
CA,5436,11.10957814592002
CA,5437,11.386695115659665
CA,5438,11.591912370713963
CA,5439,11.924454336856186
CA,5440,12.138015764689003
CA,5441,12.406923558242674
CA,5442,12.759088009777741
CA,5443,12.758715848255955
CA,5444,12.47215527712692
CA,5445,12.239746268205211
CA,5446,11.563963963230165
CA,5447,10.633259002965914
CA,5448,9.756550755107577
CA,5449,9.073106719530214
CA,5450,8.619422264926182
CA,5451,8.321540552336527
CA,5452,8.189465066672227
CA,5453,8.299193787336598
CA,5454,8.678309953019616
CA,5455,9.279681661347855
CA,5456,9.893291721096649
CA,5457,10.413372528556254
CA,5458,10.814475985517044
CA,5459,11.185439008938278
CA,5460,11.516437020196083
CA,5461,11.77605602820723
CA,5462,12.08805409297239
CA,5463,12.295800735559498
CA,5464,12.48868919596333
CA,5465,12.707222880506324
CA,5466,12.937558562943732
CA,5467,12.902065568234436
CA,5468,12.645220587345452
CA,5469,12.41145145679632
CA,5470,11.737527749324943
CA,5471,10.800611118033713
CA,5472,9.921112958729726
CA,5473,9.389080397947582
CA,5474,8.927496514863941
CA,5475,8.643622191727715
CA,5476,8.4802328979539
CA,5477,8.53427361593137
CA,5478,8.866645077406918
CA,5479,9.362758723439196
CA,5480,10.021296493059888
CA,5481,10.631672645373126
CA,5482,11.049140316330304
CA,5483,11.380782563394087
CA,5484,11.74496654236163
CA,5485,12.03956271978925
CA,5486,12.353149892717745
CA,5487,12.502277017704335
CA,5488,12.709230587940477
CA,5489,12.911297821599172
CA,5490,13.072444693947553
CA,5491,12.912186347386164
CA,5492,12.587724692924262
CA,5493,12.28447097734212
CA,5494,11.628999427868939
CA,5495,10.734284139338317
CA,5496,9.837314508309671
CA,5497,9.621300247233398
CA,5498,9.163486274080682
CA,5499,8.825295819540266
CA,5500,8.677031313394014
CA,5501,8.730258021733963
CA,5502,9.057664374710214
CA,5503,9.520108813353731
CA,5504,10.133358080997983
CA,5505,10.755095055320496
CA,5506,11.175055506253274
CA,5507,11.498376749688115
CA,5508,11.898372949450215
CA,5509,12.252196232717695
CA,5510,12.57129960154376
CA,5511,12.83979086539413
CA,5512,13.017769886921451
CA,5513,13.257888410620023
CA,5514,13.526498825681156
CA,5515,13.430439856626505
CA,5516,13.161578706190172
CA,5517,12.86578011600755
CA,5518,12.161398440786737
CA,5519,11.249116896914147
CA,5520,10.310111621643768
CA,5521,9.247574587622173
CA,5522,8.817754519152283
CA,5523,8.507964245414742
CA,5524,8.35396805203326
CA,5525,8.440781266437487
CA,5526,8.713861527303916
CA,5527,9.116741267268603
CA,5528,9.6113692117277
CA,5529,10.023194028204886
CA,5530,10.312000019423834
CA,5531,10.71508740739716
CA,5532,11.119778514170166
CA,5533,11.454129244537503
CA,5534,11.754138360634453
CA,5535,12.015684887887177
CA,5536,12.233730140807568
CA,5537,12.487393892215277
CA,5538,12.664797631971625
CA,5539,12.589792522323993
CA,5540,12.392146845662355
CA,5541,12.213546288932724
CA,5542,11.585570380246745
CA,5543,10.710418745718533
CA,5544,9.829498303224064
CA,5545,9.19264087701774
CA,5546,8.739327617174663
CA,5547,8.433765571025642
CA,5548,8.315442880576478
CA,5549,8.371689416619757
CA,5550,8.662780987540321
CA,5551,9.087998397218287
CA,5552,9.623679843279696
CA,5553,10.052243732121031
CA,5554,10.35709927769915
CA,5555,10.72557999586297
CA,5556,11.126978459676097
CA,5557,11.528190959864276
CA,5558,11.938712682463331
CA,5559,12.289537928419188
CA,5560,12.594469722600286
CA,5561,12.88611984034703
CA,5562,13.084581447261266
CA,5563,13.007816147460113
CA,5564,12.685421047424372
CA,5565,12.378303574412548
CA,5566,11.70521100884899
CA,5567,10.76367994804769
CA,5568,9.876104742238324
CA,5569,9.429772742695787
CA,5570,8.963586285792218
CA,5571,8.680184964370731
CA,5572,8.537917491498494
CA,5573,8.592382725196764
CA,5574,8.887851915457261
CA,5575,9.317598999822193
CA,5576,9.884400233414658
CA,5577,10.41590578538251
CA,5578,10.853819792317973
CA,5579,11.265879318096664
CA,5580,11.728706331752644
CA,5581,12.122709958799803
CA,5582,12.441982437496133
CA,5583,12.630775542122391
CA,5584,12.799114426350028
CA,5585,13.026553801736107
CA,5586,13.277943631172539
CA,5587,13.270751992972986
CA,5588,13.060852193930216
CA,5589,12.773965090697251
CA,5590,12.066676863546618
CA,5591,11.113739055440009
CA,5592,10.190500253496204
CA,5593,9.301269449999243
CA,5594,8.842431717872635
CA,5595,8.532005431921114
CA,5596,8.373090131362023
CA,5597,8.451222134553516
CA,5598,8.743743144942847
CA,5599,9.209657073746728
CA,5600,9.695897840253513
CA,5601,10.05156336336776
CA,5602,10.315819803002352
CA,5603,10.570429047268272
CA,5604,10.986586418523915
CA,5605,11.297445153211148
CA,5606,11.47583809059559
CA,5607,11.84671084125342
CA,5608,12.099953665690336
CA,5609,12.336789582867704
CA,5610,12.657967531023882
CA,5611,12.603124714131244
CA,5612,12.328582590395193
CA,5613,12.156444238094403
CA,5614,11.50337481932637
CA,5615,10.594947291031273
CA,5616,9.743512973713381
CA,5617,9.209314512337421
CA,5618,8.719295365074416
CA,5619,8.40818223272772
CA,5620,8.26758604814887
CA,5621,8.365679917851422
CA,5622,8.71674245784667
CA,5623,9.2044380443138
CA,5624,9.749323809268553
CA,5625,10.255694446109757
CA,5626,10.609421774914843
CA,5627,10.89625075470568
CA,5628,11.2707050793928
CA,5629,11.583123338109786
CA,5630,11.844613625667279
CA,5631,12.067174948656765
CA,5632,12.23166257958241
CA,5633,12.356355611794912
CA,5634,12.634016984934659
CA,5635,12.572347457862893
CA,5636,12.323986740351721
CA,5637,12.128720654310607
CA,5638,11.479196597106197
CA,5639,10.571917076149527
CA,5640,9.711885468414783
CA,5641,8.783869225940084
CA,5642,8.341050008150946
CA,5643,8.089844485606411
CA,5644,7.962854105371973
CA,5645,8.049158821348882
CA,5646,8.367073042290933
CA,5647,8.784861822607425
CA,5648,9.191252668559752
CA,5649,9.487387612181234
CA,5650,9.676249268205098
CA,5651,9.943160964446934
CA,5652,10.328489119332309
CA,5653,10.713859798906315
CA,5654,11.063348624734392
CA,5655,11.448638031790544
CA,5656,11.731267297108676
CA,5657,12.044448326877086
CA,5658,12.240568711123364
CA,5659,12.05525246115485
CA,5660,11.92461545547392
CA,5661,11.795289997351999
CA,5662,11.172423094834881
CA,5663,10.312489941066598
CA,5664,9.47098963226256
CA,5665,9.00252613295464
CA,5666,8.553633803936178
CA,5667,8.280662469688824
CA,5668,8.149667355785098
CA,5669,8.229578906694284
CA,5670,8.530434486377972
CA,5671,8.95972837382997
CA,5672,9.499400943869075
CA,5673,9.99379375961473
CA,5674,10.31916064522047
CA,5675,10.741894304282795
CA,5676,11.15904119733293
CA,5677,11.503865865551006
CA,5678,11.853783324390987
CA,5679,12.107621587238228
CA,5680,12.280817297650593
CA,5681,12.555128691855954
CA,5682,12.694936612510675
CA,5683,12.585397568400554
CA,5684,12.350825942075488
CA,5685,12.076386278980083
CA,5686,11.399031164936797
CA,5687,10.502311633975806
CA,5688,9.636054159313726
CA,5689,8.943008547173175
CA,5690,8.50126004189977
CA,5691,8.231314003119337
CA,5692,8.095389961724765
CA,5693,8.180205244626592
CA,5694,8.502138870540634
CA,5695,8.936382657780129
CA,5696,9.437958452415312
CA,5697,9.93607544567198
CA,5698,10.270943485325677
CA,5699,10.66100794901722
CA,5700,11.110531930494643
CA,5701,11.504662073997675
CA,5702,11.871451808261337
CA,5703,12.145502337952173
CA,5704,12.304060839610289
CA,5705,12.539793748481287
CA,5706,12.743927754712303
CA,5707,12.650431929568562
CA,5708,12.433872715848011
CA,5709,12.167308362023608
CA,5710,11.47321421422709
CA,5711,10.554398448137455
CA,5712,9.695877222317039
CA,5713,9.07279876806676
CA,5714,8.598540711196398
CA,5715,8.284835602879232
CA,5716,8.141663938847238
CA,5717,8.18935547913759
CA,5718,8.480202803351089
CA,5719,8.945599131058486
CA,5720,9.50163031692718
CA,5721,10.013482173455216
CA,5722,10.385404455233205
CA,5723,10.776748449715136
CA,5724,11.10159892523152
CA,5725,11.359179995301433
CA,5726,11.640165560009939
CA,5727,11.883803127845887
CA,5728,12.12713925811667
CA,5729,12.403503195423761
CA,5730,12.618671200058817
CA,5731,12.570637064843426
CA,5732,12.300047223923169
CA,5733,12.045439550453608
CA,5734,11.340414909192186
CA,5735,10.423352855246854
CA,5736,9.579583266868273
CA,5737,9.328035330850955
CA,5738,8.852142659563556
CA,5739,8.566971891858605
CA,5740,8.439756321674752
CA,5741,8.436821816891166
CA,5742,8.798696924102961
CA,5743,9.301989368904039
CA,5744,9.87355837507841
CA,5745,10.451638737028068
CA,5746,10.825358472380238
CA,5747,11.084322520488026
CA,5748,11.543262561963683
CA,5749,11.862181767708147
CA,5750,12.027307433889412
CA,5751,12.371302499442152
CA,5752,12.522379845462819
CA,5753,12.74323623727334
CA,5754,12.959289515365668
CA,5755,12.90892943760467
CA,5756,12.709039637807162
CA,5757,12.4255457124416
CA,5758,11.713829419220811
CA,5759,10.750191274264141
CA,5760,9.926187891631269
CA,5761,9.112126809925703
CA,5762,8.685018119565022
CA,5763,8.430318855195146
CA,5764,8.26004245681611
CA,5765,8.341782896945551
CA,5766,8.634760366476954
CA,5767,9.106378301223362
CA,5768,9.70536991235889
CA,5769,10.157578844982512
CA,5770,10.48900968525438
CA,5771,10.799333024612473
CA,5772,11.20977251773973
CA,5773,11.536288727801393
CA,5774,11.796114643389444
CA,5775,12.24555355653465
CA,5776,12.53458864915589
CA,5777,12.727414482572458
CA,5778,13.015468906438269
CA,5779,12.8564995993779
CA,5780,12.58894877129932
CA,5781,12.27006338493454
CA,5782,11.546700893444912
CA,5783,10.642027461726622
CA,5784,9.761210561044582
CA,5785,8.867555754802249
CA,5786,8.41927343836972
CA,5787,8.152307419705087
CA,5788,8.035043695163917
CA,5789,8.13269503342522
CA,5790,8.479940835554382
CA,5791,9.022194480022124
CA,5792,9.538126346254518
CA,5793,9.967139666966306
CA,5794,10.300504796461256
CA,5795,10.69864031737703
CA,5796,11.107213255212278
CA,5797,11.446826691852449
CA,5798,11.781245703233845
CA,5799,12.05001031192628
CA,5800,12.308229415710445
CA,5801,12.59641717549928
CA,5802,12.832540117211606
CA,5803,12.627471099606188
CA,5804,12.389166865730147
CA,5805,12.078612299572123
CA,5806,11.381820696850431
CA,5807,10.48908922774123
CA,5808,9.55656881924192
CA,5809,9.19716082136188
CA,5810,8.740231789960776
CA,5811,8.449161178770925
CA,5812,8.31144023066123
CA,5813,8.402408014870375
CA,5814,8.727691065692886
CA,5815,9.148422890021815
CA,5816,9.627819036481286
CA,5817,9.930728727018527
CA,5818,10.107509461421765
CA,5819,10.354228125945337
CA,5820,10.719282695433309
CA,5821,11.024187658769883
CA,5822,11.332495344514534
CA,5823,11.562951799454286
CA,5824,11.781444425806818
CA,5825,12.059531617480225
CA,5826,12.294052800077209
CA,5827,12.25221735947432
CA,5828,12.013547925534498
CA,5829,11.741566044236635
CA,5830,11.113315953548197
CA,5831,10.235541266184738
CA,5832,9.389571275884206
CA,5833,8.310086568060068
CA,5834,7.938203736843494
CA,5835,7.7210671348561775
CA,5836,7.637925492174447
CA,5837,7.741431447185297
CA,5838,8.177589358747841
CA,5839,8.882899650045626
CA,5840,9.395286611804194
CA,5841,9.677946000331564
CA,5842,9.824349198098274
CA,5843,9.916558444730574
CA,5844,9.99125349639635
CA,5845,10.046222177572897
CA,5846,10.138126269059821
CA,5847,10.244726157332147
CA,5848,10.451541674705556
CA,5849,10.751925243110469
CA,5850,11.074967130895606
CA,5851,11.068859495217685
CA,5852,11.013086999169504
CA,5853,10.656133097942513
CA,5854,10.02967360946198
CA,5855,9.269315050169311
CA,5856,8.553467776166723
CA,5857,7.956407135664845
CA,5858,7.624075134874658
CA,5859,7.423500455158488
CA,5860,7.3718010583946425
CA,5861,7.500728551012533
CA,5862,7.93309497440618
CA,5863,8.584218674620038
CA,5864,9.043817531100448
CA,5865,9.282848601295083
CA,5866,9.383740799599492
CA,5867,9.450040296303811
CA,5868,9.568082047492046
CA,5869,9.712705899733228
CA,5870,9.839544258304347
CA,5871,10.00150477026878
CA,5872,10.240749071359616
CA,5873,10.598199797583367
CA,5874,10.957978099912845
CA,5875,10.994541494938954
CA,5876,10.96196690800224
CA,5877,10.624922168139413
CA,5878,10.019123379060423
CA,5879,9.258345247898719
CA,5880,8.564295656086657
CA,5881,7.826911831721472
CA,5882,7.4947945683988015
CA,5883,7.290351641745019
CA,5884,7.223371199847027
CA,5885,7.334094382872324
CA,5886,7.766737956711351
CA,5887,8.426303277839564
CA,5888,8.925619246857451
CA,5889,9.206806163705568
CA,5890,9.354489173575704
CA,5891,9.482773506897416
CA,5892,9.636356356514476
CA,5893,9.79313794000722
CA,5894,9.945981218675453
CA,5895,10.15887287346531
CA,5896,10.431937902921376
CA,5897,10.785453761692795
CA,5898,11.150141085382744
CA,5899,11.141466202374689
CA,5900,11.086659995058127
CA,5901,10.723791354923202
CA,5902,10.093442832658022
CA,5903,9.32080269224031
CA,5904,8.605047502579122
CA,5905,8.37334494062906
CA,5906,7.990360147651853
CA,5907,7.807132567442874
CA,5908,7.712788338502092
CA,5909,7.798396415116899
CA,5910,8.22172344447727
CA,5911,8.830972269397071
CA,5912,9.299272110611739
CA,5913,9.710950164165624
CA,5914,9.950286066600185
CA,5915,10.099302028330785
CA,5916,10.2832425511254
CA,5917,10.433976729173127
CA,5918,10.61564497533372
CA,5919,10.807966048095375
CA,5920,11.05409331277808
CA,5921,11.376304068241215
CA,5922,11.679535511392274
CA,5923,11.665273565404123
CA,5924,11.582077717627556
CA,5925,11.186695892110668
CA,5926,10.501993679098911
CA,5927,9.67644011562891
CA,5928,8.907317837632585
CA,5929,8.264360563961626
CA,5930,7.9081495221650115
CA,5931,7.698519932515472
CA,5932,7.6185521649601995
CA,5933,7.716801436712585
CA,5934,8.15451812365839
CA,5935,8.826971577821668
CA,5936,9.297755540846326
CA,5937,9.593574680282996
CA,5938,9.819498657444585
CA,5939,9.976581357966792
CA,5940,10.169708078954173
CA,5941,10.296047407000575
CA,5942,10.380463586569942
CA,5943,10.589945011344042
CA,5944,10.774029831986928
CA,5945,11.065907319983344
CA,5946,11.328327154623794
CA,5947,11.265306991202616
CA,5948,11.225239375724726
CA,5949,10.865896673096772
CA,5950,10.235476228525743
CA,5951,9.44253461459158
CA,5952,8.732636016385468
CA,5953,8.207381963307622
CA,5954,7.8637237341069985
CA,5955,7.671311789959606
CA,5956,7.601325525628924
CA,5957,7.742291123561905
CA,5958,8.231778848295933
CA,5959,8.991308005797055
CA,5960,9.53313332478334
CA,5961,9.89169086784097
CA,5962,10.122727865007324
CA,5963,10.26564063122193
CA,5964,10.438511958928784
CA,5965,10.588191780034512
CA,5966,10.737342335944346
CA,5967,10.839894726285237
CA,5968,11.003160259702385
CA,5969,11.274441705470617
CA,5970,11.569506573828626
CA,5971,11.556141924122779
CA,5972,11.486773615555972
CA,5973,11.067776603555837
CA,5974,10.379250123698377
CA,5975,9.561924227805411
CA,5976,8.80664918624422
CA,5977,8.251944996822797
CA,5978,7.887824062680911
CA,5979,7.675466625936987
CA,5980,7.578832284492421
CA,5981,7.6910252133605
CA,5982,8.142322568311716
CA,5983,8.865135999763682
CA,5984,9.362507723231499
CA,5985,9.650518452446974
CA,5986,9.822246545859311
CA,5987,9.966058603327875
CA,5988,10.132612931191037
CA,5989,10.293768409587246
CA,5990,10.460729348690887
CA,5991,10.61318685590232
CA,5992,10.827787573333705
CA,5993,11.135733587922834
CA,5994,11.427757816923513
CA,5995,11.35704470878467
CA,5996,11.298840619405672
CA,5997,10.899038776058646
CA,5998,10.227530875844364
CA,5999,9.422500127642607
CA,6000,8.70103609507962
CA,6001,8.294956155868409
CA,6002,7.922000589546968
CA,6003,7.730629961721799
CA,6004,7.649024600974894
CA,6005,7.760933981059474
CA,6006,8.232098429760612
CA,6007,8.97498115323715
CA,6008,9.523687542425671
CA,6009,9.894395097880242
CA,6010,10.102315092429539
CA,6011,10.231967368126947
CA,6012,10.386758569722339
CA,6013,10.533492563031013
CA,6014,10.694085633747653
CA,6015,10.830509583789421
CA,6016,10.954162163064384
CA,6017,11.221891372064213
CA,6018,11.56793224143722
CA,6019,11.576829423904245
CA,6020,11.526862419948365
CA,6021,11.09448672590506
CA,6022,10.407187234195693
CA,6023,9.57857180129497
CA,6024,8.82822446087802
CA,6025,8.233681698833728
CA,6026,7.862322641335447
CA,6027,7.688376151978926
CA,6028,7.619781412910674
CA,6029,7.72865790963557
CA,6030,8.19575232943827
CA,6031,8.947276636918346
CA,6032,9.482294735057698
CA,6033,9.790111255986007
CA,6034,9.941291717573023
CA,6035,10.038758631075696
CA,6036,10.123805371965297
CA,6037,10.207627336561103
CA,6038,10.354110671185197
CA,6039,10.509409825803262
CA,6040,10.708893781116938
CA,6041,10.990258170012531
CA,6042,11.305149700967872
CA,6043,11.342315620749973
CA,6044,11.325169469251424
CA,6045,10.915552897670578
CA,6046,10.249688571795602
CA,6047,9.458513722994937
CA,6048,8.73062178594737
CA,6049,8.239849748358871
CA,6050,7.888794080770144
CA,6051,7.678640753251969
CA,6052,7.59343321054333
CA,6053,7.686739528114412
CA,6054,8.11485235388241
CA,6055,8.782818084541747
CA,6056,9.289464402137066
CA,6057,9.476126186689992
CA,6058,9.535132925576463
CA,6059,9.64228958973343
CA,6060,9.711633888309562
CA,6061,9.841385185652483
CA,6062,9.978179970391864
CA,6063,10.095621983935285
CA,6064,10.262305027843414
CA,6065,10.529721220862811
CA,6066,10.853903698532157
CA,6067,10.955822425646826
CA,6068,10.99701280793771
CA,6069,10.666071590088883
CA,6070,10.060525590901532
CA,6071,9.299054711454076
CA,6072,8.596228383145128
CA,6073,8.07260996623279
CA,6074,7.741062368476661
CA,6075,7.55658694477287
CA,6076,7.491486053363898
CA,6077,7.604078359565621
CA,6078,8.060010904704408
CA,6079,8.753654466372165
CA,6080,9.234354351482828
CA,6081,9.4413760531976
CA,6082,9.50020694670365
CA,6083,9.57994870086344
CA,6084,9.689145215642498
CA,6085,9.841598757877954
CA,6086,9.998394618151128
CA,6087,10.134306219503486
CA,6088,10.335416544868831
CA,6089,10.622418470934656
CA,6090,10.94867888492739
CA,6091,11.01772707889163
CA,6092,11.05110862568442
CA,6093,10.697203201785264
CA,6094,10.07689727987366
CA,6095,9.296140789527266
CA,6096,8.583402647651958
CA,6097,7.998890653394758
CA,6098,7.655097843056161
CA,6099,7.454246557791934
CA,6100,7.38801179142912
CA,6101,7.518283572914764
CA,6102,7.994595869874363
CA,6103,8.744955197444312
CA,6104,9.231356601463517
CA,6105,9.470038670384666
CA,6106,9.585577092790649
CA,6107,9.691609698075771
CA,6108,9.765559208928224
CA,6109,9.82765964970732
CA,6110,9.951721146190092
CA,6111,10.088327978352778
CA,6112,10.321914350266464
CA,6113,10.675688503826354
CA,6114,11.034703847139012
CA,6115,11.104855549131598
CA,6116,11.168713614625446
CA,6117,10.802693245313126
CA,6118,10.154999122975784
CA,6119,9.33614809368143
CA,6120,8.592245460495342
CA,6121,8.081090581182467
CA,6122,7.735911866500113
CA,6123,7.541235212585955
CA,6124,7.4736284806131135
CA,6125,7.599591527939092
CA,6126,8.106621641427568
CA,6127,8.900414261457112
CA,6128,9.422850262808335
CA,6129,9.669869402040655
CA,6130,9.773911906423299
CA,6131,9.877124035788306
CA,6132,9.96820256372377
CA,6133,10.058472813240648
CA,6134,10.155221108178653
CA,6135,10.250010562972971
CA,6136,10.442013776099856
CA,6137,10.757832446824295
CA,6138,11.10139700306698
CA,6139,11.152385777057917
CA,6140,11.147166767348823
CA,6141,10.748023441530446
CA,6142,10.090468204518753
CA,6143,9.274481295628258
CA,6144,8.529944805502561
CA,6145,8.01999761386639
CA,6146,7.65357252220191
CA,6147,7.454031090891215
CA,6148,7.37193274168606
CA,6149,7.47878611867836
CA,6150,7.930734404287875
CA,6151,8.661496993683263
CA,6152,9.165902671334663
CA,6153,9.4185919382538
CA,6154,9.526467955775596
CA,6155,9.609831303374303
CA,6156,9.702754898430753
CA,6157,9.822611137995573
CA,6158,9.971022497951505
CA,6159,10.11197545728668
CA,6160,10.335173533562047
CA,6161,10.655650527681551
CA,6162,11.033440662751905
CA,6163,11.122653918341502
CA,6164,11.129690393316821
CA,6165,10.723853856585418
CA,6166,10.058658000826886
CA,6167,9.265386142675753
CA,6168,8.523800596331569
CA,6169,7.927086189228168
CA,6170,7.58424446672218
CA,6171,7.409733940946458
CA,6172,7.345408924473959
CA,6173,7.47117493134565
CA,6174,7.939037111137104
CA,6175,8.671028808385042
CA,6176,9.152058929885342
CA,6177,9.374030979521978
CA,6178,9.399021874584056
CA,6179,9.426042064545815
CA,6180,9.519063941080319
CA,6181,9.62867139375578
CA,6182,9.768728431368915
CA,6183,9.892415030888667
CA,6184,10.08826244718774
CA,6185,10.426006903772608
CA,6186,10.789226437900577
CA,6187,10.903543613393678
CA,6188,10.93696651355419
CA,6189,10.554502012322198
CA,6190,9.902821755984474
CA,6191,9.109121715348923
CA,6192,8.389522733575921
CA,6193,7.831203785998601
CA,6194,7.491078360001552
CA,6195,7.3020102350842535
CA,6196,7.230989801297494
CA,6197,7.343336740371166
CA,6198,7.810919261107093
CA,6199,8.552193267511225
CA,6200,9.03816263495727
CA,6201,9.254016247129602
CA,6202,9.282441726543674
CA,6203,9.276199873982732
CA,6204,9.306702083657413
CA,6205,9.337185453340897
CA,6206,9.435081375234752
CA,6207,9.520970307555189
CA,6208,9.686435344904408
CA,6209,10.018477831404264
CA,6210,10.390612270884013
CA,6211,10.544413230998337
CA,6212,10.609846627715147
CA,6213,10.250877495684344
CA,6214,9.641716556560917
CA,6215,8.885014314375656
CA,6216,8.178340056384005
CA,6217,7.652424035109684
CA,6218,7.332405472874525
CA,6219,7.155150322955649
CA,6220,7.09703357901074
CA,6221,7.225358984112646
CA,6222,7.674967857909477
CA,6223,8.376973331164908
CA,6224,8.817081010413567
CA,6225,9.040059658493028
CA,6226,9.149619842262855
CA,6227,9.199856930851452
CA,6228,9.319679572505104
CA,6229,9.408160613569427
CA,6230,9.491545139063193
CA,6231,9.633979342909562
CA,6232,9.84230379310826
CA,6233,10.142618946028264
CA,6234,10.574906265218258
CA,6235,10.686461807265049
CA,6236,10.701902570796074
CA,6237,10.309714894856297
CA,6238,9.683855840050667
CA,6239,8.922405777537607
CA,6240,8.217511490559996
CA,6241,7.723037534736989
CA,6242,7.408775297607481
CA,6243,7.223961330815016
CA,6244,7.158420671723976
CA,6245,7.290707835412048
CA,6246,7.740702963208832
CA,6247,8.45481847508105
CA,6248,8.968232815081729
CA,6249,9.25059420258345
CA,6250,9.349937389501662
CA,6251,9.377301204663073
CA,6252,9.438953007243713
CA,6253,9.51840118745214
CA,6254,9.620792710823086
CA,6255,9.737278165800841
CA,6256,9.955690300271707
CA,6257,10.330090290348316
CA,6258,10.723086637779874
CA,6259,10.864748649330581
CA,6260,10.875042991331245
CA,6261,10.493516100151664
CA,6262,9.862937044870664
CA,6263,9.09592251148712
CA,6264,8.37707937659287
CA,6265,7.699940396139986
CA,6266,7.368152520326302
CA,6267,7.191419156463765
CA,6268,7.129954910863732
CA,6269,7.245357410220873
CA,6270,7.718283853320043
CA,6271,8.456607020815474
CA,6272,8.905321228043814
CA,6273,9.047557774895942
CA,6274,9.06318322621677
CA,6275,9.073475851163863
CA,6276,9.109795955939672
CA,6277,9.162829683682832
CA,6278,9.241418756529892
CA,6279,9.32950168457546
CA,6280,9.528979165852732
CA,6281,9.892364783049679
CA,6282,10.308332557391672
CA,6283,10.462937022697547
CA,6284,10.508257800390682
CA,6285,10.146526115822516
CA,6286,9.523428471071952
CA,6287,8.750001863944858
CA,6288,8.048296641294147
CA,6289,7.574427111436017
CA,6290,7.257436384493723
CA,6291,7.083003728256562
CA,6292,7.025412165381332
CA,6293,7.17854547772464
CA,6294,7.670196377290697
CA,6295,8.478110260061898
CA,6296,8.97401600138093
CA,6297,9.145584395977504
CA,6298,9.168926360791996
CA,6299,9.179667099979657
CA,6300,9.240632729139552
CA,6301,9.298036770935614
CA,6302,9.409992722014621
CA,6303,9.547396765789555
CA,6304,9.739837694502908
CA,6305,10.05684558590965
CA,6306,10.420544263712213
CA,6307,10.57305033940805
CA,6308,10.604759349126779
CA,6309,10.195276581017541
CA,6310,9.560377868278094
CA,6311,8.76789440685435
CA,6312,8.064896256143808
CA,6313,7.621134704995837
CA,6314,7.297365392016062
CA,6315,7.121527581318108
CA,6316,7.063293543596556
CA,6317,7.190764134625193
CA,6318,7.66619017238711
CA,6319,8.422196502302794
CA,6320,8.925947540937862
CA,6321,9.12199615203959
CA,6322,9.178883007850299
CA,6323,9.284634020376652
CA,6324,9.3542027913179
CA,6325,9.439885857281824
CA,6326,9.548873596348695
CA,6327,9.66451108984553
CA,6328,9.888510646547923
CA,6329,10.231230603759576
CA,6330,10.590239675387966
CA,6331,10.725002953679441
CA,6332,10.766493345690431
CA,6333,10.373599964008505
CA,6334,9.745996256984615
CA,6335,8.97196043252289
CA,6336,8.260559247525173
CA,6337,7.823374185605087
CA,6338,7.474167208389436
CA,6339,7.313200459545932
CA,6340,7.254360317672632
CA,6341,7.349236561787496
CA,6342,7.799805835194796
CA,6343,8.539708062277294
CA,6344,9.066452864689833
CA,6345,9.347924147323127
CA,6346,9.491094373539624
CA,6347,9.559631714299794
CA,6348,9.636044233431633
CA,6349,9.717156728879273
CA,6350,9.820867742163792
CA,6351,9.889552755666136
CA,6352,10.056292074766695
CA,6353,10.382359408804414
CA,6354,10.768720935661294
CA,6355,10.905670694612358
CA,6356,10.92176944817598
CA,6357,10.514055948085144
CA,6358,9.873925869443315
CA,6359,9.089682921832635
CA,6360,8.36568831235673
CA,6361,7.8224786216029765
CA,6362,7.473793600628723
CA,6363,7.264599521570634
CA,6364,7.1848034400541065
CA,6365,7.313827880460053
CA,6366,7.786746641438194
CA,6367,8.536364477449945
CA,6368,9.027381813619614
CA,6369,9.25048333074458
CA,6370,9.359495486738082
CA,6371,9.40821181390426
CA,6372,9.47998370928084
CA,6373,9.558736948655364
CA,6374,9.667674924745848
CA,6375,9.809498888497137
CA,6376,10.038436060732623
CA,6377,10.360800721031872
CA,6378,10.689110011014211
CA,6379,10.824100219536671
CA,6380,10.856502576739855
CA,6381,10.470195774176513
CA,6382,9.854123178934346
CA,6383,9.072742361193882
CA,6384,8.358224188352933
CA,6385,7.9713731067880556
CA,6386,7.6221041284939
CA,6387,7.424101630076891
CA,6388,7.3592475689654275
CA,6389,7.483113790175311
CA,6390,7.933722180231631
CA,6391,8.656913918446502
CA,6392,9.202651347280895
CA,6393,9.505203896954752
CA,6394,9.621075200883547
CA,6395,9.676576788106551
CA,6396,9.71069437085078
CA,6397,9.722887278842954
CA,6398,9.777506996860287
CA,6399,9.808846094557916
CA,6400,9.962522629970925
CA,6401,10.281184058270577
CA,6402,10.667685063158958
CA,6403,10.79942120492517
CA,6404,10.773337037183332
CA,6405,10.337750913784339
CA,6406,9.691819473985115
CA,6407,8.923137382149555
CA,6408,8.213039522072709
CA,6409,7.751797884811543
CA,6410,7.438153093943805
CA,6411,7.255261922084874
CA,6412,7.191022623693712
CA,6413,7.2878339187663945
CA,6414,7.716505408913803
CA,6415,8.428884232671242
CA,6416,8.93042048992554
CA,6417,9.1695931411918
CA,6418,9.24160203190641
CA,6419,9.261148840271353
CA,6420,9.32019724647772
CA,6421,9.393175439388784
CA,6422,9.474144630840714
CA,6423,9.578018037124632
CA,6424,9.79131210001419
CA,6425,10.107600284276852
CA,6426,10.467156364716454
CA,6427,10.624664430809643
CA,6428,10.619306857036493
CA,6429,10.193637500517223
CA,6430,9.54695955792987
CA,6431,8.771257815796236
CA,6432,8.084055061334398
CA,6433,7.52753540428717
CA,6434,7.21558540359842
CA,6435,7.049860004927477
CA,6436,7.003597897790929
CA,6437,7.138708207730161
CA,6438,7.615354330817525
CA,6439,8.377616901636738
CA,6440,8.87587589137751
CA,6441,9.06325840212216
CA,6442,9.115271870213938
CA,6443,9.107628568092421
CA,6444,9.133465679960409
CA,6445,9.192235762425934
CA,6446,9.315971408827146
CA,6447,9.42928873561419
CA,6448,9.638439462389398
CA,6449,10.02035091125931
CA,6450,10.457806556868306
CA,6451,10.6413479350919
CA,6452,10.644579816254916
CA,6453,10.22428325079512
CA,6454,9.57558375923609
CA,6455,8.803647089536433
CA,6456,8.109543137212185
CA,6457,7.581245441068315
CA,6458,7.264004440755433
CA,6459,7.0714875766961045
CA,6460,7.027035951134365
CA,6461,7.176907463003425
CA,6462,7.68716386243246
CA,6463,8.499150486845066
CA,6464,9.022054041888671
CA,6465,9.228753450966394
CA,6466,9.286723077597994
CA,6467,9.324038647356764
CA,6468,9.382773311730977
CA,6469,9.472816396274874
CA,6470,9.553795047829814
CA,6471,9.663813120908566
CA,6472,9.88325131214696
CA,6473,10.238906580580355
CA,6474,10.631694573352105
CA,6475,10.78520755959707
CA,6476,10.771178398209175
CA,6477,10.325488465625252
CA,6478,9.658628409973986
CA,6479,8.862346380801847
CA,6480,8.13990532771876
CA,6481,7.592885829766864
CA,6482,7.256177281527997
CA,6483,7.085290696261843
CA,6484,7.016896269494934
CA,6485,7.098740947989978
CA,6486,7.604842351396113
CA,6487,8.366171620296319
CA,6488,8.878216866183815
CA,6489,9.112528361323536
CA,6490,9.181989136143972
CA,6491,9.233289574536546
CA,6492,9.279964987159698
CA,6493,9.311966735405013
CA,6494,9.393512798034278
CA,6495,9.490531524852633
CA,6496,9.67511561369353
CA,6497,10.00925285595894
CA,6498,10.415701781318301
CA,6499,10.583484089296258
CA,6500,10.57585463437244
CA,6501,10.148718028876067
CA,6502,9.50669303392775
CA,6503,8.73110047877745
CA,6504,8.03814338969621
CA,6505,7.53445310564483
CA,6506,7.2182382396653475
CA,6507,7.04660798732405
CA,6508,6.98189318328454
CA,6509,7.103711788671975
CA,6510,7.566547948797485
CA,6511,8.315681678636532
CA,6512,8.806735893986588
CA,6513,8.984775077139295
CA,6514,8.966833911527843
CA,6515,8.94242876657222
CA,6516,8.941409974942504
CA,6517,8.975662627378867
CA,6518,9.052281711796276
CA,6519,9.132462070699116
CA,6520,9.318837002348154
CA,6521,9.684896786554555
CA,6522,10.140243944961995
CA,6523,10.350332255275411
CA,6524,10.374630451626059
CA,6525,9.99170446294346
CA,6526,9.367385120610829
CA,6527,8.605802626630942
CA,6528,7.919722074225982
CA,6529,7.3091738268206425
CA,6530,6.997031815593106
CA,6531,6.841219648354797
CA,6532,6.791692128492831
CA,6533,6.939759496549007
CA,6534,7.423789742162512
CA,6535,8.198255568894675
CA,6536,8.691993727721208
CA,6537,8.859584843662319
CA,6538,8.829737935686737
CA,6539,8.780341543882743
CA,6540,8.760682045030777
CA,6541,8.760717524115048
CA,6542,8.806131149006932
CA,6543,8.87308209861249
CA,6544,9.07689911188572
CA,6545,9.466495918083641
CA,6546,9.967309887603152
CA,6547,10.228945832505834
CA,6548,10.263599724723829
CA,6549,9.881847222377864
CA,6550,9.267396542593946
CA,6551,8.511809217858417
CA,6552,7.820355535460129
CA,6553,7.143304136430924
CA,6554,6.869606884023491
CA,6555,6.727294649286189
CA,6556,6.695208140959121
CA,6557,6.849085993552901
CA,6558,7.326764049603969
CA,6559,8.187051987444347
CA,6560,8.77510539629512
CA,6561,9.015549964314268
CA,6562,9.032329211702411
CA,6563,8.965172549406946
CA,6564,8.933173299214026
CA,6565,8.93462067594513
CA,6566,8.946007708244755
CA,6567,8.979327307376735
CA,6568,9.109670574726122
CA,6569,9.392877191494497
CA,6570,9.802795914505356
CA,6571,10.124426834319461
CA,6572,10.008998642803531
CA,6573,9.609519670243735
CA,6574,9.03335563047807
CA,6575,8.333408171865447
CA,6576,7.686294490065237
CA,6577,7.19066959565941
CA,6578,6.906063600360515
CA,6579,6.754805250504045
CA,6580,6.72977551399336
CA,6581,6.898163416780262
CA,6582,7.38151440155972
CA,6583,8.23388212706414
CA,6584,8.812252189424783
CA,6585,9.032474363557203
CA,6586,9.068212394121518
CA,6587,9.062740869602472
CA,6588,9.051481046154239
CA,6589,9.029510080790033
CA,6590,9.00183210903419
CA,6591,9.062811075605525
CA,6592,9.202663300271968
CA,6593,9.473741085169461
CA,6594,9.820741647549866
CA,6595,10.100545595989812
CA,6596,9.944620557063383
CA,6597,9.515622344625315
CA,6598,8.915893338774183
CA,6599,8.208506441679845
CA,6600,7.546930925784102
CA,6601,7.056670509578986
CA,6602,6.805804814122385
CA,6603,6.666251813524566
CA,6604,6.64893920504963
CA,6605,6.812483629948911
CA,6606,7.340856284185587
CA,6607,8.239483447529249
CA,6608,8.864088523188041
CA,6609,9.046354974843009
CA,6610,9.05868718761935
CA,6611,9.032819340100184
CA,6612,9.02672709751982
CA,6613,8.992561982558042
CA,6614,9.026506111950372
CA,6615,9.065877484051702
CA,6616,9.206491847390014
CA,6617,9.495750779379694
CA,6618,9.905925202672117
CA,6619,10.1841290926707
CA,6620,10.038147769573095
CA,6621,9.60197367682713
CA,6622,9.007013028852443
CA,6623,8.27957521923173
CA,6624,7.614010429818389
CA,6625,7.167538330964831
CA,6626,6.895018416584595
CA,6627,6.754866994464637
CA,6628,6.740198699081099
CA,6629,6.924889231004422
CA,6630,7.4627485061773715
CA,6631,8.412587779735292
CA,6632,9.031271447426276
CA,6633,9.21345739685777
CA,6634,9.21400371766806
CA,6635,9.18989453732955
CA,6636,9.163836490666458
CA,6637,9.138635824541776
CA,6638,9.161103428010728
CA,6639,9.175729629004204
CA,6640,9.327189621832755
CA,6641,9.631515022993982
CA,6642,10.047416118734771
CA,6643,10.328344842124515
CA,6644,10.176256142456314
CA,6645,9.748869214059678
CA,6646,9.145443089288099
CA,6647,8.413897283761628
CA,6648,7.735534224622527
CA,6649,7.250131192265483
CA,6650,6.966846177311728
CA,6651,6.831664654759845
CA,6652,6.810883180912076
CA,6653,6.962488065140628
CA,6654,7.474718083616366
CA,6655,8.373737544080107
CA,6656,9.012371231428256
CA,6657,9.25153011447349
CA,6658,9.276162318333409
CA,6659,9.225187991113062
CA,6660,9.183141272357739
CA,6661,9.149302264541651
CA,6662,9.165330349662119
CA,6663,9.160663443621718
CA,6664,9.285182584226586
CA,6665,9.542376060456695
CA,6666,9.896261777459722
CA,6667,10.187593854223357
CA,6668,10.04292697206366
CA,6669,9.628035943416805
CA,6670,9.045981982084115
CA,6671,8.33816160688136
CA,6672,7.68476871177532
CA,6673,7.1118319905723455
CA,6674,6.838019452224808
CA,6675,6.70159298015652
CA,6676,6.674396354592886
CA,6677,6.827745070153596
CA,6678,7.332016415509468
CA,6679,8.234643423017147
CA,6680,8.86115344923165
CA,6681,9.131255786239779
CA,6682,9.20613105251617
CA,6683,9.229433431334034
CA,6684,9.251512980207032
CA,6685,9.274790938152924
CA,6686,9.332800968662918
CA,6687,9.364250965502386
CA,6688,9.465177604732858
CA,6689,9.740490699702253
CA,6690,10.054884498109942
CA,6691,10.260417481906876
CA,6692,10.051311651874595
CA,6693,9.62187616664085
CA,6694,8.99933442318118
CA,6695,8.273065182856149
CA,6696,7.60385641845564
CA,6697,7.114481847216775
CA,6698,6.842531577539409
CA,6699,6.694872961114555
CA,6700,6.681409259532262
CA,6701,6.84256687576177
CA,6702,7.354905488649403
CA,6703,8.26158116610843
CA,6704,8.884123306367751
CA,6705,9.134542888667177
CA,6706,9.212433615056463
CA,6707,9.261751278527854
CA,6708,9.2765596209326
CA,6709,9.285047358273372
CA,6710,9.331010620044283
CA,6711,9.379402328253326
CA,6712,9.490744175334191
CA,6713,9.78125869368851
CA,6714,10.104132898580602
CA,6715,10.309120910763879
CA,6716,10.09600716121444
CA,6717,9.643895457936509
CA,6718,9.044060469165105
CA,6719,8.317053570082376
CA,6720,7.654569409132355
CA,6721,7.219102588328642
CA,6722,6.932333393930357
CA,6723,6.786751054180962
CA,6724,6.748377569339835
CA,6725,6.894422938884556
CA,6726,7.381520577579927
CA,6727,8.22207820681628
CA,6728,8.799859786025166
CA,6729,9.022280226772374
CA,6730,9.0034754158463
CA,6731,8.952847558290463
CA,6732,8.950102055237304
CA,6733,8.975516138570729
CA,6734,9.005441917097356
CA,6735,9.096436983127445
CA,6736,9.231296937024435
CA,6737,9.455164427975374
CA,6738,9.72626356556355
CA,6739,10.001697625684752
CA,6740,9.847813262013275
CA,6741,9.433429647366703
CA,6742,8.863171805190408
CA,6743,8.19399706266767
CA,6744,7.556310883373745
CA,6745,7.08180890687414
CA,6746,6.8247941770949865
CA,6747,6.6755245805823025
CA,6748,6.653060014333815
CA,6749,6.794704816344047
CA,6750,7.273466704899471
CA,6751,8.08846536838619
CA,6752,8.694465639342846
CA,6753,8.969455116942314
CA,6754,9.031164767795916
CA,6755,9.056264068509876
CA,6756,9.078611209456756
CA,6757,9.08348079867531
CA,6758,9.094016934473517
CA,6759,9.180876483982978
CA,6760,9.266540585545778
CA,6761,9.509284236645332
CA,6762,9.801854879180642
CA,6763,10.052971656459667
CA,6764,9.879158990443724
CA,6765,9.42790436979088
CA,6766,8.853114348522192
CA,6767,8.162740911486456
CA,6768,7.51035907469681
CA,6769,7.0932406514940425
CA,6770,6.814311921482674
CA,6771,6.655624046712192
CA,6772,6.626611746218406
CA,6773,6.779144971905996
CA,6774,7.275160158500155
CA,6775,8.143524260471143
CA,6776,8.748793587555573
CA,6777,8.97683542210999
CA,6778,9.027674141055654
CA,6779,9.038114191578272
CA,6780,9.023194907591813
CA,6781,9.021652015669634
CA,6782,9.051502154922524
CA,6783,9.073654180330996
CA,6784,9.195251969415082
CA,6785,9.485101448697653
CA,6786,9.871659541852887
CA,6787,10.150188624788353
CA,6788,9.971312930133797
CA,6789,9.535718235195372
CA,6790,8.950713706916316
CA,6791,8.248817323924035
CA,6792,7.59070729708617
CA,6793,7.132068041193953
CA,6794,6.854904510631953
CA,6795,6.715082900261912
CA,6796,6.697073294912454
CA,6797,6.876456105281602
CA,6798,7.411290946879529
CA,6799,8.340609454223125
CA,6800,8.95109801669702
CA,6801,9.139306479043825
CA,6802,9.1070991494487
CA,6803,9.006655871887396
CA,6804,8.950407291513363
CA,6805,8.909639800146477
CA,6806,8.917304671034382
CA,6807,8.92911502925304
CA,6808,9.047832346551445
CA,6809,9.345116641107957
CA,6810,9.82793427045014
CA,6811,10.175149354310967
CA,6812,10.012831723733472
CA,6813,9.585827976462813
CA,6814,8.988479415374169
CA,6815,8.272656479905484
CA,6816,7.625731184608085
CA,6817,7.244110429039101
CA,6818,6.96688564986156
CA,6819,6.828592255483577
CA,6820,6.808102263622278
CA,6821,6.967447759266454
CA,6822,7.493053024485237
CA,6823,8.395321907790489
CA,6824,8.984029833291732
CA,6825,9.148090476483793
CA,6826,9.090853385948684
CA,6827,8.990872901781904
CA,6828,8.90662419432505
CA,6829,8.85249990596835
CA,6830,8.883422285890932
CA,6831,8.938411469893236
CA,6832,9.08603650399448
CA,6833,9.441759197521316
CA,6834,9.90086167713939
CA,6835,10.235811915889439
CA,6836,10.064296575503414
CA,6837,9.634231841156174
CA,6838,9.050218366530073
CA,6839,8.325146518672309
CA,6840,7.6598721053875085
CA,6841,7.159274964022106
CA,6842,6.879700596061184
CA,6843,6.739993680253538
CA,6844,6.72025930176508
CA,6845,6.874258832352368
CA,6846,7.381438256391276
CA,6847,8.291667549571308
CA,6848,8.903476699678873
CA,6849,9.108418433513087
CA,6850,9.113958964468253
CA,6851,9.069220421435464
CA,6852,9.008855087334554
CA,6853,8.959222652445689
CA,6854,8.960477854977348
CA,6855,9.000319369399689
CA,6856,9.185805502756786
CA,6857,9.53999250817293
CA,6858,9.961157673200148
CA,6859,10.255218364157754
CA,6860,10.056942463313542
CA,6861,9.614241014542852
CA,6862,9.02472626171892
CA,6863,8.312096401191816
CA,6864,7.659032353409779
CA,6865,7.115472412104079
CA,6866,6.838210925107288
CA,6867,6.7066257849461826
CA,6868,6.6926809591205005
CA,6869,6.8576027833157305
CA,6870,7.363255745897147
CA,6871,8.254853316466958
CA,6872,8.87941575427944
CA,6873,9.105881564499885
CA,6874,9.141630623540658
CA,6875,9.123521872906336
CA,6876,9.151874386097385
CA,6877,9.171857873990827
CA,6878,9.242632083550774
CA,6879,9.27769128018104
CA,6880,9.36279325826072
CA,6881,9.621690862870189
CA,6882,9.933243740329207
CA,6883,10.164748412288056
CA,6884,9.954114563931611
CA,6885,9.52901394923774
CA,6886,8.944249309182593
CA,6887,8.23456925010053
CA,6888,7.577035752742743
CA,6889,7.109619623258526
CA,6890,6.82015681517476
CA,6891,6.672466015230914
CA,6892,6.633738582149536
CA,6893,6.794436142912898
CA,6894,7.276285881614089
CA,6895,8.143124829953571
CA,6896,8.730610642207438
CA,6897,8.926667232653221
CA,6898,8.939269324552118
CA,6899,8.891979047807448
CA,6900,8.85915304949199
CA,6901,8.83939628857269
CA,6902,8.87819907142679
CA,6903,8.903931779667696
CA,6904,9.047932434334998
CA,6905,9.36460221268318
CA,6906,9.766049324844845
CA,6907,10.070512121207889
CA,6908,9.894659380893241
CA,6909,9.459483657610448
CA,6910,8.87537101558957
CA,6911,8.166218455024623
CA,6912,7.506894535304673
CA,6913,7.134912677766257
CA,6914,6.872032320137311
CA,6915,6.713067499991774
CA,6916,6.6918589034804175
CA,6917,6.844874225510609
CA,6918,7.325181351694192
CA,6919,8.19878630168634
CA,6920,8.797152598308044
CA,6921,8.985624589591517
CA,6922,8.97707296628612
CA,6923,8.888834700168388
CA,6924,8.865828446132507
CA,6925,8.85743861516775
CA,6926,8.860132734991529
CA,6927,8.884446727950731
CA,6928,9.033035290224081
CA,6929,9.366780689179553
CA,6930,9.785887183751331
CA,6931,10.097996373765724
CA,6932,9.894102159794219
CA,6933,9.466627930031413
CA,6934,8.880195706378704
CA,6935,8.162476050239878
CA,6936,7.496903304734577
CA,6937,7.228720663276768
CA,6938,6.939324433799767
CA,6939,6.785080205595286
CA,6940,6.755691920769942
CA,6941,6.912171926450268
CA,6942,7.406326324423536
CA,6943,8.28417368114682
CA,6944,8.885644422881315
CA,6945,9.07028433174643
CA,6946,9.070660973726588
CA,6947,9.035471969733553
CA,6948,9.003428514473983
CA,6949,8.984615177600546
CA,6950,9.003459774177896
CA,6951,9.013778726734843
CA,6952,9.137357100627659
CA,6953,9.43803578071281
CA,6954,9.847494343540706
CA,6955,10.14033394048562
CA,6956,9.947019193273471
CA,6957,9.506498024883822
CA,6958,8.914978036503383
CA,6959,8.193871831450732
CA,6960,7.551610792667974
CA,6961,7.1359760846195694
CA,6962,6.870125875687451
CA,6963,6.7446656115819925
CA,6964,6.746618660360194
CA,6965,6.931494430355615
CA,6966,7.4967249805043155
CA,6967,8.483248118392178
CA,6968,9.145439444324058
CA,6969,9.306318069772491
CA,6970,9.25435613637655
CA,6971,9.157057578084853
CA,6972,9.099251918077618
CA,6973,9.031381215001144
CA,6974,9.025821819915627
CA,6975,9.034757405026033
CA,6976,9.153172593190293
CA,6977,9.467020413286562
CA,6978,9.901916581135856
CA,6979,10.226649298656481
CA,6980,10.028076218497642
CA,6981,9.60169707678404
CA,6982,9.014113783754237
CA,6983,8.30281774914129
CA,6984,7.641137944933197
CA,6985,7.1852302944600135
CA,6986,6.911500658843927
CA,6987,6.78041509414462
CA,6988,6.759706130643899
CA,6989,6.927384571831433
CA,6990,7.456842083625681
CA,6991,8.397140339513912
CA,6992,9.025905307681448
CA,6993,9.174058533307338
CA,6994,9.069536758913822
CA,6995,8.914901326341578
CA,6996,8.81850595374412
CA,6997,8.77447690216965
CA,6998,8.796018875735411
CA,6999,8.855853208203166
CA,7000,9.039348819658104
CA,7001,9.415664733971777
CA,7002,9.867095789516952
CA,7003,10.181009637367609
CA,7004,9.984447741298673
CA,7005,9.555662076055116
CA,7006,8.973928415280431
CA,7007,8.265359692335434
CA,7008,7.621620318904787
CA,7009,7.08760691421362
CA,7010,6.79548891228669
CA,7011,6.664469714121722
CA,7012,6.651031084863742
CA,7013,6.820530379562068
CA,7014,7.330639144196303
CA,7015,8.25560620903088
CA,7016,8.88887874195593
CA,7017,9.089183640277685
CA,7018,9.067460386843793
CA,7019,8.98341058131462
CA,7020,8.920653653755998
CA,7021,8.863894418870348
CA,7022,8.863284370762392
CA,7023,8.86950801957551
CA,7024,9.005439915096197
CA,7025,9.307891700540665
CA,7026,9.742474120265351
CA,7027,10.069238863714892
CA,7028,9.893491537770677
CA,7029,9.500853963806998
CA,7030,8.927251341505766
CA,7031,8.232643501229614
CA,7032,7.582732512064878
CA,7033,7.066074452953129
CA,7034,6.792832141451735
CA,7035,6.669424148635291
CA,7036,6.646199317010245
CA,7037,6.8076716146420875
CA,7038,7.332748033697246
CA,7039,8.278639587684099
CA,7040,8.890241148065346
CA,7041,9.058049194809797
CA,7042,9.003689429672418
CA,7043,8.958266887601239
CA,7044,8.958445243415575
CA,7045,8.986931651162598
CA,7046,9.02717960652131
CA,7047,9.02992884261274
CA,7048,9.126040472267434
CA,7049,9.346371625750525
CA,7050,9.706876185618192
CA,7051,9.973577070564518
CA,7052,9.763593074124191
CA,7053,9.339194550774142
CA,7054,8.763115552461686
CA,7055,8.072970147061092
CA,7056,7.439006523191473
CA,7057,7.118173582634211
CA,7058,6.842383384676837
CA,7059,6.705449252018874
CA,7060,6.678918876395465
CA,7061,6.840669395280076
CA,7062,7.329199908073146
CA,7063,8.21357562103651
CA,7064,8.820074274622762
CA,7065,9.030027882739205
CA,7066,9.00562999149754
CA,7067,8.92405903359305
CA,7068,8.874110866123429
CA,7069,8.833685750556803
CA,7070,8.846489854171969
CA,7071,8.892236053453956
CA,7072,9.051915903206549
CA,7073,9.411835397384007
CA,7074,9.858808412448004
CA,7075,10.146540175162404
CA,7076,9.93455602704229
CA,7077,9.52048160563898
CA,7078,8.959338881010748
CA,7079,8.275806213405245
CA,7080,7.634481405603668
CA,7081,7.143987141111725
CA,7082,6.888303966438796
CA,7083,6.731978488955942
CA,7084,6.714787760609514
CA,7085,6.860459683097728
CA,7086,7.351864473402205
CA,7087,8.224305364503145
CA,7088,8.858502112139048
CA,7089,9.088952795362898
CA,7090,9.08454063283947
CA,7091,8.994431628640514
CA,7092,8.904062865298753
CA,7093,8.828035990946066
CA,7094,8.81036360820633
CA,7095,8.847897965671464
CA,7096,9.010979076450889
CA,7097,9.381752839081113
CA,7098,9.82637893074043
CA,7099,10.122895666215692
CA,7100,9.909404464492608
CA,7101,9.487326722152057
CA,7102,8.908120052596253
CA,7103,8.214825292020755
CA,7104,7.571840464886729
CA,7105,7.100003553125491
CA,7106,6.841119569065402
CA,7107,6.710972076369907
CA,7108,6.706181073601709
CA,7109,6.883428969228799
CA,7110,7.406360927416381
CA,7111,8.341312853756007
CA,7112,8.96847697972793
CA,7113,9.14561886117362
CA,7114,9.097347551444921
CA,7115,9.019268305687723
CA,7116,8.976988717382486
CA,7117,8.957506224035592
CA,7118,9.0123933429298
CA,7119,9.05911141874987
CA,7120,9.21163156666149
CA,7121,9.53174336061619
CA,7122,9.94182025586542
CA,7123,10.22326061019721
CA,7124,9.994826921087881
CA,7125,9.524816230565484
CA,7126,8.905985686272418
CA,7127,8.17031168476063
CA,7128,7.500579789842827
CA,7129,7.1132808948467385
CA,7130,6.834167662327331
CA,7131,6.698312518911518
CA,7132,6.690672376301198
CA,7133,6.867005488966838
CA,7134,7.423045945592388
CA,7135,8.379045705319152
CA,7136,9.033952795403955
CA,7137,9.2388841739169
CA,7138,9.25252189628946
CA,7139,9.232127421852995
CA,7140,9.19366969832489
CA,7141,9.148236430108742
CA,7142,9.16488244257919
CA,7143,9.189277581980686
CA,7144,9.323343049908019
CA,7145,9.64018310577475
CA,7146,10.054707726271644
CA,7147,10.288428991343325
CA,7148,10.038283889002185
CA,7149,9.58141333605789
CA,7150,8.973217499580118
CA,7151,8.241296525105154
CA,7152,7.580189712192507
CA,7153,7.151534267052529
CA,7154,6.875696240236972
CA,7155,6.738074744831099
CA,7156,6.720426336246861
CA,7157,6.8845708040462235
CA,7158,7.411283087866402
CA,7159,8.33479573369207
CA,7160,8.989992381869895
CA,7161,9.228907598964462
CA,7162,9.248644207390363
CA,7163,9.191363995642812
CA,7164,9.149087847670268
CA,7165,9.111062402264823
CA,7166,9.10977163881532
CA,7167,9.134124604090353
CA,7168,9.286753633997385
CA,7169,9.614299119737007
CA,7170,10.018781045791116
CA,7171,10.256074989354865
CA,7172,10.001522699328206
CA,7173,9.554861544952423
CA,7174,8.971817893870067
CA,7175,8.253920130295688
CA,7176,7.604049369793049
CA,7177,7.12502760199223
CA,7178,6.848751471908232
CA,7179,6.708391214934494
CA,7180,6.677705076983669
CA,7181,6.823272796881385
CA,7182,7.32467687400652
CA,7183,8.202774793205505
CA,7184,8.829481705979632
CA,7185,9.079208377185106
CA,7186,9.116630099871685
CA,7187,9.111278894178074
CA,7188,9.08384256357665
CA,7189,9.070141234228165
CA,7190,9.09097625830432
CA,7191,9.110721922179291
CA,7192,9.275793064664432
CA,7193,9.607352368075
CA,7194,9.988893689313667
CA,7195,10.223709171537909
CA,7196,9.966724416950006
CA,7197,9.53759578130885
CA,7198,8.942418592793256
CA,7199,8.233374667757923
CA,7200,7.584932922288917
CA,7201,7.140179872740159
CA,7202,6.876225109321013
CA,7203,6.73608233061336
CA,7204,6.713845161256467
CA,7205,6.880030205670735
CA,7206,7.385148785801741
CA,7207,8.314293449707963
CA,7208,8.933542822954886
CA,7209,9.164193073701208
CA,7210,9.160582178155064
CA,7211,9.103360028207609
CA,7212,9.069153153787104
CA,7213,9.050342024891272
CA,7214,9.075668923174353
CA,7215,9.128009564834622
CA,7216,9.299469654906412
CA,7217,9.667373257852178
CA,7218,10.100903165024867
CA,7219,10.342462711340444
CA,7220,10.086354450170385
CA,7221,9.633987681229657
CA,7222,9.034827199417991
CA,7223,8.325425356508708
CA,7224,7.675834717827554
CA,7225,7.20238133809957
CA,7226,6.921250341899946
CA,7227,6.765092056300944
CA,7228,6.745796943171658
CA,7229,6.90833446155256
CA,7230,7.382409620539841
CA,7231,8.24407716849779
CA,7232,8.85817195196892
CA,7233,9.102114213275204
CA,7234,9.140348173670107
CA,7235,9.116211694527285
CA,7236,9.09083669232054
CA,7237,9.062965815792396
CA,7238,9.074287327428607
CA,7239,9.12785773816291
CA,7240,9.30132488979578
CA,7241,9.666652907762865
CA,7242,10.078188139147999
CA,7243,10.300781916622595
CA,7244,10.033269598448939
CA,7245,9.569446194932523
CA,7246,8.975560859692605
CA,7247,8.269029872302765
CA,7248,7.607252989102641
CA,7249,7.209897590350408
CA,7250,6.942016707959022
CA,7251,6.794634596952497
CA,7252,6.78329584993755
CA,7253,6.923547576770409
CA,7254,7.401757901274858
CA,7255,8.284971763384847
CA,7256,8.90087213752031
CA,7257,9.133915168143199
CA,7258,9.171088804167004
CA,7259,9.127541347248485
CA,7260,9.08089908685637
CA,7261,9.047760051737724
CA,7262,9.063923020853927
CA,7263,9.074724200625464
CA,7264,9.224498062649875
CA,7265,9.570669003611306
CA,7266,10.030273437382615
CA,7267,10.275685812764587
CA,7268,10.028671734760982
CA,7269,9.593472251997696
CA,7270,8.997027222681835
CA,7271,8.29780327280774
CA,7272,7.634688277088621
CA,7273,7.189883799066684
CA,7274,6.908602905052551
CA,7275,6.771068494099606
CA,7276,6.7515564108346435
CA,7277,6.913893978087252
CA,7278,7.434711456629562
CA,7279,8.364941072521734
CA,7280,9.00760596537694
CA,7281,9.209258023005148
CA,7282,9.178398120610845
CA,7283,9.131057195274385
CA,7284,9.092655973504067
CA,7285,9.05622104557707
CA,7286,9.072349063401226
CA,7287,9.105053827302969
CA,7288,9.296866931055103
CA,7289,9.643301615763438
CA,7290,10.01737540623328
CA,7291,10.180660097411986
CA,7292,9.943345372458666
CA,7293,9.557571629052436
CA,7294,8.987842147796513
CA,7295,8.267891091127394
CA,7296,7.60934642114075
CA,7297,7.329000738804683
CA,7298,7.0751362139192
CA,7299,6.9656440190514495
CA,7300,6.9666008611781045
CA,7301,7.172726762061109
CA,7302,7.730790644236823
CA,7303,8.702057534708516
CA,7304,9.329914513829994
CA,7305,9.464543472585381
CA,7306,9.42095096863322
CA,7307,9.328442310652514
CA,7308,9.278451305000592
CA,7309,9.261281379519845
CA,7310,9.311392358321315
CA,7311,9.390568032699592
CA,7312,9.620005605841547
CA,7313,10.10720952653758
CA,7314,10.592063338440344
CA,7315,10.62825772264086
CA,7316,10.306126074610825
CA,7317,9.885446519068795
CA,7318,9.313249294782565
CA,7319,8.61918567977669
CA,7320,7.954357761290173
CA,7321,7.431725731153129
CA,7322,7.185110190356578
CA,7323,7.071221216481089
CA,7324,7.085245826571775
CA,7325,7.303062188199528
CA,7326,7.870882624833439
CA,7327,8.808207308652708
CA,7328,9.422933488157572
CA,7329,9.554748096556775
CA,7330,9.406907472867536
CA,7331,9.21775618502461
CA,7332,9.096906221974407
CA,7333,9.042535975887645
CA,7334,9.079428855732077
CA,7335,9.18289107494334
CA,7336,9.44370744305923
CA,7337,10.00627747489176
CA,7338,10.510756695884318
CA,7339,10.564350709686234
CA,7340,10.254236205216927
CA,7341,9.825889565763024
CA,7342,9.275853623912639
CA,7343,8.592968582612148
CA,7344,8.004168359666512
CA,7345,7.350992620898247
CA,7346,7.10140313835689
CA,7347,6.983572670610966
CA,7348,6.97737899250473
CA,7349,7.197361453363756
CA,7350,7.75458282128171
CA,7351,8.703695921475664
CA,7352,9.33155996402681
CA,7353,9.49569222696891
CA,7354,9.391758904460078
CA,7355,9.248550297015305
CA,7356,9.131434647411654
CA,7357,9.067402139422576
CA,7358,9.088374254943018
CA,7359,9.19598211629021
CA,7360,9.472228461955034
CA,7361,10.003050749308436
CA,7362,10.499737884816476
CA,7363,10.535082157270699
CA,7364,10.221541309045563
CA,7365,9.805650386315826
CA,7366,9.222096401395422
CA,7367,8.534418573062933
CA,7368,7.943174543784138
CA,7369,7.320983328029102
CA,7370,7.0837394589851534
CA,7371,6.997233834784383
CA,7372,7.012088963249488
CA,7373,7.2492400354721465
CA,7374,7.831263744341608
CA,7375,8.747383954135863
CA,7376,9.286455448644658
CA,7377,9.345057235739972
CA,7378,9.228516731615633
CA,7379,9.077165118293914
CA,7380,8.956257891718316
CA,7381,8.953512574556909
CA,7382,8.982966751819877
CA,7383,9.109802869008233
CA,7384,9.426087073355253
CA,7385,10.009039926428061
CA,7386,10.507428826044691
CA,7387,10.492595059743529
CA,7388,10.178052360284841
CA,7389,9.77267635137248
CA,7390,9.195856884720339
CA,7391,8.525105218519021
CA,7392,7.923357046567986
CA,7393,7.513168903965734
CA,7394,7.262501781935264
CA,7395,7.168783563101293
CA,7396,7.159919933822106
CA,7397,7.355230274562105
CA,7398,7.861796559007702
CA,7399,8.725530983809834
CA,7400,9.265997312349931
CA,7401,9.420728218047081
CA,7402,9.370432786035805
CA,7403,9.253013495737655
CA,7404,9.179631611711718
CA,7405,9.127127691180151
CA,7406,9.14714726986034
CA,7407,9.233923741086354
CA,7408,9.47968936666338
CA,7409,10.023192358659067
CA,7410,10.514657912033098
CA,7411,10.536316713947748
CA,7412,10.225904993782752
CA,7413,9.816001843662146
CA,7414,9.25508412519296
CA,7415,8.572594599903415
CA,7416,7.936657500143465
CA,7417,7.294203514132526
CA,7418,7.0521258342307895
CA,7419,6.954342212248284
CA,7420,7.010470372338425
CA,7421,7.194129235783887
CA,7422,7.744107870674369
CA,7423,8.63068273097382
CA,7424,9.156164056915319
CA,7425,9.294873154610215
CA,7426,9.220916472470568
CA,7427,9.08835827299316
CA,7428,9.017270018986842
CA,7429,9.035617164124211
CA,7430,9.099821993549549
CA,7431,9.217272939801006
CA,7432,9.474149388011186
CA,7433,10.014119997982892
CA,7434,10.50550267839555
CA,7435,10.517232743538697
CA,7436,10.174443387068324
CA,7437,9.75439063453585
CA,7438,9.185629925537885
CA,7439,8.497164928215936
CA,7440,7.881177326327269
CA,7441,7.416940387513285
CA,7442,7.177228228230235
CA,7443,7.080128240885249
CA,7444,7.095317891138281
CA,7445,7.320424636173722
CA,7446,7.893684119835486
CA,7447,8.793890279962293
CA,7448,9.337364800107222
CA,7449,9.504885444300866
CA,7450,9.467640515652906
CA,7451,9.351279757901748
CA,7452,9.277428859098574
CA,7453,9.224100424646096
CA,7454,9.26952053285129
CA,7455,9.375549467536896
CA,7456,9.648178925956698
CA,7457,10.1915432801202
CA,7458,10.678832908662942
CA,7459,10.607590413310263
CA,7460,10.273409603850554
CA,7461,9.847328576901536
CA,7462,9.26502563891403
CA,7463,8.592041481938374
CA,7464,7.988336022987956
CA,7465,7.430155294149469
CA,7466,7.197137496339212
CA,7467,7.100544526670679
CA,7468,7.137531761637633
CA,7469,7.395219926085409
CA,7470,8.01384766970588
CA,7471,8.984321657924248
CA,7472,9.50910395374988
CA,7473,9.541557259955162
CA,7474,9.38657770102746
CA,7475,9.258384327029281
CA,7476,9.204792938820987
CA,7477,9.178910233286215
CA,7478,9.25662573958185
CA,7479,9.42257270454016
CA,7480,9.764964116410368
CA,7481,10.427155526075024
CA,7482,10.944458547269283
CA,7483,10.841583254415447
CA,7484,10.524871579628687
CA,7485,10.099344544545742
CA,7486,9.520428269720764
CA,7487,8.835965792951413
CA,7488,8.216668170812154
CA,7489,7.681293513881084
CA,7490,7.437238641582486
CA,7491,7.315722995028951
CA,7492,7.343461428721391
CA,7493,7.566145045886904
CA,7494,8.190543268350156
CA,7495,9.12775501260579
CA,7496,9.646000698104826
CA,7497,9.740131790646462
CA,7498,9.64256237084822
CA,7499,9.518961966732956
CA,7500,9.450992713704442
CA,7501,9.422039511216278
CA,7502,9.465094651319568
CA,7503,9.59279196253083
CA,7504,9.888320747145057
CA,7505,10.480729766353965
CA,7506,10.938039588034885
CA,7507,10.80810704394246
CA,7508,10.475867289296804
CA,7509,10.036974145009193
CA,7510,9.467101181730673
CA,7511,8.773415781075167
CA,7512,8.157287837016373
CA,7513,7.7417075287286465
CA,7514,7.47649352402388
CA,7515,7.353564561522831
CA,7516,7.360403474867226
CA,7517,7.576208431558988
CA,7518,8.131674659677277
CA,7519,9.01978007554527
CA,7520,9.570233560449738
CA,7521,9.701786930927181
CA,7522,9.6326990760794
CA,7523,9.540070308574824
CA,7524,9.49073127490158
CA,7525,9.468457781186732
CA,7526,9.531744946875452
CA,7527,9.655023187629201
CA,7528,9.917535615084933
CA,7529,10.500547924994867
CA,7530,10.956215073996608
CA,7531,10.798054897401613
CA,7532,10.447187600811274
CA,7533,10.02718412011595
CA,7534,9.469684039344841
CA,7535,8.787383309096752
CA,7536,8.1695927729808
CA,7537,7.818342600987843
CA,7538,7.555956157696815
CA,7539,7.429537696554421
CA,7540,7.438199544618276
CA,7541,7.6175339232424255
CA,7542,8.163454970899249
CA,7543,9.028133059050294
CA,7544,9.555529668767656
CA,7545,9.692749642901765
CA,7546,9.633313005263904
CA,7547,9.508711793506407
CA,7548,9.421903753376926
CA,7549,9.40123494652483
CA,7550,9.467645455406885
CA,7551,9.618412221097453
CA,7552,9.936389987933362
CA,7553,10.528570235067619
CA,7554,10.972955001344168
CA,7555,10.832082404754857
CA,7556,10.488338001152632
CA,7557,10.061953045064309
CA,7558,9.482566413531629
CA,7559,8.817756494840495
CA,7560,8.225841119161913
CA,7561,7.720536088299043
CA,7562,7.452070116078504
CA,7563,7.342206826093468
CA,7564,7.354384442884218
CA,7565,7.5708558227625415
CA,7566,8.097068733191788
CA,7567,8.987050598962298
CA,7568,9.537802772420227
CA,7569,9.718236016993348
CA,7570,9.728327801728918
CA,7571,9.637689460924038
CA,7572,9.58451362785001
CA,7573,9.557246241423057
CA,7574,9.5665419099585
CA,7575,9.681011820619437
CA,7576,9.990053906561021
CA,7577,10.586112395152567
CA,7578,11.031861900523749
CA,7579,10.891711097067189
CA,7580,10.553364559040785
CA,7581,10.12378052871637
CA,7582,9.555359498442217
CA,7583,8.85892217439414
CA,7584,8.255606435023575
CA,7585,7.909932541180276
CA,7586,7.662180009326514
CA,7587,7.547262179399454
CA,7588,7.571479318104203
CA,7589,7.7759201520075
CA,7590,8.337887163304163
CA,7591,9.20909846761008
CA,7592,9.664944558866214
CA,7593,9.708199423690688
CA,7594,9.598490483544257
CA,7595,9.428291907491044
CA,7596,9.326063966653495
CA,7597,9.28707192944593
CA,7598,9.331342371055342
CA,7599,9.497129219539469
CA,7600,9.856270726004423
CA,7601,10.500075333752909
CA,7602,10.981291335349814
CA,7603,10.864139730911814
CA,7604,10.544521477683855
CA,7605,10.137124666269372
CA,7606,9.576479325319733
CA,7607,8.87178910808392
CA,7608,8.262229186164388
CA,7609,7.887096030931901
CA,7610,7.6498696209429635
CA,7611,7.55782081847322
CA,7612,7.5892196106309635
CA,7613,7.7938725913693085
CA,7614,8.368016717284755
CA,7615,9.283330476253461
CA,7616,9.787092954876137
CA,7617,9.852258635148624
CA,7618,9.743015111093875
CA,7619,9.600897694702605
CA,7620,9.562790302057708
CA,7621,9.558657091008008
CA,7622,9.608170264160087
CA,7623,9.731415418223616
CA,7624,10.000397162065807
CA,7625,10.614053219768754
CA,7626,11.071719489501556
CA,7627,10.960236643089441
CA,7628,10.6328262458812
CA,7629,10.189444170932562
CA,7630,9.586703952660498
CA,7631,8.868622917753763
CA,7632,8.232443687531527
CA,7633,7.9555854772863555
CA,7634,7.719605698833907
CA,7635,7.614593647490175
CA,7636,7.624911482811822
CA,7637,7.856370565891995
CA,7638,8.47605929943317
CA,7639,9.456105362690874
CA,7640,9.999413033514866
CA,7641,10.008465039817946
CA,7642,9.81774654733462
CA,7643,9.686820300929696
CA,7644,9.602169766097854
CA,7645,9.574580494474361
CA,7646,9.675477822320921
CA,7647,9.820803710745084
CA,7648,10.122423798805102
CA,7649,10.726335239119326
CA,7650,11.201745907732423
CA,7651,11.076143911315269
CA,7652,10.74595306782703
CA,7653,10.308857879989873
CA,7654,9.692752606771728
CA,7655,8.981684757766622
CA,7656,8.315984092623438
CA,7657,7.957798665855238
CA,7658,7.718639682878708
CA,7659,7.628923888286389
CA,7660,7.650104938052549
CA,7661,7.886596342262163
CA,7662,8.476619705399958
CA,7663,9.419215789568609
CA,7664,9.968988973786002
CA,7665,10.063290364855051
CA,7666,9.945579125774072
CA,7667,9.81004146891959
CA,7668,9.72236468394351
CA,7669,9.691061149907851
CA,7670,9.73602272929559
CA,7671,9.888923894447858
CA,7672,10.247178920047146
CA,7673,10.874272960244673
CA,7674,11.336420110796276
CA,7675,11.209027303309131
CA,7676,10.874861161861928
CA,7677,10.451318383488216
CA,7678,9.872405854947983
CA,7679,9.186762378514151
CA,7680,8.571120063235954
CA,7681,8.032970307994804
CA,7682,7.78024665369373
CA,7683,7.676658260869642
CA,7684,7.675588440213767
CA,7685,7.895157666704295
CA,7686,8.470454832472313
CA,7687,9.382305084417757
CA,7688,9.90864616068863
CA,7689,9.987113737548382
CA,7690,9.87040697170709
CA,7691,9.749805806841026
CA,7692,9.702638756048941
CA,7693,9.703530517706282
CA,7694,9.739897853127008
CA,7695,9.877184033984882
CA,7696,10.200275106664606
CA,7697,10.823316269960749
CA,7698,11.259026046853865
CA,7699,11.115268435544188
CA,7700,10.771078552088762
CA,7701,10.340313856076365
CA,7702,9.733874672300734
CA,7703,9.028629057493747
CA,7704,8.369911911198628
CA,7705,8.02047699891324
CA,7706,7.774768724677365
CA,7707,7.685567863982797
CA,7708,7.6955620501578785
CA,7709,7.921035170998246
CA,7710,8.49972561589453
CA,7711,9.389175786647636
CA,7712,9.901600349929144
CA,7713,10.005203787809446
CA,7714,9.909076724117194
CA,7715,9.777361233419402
CA,7716,9.703576024303896
CA,7717,9.658917178744948
CA,7718,9.691911402812769
CA,7719,9.835083052044277
CA,7720,10.15120654085925
CA,7721,10.764687348938397
CA,7722,11.221644284035317
CA,7723,11.090159644963704
CA,7724,10.745722851498993
CA,7725,10.32523102222738
CA,7726,9.739944109383456
CA,7727,9.055164499365013
CA,7728,8.434253207656521
CA,7729,7.938822988828975
CA,7730,7.666755005877378
CA,7731,7.557960582687671
CA,7732,7.56081389064897
CA,7733,7.763390498242895
CA,7734,8.293875100887654
CA,7735,9.168120611513684
CA,7736,9.689341904332245
CA,7737,9.787821939999219
CA,7738,9.68824821489758
CA,7739,9.577321079967332
CA,7740,9.510821298623853
CA,7741,9.48967759393961
CA,7742,9.565142571708424
CA,7743,9.753996752558278
CA,7744,10.109744472004289
CA,7745,10.746426496056841
CA,7746,11.202723130318734
CA,7747,11.080039196360294
CA,7748,10.75209771869754
CA,7749,10.323842425970927
CA,7750,9.757688767367567
CA,7751,9.067744136918769
CA,7752,8.45151422526346
CA,7753,7.907811791878867
CA,7754,7.642538819441028
CA,7755,7.525255581194621
CA,7756,7.551441883121479
CA,7757,7.7320850290433265
CA,7758,8.27802748364555
CA,7759,9.170509020921077
CA,7760,9.711149846418325
CA,7761,9.788827547360821
CA,7762,9.686132383138617
CA,7763,9.55049710548985
CA,7764,9.484890593337209
CA,7765,9.482764279709052
CA,7766,9.50218587527549
CA,7767,9.68303997589643
CA,7768,10.041756779078053
CA,7769,10.698682490747583
CA,7770,11.162193930041019
CA,7771,11.061505022826482
CA,7772,10.74399869511909
CA,7773,10.320951731885343
CA,7774,9.754844901542066
CA,7775,9.055225436476837
CA,7776,8.445169460218361
CA,7777,7.8927878229575485
CA,7778,7.6550179936832645
CA,7779,7.561434298315323
CA,7780,7.578612314440232
CA,7781,7.801222583487851
CA,7782,8.383240123742716
CA,7783,9.323023400251275
CA,7784,9.83519954404947
CA,7785,9.889562790200392
CA,7786,9.754288447318242
CA,7787,9.58224080902339
CA,7788,9.499326541266555
CA,7789,9.4857574327394
CA,7790,9.55377525145742
CA,7791,9.723551138494212
CA,7792,10.05620959385232
CA,7793,10.713021162209888
CA,7794,11.156832116698064
CA,7795,11.039196259648328
CA,7796,10.696296536214017
CA,7797,10.242714676990701
CA,7798,9.636432875177924
CA,7799,8.911665944375708
CA,7800,8.26333184406004
CA,7801,8.022932890140336
CA,7802,7.773100108194353
CA,7803,7.664430377140613
CA,7804,7.669830049801534
CA,7805,7.899209787608107
CA,7806,8.497327011741666
CA,7807,9.460925201143377
CA,7808,10.035782314415016
CA,7809,10.173375313225781
CA,7810,10.11699139063682
CA,7811,10.030582515368376
CA,7812,9.945955105488217
CA,7813,9.910544092151365
CA,7814,9.942219153941334
CA,7815,10.062446330051106
CA,7816,10.350736685720179
CA,7817,10.917817245485955
CA,7818,11.315399501035431
CA,7819,11.177021467049183
CA,7820,10.83092613542293
CA,7821,10.38900970678671
CA,7822,9.794263886642202
CA,7823,9.094841155120589
CA,7824,8.451823052737696
CA,7825,8.130887829820825
CA,7826,7.8724879110306984
CA,7827,7.744586400048866
CA,7828,7.7493933894981755
CA,7829,7.980618339645907
CA,7830,8.538175155565511
CA,7831,9.414111318383037
CA,7832,9.991210392673032
CA,7833,10.12657855752034
CA,7834,10.01627769805017
CA,7835,9.881977119161474
CA,7836,9.772207615411734
CA,7837,9.699043684389997
CA,7838,9.733240416116429
CA,7839,9.889027941670435
CA,7840,10.212447771208419
CA,7841,10.799111119420548
CA,7842,11.204444291250274
CA,7843,11.087060831722376
CA,7844,10.803824862853453
CA,7845,10.396643890417355
CA,7846,9.85816564595831
CA,7847,9.196401389855213
CA,7848,8.58255882477527
CA,7849,8.095777136809266
CA,7850,7.852752257087713
CA,7851,7.745930498021617
CA,7852,7.761403435726433
CA,7853,7.960148325220537
CA,7854,8.478818733984664
CA,7855,9.316032162025081
CA,7856,9.885045985880895
CA,7857,10.063340162709752
CA,7858,10.027125986183021
CA,7859,9.93675287551439
CA,7860,9.882382302383489
CA,7861,9.848879874444137
CA,7862,9.881116183567812
CA,7863,10.02852022822726
CA,7864,10.323287928036937
CA,7865,10.872726485726513
CA,7866,11.237871045075984
CA,7867,11.095491237861415
CA,7868,10.77599334189684
CA,7869,10.379089346924665
CA,7870,9.819425349872526
CA,7871,9.153361001279327
CA,7872,8.547459744530437
CA,7873,8.194347748236211
CA,7874,7.971352379264475
CA,7875,7.872975127296839
CA,7876,7.875819989392498
CA,7877,8.067471734721156
CA,7878,8.578239726691905
CA,7879,9.40014043586967
CA,7880,9.903467164613698
CA,7881,10.036232950485521
CA,7882,9.960315841997524
CA,7883,9.830642272408827
CA,7884,9.749724545721689
CA,7885,9.691188237223772
CA,7886,9.696045300816607
CA,7887,9.817062117466612
CA,7888,10.10641168768633
CA,7889,10.689210073573259
CA,7890,11.089367604525934
CA,7891,10.966310867221988
CA,7892,10.660737391538987
CA,7893,10.26130662289412
CA,7894,9.717360103664737
CA,7895,9.050678924347784
CA,7896,8.440940342291135
CA,7897,8.07656706316246
CA,7898,7.82147971577773
CA,7899,7.705801059113085
CA,7900,7.72670504215987
CA,7901,7.894537097477281
CA,7902,8.428150267881755
CA,7903,9.284239471631553
CA,7904,9.804162232632002
CA,7905,9.938767858956348
CA,7906,9.855413939732154
CA,7907,9.718647199709626
CA,7908,9.65153938871014
CA,7909,9.635995587419265
CA,7910,9.709503254041554
CA,7911,9.880688952125336
CA,7912,10.198110560519265
CA,7913,10.79453822669723
CA,7914,11.209180225267337
CA,7915,11.07656904476928
CA,7916,10.740270612941002
CA,7917,10.317079306154072
CA,7918,9.739646665633186
CA,7919,9.062134045385877
CA,7920,8.450489305656431
CA,7921,8.030524471166938
CA,7922,7.766117243458749
CA,7923,7.670807885585475
CA,7924,7.685979395879537
CA,7925,7.884172263918526
CA,7926,8.421744360529509
CA,7927,9.298560012422552
CA,7928,9.837152559467556
CA,7929,9.976482626879328
CA,7930,9.935729801265518
CA,7931,9.823094765734208
CA,7932,9.799451293176983
CA,7933,9.803772719420499
CA,7934,9.848187911063503
CA,7935,9.99246140707155
CA,7936,10.309971960200988
CA,7937,10.908044880120185
CA,7938,11.310907837725326
CA,7939,11.172951145378837
CA,7940,10.825537618204569
CA,7941,10.382736106657857
CA,7942,9.795021313230949
CA,7943,9.091257973831567
CA,7944,8.469096280294286
CA,7945,7.764959097606912
CA,7946,7.487256898141002
CA,7947,7.357942447615162
CA,7948,7.371999802330769
CA,7949,7.552535336521408
CA,7950,8.084971687280678
CA,7951,8.985056774036464
CA,7952,9.57745653893904
CA,7953,9.801052356081488
CA,7954,9.826318099598804
CA,7955,9.772397888417455
CA,7956,9.741939113510258
CA,7957,9.740936708103021
CA,7958,9.748156197728731
CA,7959,9.840800463962529
CA,7960,10.089501109950875
CA,7961,10.676292602216813
CA,7962,11.082386341198676
CA,7963,10.963719944807266
CA,7964,10.653370637634163
CA,7965,10.262958376805999
CA,7966,9.706938440655929
CA,7967,9.02636967861047
CA,7968,8.421957022855162
CA,7969,8.112846012542223
CA,7970,7.899549816201472
CA,7971,7.807603970848505
CA,7972,7.847479586369368
CA,7973,8.093290740398972
CA,7974,8.692326734809686
CA,7975,9.652913201728659
CA,7976,10.19537793464966
CA,7977,10.269709853474883
CA,7978,10.136167644134286
CA,7979,9.979952363729263
CA,7980,9.881182059481295
CA,7981,9.839070090783027
CA,7982,9.886190586348224
CA,7983,10.062665797073416
CA,7984,10.437596650848853
CA,7985,11.11233431909756
CA,7986,11.577718039710524
CA,7987,11.476964266175598
CA,7988,11.160150414137313
CA,7989,10.722589156037701
CA,7990,10.119535312094023
CA,7991,9.391274787801235
CA,7992,8.743106134355473
CA,7993,8.544026625763273
CA,7994,8.286257994077546
CA,7995,8.152634643476576
CA,7996,8.16197664899894
CA,7997,8.369136057780258
CA,7998,8.945462089271652
CA,7999,9.885670692491734
CA,8000,10.451831296206251
CA,8001,10.544060712828184
CA,8002,10.414376981076227
CA,8003,10.25112290989694
CA,8004,10.143498191250178
CA,8005,10.127927014085282
CA,8006,10.208453371075098
CA,8007,10.35115091094469
CA,8008,10.649882138441766
CA,8009,11.24638170046639
CA,8010,11.64125654810923
CA,8011,11.483139860900371
CA,8012,11.10449037983697
CA,8013,10.63720801697186
CA,8014,10.010923417801376
CA,8015,9.281140232263253
CA,8016,8.616784824997467
CA,8017,8.324913626315613
CA,8018,8.044961078207685
CA,8019,7.928263081324281
CA,8020,7.941863272178557
CA,8021,8.160865884193328
CA,8022,8.725919299046346
CA,8023,9.638188449418726
CA,8024,10.281070360662737
CA,8025,10.503692044158253
CA,8026,10.503882284308773
CA,8027,10.471158458499811
CA,8028,10.444108202633728
CA,8029,10.42348387271783
CA,8030,10.482739409814457
CA,8031,10.596518374996059
CA,8032,10.881309722305778
CA,8033,11.581556219450095
CA,8034,11.966517206095903
CA,8035,11.768383891977592
CA,8036,11.419857094897234
CA,8037,10.973732838988239
CA,8038,10.353674765716763
CA,8039,9.5888916358741
CA,8040,8.88305338340569
CA,8041,8.388993296300695
CA,8042,8.10501219248927
CA,8043,7.995632621803322
CA,8044,8.025576876079763
CA,8045,8.21936708875794
CA,8046,8.771637649194655
CA,8047,9.66919262873376
CA,8048,10.306681553937263
CA,8049,10.581642027047362
CA,8050,10.6149445936523
CA,8051,10.564209244433927
CA,8052,10.487057376110439
CA,8053,10.412401102424859
CA,8054,10.44387902747429
CA,8055,10.521044461859749
CA,8056,10.776163610437665
CA,8057,11.453692048766545
CA,8058,11.842847312260858
CA,8059,11.651513277702133
CA,8060,11.335474018672722
CA,8061,10.928889256945498
CA,8062,10.33767623133563
CA,8063,9.584721949866456
CA,8064,8.908257408721946
CA,8065,8.50707644926723
CA,8066,8.217796428178422
CA,8067,8.111431246929673
CA,8068,8.137375292363044
CA,8069,8.315944234351917
CA,8070,8.83720409015072
CA,8071,9.657983151007116
CA,8072,10.25326823572581
CA,8073,10.539386045752321
CA,8074,10.615035601296524
CA,8075,10.59785739796178
CA,8076,10.547161188755073
CA,8077,10.48495888661143
CA,8078,10.488630991268668
CA,8079,10.572689202265453
CA,8080,10.849442304058913
CA,8081,11.522002825554367
CA,8082,11.919604568926504
CA,8083,11.70910212822767
CA,8084,11.381578001915539
CA,8085,10.959328576179596
CA,8086,10.390762432085591
CA,8087,9.640928152116034
CA,8088,8.959783104491422
CA,8089,8.453470439723247
CA,8090,8.15602079654761
CA,8091,8.029388402902045
CA,8092,8.063308430740692
CA,8093,8.243989511126856
CA,8094,8.781670665927221
CA,8095,9.6583358536753
CA,8096,10.289942292519193
CA,8097,10.522659374328235
CA,8098,10.527656261677887
CA,8099,10.414616997255068
CA,8100,10.303748548292274
CA,8101,10.265617622996608
CA,8102,10.2944418068851
CA,8103,10.426906709799292
CA,8104,10.750643213069162
CA,8105,11.469985743328225
CA,8106,11.900885596812376
CA,8107,11.748090481138245
CA,8108,11.429347703745671
CA,8109,11.02120062892549
CA,8110,10.43579900612883
CA,8111,9.636835569130808
CA,8112,8.939538769547365
CA,8113,8.327413774878563
CA,8114,8.04721819539207
CA,8115,7.941429310332288
CA,8116,7.958555331101601
CA,8117,8.186910684301498
CA,8118,8.764630772506319
CA,8119,9.67761675760042
CA,8120,10.303523774103327
CA,8121,10.509086726700964
CA,8122,10.487758574554904
CA,8123,10.415222640124824
CA,8124,10.364729974396683
CA,8125,10.353588480597395
CA,8126,10.426860507312847
CA,8127,10.586342907588909
CA,8128,10.915090358105866
CA,8129,11.646285387712188
CA,8130,12.076142896031882
CA,8131,11.901562332541129
CA,8132,11.57616371215789
CA,8133,11.1543316024248
CA,8134,10.530678765536576
CA,8135,9.748621938397136
CA,8136,9.048883374046843
CA,8137,8.754771624120513
CA,8138,8.465517767090379
CA,8139,8.344064286801096
CA,8140,8.354070670858897
CA,8141,8.573392063073086
CA,8142,9.159297482019356
CA,8143,10.118403315771625
CA,8144,10.762739638236829
CA,8145,11.022646574959227
CA,8146,11.045403478574952
CA,8147,10.991162819667151
CA,8148,10.903017300514678
CA,8149,10.809694011833866
CA,8150,10.824075106532232
CA,8151,10.895344027981333
CA,8152,11.140664889032228
CA,8153,11.83287009261439
CA,8154,12.225172711647582
CA,8155,12.018053263724813
CA,8156,11.685099580933281
CA,8157,11.23110857973745
CA,8158,10.611601803664415
CA,8159,9.839770567614984
CA,8160,9.117086516563013
CA,8161,8.835761520222235
CA,8162,8.539957804733499
CA,8163,8.427235845907962
CA,8164,8.44928295899564
CA,8165,8.657184536892842
CA,8166,9.216786632788732
CA,8167,10.159563046269193
CA,8168,10.839713105938532
CA,8169,11.102248709640962
CA,8170,11.124939193989297
CA,8171,11.091863037464767
CA,8172,11.046780208042339
CA,8173,10.998300028226613
CA,8174,11.012174857931488
CA,8175,11.09895468904484
CA,8176,11.346451119520035
CA,8177,12.010705176176382
CA,8178,12.396138149028905
CA,8179,12.210195437355539
CA,8180,11.867892072107727
CA,8181,11.469138427664051
CA,8182,10.874769462108393
CA,8183,10.108365488031192
CA,8184,9.413446287162296
CA,8185,8.731285160440185
CA,8186,8.459413687221254
CA,8187,8.349570091268268
CA,8188,8.351999470296628
CA,8189,8.576525010436221
CA,8190,9.140071730315684
CA,8191,10.025770854476399
CA,8192,10.665161844980739
CA,8193,10.891588058614959
CA,8194,10.860332499113525
CA,8195,10.782098032691817
CA,8196,10.698311747714225
CA,8197,10.640048727365873
CA,8198,10.671257394743305
CA,8199,10.782269286659242
CA,8200,11.07258342437552
CA,8201,11.79809723985625
CA,8202,12.201302749695621
CA,8203,12.007801265229544
CA,8204,11.68599495654858
CA,8205,11.282036541158446
CA,8206,10.695565171333282
CA,8207,9.944453639676112
CA,8208,9.265182258129439
CA,8209,8.939954756968136
CA,8210,8.667342791856523
CA,8211,8.532140845524317
CA,8212,8.535612620877084
CA,8213,8.747001408949021
CA,8214,9.306226928799852
CA,8215,10.219775725517641
CA,8216,10.849279230201152
CA,8217,11.072668256183878
CA,8218,11.054885335200778
CA,8219,10.961802178665746
CA,8220,10.884573127826812
CA,8221,10.834538323294643
CA,8222,10.859319892556538
CA,8223,10.964810392488756
CA,8224,11.243483081782948
CA,8225,11.941797551494986
CA,8226,12.31531070625687
CA,8227,12.100294451544904
CA,8228,11.776011702985162
CA,8229,11.335067466946414
CA,8230,10.742068167488279
CA,8231,9.966346003965551
CA,8232,9.28860715521744
CA,8233,8.792228398055945
CA,8234,8.49154816054975
CA,8235,8.364292775783326
CA,8236,8.377574111708697
CA,8237,8.580135956240268
CA,8238,9.106914677713425
CA,8239,9.984662207637324
CA,8240,10.601655427172474
CA,8241,10.884598866355791
CA,8242,10.94013885518629
CA,8243,10.91281777515352
CA,8244,10.834831816531418
CA,8245,10.768159717415744
CA,8246,10.792579550745765
CA,8247,10.879774735846496
CA,8248,11.155900861057692
CA,8249,11.84249574705183
CA,8250,12.215873342522261
CA,8251,12.039906599473582
CA,8252,11.72416144657542
CA,8253,11.326039452278817
CA,8254,10.730094350485848
CA,8255,9.964448515159019
CA,8256,9.27505685139953
CA,8257,8.567779742438965
CA,8258,8.254394395052294
CA,8259,8.145680880329623
CA,8260,8.183861645168452
CA,8261,8.37589946997168
CA,8262,8.920139285049098
CA,8263,9.79193147982216
CA,8264,10.449586586896315
CA,8265,10.769332896259547
CA,8266,10.90614566260736
CA,8267,10.907828708578773
CA,8268,10.872079333623704
CA,8269,10.818784251994987
CA,8270,10.787910812118827
CA,8271,10.881630133381144
CA,8272,11.181548616989131
CA,8273,11.87512424092917
CA,8274,12.287913834544883
CA,8275,12.10870782166359
CA,8276,11.784975268849143
CA,8277,11.374385535237865
CA,8278,10.774865608516368
CA,8279,10.01062764299886
CA,8280,9.309183294000183
CA,8281,8.718173851800778
CA,8282,8.444484697143473
CA,8283,8.321944693564891
CA,8284,8.33047075334081
CA,8285,8.537160569866861
CA,8286,9.114205775574948
CA,8287,10.014375346387514
CA,8288,10.663038625299633
CA,8289,10.90167491895948
CA,8290,10.889096332123414
CA,8291,10.770567307347328
CA,8292,10.64307953704382
CA,8293,10.55005983453041
CA,8294,10.555341337930995
CA,8295,10.681880149681826
CA,8296,10.99576349641169
CA,8297,11.74087967189858
CA,8298,12.167815497998896
CA,8299,12.00014415842134
CA,8300,11.675708667064988
CA,8301,11.270190744530936
CA,8302,10.651571693442927
CA,8303,9.865483849176286
CA,8304,9.134767177663678
CA,8305,8.764434311489445
CA,8306,8.471783842558732
CA,8307,8.357624302638332
CA,8308,8.384307973406402
CA,8309,8.612432408982407
CA,8310,9.213908390747031
CA,8311,10.175014224786924
CA,8312,10.82345574368642
CA,8313,11.023150080887728
CA,8314,10.96995479050649
CA,8315,10.859345496381897
CA,8316,10.758112881987556
CA,8317,10.65030699812617
CA,8318,10.671815609868815
CA,8319,10.800923570424024
CA,8320,11.102740400216836
CA,8321,11.812505580767509
CA,8322,12.239387658013815
CA,8323,12.04514527006275
CA,8324,11.723793736042897
CA,8325,11.326869485740687
CA,8326,10.72188698810493
CA,8327,9.945061149542294
CA,8328,9.236919959354307
CA,8329,8.879309911224723
CA,8330,8.589289701979066
CA,8331,8.476527433681293
CA,8332,8.479422574843104
CA,8333,8.692921936693043
CA,8334,9.236457098250032
CA,8335,10.163358466505453
CA,8336,10.825223368987043
CA,8337,11.04829326445595
CA,8338,11.01482650814464
CA,8339,10.929856913412667
CA,8340,10.858036094356393
CA,8341,10.78616027165676
CA,8342,10.833481156976815
CA,8343,10.960455489492555
CA,8344,11.265441353911728
CA,8345,11.96894785916196
CA,8346,12.374378688329307
CA,8347,12.184018315988078
CA,8348,11.83043842639349
CA,8349,11.41661156138754
CA,8350,10.811849874715024
CA,8351,10.038544561941418
CA,8352,9.334264586540712
CA,8353,8.705585628866144
CA,8354,8.397286977996396
CA,8355,8.274457288953862
CA,8356,8.315954170429924
CA,8357,8.532166719932404
CA,8358,9.04942263451592
CA,8359,9.957326799764578
CA,8360,10.610436921941664
CA,8361,10.880014534720532
CA,8362,10.874059233999537
CA,8363,10.795454309500537
CA,8364,10.709359669813557
CA,8365,10.660083302244601
CA,8366,10.716895786686973
CA,8367,10.82050020216829
CA,8368,11.095514118664353
CA,8369,11.816062824903126
CA,8370,12.223653672028265
CA,8371,12.02114334502386
CA,8372,11.68074481368597
CA,8373,11.307268508411799
CA,8374,10.695755617271548
CA,8375,9.937171306121892
CA,8376,9.207055255806537
CA,8377,8.78333830092731
CA,8378,8.491573655950566
CA,8379,8.378967620144037
CA,8380,8.384705871590482
CA,8381,8.585364898390281
CA,8382,9.130370371763215
CA,8383,10.036549046351478
CA,8384,10.710675003594925
CA,8385,10.987703927822333
CA,8386,11.035651223372431
CA,8387,11.002116649918054
CA,8388,10.934136609006432
CA,8389,10.869499024054582
CA,8390,10.864521742456377
CA,8391,10.945580783396785
CA,8392,11.201754785516087
CA,8393,11.886706085387289
CA,8394,12.278508167865773
CA,8395,12.093143806048046
CA,8396,11.759281164633409
CA,8397,11.334570303632653
CA,8398,10.744003946605257
CA,8399,9.968722108659067
CA,8400,9.252448438233948
CA,8401,8.769019360694754
CA,8402,8.473709016777212
CA,8403,8.34789977660874
CA,8404,8.348914838588593
CA,8405,8.524644601196005
CA,8406,9.040734495529314
CA,8407,9.882384673900848
CA,8408,10.492299544376591
CA,8409,10.7700332293488
CA,8410,10.838949682629668
CA,8411,10.795250188256059
CA,8412,10.746603828424456
CA,8413,10.7057634948508
CA,8414,10.715093632840784
CA,8415,10.826878098611799
CA,8416,11.051773345006458
CA,8417,11.72036334237557
CA,8418,12.101801566948494
CA,8419,11.89670582705285
CA,8420,11.568013700264954
CA,8421,11.183052223992654
CA,8422,10.608781033614337
CA,8423,9.876092696696068
CA,8424,9.184272037963373
CA,8425,8.784199208966164
CA,8426,8.501920961070722
CA,8427,8.374017105134612
CA,8428,8.37587178973107
CA,8429,8.571848089531565
CA,8430,9.105516535835406
CA,8431,9.964192237217507
CA,8432,10.593887269241044
CA,8433,10.874065170475465
CA,8434,10.924582637393637
CA,8435,10.869406664590871
CA,8436,10.76608173141748
CA,8437,10.688476493132848
CA,8438,10.720772541391316
CA,8439,10.836091285154314
CA,8440,11.133648610591253
CA,8441,11.828442590340115
CA,8442,12.241510272148808
CA,8443,12.108557737199213
CA,8444,11.782321289554677
CA,8445,11.382885024237329
CA,8446,10.80859110162106
CA,8447,10.041124916053526
CA,8448,9.368400156434667
CA,8449,8.925576630800764
CA,8450,8.665496862266854
CA,8451,8.549947301609953
CA,8452,8.572322557363092
CA,8453,8.801068354944208
CA,8454,9.363140604160137
CA,8455,10.283054501135851
CA,8456,10.922744926228894
CA,8457,11.152644436600493
CA,8458,11.138879912782743
CA,8459,11.033254381833176
CA,8460,10.950975657735778
CA,8461,10.896053696456766
CA,8462,10.932229263084738
CA,8463,11.037457259780687
CA,8464,11.315749629611483
CA,8465,12.036747933663445
CA,8466,12.465145160311838
CA,8467,12.3065546426068
CA,8468,12.009475491526342
CA,8469,11.604071378803505
CA,8470,11.008216151873262
CA,8471,10.231273670216472
CA,8472,9.52443723954066
CA,8473,9.043145549101718
CA,8474,8.764675951171158
CA,8475,8.654466038962365
CA,8476,8.679608329565934
CA,8477,8.910599557631283
CA,8478,9.520168287864626
CA,8479,10.470794443323888
CA,8480,11.13745147273401
CA,8481,11.339767692243786
CA,8482,11.290127587999159
CA,8483,11.160821104620803
CA,8484,11.037772318984619
CA,8485,10.948711267526294
CA,8486,10.9737333665009
CA,8487,11.096301669866863
CA,8488,11.403923330909338
CA,8489,12.14089210771562
CA,8490,12.5802124717968
CA,8491,12.423144182437012
CA,8492,12.125497135895744
CA,8493,11.72604640827471
CA,8494,11.135193487004102
CA,8495,10.36903383858187
CA,8496,9.647254546356452
CA,8497,9.110824426104537
CA,8498,8.843940939899971
CA,8499,8.722625586479166
CA,8500,8.737877481597513
CA,8501,8.94992315650905
CA,8502,9.526670101013442
CA,8503,10.440214136228834
CA,8504,11.105003609502946
CA,8505,11.322142057155046
CA,8506,11.263352805610657
CA,8507,11.118895497470161
CA,8508,10.982420387580968
CA,8509,10.88356334806334
CA,8510,10.900521108906496
CA,8511,11.02638953484452
CA,8512,11.341314428463367
CA,8513,12.061887452666387
CA,8514,12.491663654336332
CA,8515,12.30141571659968
CA,8516,11.986698638232491
CA,8517,11.590414104990257
CA,8518,10.99888667676269
CA,8519,10.2245519090185
CA,8520,9.51468441175161
CA,8521,8.684681812201886
CA,8522,8.395207082608202
CA,8523,8.264804349293703
CA,8524,8.273122731006763
CA,8525,8.47702885782495
CA,8526,9.010986209230285
CA,8527,9.897592349856073
CA,8528,10.58663714247834
CA,8529,10.864189363523042
CA,8530,10.911095960918294
CA,8531,10.870291899957063
CA,8532,10.762775778290205
CA,8533,10.65822164987766
CA,8534,10.66015915047963
CA,8535,10.75085409617092
CA,8536,11.029671352435587
CA,8537,11.73067657753228
CA,8538,12.139216853968714
CA,8539,11.940117687570384
CA,8540,11.612300092971221
CA,8541,11.19710041704218
CA,8542,10.602477834532465
CA,8543,9.843264211881646
CA,8544,9.139590104638286
CA,8545,8.79865884603191
CA,8546,8.510072469187996
CA,8547,8.388912422457077
CA,8548,8.387068381910865
CA,8549,8.588154561899016
CA,8550,9.105033466258144
CA,8551,9.952052934446643
CA,8552,10.58398173117534
CA,8553,10.839219880162114
CA,8554,10.838173134750726
CA,8555,10.73802808568892
CA,8556,10.627677275916495
CA,8557,10.550888826145867
CA,8558,10.568786789045934
CA,8559,10.677652110324365
CA,8560,10.93032176320592
CA,8561,11.613674629566507
CA,8562,11.990667418826941
CA,8563,11.7880644559688
CA,8564,11.467932043582328
CA,8565,11.095872966919265
CA,8566,10.530785458200459
CA,8567,9.79028673920765
CA,8568,9.108665504674105
CA,8569,8.752763070672618
CA,8570,8.450729698548006
CA,8571,8.326646739645525
CA,8572,8.323848757169698
CA,8573,8.512452773995939
CA,8574,8.998875952977034
CA,8575,9.787929051327954
CA,8576,10.434977358187934
CA,8577,10.789516079129
CA,8578,10.922866912941625
CA,8579,10.907679954942811
CA,8580,10.856493248746752
CA,8581,10.801535435412932
CA,8582,10.808447638468287
CA,8583,10.898340217992002
CA,8584,11.150253090083861
CA,8585,11.783273473714099
CA,8586,12.092286758863901
CA,8587,11.836366230951135
CA,8588,11.49480512061418
CA,8589,11.139261803508017
CA,8590,10.64584101252549
CA,8591,10.00415724408914
CA,8592,9.374929605900164
CA,8593,9.108974008552757
CA,8594,8.82483110884626
CA,8595,8.689340327375735
CA,8596,8.691229131968434
CA,8597,8.8441733275685
CA,8598,9.282829250646856
CA,8599,10.009118773862298
CA,8600,10.597422113596021
CA,8601,10.901990820320226
CA,8602,10.947175278458865
CA,8603,10.855985765109578
CA,8604,10.75600931352955
CA,8605,10.67234143621218
CA,8606,10.626922309293656
CA,8607,10.67688535363703
CA,8608,10.914730285731789
CA,8609,11.543314190816838
CA,8610,11.880465424950444
CA,8611,11.713602940148945
CA,8612,11.443543330196864
CA,8613,11.109864044672467
CA,8614,10.608291469313595
CA,8615,9.929292529398626
CA,8616,9.28947921659183
CA,8617,8.836840634219707
CA,8618,8.562505754142531
CA,8619,8.448590489384198
CA,8620,8.458926088668807
CA,8621,8.661929620873156
CA,8622,9.175134145595669
CA,8623,9.993730669907087
CA,8624,10.633215880894673
CA,8625,10.967329219999382
CA,8626,11.055627871235364
CA,8627,11.035719786751974
CA,8628,11.006648604176133
CA,8629,10.979600825083306
CA,8630,10.992910201016738
CA,8631,11.084990392939448
CA,8632,11.36393722065981
CA,8633,12.077889881981646
CA,8634,12.479286001220263
CA,8635,12.285037639559938
CA,8636,11.942171434395158
CA,8637,11.531681991524902
CA,8638,10.949116823442996
CA,8639,10.200686352245187
CA,8640,9.512996161227294
CA,8641,8.643866738563682
CA,8642,8.353922804547887
CA,8643,8.232159750389899
CA,8644,8.223713196148074
CA,8645,8.453265271963517
CA,8646,8.993368497278365
CA,8647,9.859521937273632
CA,8648,10.494399556874027
CA,8649,10.792035887054235
CA,8650,10.88440421951633
CA,8651,10.867779071301493
CA,8652,10.791005975106449
CA,8653,10.684006834561261
CA,8654,10.686180353131013
CA,8655,10.750979150483035
CA,8656,11.019086188480115
CA,8657,11.702192181063461
CA,8658,12.101059321786787
CA,8659,11.906868868356462
CA,8660,11.5833125912909
CA,8661,11.181440414446106
CA,8662,10.597612950165084
CA,8663,9.849513758327314
CA,8664,9.144637086009524
CA,8665,8.67344755645492
CA,8666,8.377840489931035
CA,8667,8.25538894270539
CA,8668,8.254462467368757
CA,8669,8.440806607660372
CA,8670,8.945241189280042
CA,8671,9.767205840396427
CA,8672,10.408430836305833
CA,8673,10.717968063358596
CA,8674,10.78214964150143
CA,8675,10.719905695515733
CA,8676,10.595894876235057
CA,8677,10.482019040727014
CA,8678,10.448131419681761
CA,8679,10.535779496027587
CA,8680,10.802976771382829
CA,8681,11.491879527317012
CA,8682,11.921761007628028
CA,8683,11.715082702315753
CA,8684,11.423424553170971
CA,8685,11.013100269900324
CA,8686,10.45452172265096
CA,8687,9.738524093665454
CA,8688,9.04747731994475
CA,8689,8.563890930555203
CA,8690,8.277321920293021
CA,8691,8.148754319608212
CA,8692,8.137071977041767
CA,8693,8.339853218370614
CA,8694,8.822513489789037
CA,8695,9.643745565969942
CA,8696,10.280315245751712
CA,8697,10.5908106605392
CA,8698,10.648080183395987
CA,8699,10.635095079742351
CA,8700,10.58045568968111
CA,8701,10.534087249422079
CA,8702,10.57887750456216
CA,8703,10.69165186629615
CA,8704,10.95574970787414
CA,8705,11.635181470445199
CA,8706,12.015327046625732
CA,8707,11.799485338777773
CA,8708,11.458038656059088
CA,8709,11.041757617414493
CA,8710,10.461094943497963
CA,8711,9.742215055867167
CA,8712,9.057651803370684
CA,8713,8.871029131849726
CA,8714,8.578048474532407
CA,8715,8.448903583876342
CA,8716,8.447322267335018
CA,8717,8.637154891186986
CA,8718,9.13491683175191
CA,8719,9.956818872068133
CA,8720,10.612197021107438
CA,8721,10.943992253377077
CA,8722,11.05495838240735
CA,8723,11.04966415238724
CA,8724,11.019738896421801
CA,8725,10.968337021557055
CA,8726,10.967408218985788
CA,8727,11.029746673344778
CA,8728,11.240031633503618
CA,8729,11.889145938726774
CA,8730,12.27587254804223
CA,8731,12.063444411350956
CA,8732,11.725226469630838
CA,8733,11.316963946019381
CA,8734,10.745826281990928
CA,8735,9.997343859543376
CA,8736,9.314624131222772
CA,8737,8.940060002503152
CA,8738,8.634602612057346
CA,8739,8.503295959613368
CA,8740,8.497631139429467
CA,8741,8.664710866080886
CA,8742,9.133624224832603
CA,8743,9.898190479074847
CA,8744,10.487262118908081
CA,8745,10.811984021255322
CA,8746,10.946031175172283
CA,8747,10.98365304223256
CA,8748,10.94405776360681
CA,8749,10.90228316898159
CA,8750,10.91843047037183
CA,8751,10.973297251233246
CA,8752,11.223724367274668
CA,8753,11.876259664906392
CA,8754,12.241690409494892
CA,8755,11.951688982748536
CA,8756,11.556524567069843
CA,8757,11.116446596691667
CA,8758,10.562100335452048
CA,8759,9.885807764753347
CA,8760,9.248548677482713
NY,1,7.459695265304715
NY,2,7.2760211114650755
NY,3,7.147505535870676
NY,4,7.114123240149309
NY,5,7.194673383619722
NY,6,7.462500230983624
NY,7,7.922280721803302
NY,8,8.302913951014666
NY,9,8.462598020180748
NY,10,8.558077953317648
NY,11,8.607279040392417
NY,12,8.589684496462787
NY,13,8.519056507130859
NY,14,8.476002057760205
NY,15,8.519062464913375
NY,16,8.663655604517245
NY,17,9.023226035512842
NY,18,9.492579980692009
NY,19,9.501235277178418
NY,20,9.313910023497641
NY,21,9.06914316754049
NY,22,8.698469088551098
NY,23,8.224125086455722
NY,24,7.797613057306697
NY,25,7.659322261960095
NY,26,7.504073855707997
NY,27,7.416170293506648
NY,28,7.412090582691719
NY,29,7.511217204831664
NY,30,7.8251205620182045
NY,31,8.351798454965726
NY,32,8.79434296893171
NY,33,8.989242104472387
NY,34,9.106959210867451
NY,35,9.154091651543649
NY,36,9.136213150060296
NY,37,9.077152898766412
NY,38,9.043488359337587
NY,39,9.04157182035079
NY,40,9.167218247186089
NY,41,9.523436390675084
NY,42,9.99961603191172
NY,43,9.992674585575331
NY,44,9.788246064027627
NY,45,9.503668584095594
NY,46,9.092896695039887
NY,47,8.576657313183732
NY,48,8.115324068990072
NY,49,7.895738858813123
NY,50,7.70666618771237
NY,51,7.576660167733239
NY,52,7.581083795541754
NY,53,7.669231800852721
NY,54,8.006968906842934
NY,55,8.579390153498123
NY,56,9.031937921299178
NY,57,9.210795664690655
NY,58,9.30248043811286
NY,59,9.370106980632567
NY,60,9.372184517688957
NY,61,9.3125818644334
NY,62,9.285241569003068
NY,63,9.263529941393074
NY,64,9.335678506162175
NY,65,9.648598679987439
NY,66,10.096661214340235
NY,67,10.078529114489578
NY,68,9.86416119791703
NY,69,9.574500670578903
NY,70,9.153406564426556
NY,71,8.629866512468555
NY,72,8.180231798956896
NY,73,7.681001301837585
NY,74,7.508812888114123
NY,75,7.407898755243021
NY,76,7.404137546061056
NY,77,7.508825937230019
NY,78,7.880317301592027
NY,79,8.511243097349867
NY,80,8.984889942061582
NY,81,9.14012720278073
NY,82,9.163669071449817
NY,83,9.151600153791067
NY,84,9.102007642398725
NY,85,9.017840564097966
NY,86,8.990371034609053
NY,87,8.98521194185183
NY,88,9.063250248825097
NY,89,9.37950740970449
NY,90,9.850144745017179
NY,91,9.82740904458613
NY,92,9.618215811679134
NY,93,9.326260213123364
NY,94,8.923676083496472
NY,95,8.394688728245884
NY,96,7.935718240791633
NY,97,7.715196662637237
NY,98,7.539102140619983
NY,99,7.44280127150665
NY,100,7.42579630144215
NY,101,7.545372109339558
NY,102,7.878215225048129
NY,103,8.463064985192371
NY,104,8.931733933123764
NY,105,9.080458580333264
NY,106,9.133861705104346
NY,107,9.138002324751712
NY,108,9.091338888888162
NY,109,9.011408305533784
NY,110,8.973785217946505
NY,111,8.956012604740607
NY,112,9.052657840880459
NY,113,9.378967615733632
NY,114,9.840381222157685
NY,115,9.825392785673188
NY,116,9.629992032603093
NY,117,9.34726453836307
NY,118,8.925150797174018
NY,119,8.409427043788744
NY,120,7.950704104896407
NY,121,7.870541599577383
NY,122,7.693246360211165
NY,123,7.591726840014777
NY,124,7.581505546410553
NY,125,7.700941780908645
NY,126,8.033720728135863
NY,127,8.624211239778951
NY,128,9.092886974836654
NY,129,9.282118065839198
NY,130,9.346686559121947
NY,131,9.355636617693493
NY,132,9.30026393261933
NY,133,9.234771516738203
NY,134,9.208589574923726
NY,135,9.208664113088853
NY,136,9.32178902909398
NY,137,9.65841978874532
NY,138,10.136587637755477
NY,139,10.134958964541347
NY,140,9.9335806165437
NY,141,9.667025503474612
NY,142,9.26260759372387
NY,143,8.758951494372642
NY,144,8.315431948577997
NY,145,8.162245427803354
NY,146,7.999205211746631
NY,147,7.913747143606864
NY,148,7.889339147915568
NY,149,8.012918221891466
NY,150,8.359121731541087
NY,151,8.957657020983628
NY,152,9.408789279394618
NY,153,9.544134621537331
NY,154,9.589158841805526
NY,155,9.57782128019556
NY,156,9.510272458570737
NY,157,9.43004168081987
NY,158,9.382390892999004
NY,159,9.374365862675864
NY,160,9.47089724657982
NY,161,9.807143679748744
NY,162,10.272421771568322
NY,163,10.258458585291827
NY,164,10.062690140775304
NY,165,9.78170287420629
NY,166,9.37692893033227
NY,167,8.858641821940626
NY,168,8.411026399243111
NY,169,8.15266622140334
NY,170,7.969852278317689
NY,171,7.876402756572401
NY,172,7.854285432022815
NY,173,7.943882883566691
NY,174,8.270696666590098
NY,175,8.83732258058175
NY,176,9.290790166138809
NY,177,9.476525570718614
NY,178,9.521354229591052
NY,179,9.501818847492284
NY,180,9.43274453588295
NY,181,9.333786112683994
NY,182,9.28706031846313
NY,183,9.276492076023027
NY,184,9.399913609023503
NY,185,9.767067876989751
NY,186,10.263273087683734
NY,187,10.26556587811995
NY,188,10.062493538504967
NY,189,9.788435330018125
NY,190,9.383811394148989
NY,191,8.874375335952747
NY,192,8.448781340053733
NY,193,8.097300731190934
NY,194,7.925179540905421
NY,195,7.817983320936861
NY,196,7.794909102452345
NY,197,7.906927662282905
NY,198,8.238317143670532
NY,199,8.80400151877132
NY,200,9.256764038905017
NY,201,9.434350924870696
NY,202,9.506476359974272
NY,203,9.526328562282622
NY,204,9.489075629799242
NY,205,9.4100699331836
NY,206,9.369677556396608
NY,207,9.349712272634463
NY,208,9.46271392739403
NY,209,9.820438400683143
NY,210,10.290677956851288
NY,211,10.283277966195785
NY,212,10.085305300913488
NY,213,9.8116215814462
NY,214,9.410309354314306
NY,215,8.909861407298386
NY,216,8.466626351756794
NY,217,8.350818176776455
NY,218,8.182864672572896
NY,219,8.11040299805736
NY,220,8.102202506315333
NY,221,8.232700739842393
NY,222,8.599390675382809
NY,223,9.186576677151214
NY,224,9.641967294030483
NY,225,9.777283220660717
NY,226,9.807127852164635
NY,227,9.781842902292261
NY,228,9.738894840969317
NY,229,9.655056714509088
NY,230,9.602736523339413
NY,231,9.599440171173818
NY,232,9.749066019216363
NY,233,10.089721747869328
NY,234,10.609823683718227
NY,235,10.630994851839777
NY,236,10.44917592609862
NY,237,10.171562582794706
NY,238,9.763744382031659
NY,239,9.243967070567628
NY,240,8.793583471215431
NY,241,8.255606465406101
NY,242,8.081130577816381
NY,243,7.989967633146427
NY,244,7.972537515155387
NY,245,8.089212530884557
NY,246,8.455798022064174
NY,247,9.084658159661595
NY,248,9.56154893032624
NY,249,9.68278042228784
NY,250,9.702771555184821
NY,251,9.668962123958936
NY,252,9.57295020163115
NY,253,9.497957009608193
NY,254,9.458319331197481
NY,255,9.438405066751127
NY,256,9.53378337206243
NY,257,9.864624427103982
NY,258,10.34421678644336
NY,259,10.350253700691972
NY,260,10.144919733129505
NY,261,9.862585662632203
NY,262,9.451476818476737
NY,263,8.931017432336164
NY,264,8.485981433203662
NY,265,7.912361366113527
NY,266,7.729783343242339
NY,267,7.6153574031043885
NY,268,7.588620519789447
NY,269,7.686418641557323
NY,270,8.03937467858638
NY,271,8.622796498194118
NY,272,9.098401071804666
NY,273,9.28642196797339
NY,274,9.359400195213881
NY,275,9.370928074629022
NY,276,9.318970401960184
NY,277,9.232736036811746
NY,278,9.189889880245364
NY,279,9.157388946679491
NY,280,9.232778178164695
NY,281,9.537433273764051
NY,282,9.984923074366582
NY,283,9.987664163499723
NY,284,9.790109003110492
NY,285,9.503570895626204
NY,286,9.097694946443225
NY,287,8.582593921373322
NY,288,8.127933219037095
NY,289,7.810474009331388
NY,290,7.638833592671811
NY,291,7.560824457794031
NY,292,7.558962351414632
NY,293,7.686467614751413
NY,294,8.048794240040495
NY,295,8.64920409191372
NY,296,9.12428899734042
NY,297,9.303738082583228
NY,298,9.373484977098851
NY,299,9.379118110929118
NY,300,9.332340811625505
NY,301,9.265018706315116
NY,302,9.21162882842027
NY,303,9.191074550801147
NY,304,9.269269231369108
NY,305,9.586279557948329
NY,306,10.054386150642777
NY,307,10.050732631376897
NY,308,9.839259993108556
NY,309,9.56402634778671
NY,310,9.157078012662657
NY,311,8.64457779153094
NY,312,8.195280607086117
NY,313,7.871220847294147
NY,314,7.7018965072851415
NY,315,7.606609479949812
NY,316,7.604987384861928
NY,317,7.722114085911249
NY,318,8.086868523017701
NY,319,8.698896738302205
NY,320,9.17813600336935
NY,321,9.351171047925936
NY,322,9.421298818735366
NY,323,9.421863036418054
NY,324,9.37247671640234
NY,325,9.283452451195918
NY,326,9.244485022023024
NY,327,9.218271419090167
NY,328,9.31121471797767
NY,329,9.635889463083164
NY,330,10.145033558495088
NY,331,10.161393786459481
NY,332,9.973402443068823
NY,333,9.714865429664476
NY,334,9.334357604961351
NY,335,8.837290175613369
NY,336,8.380703507314323
NY,337,8.35191989031419
NY,338,8.194918242712594
NY,339,8.118838993789893
NY,340,8.1193929812274
NY,341,8.23327244196993
NY,342,8.561334682422109
NY,343,9.13048692713242
NY,344,9.57271321264598
NY,345,9.733949078581254
NY,346,9.777895726041617
NY,347,9.763375306578308
NY,348,9.697768183120623
NY,349,9.61179957201356
NY,350,9.55588175636379
NY,351,9.540857465395895
NY,352,9.652751456377123
NY,353,9.98959722840273
NY,354,10.479993134213412
NY,355,10.466326412544444
NY,356,10.289052303480826
NY,357,10.0311540944834
NY,358,9.637259952432627
NY,359,9.126586218271374
NY,360,8.699514607441959
NY,361,8.314579682592594
NY,362,8.148412367726472
NY,363,8.038418886930636
NY,364,8.032370950345491
NY,365,8.125804726649616
NY,366,8.452401737529629
NY,367,9.0022135867365
NY,368,9.452660705213182
NY,369,9.623122705856574
NY,370,9.648029407086158
NY,371,9.606854688511257
NY,372,9.528945318110626
NY,373,9.427388080264233
NY,374,9.38521578193339
NY,375,9.39425027484671
NY,376,9.534081471541166
NY,377,9.90462905666669
NY,378,10.420389964405306
NY,379,10.429468734828216
NY,380,10.239048365626203
NY,381,9.978097903976655
NY,382,9.57290865193684
NY,383,9.070929974307958
NY,384,8.63565691890345
NY,385,8.279343653967134
NY,386,8.102613019998016
NY,387,8.027346261007072
NY,388,8.006598064107944
NY,389,8.125684237091118
NY,390,8.482379669116456
NY,391,9.04140266883026
NY,392,9.472769758101554
NY,393,9.612887188112872
NY,394,9.626281968740226
NY,395,9.628137246125108
NY,396,9.5965957067495
NY,397,9.517790561980737
NY,398,9.48413797119204
NY,399,9.45191955184402
NY,400,9.532401400292706
NY,401,9.840547772198335
NY,402,10.306262112686145
NY,403,10.298367170012199
NY,404,10.090583068924746
NY,405,9.797323765408084
NY,406,9.375573648291702
NY,407,8.846095686338185
NY,408,8.382821891169995
NY,409,8.406767436061049
NY,410,8.231398224749208
NY,411,8.134553622580436
NY,412,8.114554938658454
NY,413,8.23417565971701
NY,414,8.588743394542286
NY,415,9.192357941505882
NY,416,9.66341356953168
NY,417,9.831030325543423
NY,418,9.897154928531428
NY,419,9.916728080631247
NY,420,9.87951506602958
NY,421,9.8163122249049
NY,422,9.775737477359296
NY,423,9.76105905189033
NY,424,9.846128453891327
NY,425,10.150338750402135
NY,426,10.624585579041677
NY,427,10.617736845968109
NY,428,10.413153516565474
NY,429,10.129754013182273
NY,430,9.71807644719477
NY,431,9.215591847524092
NY,432,8.772460754932695
NY,433,8.375054759215658
NY,434,8.195226197653826
NY,435,8.100364986633439
NY,436,8.076393049573655
NY,437,8.186468716470575
NY,438,8.52350719621039
NY,439,9.111275492300098
NY,440,9.562541464745165
NY,441,9.718764663252943
NY,442,9.781390786913011
NY,443,9.793006093129497
NY,444,9.743325333324359
NY,445,9.660693021531356
NY,446,9.613829574645633
NY,447,9.5705220123269
NY,448,9.638940327879796
NY,449,9.936610023512243
NY,450,10.40055410228339
NY,451,10.397402422458088
NY,452,10.187725692868275
NY,453,9.902833163954783
NY,454,9.471926303437884
NY,455,8.956671782923255
NY,456,8.49984492855209
NY,457,7.9477022445818095
NY,458,7.771190428942474
NY,459,7.697855092698877
NY,460,7.675764976096253
NY,461,7.803745854335937
NY,462,8.156221649276853
NY,463,8.748552133633387
NY,464,9.23452420474756
NY,465,9.418919073077884
NY,466,9.508112709636439
NY,467,9.540533713796718
NY,468,9.511128171787623
NY,469,9.448585544651683
NY,470,9.426756821672226
NY,471,9.412099047411907
NY,472,9.51532297547492
NY,473,9.8513345174719
NY,474,10.359493718990702
NY,475,10.379755298897903
NY,476,10.196146025942417
NY,477,9.939674852688324
NY,478,9.547306438051264
NY,479,9.04363543673597
NY,480,8.59961760770028
NY,481,8.048021429456496
NY,482,7.900853706244556
NY,483,7.817878334699831
NY,484,7.80525436520327
NY,485,7.932369676183216
NY,486,8.270655742692925
NY,487,8.84821949673375
NY,488,9.327895465439124
NY,489,9.511905650949243
NY,490,9.58251053251713
NY,491,9.595826214541784
NY,492,9.549288075367203
NY,493,9.460346048573793
NY,494,9.40736464972769
NY,495,9.375801581629597
NY,496,9.462594639645122
NY,497,9.788402367924643
NY,498,10.263723635462169
NY,499,10.283328466667994
NY,500,10.081615125366087
NY,501,9.814902772964116
NY,502,9.393079369399292
NY,503,8.883149893143099
NY,504,8.423540905849086
NY,505,8.584058078872108
NY,506,8.412845837500514
NY,507,8.320083156297297
NY,508,8.312225689640742
NY,509,8.432577412900512
NY,510,8.769208994344226
NY,511,9.319979559900071
NY,512,9.748910562458791
NY,513,9.892850443248655
NY,514,9.920501238679504
NY,515,9.886168779309168
NY,516,9.81170799078217
NY,517,9.724521056781976
NY,518,9.671183133014154
NY,519,9.655317217874382
NY,520,9.742775869131089
NY,521,10.055295324653802
NY,522,10.550113411012473
NY,523,10.574704396983451
NY,524,10.386147543869344
NY,525,10.118645172017494
NY,526,9.697487217869408
NY,527,9.177222182773242
NY,528,8.719782629936503
NY,529,8.510929779875081
NY,530,8.331818879250045
NY,531,8.231905205811978
NY,532,8.208521135098358
NY,533,8.298072767618489
NY,534,8.623062922407687
NY,535,9.182423348456489
NY,536,9.619423794516184
NY,537,9.8019423704743
NY,538,9.869121916859198
NY,539,9.871749319721468
NY,540,9.816168728947583
NY,541,9.736933755545126
NY,542,9.69076183569907
NY,543,9.665268111231713
NY,544,9.739261172284174
NY,545,10.044051341422021
NY,546,10.524197702154595
NY,547,10.53722027513075
NY,548,10.3405375439082
NY,549,10.048721648803612
NY,550,9.628926091599705
NY,551,9.111772487099719
NY,552,8.658844315720263
NY,553,8.013379100516653
NY,554,7.8553621415785555
NY,555,7.765015498223287
NY,556,7.753099645455138
NY,557,7.881109157640523
NY,558,8.231061114354842
NY,559,8.844192591578988
NY,560,9.312303847304554
NY,561,9.475016103765855
NY,562,9.519137172353052
NY,563,9.528861788472874
NY,564,9.477917314293743
NY,565,9.425681859192826
NY,566,9.409931667197931
NY,567,9.415521997692466
NY,568,9.512185036833516
NY,569,9.821439179838531
NY,570,10.301236981512272
NY,571,10.328236710192284
NY,572,10.127227228529403
NY,573,9.837045065966922
NY,574,9.422743396599692
NY,575,8.908305129041771
NY,576,8.443969354080988
NY,577,8.363691005437033
NY,578,8.195242551729923
NY,579,8.112079412765308
NY,580,8.099466340440227
NY,581,8.221926734760656
NY,582,8.614723017635002
NY,583,9.240460324102715
NY,584,9.724907535250761
NY,585,9.870836330101412
NY,586,9.889516899874614
NY,587,9.881528726127287
NY,588,9.805921608808799
NY,589,9.719671852425819
NY,590,9.681020621379822
NY,591,9.658941123321247
NY,592,9.737302608492707
NY,593,10.060720307232355
NY,594,10.558242053359072
NY,595,10.590341088548453
NY,596,10.399693644202266
NY,597,10.127162438907723
NY,598,9.71269595025729
NY,599,9.210876248399787
NY,600,8.764199349570395
NY,601,8.34344484044671
NY,602,8.188259808394292
NY,603,8.101060462889274
NY,604,8.088695400480193
NY,605,8.208476006370258
NY,606,8.556542834916558
NY,607,9.144606544628735
NY,608,9.60487789829621
NY,609,9.761012322099036
NY,610,9.799644007484707
NY,611,9.776898943796613
NY,612,9.724367130846648
NY,613,9.642669152293697
NY,614,9.605846523194272
NY,615,9.584716689856277
NY,616,9.661523932080119
NY,617,9.983328474503237
NY,618,10.464334093468656
NY,619,10.501569666838185
NY,620,10.305827792733679
NY,621,10.017003937185146
NY,622,9.624844119561907
NY,623,9.127512419839329
NY,624,8.67978351163205
NY,625,8.184374988357005
NY,626,8.004331596560279
NY,627,7.907856476013182
NY,628,7.877019995841892
NY,629,7.991213623722146
NY,630,8.319406779080573
NY,631,8.886532109101257
NY,632,9.33244437922916
NY,633,9.45935115900489
NY,634,9.486780714085782
NY,635,9.434359895060007
NY,636,9.372232541588764
NY,637,9.301575684639037
NY,638,9.255412062395292
NY,639,9.223194621889117
NY,640,9.294985606629172
NY,641,9.624532325596375
NY,642,10.118422178260545
NY,643,10.152548743742571
NY,644,9.956091211857538
NY,645,9.683838671382627
NY,646,9.269192292582838
NY,647,8.75775879423495
NY,648,8.301882146944411
NY,649,7.897782103390208
NY,650,7.735707112861658
NY,651,7.657579332885623
NY,652,7.6484564278362095
NY,653,7.78189480506687
NY,654,8.158623625810367
NY,655,8.766297202272233
NY,656,9.228306747551875
NY,657,9.373933708862385
NY,658,9.380624137157199
NY,659,9.355165149506519
NY,660,9.27724965821637
NY,661,9.18585265382161
NY,662,9.129936668824522
NY,663,9.126380028588422
NY,664,9.239647053751588
NY,665,9.592048941554095
NY,666,10.10873803966415
NY,667,10.169450954127022
NY,668,9.993812171508553
NY,669,9.732477624020566
NY,670,9.348893735605571
NY,671,8.845640874432261
NY,672,8.395870408878155
NY,673,8.322841358638085
NY,674,8.174613624562701
NY,675,8.08705067818743
NY,676,8.079010176476508
NY,677,8.200063848842257
NY,678,8.536505619068407
NY,679,9.093156246808618
NY,680,9.508494694998832
NY,681,9.657141423405037
NY,682,9.717823247388433
NY,683,9.699248456975631
NY,684,9.633907573069648
NY,685,9.547605810459185
NY,686,9.48436497465295
NY,687,9.433211824800715
NY,688,9.502320517393152
NY,689,9.819949424852636
NY,690,10.315267580944045
NY,691,10.370330135404613
NY,692,10.18568902707433
NY,693,9.93107953836731
NY,694,9.540248079482652
NY,695,9.041233546640681
NY,696,8.595705065371321
NY,697,8.536187462362507
NY,698,8.37913631399085
NY,699,8.298260495312908
NY,700,8.294265210501267
NY,701,8.416054083413886
NY,702,8.766198137259972
NY,703,9.332771617714172
NY,704,9.760592268300302
NY,705,9.904956427614811
NY,706,9.925117536701359
NY,707,9.881501569018443
NY,708,9.803753520329627
NY,709,9.71238830746717
NY,710,9.653240839774845
NY,711,9.644894506135818
NY,712,9.744699821802635
NY,713,10.081817882838687
NY,714,10.603337125697015
NY,715,10.680323894086053
NY,716,10.527187679403113
NY,717,10.281457033504138
NY,718,9.887933535982839
NY,719,9.387917551743064
NY,720,8.961352133340977
NY,721,8.648865905179585
NY,722,8.486762117343657
NY,723,8.40515338621524
NY,724,8.397252227172153
NY,725,8.51591035645364
NY,726,8.86609954952459
NY,727,9.45266906851328
NY,728,9.882487072608363
NY,729,10.033087632617455
NY,730,10.03473679862425
NY,731,9.98467409309615
NY,732,9.877282966456487
NY,733,9.763350277905285
NY,734,9.659985257973656
NY,735,9.612345598031668
NY,736,9.68274330092039
NY,737,10.025800897759778
NY,738,10.560293076915018
NY,739,10.634633817494743
NY,740,10.453615339760916
NY,741,10.168691711821321
NY,742,9.752473968305193
NY,743,9.242908989249242
NY,744,8.799991938523931
NY,745,8.422135999716696
NY,746,8.265944297159692
NY,747,8.18487365612833
NY,748,8.184031322406536
NY,749,8.312081350730105
NY,750,8.700589190360148
NY,751,9.348665926242095
NY,752,9.738719210119815
NY,753,9.824361860835687
NY,754,9.755421937036909
NY,755,9.65363374178696
NY,756,9.522723945837539
NY,757,9.380790315970186
NY,758,9.305062387349608
NY,759,9.253502237709833
NY,760,9.341333482619707
NY,761,9.63489068358055
NY,762,10.120466716909013
NY,763,10.349410463908624
NY,764,10.188635818824828
NY,765,9.918377188120827
NY,766,9.523732478277262
NY,767,9.035104165123853
NY,768,8.603699278892185
NY,769,8.236543572943322
NY,770,8.062347434840664
NY,771,7.975728989631017
NY,772,7.955674950760385
NY,773,8.067226614995855
NY,774,8.416429334901315
NY,775,9.00480212329132
NY,776,9.408760378312573
NY,777,9.547671966405016
NY,778,9.530766741535908
NY,779,9.449138999692972
NY,780,9.32059335755379
NY,781,9.195015458898839
NY,782,9.128378813286238
NY,783,9.071220300136623
NY,784,9.153113230169089
NY,785,9.4168183640356
NY,786,9.86432343569712
NY,787,10.061954672840073
NY,788,9.898647574218442
NY,789,9.624367863328123
NY,790,9.22471399266873
NY,791,8.740946230583946
NY,792,8.310647527696213
NY,793,8.335380237391366
NY,794,8.176447929748432
NY,795,8.097428833022832
NY,796,8.092713957855862
NY,797,8.232681741631698
NY,798,8.58767082527972
NY,799,9.173219841326281
NY,800,9.574795767482863
NY,801,9.715504422752952
NY,802,9.702831778986708
NY,803,9.652676553812556
NY,804,9.556452099117047
NY,805,9.443450819468918
NY,806,9.387615182792645
NY,807,9.344169610586382
NY,808,9.409764328843503
NY,809,9.671582243634079
NY,810,10.136653926027805
NY,811,10.350462304509474
NY,812,10.182248892980606
NY,813,9.925588024219936
NY,814,9.55056312994487
NY,815,9.07215163818748
NY,816,8.637880682015428
NY,817,8.3999640468919
NY,818,8.22567952920951
NY,819,8.141239589049315
NY,820,8.129073075007208
NY,821,8.26335682892537
NY,822,8.620341681934173
NY,823,9.221041675132
NY,824,9.635132287986442
NY,825,9.789088126914237
NY,826,9.769250736407406
NY,827,9.712319663535004
NY,828,9.622450585726787
NY,829,9.528991209465316
NY,830,9.48015155595438
NY,831,9.441407066817819
NY,832,9.49163072763813
NY,833,9.718886766566632
NY,834,10.166219183774825
NY,835,10.389843656067477
NY,836,10.226642121347048
NY,837,9.957520830888372
NY,838,9.574270646887857
NY,839,9.07976468654381
NY,840,8.639250782062568
NY,841,8.256542147885211
NY,842,8.078126936669653
NY,843,7.986812244880967
NY,844,7.968319081825687
NY,845,8.080911686499196
NY,846,8.405583309697244
NY,847,8.983013206374016
NY,848,9.365584387931914
NY,849,9.501895157990875
NY,850,9.496747288057312
NY,851,9.424756283516585
NY,852,9.298532318098854
NY,853,9.176966834831049
NY,854,9.115490378350266
NY,855,9.08842830829801
NY,856,9.1701742173528
NY,857,9.444386056814455
NY,858,9.907592678826243
NY,859,10.1381298442437
NY,860,9.993334020227485
NY,861,9.740696167734026
NY,862,9.364990710033112
NY,863,8.8942854120271
NY,864,8.475341897679067
NY,865,8.16288750496306
NY,866,8.02872220501143
NY,867,7.959331755965121
NY,868,7.962006408835383
NY,869,8.094383630472173
NY,870,8.443567541111078
NY,871,9.030382452301012
NY,872,9.404089614695367
NY,873,9.527100301289991
NY,874,9.518462925246164
NY,875,9.454943046043693
NY,876,9.370048011871683
NY,877,9.249602332689566
NY,878,9.164748823704329
NY,879,9.094630785080756
NY,880,9.154228470097786
NY,881,9.452822833857066
NY,882,9.94093844240429
NY,883,10.178454083696511
NY,884,10.032534184205938
NY,885,9.768464961831986
NY,886,9.377090742739306
NY,887,8.887940304852906
NY,888,8.443959063657498
NY,889,8.392876950443425
NY,890,8.231531206274338
NY,891,8.157170116233923
NY,892,8.14558211466607
NY,893,8.262863774143138
NY,894,8.612300966203373
NY,895,9.207169832896666
NY,896,9.559643399845463
NY,897,9.634407707337774
NY,898,9.587225260300757
NY,899,9.50783496077019
NY,900,9.394167576060937
NY,901,9.27404946672144
NY,902,9.21927475947435
NY,903,9.196061543798411
NY,904,9.251894377838342
NY,905,9.516166326347314
NY,906,9.96387729838576
NY,907,10.182871359374829
NY,908,10.011053772751826
NY,909,9.733085712286714
NY,910,9.352320198337871
NY,911,8.850382508956951
NY,912,8.404020833617883
NY,913,8.176282916281616
NY,914,8.036155289373276
NY,915,7.9712296195165395
NY,916,7.984361572975708
NY,917,8.128275250511008
NY,918,8.523152960068142
NY,919,9.184715907281374
NY,920,9.580288431221359
NY,921,9.693921893272439
NY,922,9.649860148353495
NY,923,9.55561618782439
NY,924,9.419360175930764
NY,925,9.294150089463438
NY,926,9.216757064934226
NY,927,9.151566755326156
NY,928,9.24110305268153
NY,929,9.561207878605229
NY,930,10.06479968567413
NY,931,10.329140388244127
NY,932,10.205315229796863
NY,933,9.958018446634801
NY,934,9.576993399195715
NY,935,9.106505033047931
NY,936,8.682300091931841
NY,937,8.349696797248486
NY,938,8.195554075217094
NY,939,8.122689130555731
NY,940,8.117068908105756
NY,941,8.258752407845789
NY,942,8.613757585223485
NY,943,9.209538927422615
NY,944,9.58252429362716
NY,945,9.703165461945696
NY,946,9.684841851279234
NY,947,9.626269100683968
NY,948,9.525201222769079
NY,949,9.383221101902246
NY,950,9.296110610814555
NY,951,9.240196414539005
NY,952,9.293918354403424
NY,953,9.553936918480527
NY,954,9.983495856559294
NY,955,10.211957171803325
NY,956,10.067029603200801
NY,957,9.805976328308551
NY,958,9.422726464990106
NY,959,8.946167649690608
NY,960,8.50237013571043
NY,961,7.916400550488241
NY,962,7.765446228255327
NY,963,7.6776596520882014
NY,964,7.669519278969541
NY,965,7.790128206710901
NY,966,8.14927529131919
NY,967,8.743875790271147
NY,968,9.148367442032617
NY,969,9.300033107477994
NY,970,9.293243188856541
NY,971,9.25008719999281
NY,972,9.160521230743612
NY,973,9.078296551165524
NY,974,9.045634366182155
NY,975,9.01108658793611
NY,976,9.097768773230879
NY,977,9.364370937523523
NY,978,9.795473507594318
NY,979,10.008415423863948
NY,980,9.856500410183727
NY,981,9.58920264508145
NY,982,9.207338852202016
NY,983,8.736906037733338
NY,984,8.3031626617299
NY,985,8.02224475305934
NY,986,7.8655547551159675
NY,987,7.796295593650883
NY,988,7.7962755780767115
NY,989,7.936224507518812
NY,990,8.309625558862697
NY,991,8.936222054159547
NY,992,9.347559920995458
NY,993,9.466189865302972
NY,994,9.432490110520645
NY,995,9.363180906584004
NY,996,9.243085697792424
NY,997,9.110489646631624
NY,998,9.048270034300607
NY,999,8.99397952985366
NY,1000,9.066328417630897
NY,1001,9.361595988508808
NY,1002,9.834128931899615
NY,1003,10.09435900971827
NY,1004,9.960855400215108
NY,1005,9.72186697510947
NY,1006,9.358138916439119
NY,1007,8.895992636504525
NY,1008,8.477206004013597
NY,1009,8.334531818460464
NY,1010,8.184433985354232
NY,1011,8.106515205069883
NY,1012,8.097454341772904
NY,1013,8.219431914197491
NY,1014,8.546497186302576
NY,1015,9.126032718328972
NY,1016,9.50372521933534
NY,1017,9.647019734940212
NY,1018,9.639590052070979
NY,1019,9.598629522810466
NY,1020,9.513413345362663
NY,1021,9.413501120556713
NY,1022,9.353753419041176
NY,1023,9.308053513379155
NY,1024,9.369227901138604
NY,1025,9.636634792329607
NY,1026,10.074507937594102
NY,1027,10.288992105579922
NY,1028,10.109865892237423
NY,1029,9.854741328411379
NY,1030,9.479057264074454
NY,1031,9.013056652988482
NY,1032,8.590451886064676
NY,1033,8.284168695505743
NY,1034,8.135997780197645
NY,1035,8.06701994919075
NY,1036,8.059371743101556
NY,1037,8.1897965263542
NY,1038,8.52748368632521
NY,1039,9.09469493745082
NY,1040,9.455929546434673
NY,1041,9.580962819564968
NY,1042,9.568168402591722
NY,1043,9.517733918223756
NY,1044,9.422957270247773
NY,1045,9.330755665924556
NY,1046,9.28267416123807
NY,1047,9.257159065465574
NY,1048,9.339557403696391
NY,1049,9.627982884982124
NY,1050,10.079301400141492
NY,1051,10.30661311831292
NY,1052,10.135545420054987
NY,1053,9.880087565923294
NY,1054,9.491049015777751
NY,1055,9.013144104036286
NY,1056,8.590150384762667
NY,1057,8.488557712566772
NY,1058,8.32792044297349
NY,1059,8.244886219529908
NY,1060,8.251461965595254
NY,1061,8.382726986849647
NY,1062,8.750187828504338
NY,1063,9.356202129818083
NY,1064,9.710234798859029
NY,1065,9.769577922640536
NY,1066,9.690391013854613
NY,1067,9.599719437714418
NY,1068,9.472305849445101
NY,1069,9.341615558632283
NY,1070,9.259034341653567
NY,1071,9.195931326995593
NY,1072,9.28940108004907
NY,1073,9.608857575605587
NY,1074,10.104447736747474
NY,1075,10.384800977862241
NY,1076,10.254889728378902
NY,1077,10.018225651022561
NY,1078,9.662106266743272
NY,1079,9.190863029753817
NY,1080,8.76525316238626
NY,1081,8.418890097295575
NY,1082,8.280235564567956
NY,1083,8.205469863793535
NY,1084,8.211300867699045
NY,1085,8.349123776988684
NY,1086,8.724567664551795
NY,1087,9.343807131041876
NY,1088,9.721580868927704
NY,1089,9.80351661597939
NY,1090,9.723523925910401
NY,1091,9.644459352010351
NY,1092,9.541227703335034
NY,1093,9.436405272573268
NY,1094,9.374497691923512
NY,1095,9.319143816101878
NY,1096,9.37197161362719
NY,1097,9.658291874360334
NY,1098,10.116162779841007
NY,1099,10.369138891655082
NY,1100,10.224258085783292
NY,1101,9.961813385238736
NY,1102,9.579292455712805
NY,1103,9.097126315004562
NY,1104,8.679559083220816
NY,1105,8.154250994469349
NY,1106,8.011866691178916
NY,1107,7.933670590069502
NY,1108,7.931850078109694
NY,1109,8.064033770660824
NY,1110,8.423946587820458
NY,1111,9.009447639823302
NY,1112,9.391831996711023
NY,1113,9.51688830821721
NY,1114,9.489558845241794
NY,1115,9.435666301271015
NY,1116,9.336052906694611
NY,1117,9.249770138481097
NY,1118,9.18969206427456
NY,1119,9.149530566894954
NY,1120,9.202016808742082
NY,1121,9.430971607886335
NY,1122,9.888502141172994
NY,1123,10.140213010972424
NY,1124,9.999373927697212
NY,1125,9.746501871061994
NY,1126,9.373760091477033
NY,1127,8.873359126479086
NY,1128,8.423596585877515
NY,1129,8.098754963150164
NY,1130,7.952756354485105
NY,1131,7.868728913120953
NY,1132,7.868401481699867
NY,1133,8.003537130697175
NY,1134,8.355172307681823
NY,1135,8.943590135123074
NY,1136,9.321677562995117
NY,1137,9.481495707083312
NY,1138,9.487896282994523
NY,1139,9.455193687028004
NY,1140,9.38042870661172
NY,1141,9.289181267922073
NY,1142,9.246979295762443
NY,1143,9.209486653783088
NY,1144,9.272203115679783
NY,1145,9.523803217201982
NY,1146,9.94598844429617
NY,1147,10.170842864359532
NY,1148,10.009702180397053
NY,1149,9.7480692222525
NY,1150,9.365863100456394
NY,1151,8.906041683818136
NY,1152,8.473734476725296
NY,1153,8.138025715253464
NY,1154,7.988427770615671
NY,1155,7.91506650582665
NY,1156,7.91731674692693
NY,1157,8.054197991982093
NY,1158,8.416545143674819
NY,1159,9.001220576299007
NY,1160,9.369094684763436
NY,1161,9.488301670957359
NY,1162,9.450451303104229
NY,1163,9.37409223386819
NY,1164,9.25498210317767
NY,1165,9.125965897166843
NY,1166,9.04918777482134
NY,1167,8.984869850127435
NY,1168,9.03475892616619
NY,1169,9.326913092671298
NY,1170,9.798420793090475
NY,1171,10.102276249359473
NY,1172,9.978418696165834
NY,1173,9.742117058149502
NY,1174,9.367745150310821
NY,1175,8.88797806025465
NY,1176,8.453870420863105
NY,1177,8.060929011051451
NY,1178,7.912253772872737
NY,1179,7.845549833545405
NY,1180,7.855833106162725
NY,1181,7.988392054111769
NY,1182,8.321162629959485
NY,1183,8.848820361183492
NY,1184,9.19784041955064
NY,1185,9.323193092154213
NY,1186,9.312662031622747
NY,1187,9.251104089129592
NY,1188,9.142789767005578
NY,1189,9.007722391045503
NY,1190,8.909672027613764
NY,1191,8.845463109793146
NY,1192,8.912993202773807
NY,1193,9.180045564670795
NY,1194,9.614353971074976
NY,1195,9.905295740029977
NY,1196,9.7639902892512
NY,1197,9.517610769794725
NY,1198,9.145758858162347
NY,1199,8.695643480184117
NY,1200,8.273216726731002
NY,1201,8.131563611536954
NY,1202,7.982805949942331
NY,1203,7.913652928869971
NY,1204,7.902847208867029
NY,1205,8.023832772489468
NY,1206,8.35475313449636
NY,1207,8.890735016178892
NY,1208,9.219682994049867
NY,1209,9.344275093146384
NY,1210,9.322410092583166
NY,1211,9.234707567440196
NY,1212,9.09881645974844
NY,1213,8.939873834804496
NY,1214,8.854385796754666
NY,1215,8.795089901692606
NY,1216,8.850671210791246
NY,1217,9.144631686706068
NY,1218,9.615029772492123
NY,1219,9.898872420605938
NY,1220,9.761482334959966
NY,1221,9.527208535806288
NY,1222,9.15762023239017
NY,1223,8.702566898312845
NY,1224,8.28131931054167
NY,1225,8.121014570521204
NY,1226,7.960061978889295
NY,1227,7.876001322973753
NY,1228,7.85727448996193
NY,1229,7.972015117164906
NY,1230,8.312530701622258
NY,1231,8.86182907010773
NY,1232,9.20248540486066
NY,1233,9.306999534114162
NY,1234,9.267277132784814
NY,1235,9.209149938790487
NY,1236,9.115480888560304
NY,1237,8.996643972601278
NY,1238,8.931744870259868
NY,1239,8.893113520979032
NY,1240,8.959063560486035
NY,1241,9.231413654157288
NY,1242,9.695699008765905
NY,1243,9.981251179560086
NY,1244,9.845607588826402
NY,1245,9.571317930768034
NY,1246,9.192334869594829
NY,1247,8.708252074548904
NY,1248,8.281026436461175
NY,1249,7.713045349537231
NY,1250,7.565787660888571
NY,1251,7.477055050602272
NY,1252,7.478489876656302
NY,1253,7.611749205571225
NY,1254,7.990784501732365
NY,1255,8.593112475812562
NY,1256,8.97463271894665
NY,1257,9.122070451696883
NY,1258,9.137557614749253
NY,1259,9.163250763389456
NY,1260,9.100332262754577
NY,1261,9.04699627096499
NY,1262,9.013055639204996
NY,1263,8.954818778780126
NY,1264,8.997500140402396
NY,1265,9.219622039786703
NY,1266,9.60128611711075
NY,1267,9.81607420601569
NY,1268,9.661039849512365
NY,1269,9.412571558382194
NY,1270,9.03014175992004
NY,1271,8.55573474172101
NY,1272,8.136344694602949
NY,1273,7.778304856340336
NY,1274,7.617714362671491
NY,1275,7.527202479274891
NY,1276,7.517542762058335
NY,1277,7.642613117695549
NY,1278,8.001168677221205
NY,1279,8.5792494438872
NY,1280,8.962829579735775
NY,1281,9.141049730302928
NY,1282,9.161922532105992
NY,1283,9.13000107076152
NY,1284,9.058272536441288
NY,1285,8.958222910428788
NY,1286,8.904372459075741
NY,1287,8.86012231366888
NY,1288,8.89861938938158
NY,1289,9.145564534312308
NY,1290,9.570311973351027
NY,1291,9.830054962339275
NY,1292,9.698602142998347
NY,1293,9.438452279826835
NY,1294,9.061332997209762
NY,1295,8.589942708799803
NY,1296,8.1624721826746
NY,1297,7.977154603843597
NY,1298,7.827310906213779
NY,1299,7.742760615800574
NY,1300,7.738808533445525
NY,1301,7.88453028405977
NY,1302,8.232328761300508
NY,1303,8.79939945500231
NY,1304,9.149912633193404
NY,1305,9.284016822377776
NY,1306,9.259863709742621
NY,1307,9.17364831147204
NY,1308,9.047068573978576
NY,1309,8.912561174975384
NY,1310,8.834069686251748
NY,1311,8.776020582493764
NY,1312,8.833922525855957
NY,1313,9.121412168230053
NY,1314,9.585664114644242
NY,1315,9.869131895754391
NY,1316,9.745398687536946
NY,1317,9.491452023432357
NY,1318,9.120057135672694
NY,1319,8.657361791300337
NY,1320,8.228714808573306
NY,1321,7.8901087344800676
NY,1322,7.737197874804026
NY,1323,7.663532450023377
NY,1324,7.6602209459925446
NY,1325,7.782925202667987
NY,1326,8.14200274630705
NY,1327,8.72158440694966
NY,1328,9.101297823109418
NY,1329,9.291481287028601
NY,1330,9.326757702519204
NY,1331,9.315458608015984
NY,1332,9.234554656333533
NY,1333,9.132504853318526
NY,1334,9.079938009338019
NY,1335,9.039248486968765
NY,1336,9.09200854246961
NY,1337,9.335123947474939
NY,1338,9.75173322564862
NY,1339,10.032179088413413
NY,1340,9.90460344564122
NY,1341,9.668330413768942
NY,1342,9.285710376238578
NY,1343,8.81307139940033
NY,1344,8.395758015172598
NY,1345,8.284066308295865
NY,1346,8.124726397907597
NY,1347,8.043316356231168
NY,1348,8.039873240528445
NY,1349,8.170574145175026
NY,1350,8.524094290216711
NY,1351,9.072634215265863
NY,1352,9.410518740058812
NY,1353,9.518643436859662
NY,1354,9.465934402968008
NY,1355,9.367362268280978
NY,1356,9.237371224940073
NY,1357,9.09133194626284
NY,1358,9.006271073531412
NY,1359,8.948834160903724
NY,1360,9.017365465730368
NY,1361,9.294062054645538
NY,1362,9.751924103901791
NY,1363,10.058462321350454
NY,1364,9.949403304131303
NY,1365,9.700600426096948
NY,1366,9.332555946639081
NY,1367,8.863284644198403
NY,1368,8.434873458066127
NY,1369,8.237166542775922
NY,1370,8.097848068840955
NY,1371,8.02336576634221
NY,1372,8.016158853728939
NY,1373,8.141222230210424
NY,1374,8.476948103925166
NY,1375,9.007646081172293
NY,1376,9.316053886457762
NY,1377,9.386589934750388
NY,1378,9.323164372597981
NY,1379,9.24310521101982
NY,1380,9.136238146672499
NY,1381,9.009232408118242
NY,1382,8.93963629880154
NY,1383,8.893391818496209
NY,1384,8.962016779158857
NY,1385,9.24510183568156
NY,1386,9.682826172723402
NY,1387,9.967305516600563
NY,1388,9.847776350255694
NY,1389,9.588505794055068
NY,1390,9.216348273031196
NY,1391,8.737883224776958
NY,1392,8.322730534086753
NY,1393,8.047605656083277
NY,1394,7.911340026109878
NY,1395,7.8554971522844115
NY,1396,7.866578688144351
NY,1397,8.004912905672303
NY,1398,8.376343925672307
NY,1399,8.946707055491679
NY,1400,9.257586524720889
NY,1401,9.341337490533654
NY,1402,9.30242505912382
NY,1403,9.23483438646356
NY,1404,9.126673871319197
NY,1405,9.007544601090144
NY,1406,8.92627235851051
NY,1407,8.860123446751206
NY,1408,8.916507306153457
NY,1409,9.18140220334728
NY,1410,9.627399557941127
NY,1411,9.920470488069121
NY,1412,9.80713215082739
NY,1413,9.55929396555384
NY,1414,9.179729951454231
NY,1415,8.694858255928441
NY,1416,8.261002373304677
NY,1417,8.15938147991829
NY,1418,7.979166873213176
NY,1419,7.8653092678274215
NY,1420,7.83857132698029
NY,1421,7.947295591162428
NY,1422,8.322283371118727
NY,1423,8.953271236806431
NY,1424,9.293621144591203
NY,1425,9.327850906057739
NY,1426,9.247613700777487
NY,1427,9.145937291147021
NY,1428,9.030915356682844
NY,1429,8.892660307133832
NY,1430,8.807051948183487
NY,1431,8.728170229644729
NY,1432,8.755392493798889
NY,1433,8.952075521053924
NY,1434,9.280290502289091
NY,1435,9.565003637911392
NY,1436,9.61172520253991
NY,1437,9.439457041452876
NY,1438,9.06057540213179
NY,1439,8.580122957928452
NY,1440,8.135378816200708
NY,1441,7.655340852361483
NY,1442,7.502952385615419
NY,1443,7.418970486013978
NY,1444,7.420698146414962
NY,1445,7.544014707561336
NY,1446,7.9273710468333
NY,1447,8.56450923048193
NY,1448,8.921377807472005
NY,1449,9.000736808061081
NY,1450,8.911099481993926
NY,1451,8.817996402421587
NY,1452,8.698113887362913
NY,1453,8.538055526393789
NY,1454,8.447861017152805
NY,1455,8.379937488010953
NY,1456,8.441301839306702
NY,1457,8.72118482214614
NY,1458,9.098970840962444
NY,1459,9.41388069353728
NY,1460,9.476626597967575
NY,1461,9.30606345730415
NY,1462,8.940059464844591
NY,1463,8.465158040661862
NY,1464,8.052255989345136
NY,1465,7.589144809419559
NY,1466,7.437859449315368
NY,1467,7.3560007893603965
NY,1468,7.345260010733242
NY,1469,7.473915307508344
NY,1470,7.852323684444465
NY,1471,8.471990852198646
NY,1472,8.832565655191319
NY,1473,8.877901708441092
NY,1474,8.806095143237394
NY,1475,8.710336155078272
NY,1476,8.61026538473873
NY,1477,8.509910251842477
NY,1478,8.468700155528799
NY,1479,8.44689552624763
NY,1480,8.523370128485578
NY,1481,8.793748850245033
NY,1482,9.147802959049312
NY,1483,9.443201995169074
NY,1484,9.500083404856799
NY,1485,9.32979593757429
NY,1486,8.96540171017991
NY,1487,8.485174289382668
NY,1488,8.040171820742502
NY,1489,7.893782626065035
NY,1490,7.738402640046915
NY,1491,7.661076887244348
NY,1492,7.663831953239017
NY,1493,7.803899058186523
NY,1494,8.192451475315309
NY,1495,8.817452256369148
NY,1496,9.174834225561824
NY,1497,9.222949953842873
NY,1498,9.133761126849508
NY,1499,9.038153019029169
NY,1500,8.932158857997143
NY,1501,8.79904828029712
NY,1502,8.711344664095268
NY,1503,8.62828085464367
NY,1504,8.667757799413387
NY,1505,8.915750226121432
NY,1506,9.269686116160315
NY,1507,9.584327312311872
NY,1508,9.65934724729121
NY,1509,9.49768872504645
NY,1510,9.13074047658281
NY,1511,8.669436093692132
NY,1512,8.247723518411181
NY,1513,7.986387789328422
NY,1514,7.843831176535162
NY,1515,7.771953229280535
NY,1516,7.781333202496307
NY,1517,7.904450150764183
NY,1518,8.262706696856862
NY,1519,8.820301964418762
NY,1520,9.09611803964291
NY,1521,9.079983821524308
NY,1522,8.956097764731268
NY,1523,8.828368784570324
NY,1524,8.707453761413214
NY,1525,8.566725517883052
NY,1526,8.47531632545352
NY,1527,8.412437025479152
NY,1528,8.472412052861891
NY,1529,8.731804080418947
NY,1530,9.087760743385616
NY,1531,9.39523987531027
NY,1532,9.459565974158727
NY,1533,9.29365697003802
NY,1534,8.935171139857335
NY,1535,8.463292513482662
NY,1536,8.032767635849016
NY,1537,7.697471619674045
NY,1538,7.562475792911691
NY,1539,7.491703905231282
NY,1540,7.493801594677195
NY,1541,7.617573662565573
NY,1542,7.984085830717271
NY,1543,8.569995632222753
NY,1544,8.862026116871617
NY,1545,8.90387923955624
NY,1546,8.837122379929143
NY,1547,8.740026344422864
NY,1548,8.636168022627867
NY,1549,8.531220513787792
NY,1550,8.439471810374966
NY,1551,8.375434630905207
NY,1552,8.446573163049797
NY,1553,8.70555697874162
NY,1554,9.081101942094877
NY,1555,9.40058562333178
NY,1556,9.464806634155575
NY,1557,9.296121921120166
NY,1558,8.922668314139369
NY,1559,8.437253013134274
NY,1560,8.001742577981886
NY,1561,7.705393868816077
NY,1562,7.557112987755735
NY,1563,7.481620369252288
NY,1564,7.489519308978337
NY,1565,7.62794248235161
NY,1566,8.012590428483403
NY,1567,8.62735612966115
NY,1568,8.91771743095077
NY,1569,8.882393043524788
NY,1570,8.765478968366388
NY,1571,8.647559844948935
NY,1572,8.554242007773233
NY,1573,8.447648520314154
NY,1574,8.380472242223538
NY,1575,8.315727698634918
NY,1576,8.371707434644293
NY,1577,8.638508089509573
NY,1578,8.987424485340467
NY,1579,9.302819222202308
NY,1580,9.387709468464351
NY,1581,9.22772930666965
NY,1582,8.84450161566266
NY,1583,8.3767855269076
NY,1584,7.951306167049096
NY,1585,7.711219895774079
NY,1586,7.563283999411515
NY,1587,7.611111130465817
NY,1588,7.484113390066975
NY,1589,7.623058268920763
NY,1590,8.032058360753581
NY,1591,8.680198492344713
NY,1592,9.006461429016905
NY,1593,8.997602983862135
NY,1594,8.87097937683049
NY,1595,8.74981862944677
NY,1596,8.63094623734792
NY,1597,8.500240819100695
NY,1598,8.405663057795973
NY,1599,8.306261879894585
NY,1600,8.333184551857068
NY,1601,8.571074331340517
NY,1602,8.91547024859661
NY,1603,9.246827053416812
NY,1604,9.323423872946659
NY,1605,9.166454212984494
NY,1606,8.799654342757487
NY,1607,8.323600456779667
NY,1608,7.881370569613419
NY,1609,7.833590014594971
NY,1610,7.6907901987605936
NY,1611,7.67095540204201
NY,1612,7.6385909677910755
NY,1613,7.784710769192761
NY,1614,8.179584817073794
NY,1615,8.788548686811689
NY,1616,9.094335212833114
NY,1617,9.097327356581877
NY,1618,8.979517514601588
NY,1619,8.871860074273368
NY,1620,8.728727865066517
NY,1621,8.559838057590321
NY,1622,8.454969726241043
NY,1623,8.359202989423796
NY,1624,8.389691066580184
NY,1625,8.619833643696385
NY,1626,8.984071355964398
NY,1627,9.321531056698953
NY,1628,9.435450654307978
NY,1629,9.284413279187774
NY,1630,8.91996028617354
NY,1631,8.469224229889972
NY,1632,8.048847119954273
NY,1633,7.73187976562459
NY,1634,7.5901716646842
NY,1635,7.548239900072925
NY,1636,7.513714902010945
NY,1637,7.643756927687092
NY,1638,8.024402576382387
NY,1639,8.62072904615893
NY,1640,8.933583906911812
NY,1641,8.955449025693335
NY,1642,8.842674188816407
NY,1643,8.71020723206327
NY,1644,8.58208582731228
NY,1645,8.42541399330856
NY,1646,8.33425321730488
NY,1647,8.275045425618211
NY,1648,8.345707681936075
NY,1649,8.574127638511083
NY,1650,8.881650481253867
NY,1651,9.17789989426182
NY,1652,9.24451547699692
NY,1653,9.084037965104482
NY,1654,8.70888104571404
NY,1655,8.234877382288522
NY,1656,7.813634298502312
NY,1657,7.53175205846216
NY,1658,7.378515188590819
NY,1659,7.358516031327422
NY,1660,7.287143311081829
NY,1661,7.414297845639727
NY,1662,7.7763494484025415
NY,1663,8.402829475247087
NY,1664,8.755770612527654
NY,1665,8.807527827226084
NY,1666,8.715958041907783
NY,1667,8.621458198638223
NY,1668,8.478271599860905
NY,1669,8.340776546282784
NY,1670,8.255294574544193
NY,1671,8.177671154041409
NY,1672,8.206322361407349
NY,1673,8.408858616127922
NY,1674,8.711619543644083
NY,1675,9.007860416930212
NY,1676,9.115180805180268
NY,1677,8.980194319442482
NY,1678,8.622032604333778
NY,1679,8.157174982914558
NY,1680,7.730352841434279
NY,1681,7.597026245766845
NY,1682,7.4446469080339215
NY,1683,7.28987096351879
NY,1684,7.359803821005785
NY,1685,7.486855061286282
NY,1686,7.839019192018413
NY,1687,8.418918088348393
NY,1688,8.730334591242285
NY,1689,8.745692796695504
NY,1690,8.659584411502061
NY,1691,8.570656812129743
NY,1692,8.473711994047301
NY,1693,8.341769967992603
NY,1694,8.23476323549679
NY,1695,8.153833438261325
NY,1696,8.191641664138528
NY,1697,8.414974429260315
NY,1698,8.735867579659097
NY,1699,9.029442224804807
NY,1700,9.151746337181729
NY,1701,9.011820210856811
NY,1702,8.657884013676416
NY,1703,8.205587745300624
NY,1704,7.803219290753062
NY,1705,7.628927444100617
NY,1706,7.490760632348061
NY,1707,7.583716753087585
NY,1708,7.411144427723155
NY,1709,7.541798265472874
NY,1710,7.896981845385912
NY,1711,8.489822047620263
NY,1712,8.845855732239434
NY,1713,8.910564764154099
NY,1714,8.84796250212829
NY,1715,8.757044290437968
NY,1716,8.644403338316899
NY,1717,8.532103965882005
NY,1718,8.437416299962575
NY,1719,8.374859891393049
NY,1720,8.438137392856001
NY,1721,8.668580760023758
NY,1722,8.967922014696292
NY,1723,9.230273643831005
NY,1724,9.339631746619336
NY,1725,9.181110696426636
NY,1726,8.809833492731578
NY,1727,8.338041696505814
NY,1728,7.892050925559433
NY,1729,7.727107338528445
NY,1730,7.584259162094543
NY,1731,7.5623571273290935
NY,1732,7.47702260100653
NY,1733,7.6089594400409775
NY,1734,7.9839091161283955
NY,1735,8.59792546145986
NY,1736,8.952678992557898
NY,1737,9.003106778915189
NY,1738,8.931763048837126
NY,1739,8.831771499040876
NY,1740,8.713247911221117
NY,1741,8.571177055796625
NY,1742,8.490260930258636
NY,1743,8.420021686806672
NY,1744,8.443792554528669
NY,1745,8.648049688598945
NY,1746,8.942409046124668
NY,1747,9.19744116388535
NY,1748,9.338921480998945
NY,1749,9.201434304465712
NY,1750,8.830284119012179
NY,1751,8.341284971943912
NY,1752,7.893610578578833
NY,1753,7.511144336687602
NY,1754,7.365465827871738
NY,1755,7.290072661061696
NY,1756,7.294715773549624
NY,1757,7.436683417822982
NY,1758,7.846001129014218
NY,1759,8.510845128012031
NY,1760,8.922170097471295
NY,1761,8.956305991480649
NY,1762,8.840693282298986
NY,1763,8.714485111555136
NY,1764,8.583026428093657
NY,1765,8.43342197928344
NY,1766,8.344618610447025
NY,1767,8.249768725987682
NY,1768,8.24890012164951
NY,1769,8.444416111447314
NY,1770,8.774719036456274
NY,1771,9.083875413568283
NY,1772,9.29069015120237
NY,1773,9.183842768754744
NY,1774,8.846227312699408
NY,1775,8.383818552200413
NY,1776,7.9663649111034855
NY,1777,7.5382769074206815
NY,1778,7.390673586177965
NY,1779,7.311842635049995
NY,1780,7.310918494751419
NY,1781,7.438892986734818
NY,1782,7.830358818839399
NY,1783,8.465099115213977
NY,1784,8.85414728659142
NY,1785,8.90614256511332
NY,1786,8.818411492619928
NY,1787,8.687922146585233
NY,1788,8.540488126557587
NY,1789,8.375382849966432
NY,1790,8.252731462006505
NY,1791,8.154578475899891
NY,1792,8.166003512214663
NY,1793,8.349718290182652
NY,1794,8.6738432855955
NY,1795,8.952500371628984
NY,1796,9.156679884723367
NY,1797,9.060852614276923
NY,1798,8.717421265810351
NY,1799,8.274412260800508
NY,1800,7.855772195639488
NY,1801,7.469750321342951
NY,1802,7.3085922317866405
NY,1803,7.231153982283294
NY,1804,7.234712306623356
NY,1805,7.355243367256292
NY,1806,7.72317870824541
NY,1807,8.339594801221825
NY,1808,8.706302454594356
NY,1809,8.762617946533856
NY,1810,8.665790620796367
NY,1811,8.546076370030573
NY,1812,8.378520099085698
NY,1813,8.208784410706041
NY,1814,8.09896939191745
NY,1815,8.002045461178005
NY,1816,7.982697173127766
NY,1817,8.165382802350779
NY,1818,8.434337909297183
NY,1819,8.714939480386382
NY,1820,8.899056209628169
NY,1821,8.811159458444617
NY,1822,8.478793550319573
NY,1823,8.031665668091135
NY,1824,7.613418582319567
NY,1825,7.460259316256733
NY,1826,7.320158845436223
NY,1827,7.249130197551449
NY,1828,7.255611290310518
NY,1829,7.367161611045351
NY,1830,7.743084238840699
NY,1831,8.37280721043869
NY,1832,8.741135290972707
NY,1833,8.781072897462376
NY,1834,8.687298389114908
NY,1835,8.547105857189958
NY,1836,8.381783921999443
NY,1837,8.216874394298584
NY,1838,8.126385296926129
NY,1839,8.028829566894998
NY,1840,8.04616284732395
NY,1841,8.242165316501513
NY,1842,8.559352400073854
NY,1843,8.822936731779693
NY,1844,8.989665094820898
NY,1845,8.899538515673223
NY,1846,8.558216591415235
NY,1847,8.101268771965822
NY,1848,7.678302688269244
NY,1849,7.531398023626632
NY,1850,7.3863713580911465
NY,1851,7.315429635287093
NY,1852,7.32127166304725
NY,1853,7.458376302605911
NY,1854,7.795207517512185
NY,1855,8.37684461571308
NY,1856,8.702277201838644
NY,1857,8.734765960031002
NY,1858,8.6143548123843
NY,1859,8.499305459071513
NY,1860,8.36623534221523
NY,1861,8.229415873797384
NY,1862,8.11962484393211
NY,1863,8.013812475605183
NY,1864,7.99719923170682
NY,1865,8.178161556691615
NY,1866,8.487097752509218
NY,1867,8.786804497776718
NY,1868,9.000589339516866
NY,1869,8.930784761059515
NY,1870,8.600527837006005
NY,1871,8.1588232810415
NY,1872,7.729016800792423
NY,1873,7.526149548671108
NY,1874,7.37502389719012
NY,1875,7.305336434383925
NY,1876,7.314055015336706
NY,1877,7.43731472092976
NY,1878,7.800210824776027
NY,1879,8.391365040731662
NY,1880,8.695948896505522
NY,1881,8.656682351735897
NY,1882,8.478459211508099
NY,1883,8.32138473879389
NY,1884,8.189335272952603
NY,1885,8.046378921190026
NY,1886,7.932007901265082
NY,1887,7.832007690164651
NY,1888,7.833386726592601
NY,1889,8.012399188371472
NY,1890,8.335851571623897
NY,1891,8.659865216358474
NY,1892,8.876900588714838
NY,1893,8.811434938575989
NY,1894,8.490236915861528
NY,1895,8.045143481169724
NY,1896,7.622003515404314
NY,1897,7.390992702665383
NY,1898,7.25578940208888
NY,1899,7.187417609026728
NY,1900,7.185361992686575
NY,1901,7.327561704685802
NY,1902,7.706817025407438
NY,1903,8.349596818669909
NY,1904,8.719764359096878
NY,1905,8.700472670742325
NY,1906,8.523044843733208
NY,1907,8.367299901806236
NY,1908,8.244715908980961
NY,1909,8.122172784338439
NY,1910,8.034141281683782
NY,1911,7.9483202390373995
NY,1912,7.960036359546796
NY,1913,8.167061939933971
NY,1914,8.490332723678488
NY,1915,8.799557826505481
NY,1916,8.992053712979045
NY,1917,8.909882068702201
NY,1918,8.556208849651924
NY,1919,8.091539540532967
NY,1920,7.654221292463578
NY,1921,7.402081729494463
NY,1922,7.257555458040657
NY,1923,7.1966854302699375
NY,1924,7.204876329532194
NY,1925,7.342955542970422
NY,1926,7.751486768467761
NY,1927,8.431440921838307
NY,1928,8.8174400699939
NY,1929,8.82345492060101
NY,1930,8.668921307377083
NY,1931,8.525973760369322
NY,1932,8.38732068982608
NY,1933,8.255627933430992
NY,1934,8.190765892839982
NY,1935,8.117802479027384
NY,1936,8.149875251989595
NY,1937,8.369300813400463
NY,1938,8.665206035124084
NY,1939,8.925433640639296
NY,1940,9.109528656678945
NY,1941,9.00856166061813
NY,1942,8.65739628619866
NY,1943,8.188121236389163
NY,1944,7.758724544302317
NY,1945,7.493854113058088
NY,1946,7.341404411752891
NY,1947,7.258207546432839
NY,1948,7.249006438028703
NY,1949,7.377546723919436
NY,1950,7.752727700546499
NY,1951,8.379327225201825
NY,1952,8.769467183853424
NY,1953,8.842120946961712
NY,1954,8.772585900897223
NY,1955,8.710420741671694
NY,1956,8.588079283739285
NY,1957,8.450655167400171
NY,1958,8.354385330610716
NY,1959,8.258383813918535
NY,1960,8.266308972222774
NY,1961,8.440187699799916
NY,1962,8.706041523206826
NY,1963,8.929551239842041
NY,1964,9.088826583621636
NY,1965,8.986746432079984
NY,1966,8.638327576545283
NY,1967,8.172887295110815
NY,1968,7.741970526714007
NY,1969,7.203678399443609
NY,1970,7.048881827354711
NY,1971,6.970648439639235
NY,1972,6.978978890563022
NY,1973,7.102675575688013
NY,1974,7.470201926545426
NY,1975,8.082604230498502
NY,1976,8.449696957135627
NY,1977,8.500400094645007
NY,1978,8.417314291579082
NY,1979,8.306794277868374
NY,1980,8.196620895152531
NY,1981,8.060900651515663
NY,1982,7.9670849309571246
NY,1983,7.879103342881938
NY,1984,7.881632563097148
NY,1985,8.063714969129073
NY,1986,8.365600993683676
NY,1987,8.631809921605313
NY,1988,8.81270467427295
NY,1989,8.71948150118184
NY,1990,8.362960128309895
NY,1991,7.9067768478835365
NY,1992,7.470844324056244
NY,1993,7.161602786303687
NY,1994,7.0137851700370595
NY,1995,6.93325289340839
NY,1996,6.926473499857356
NY,1997,7.049970271308604
NY,1998,7.419586989523787
NY,1999,8.040354547908265
NY,2000,8.400379839943286
NY,2001,8.455571492342191
NY,2002,8.360608885324371
NY,2003,8.270504669408563
NY,2004,8.178472173652196
NY,2005,8.049667783750271
NY,2006,7.957460991226654
NY,2007,7.8869775991986835
NY,2008,7.8917249434353325
NY,2009,8.078927875140527
NY,2010,8.34144324334601
NY,2011,8.56445592117245
NY,2012,8.728230336478154
NY,2013,8.652051743755921
NY,2014,8.31296825726429
NY,2015,7.861921103096008
NY,2016,7.436541354821255
NY,2017,7.2333420235606845
NY,2018,7.075718678091672
NY,2019,6.995682872247629
NY,2020,6.992062642195463
NY,2021,7.103600832530228
NY,2022,7.456497800532228
NY,2023,8.018799706256761
NY,2024,8.338869826120067
NY,2025,8.3619561694824
NY,2026,8.25952295384565
NY,2027,8.144840243140473
NY,2028,8.001093179654019
NY,2029,7.85108877620434
NY,2030,7.75832269310783
NY,2031,7.650533021942693
NY,2032,7.645146291242855
NY,2033,7.838434966802059
NY,2034,8.158862114293141
NY,2035,8.46271097025917
NY,2036,8.681772683089225
NY,2037,8.6419273382788
NY,2038,8.32816009257408
NY,2039,7.8956100710001085
NY,2040,7.482467573549208
NY,2041,7.271143524787935
NY,2042,7.138528934542263
NY,2043,7.071829393021458
NY,2044,7.063680305003869
NY,2045,7.193697510440616
NY,2046,7.5512303398405995
NY,2047,8.122130056526139
NY,2048,8.414823340149683
NY,2049,8.40928296608992
NY,2050,8.29713733205148
NY,2051,8.175269314792667
NY,2052,8.06566263719251
NY,2053,7.904877600499084
NY,2054,7.818803275874407
NY,2055,7.729674744949532
NY,2056,7.751925060868962
NY,2057,7.978192274535145
NY,2058,8.290299788124493
NY,2059,8.562928304558667
NY,2060,8.755977712468015
NY,2061,8.697535680521986
NY,2062,8.350009623065889
NY,2063,7.898658294247269
NY,2064,7.476764065890896
NY,2065,7.049058672722735
NY,2066,6.8999586872561505
NY,2067,6.8342579273122315
NY,2068,6.832691600714553
NY,2069,6.975292089850713
NY,2070,7.356158460665639
NY,2071,7.969836721150437
NY,2072,8.308564507422485
NY,2073,8.30994554414151
NY,2074,8.218177425396599
NY,2075,8.108322269809024
NY,2076,8.010309163797832
NY,2077,7.869902808515196
NY,2078,7.797044439183571
NY,2079,7.731010531564785
NY,2080,7.767224962956849
NY,2081,7.991446376043823
NY,2082,8.308750807406263
NY,2083,8.561371266526155
NY,2084,8.725853278708843
NY,2085,8.631608090822164
NY,2086,8.257464265588744
NY,2087,7.766076866381973
NY,2088,7.322313878804885
NY,2089,7.04147557373377
NY,2090,6.885584804414171
NY,2091,6.806404304285555
NY,2092,6.805659336382287
NY,2093,6.937241042228555
NY,2094,7.350568821213846
NY,2095,8.009387192142835
NY,2096,8.386381081486212
NY,2097,8.41257611569801
NY,2098,8.297832120505054
NY,2099,8.173524668977882
NY,2100,8.054942755287513
NY,2101,7.921354931465763
NY,2102,7.809801427601677
NY,2103,7.706673040733259
NY,2104,7.714548061061588
NY,2105,7.904125417737328
NY,2106,8.208591085717652
NY,2107,8.519385867000437
NY,2108,8.701642922434942
NY,2109,8.65201319791018
NY,2110,8.286493310159479
NY,2111,7.826099671319273
NY,2112,7.392319926051924
NY,2113,7.259790964108078
NY,2114,7.125943513558633
NY,2115,7.056996786553842
NY,2116,7.065512465911974
NY,2117,7.1955066587202134
NY,2118,7.589045647215622
NY,2119,8.209492473265145
NY,2120,8.54537066824547
NY,2121,8.543290135369244
NY,2122,8.396208201371833
NY,2123,8.248331498244934
NY,2124,8.121418030467558
NY,2125,7.972152914673306
NY,2126,7.85744706912873
NY,2127,7.755744551854595
NY,2128,7.746305730831118
NY,2129,7.913089340369086
NY,2130,8.210218859908183
NY,2131,8.502575441057857
NY,2132,8.706415714351202
NY,2133,8.647273643094003
NY,2134,8.307510553928324
NY,2135,7.85393779129941
NY,2136,7.428622858580062
NY,2137,7.158592012246805
NY,2138,7.002866428424655
NY,2139,6.929076692684762
NY,2140,6.929874899698409
NY,2141,7.0360271561095535
NY,2142,7.4027944017226375
NY,2143,7.987980869690749
NY,2144,8.291043958046231
NY,2145,8.316709379596062
NY,2146,8.216521991404191
NY,2147,8.132233905836475
NY,2148,8.03787826098877
NY,2149,7.93191503804932
NY,2150,7.847781713211648
NY,2151,7.779472066719615
NY,2152,7.774581971838274
NY,2153,7.940141749834233
NY,2154,8.207751597519216
NY,2155,8.450225553625192
NY,2156,8.60095016034123
NY,2157,8.516025448541589
NY,2158,8.17327242192992
NY,2159,7.7053696104793685
NY,2160,7.269473880662236
NY,2161,6.827795883851231
NY,2162,6.6672524032442935
NY,2163,6.593627294102896
NY,2164,6.566328287033118
NY,2165,6.693552192361835
NY,2166,7.039375271151345
NY,2167,7.608024362698203
NY,2168,7.95888028211617
NY,2169,8.053689321801523
NY,2170,8.008377889040505
NY,2171,7.943068656378843
NY,2172,7.865365208205349
NY,2173,7.754144167522539
NY,2174,7.677546941940438
NY,2175,7.623755751751051
NY,2176,7.641935683885486
NY,2177,7.772973516050081
NY,2178,8.01947920530622
NY,2179,8.197632630503806
NY,2180,8.381164338703261
NY,2181,8.457953928207445
NY,2182,8.151360503940937
NY,2183,7.692915343866185
NY,2184,7.249640113630158
NY,2185,6.917760633637097
NY,2186,6.762232360590746
NY,2187,6.827979491317479
NY,2188,6.653853793640312
NY,2189,6.774913022825208
NY,2190,7.115309784002669
NY,2191,7.65611993987778
NY,2192,7.971576074566655
NY,2193,7.9962881437581945
NY,2194,7.860255294609365
NY,2195,7.714730883343927
NY,2196,7.580048079083625
NY,2197,7.447704177109953
NY,2198,7.370622935283382
NY,2199,7.275385069373047
NY,2200,7.25618893546934
NY,2201,7.398814304613205
NY,2202,7.6672358408609105
NY,2203,7.926403502675498
NY,2204,8.167189240946874
NY,2205,8.281968277046722
NY,2206,7.993489663164916
NY,2207,7.563411019775291
NY,2208,7.146651760400524
NY,2209,6.8360720881887715
NY,2210,6.679105886791243
NY,2211,6.665259465454757
NY,2212,6.569750462149237
NY,2213,6.682040061124025
NY,2214,7.02037127480842
NY,2215,7.568430851267481
NY,2216,7.883986511767954
NY,2217,7.927988360723305
NY,2218,7.852447679409782
NY,2219,7.774676521216866
NY,2220,7.714785886108493
NY,2221,7.620811325765176
NY,2222,7.5654797711809065
NY,2223,7.492949418285465
NY,2224,7.485801666083109
NY,2225,7.6317926742440045
NY,2226,7.904128399415152
NY,2227,8.091922619382121
NY,2228,8.291049702085697
NY,2229,8.368726471626513
NY,2230,8.037813600483261
NY,2231,7.584756485507047
NY,2232,7.159001763528469
NY,2233,6.789103809954082
NY,2234,6.632635385466972
NY,2235,6.579465740537391
NY,2236,6.5247313988920945
NY,2237,6.65890608133054
NY,2238,7.033210580112325
NY,2239,7.615689830542122
NY,2240,7.961748410980375
NY,2241,8.02943828017319
NY,2242,7.953448759893591
NY,2243,7.85049156172204
NY,2244,7.7415309387540026
NY,2245,7.623144571945391
NY,2246,7.546666073439578
NY,2247,7.48670534729857
NY,2248,7.483537715093783
NY,2249,7.602944933872644
NY,2250,7.8316183893646505
NY,2251,8.012846046831255
NY,2252,8.206314688103406
NY,2253,8.302146032275958
NY,2254,8.003476337229802
NY,2255,7.550460624118761
NY,2256,7.1219001334507634
NY,2257,6.87849537243924
NY,2258,6.719636751462791
NY,2259,6.636323191831421
NY,2260,6.599480151822675
NY,2261,6.709646004193599
NY,2262,7.071909350788063
NY,2263,7.6563995514717185
NY,2264,8.000016798938454
NY,2265,8.05744384192834
NY,2266,7.993427176913526
NY,2267,7.920163232611748
NY,2268,7.824101049696473
NY,2269,7.711906340599025
NY,2270,7.668052893616579
NY,2271,7.612878140940502
NY,2272,7.577299787608171
NY,2273,7.694695655806515
NY,2274,7.925194647413871
NY,2275,8.105808712779192
NY,2276,8.279410860240509
NY,2277,8.335979623346544
NY,2278,8.017971200711685
NY,2279,7.554635640827221
NY,2280,7.122928580605364
NY,2281,6.85684724302914
NY,2282,6.686485494693279
NY,2283,6.631158672934045
NY,2284,6.5670785063419626
NY,2285,6.688461185546422
NY,2286,7.023623622065569
NY,2287,7.559232294201232
NY,2288,7.875552245013242
NY,2289,7.9377514576074955
NY,2290,7.860396489683502
NY,2291,7.785848300023598
NY,2292,7.657237447092396
NY,2293,7.532101979671257
NY,2294,7.430866951669109
NY,2295,7.352238653133949
NY,2296,7.325120345995872
NY,2297,7.439625659596435
NY,2298,7.666320512130847
NY,2299,7.859334997692986
NY,2300,8.051331199547498
NY,2301,8.140966422514195
NY,2302,7.853093764637842
NY,2303,7.4060126376440385
NY,2304,6.985266052978608
NY,2305,6.786146697470607
NY,2306,6.6201958370432905
NY,2307,6.584688859944164
NY,2308,6.501942073849295
NY,2309,6.626982347837949
NY,2310,6.974196048836001
NY,2311,7.513709290089484
NY,2312,7.8402890596688435
NY,2313,7.910862641337343
NY,2314,7.873711305682524
NY,2315,7.796945052150473
NY,2316,7.6930439233259404
NY,2317,7.602011997719071
NY,2318,7.52490955669884
NY,2319,7.471402739046619
NY,2320,7.466009242701486
NY,2321,7.60466930476051
NY,2322,7.8276331734261495
NY,2323,7.994751976917334
NY,2324,8.159270515404433
NY,2325,8.230911331817033
NY,2326,7.912782004952387
NY,2327,7.467034215724293
NY,2328,7.037524823413217
NY,2329,6.858472644508407
NY,2330,6.689615816377843
NY,2331,6.589637142245444
NY,2332,6.576771089833031
NY,2333,6.69212963336889
NY,2334,7.045314492182783
NY,2335,7.617473763383656
NY,2336,7.9452688528074065
NY,2337,7.982764797073436
NY,2338,7.900108047944591
NY,2339,7.818148466853891
NY,2340,7.744797267779261
NY,2341,7.639303063045781
NY,2342,7.592735291443888
NY,2343,7.515305633409212
NY,2344,7.48670098571253
NY,2345,7.609260815050857
NY,2346,7.8282581300363185
NY,2347,8.010981523216575
NY,2348,8.187040097767992
NY,2349,8.297937056704386
NY,2350,8.000533671679054
NY,2351,7.5623681807868195
NY,2352,7.1269037529804375
NY,2353,6.838023129532954
NY,2354,6.670515336216184
NY,2355,6.589906723190154
NY,2356,6.576878841892501
NY,2357,6.689277284702466
NY,2358,7.014686244366617
NY,2359,7.5106340119077135
NY,2360,7.7895844268895
NY,2361,7.8084094504332136
NY,2362,7.697346192677882
NY,2363,7.598576802213297
NY,2364,7.523666536048128
NY,2365,7.399769212091314
NY,2366,7.322405947551068
NY,2367,7.2396713180492185
NY,2368,7.20610493071313
NY,2369,7.311953709240107
NY,2370,7.544912586774704
NY,2371,7.7520675097034895
NY,2372,7.954465916668448
NY,2373,8.089118539194606
NY,2374,7.806000514925875
NY,2375,7.376893728513985
NY,2376,6.967702252111254
NY,2377,6.651450150992979
NY,2378,6.489498270203976
NY,2379,6.407444431302457
NY,2380,6.399248105202156
NY,2381,6.514684359815388
NY,2382,6.843878182050248
NY,2383,7.347200160356764
NY,2384,7.647719934736321
NY,2385,7.680112425737006
NY,2386,7.622085620875939
NY,2387,7.52430696722093
NY,2388,7.426214440381896
NY,2389,7.323504374122769
NY,2390,7.267383704070414
NY,2391,7.203045068590951
NY,2392,7.187455670599127
NY,2393,7.334988198332055
NY,2394,7.555731132603989
NY,2395,7.76509426482468
NY,2396,7.967931243688475
NY,2397,8.106926485065232
NY,2398,7.810999675994533
NY,2399,7.356351698576414
NY,2400,6.919852802550716
NY,2401,6.686153869415869
NY,2402,6.523951423592998
NY,2403,6.441873584352898
NY,2404,6.43471321350496
NY,2405,6.562466009910624
NY,2406,6.923337602499687
NY,2407,7.483998470737892
NY,2408,7.794863288296699
NY,2409,7.809953106121529
NY,2410,7.7330054177825245
NY,2411,7.654719641602338
NY,2412,7.581195601481564
NY,2413,7.4792222778375
NY,2414,7.4265676289157305
NY,2415,7.385686618477511
NY,2416,7.38382387282427
NY,2417,7.516477774800903
NY,2418,7.74875050862308
NY,2419,7.914692221720191
NY,2420,8.095308921513713
NY,2421,8.18511086733329
NY,2422,7.880894808122039
NY,2423,7.433773583203476
NY,2424,6.998112188970314
NY,2425,6.71088356429835
NY,2426,6.538691606377615
NY,2427,6.436239854826523
NY,2428,6.423157550221286
NY,2429,6.544233379810642
NY,2430,6.904462852396817
NY,2431,7.4610117069277475
NY,2432,7.781772479984033
NY,2433,7.803894630634719
NY,2434,7.680091368004133
NY,2435,7.552946819276402
NY,2436,7.4361926711603115
NY,2437,7.333157954579896
NY,2438,7.267229305626483
NY,2439,7.196624103207614
NY,2440,7.171718427805028
NY,2441,7.297875993423272
NY,2442,7.548850543122242
NY,2443,7.751574055616284
NY,2444,7.9396035624000145
NY,2445,8.044776906795288
NY,2446,7.74221930586669
NY,2447,7.289917858027667
NY,2448,6.857200346021978
NY,2449,6.5584643007492796
NY,2450,6.385127060905398
NY,2451,6.278607058505545
NY,2452,6.2514551533105065
NY,2453,6.35860303892103
NY,2454,6.69398879441249
NY,2455,7.238886461538226
NY,2456,7.587709910253402
NY,2457,7.658505583745328
NY,2458,7.584200871720573
NY,2459,7.497578977492094
NY,2460,7.427074728405942
NY,2461,7.335410487755488
NY,2462,7.301114163069058
NY,2463,7.27300066613819
NY,2464,7.290474194629175
NY,2465,7.443448556351107
NY,2466,7.679832607534801
NY,2467,7.852477656205751
NY,2468,8.014950330458626
NY,2469,8.100137724466299
NY,2470,7.7871223217572
NY,2471,7.32912732017312
NY,2472,6.890556418755618
NY,2473,6.644585892615592
NY,2474,6.463820875205819
NY,2475,6.368734792312762
NY,2476,6.342262116447826
NY,2477,6.44787622982593
NY,2478,6.772808741202298
NY,2479,7.280772295893751
NY,2480,7.5898505476315625
NY,2481,7.630447639381932
NY,2482,7.5514351474690615
NY,2483,7.482251751882294
NY,2484,7.427019042788411
NY,2485,7.38183402600819
NY,2486,7.382527028484106
NY,2487,7.336985004313393
NY,2488,7.339863151313364
NY,2489,7.4730218090125105
NY,2490,7.6775303749787245
NY,2491,7.825354323133368
NY,2492,7.971243712840381
NY,2493,8.057826026960342
NY,2494,7.73843368300308
NY,2495,7.284477613648554
NY,2496,6.859186360112013
NY,2497,6.501601097235024
NY,2498,6.335919689232608
NY,2499,6.229441683327272
NY,2500,6.217557123964099
NY,2501,6.341127749444126
NY,2502,6.669518708998461
NY,2503,7.182212504002148
NY,2504,7.511137947756084
NY,2505,7.561651816884661
NY,2506,7.532101733233263
NY,2507,7.517931795448085
NY,2508,7.499587114316337
NY,2509,7.437928538817733
NY,2510,7.423559751556478
NY,2511,7.387444647923703
NY,2512,7.4149208668885445
NY,2513,7.554413355592456
NY,2514,7.747388937720972
NY,2515,7.86858081744869
NY,2516,7.980181703515828
NY,2517,8.042629920806666
NY,2518,7.72262827443173
NY,2519,7.261418977053886
NY,2520,6.821531300568413
NY,2521,6.423138127102592
NY,2522,6.251559589081935
NY,2523,6.165065759849295
NY,2524,6.143750706338661
NY,2525,6.267213079817964
NY,2526,6.59685443901955
NY,2527,7.093355907418251
NY,2528,7.413708871091823
NY,2529,7.495982287021158
NY,2530,7.471121698143339
NY,2531,7.421934628764271
NY,2532,7.362560964831675
NY,2533,7.280491845973205
NY,2534,7.249972460929736
NY,2535,7.235967742376432
NY,2536,7.228748819256246
NY,2537,7.345521147404855
NY,2538,7.552486971298855
NY,2539,7.710607504028625
NY,2540,7.8853225119237695
NY,2541,7.983151916330276
NY,2542,7.6900003226887765
NY,2543,7.2416945980006835
NY,2544,6.830460634745034
NY,2545,6.547440037810502
NY,2546,6.377527713658982
NY,2547,6.287141672417878
NY,2548,6.270281397018038
NY,2549,6.381351312790891
NY,2550,6.707537479842908
NY,2551,7.200314965778489
NY,2552,7.506044367913109
NY,2553,7.569976035812674
NY,2554,7.513515043338085
NY,2555,7.457056172914017
NY,2556,7.398644695271172
NY,2557,7.314154535564866
NY,2558,7.246511610889024
NY,2559,7.182132264341809
NY,2560,7.1449396228651
NY,2561,7.253372437108191
NY,2562,7.4514737678384035
NY,2563,7.622014306938386
NY,2564,7.820645419093618
NY,2565,7.954247874077362
NY,2566,7.673000268646502
NY,2567,7.238579306376101
NY,2568,6.837420384901206
NY,2569,6.635431073036253
NY,2570,6.470167491953064
NY,2571,6.382550595159155
NY,2572,6.360937130115827
NY,2573,6.473446536086646
NY,2574,6.813292636348809
NY,2575,7.333817267452148
NY,2576,7.6467073969434685
NY,2577,7.676045643318079
NY,2578,7.593082385835843
NY,2579,7.52899967640292
NY,2580,7.4649814315322915
NY,2581,7.388424950416195
NY,2582,7.352451832504011
NY,2583,7.301970306536871
NY,2584,7.306887989805318
NY,2585,7.420046861145341
NY,2586,7.611109236687175
NY,2587,7.757522007792259
NY,2588,7.915780594813058
NY,2589,8.01811625803111
NY,2590,7.733139704530911
NY,2591,7.277679143609155
NY,2592,6.852456912992906
NY,2593,6.5758243577686795
NY,2594,6.408449289309195
NY,2595,6.317039184297994
NY,2596,6.299985048210029
NY,2597,6.420952840203926
NY,2598,6.777541831966937
NY,2599,7.315709015250819
NY,2600,7.641102931962009
NY,2601,7.701023185933364
NY,2602,7.642335700573054
NY,2603,7.602626741782968
NY,2604,7.539476466485664
NY,2605,7.436491878288538
NY,2606,7.3600517686057225
NY,2607,7.282263967106205
NY,2608,7.25209417875375
NY,2609,7.3482816557694175
NY,2610,7.561318225092259
NY,2611,7.737084874158038
NY,2612,7.908634548810843
NY,2613,8.001260301239531
NY,2614,7.693214080200106
NY,2615,7.251788616049921
NY,2616,6.816610910243132
NY,2617,6.439856599772454
NY,2618,6.27870315710881
NY,2619,6.20107789882649
NY,2620,6.196613769267097
NY,2621,6.324149664621246
NY,2622,6.675584460872627
NY,2623,7.199956230690138
NY,2624,7.51851676813578
NY,2625,7.593936948921215
NY,2626,7.543121430646104
NY,2627,7.465731793039899
NY,2628,7.37668572350134
NY,2629,7.291830025462135
NY,2630,7.220562965344477
NY,2631,7.127337971355946
NY,2632,7.089481840174166
NY,2633,7.198267677649169
NY,2634,7.4197916602983565
NY,2635,7.602694232344763
NY,2636,7.786616201132719
NY,2637,7.899231396769533
NY,2638,7.606002090979871
NY,2639,7.140906222751251
NY,2640,6.705875881481296
NY,2641,6.491466290955926
NY,2642,6.340499382742664
NY,2643,6.25968933675802
NY,2644,6.250189870897462
NY,2645,6.369380662406133
NY,2646,6.7091589785766965
NY,2647,7.224193565650745
NY,2648,7.535504473506462
NY,2649,7.5986799623358205
NY,2650,7.547862107531905
NY,2651,7.49820591903983
NY,2652,7.452048524305651
NY,2653,7.399528561350153
NY,2654,7.365316218000404
NY,2655,7.316332406737654
NY,2656,7.295163255494574
NY,2657,7.404490459542314
NY,2658,7.58858265395158
NY,2659,7.730608779626092
NY,2660,7.892352156523187
NY,2661,8.020213541469065
NY,2662,7.743065262127631
NY,2663,7.301868624804385
NY,2664,6.883774243116435
NY,2665,6.536012006603991
NY,2666,6.374682233762984
NY,2667,6.271862643421489
NY,2668,6.260352599324807
NY,2669,6.386238375650263
NY,2670,6.717683662568544
NY,2671,7.240995952704198
NY,2672,7.545766420429442
NY,2673,7.632445679920508
NY,2674,7.580918821971514
NY,2675,7.534660248874895
NY,2676,7.47014793415448
NY,2677,7.365642699115104
NY,2678,7.303084635093843
NY,2679,7.250229842955651
NY,2680,7.231906550953727
NY,2681,7.337499198539731
NY,2682,7.544250782801319
NY,2683,7.688464256219032
NY,2684,7.850382594412178
NY,2685,7.978972566029117
NY,2686,7.693597632322146
NY,2687,7.243948261321176
NY,2688,6.828412422274585
NY,2689,6.660242020508032
NY,2690,6.501995383392732
NY,2691,6.420711850234906
NY,2692,6.400651818542477
NY,2693,6.500806972813197
NY,2694,6.825151330877299
NY,2695,7.32517730063268
NY,2696,7.633455383329597
NY,2697,7.698766677866426
NY,2698,7.620225492387715
NY,2699,7.549380363476023
NY,2700,7.482954157436951
NY,2701,7.398722274137141
NY,2702,7.330047175586822
NY,2703,7.238719727906176
NY,2704,7.207864487217419
NY,2705,7.296561863239624
NY,2706,7.508610160534124
NY,2707,7.672539156279393
NY,2708,7.833063936014235
NY,2709,7.944278543441439
NY,2710,7.655779060465822
NY,2711,7.213481677729878
NY,2712,6.775122253104171
NY,2713,6.486198637084307
NY,2714,6.331392072782409
NY,2715,6.250915872029749
NY,2716,6.2358421889322955
NY,2717,6.346658149341904
NY,2718,6.668702773363711
NY,2719,7.148961817175999
NY,2720,7.415076473992763
NY,2721,7.428544729272962
NY,2722,7.316458789568137
NY,2723,7.232542558097107
NY,2724,7.164686486841199
NY,2725,7.059407098738875
NY,2726,7.000504007961354
NY,2727,6.928249513679835
NY,2728,6.919880512801811
NY,2729,7.071103372755703
NY,2730,7.329955461619709
NY,2731,7.535348237355397
NY,2732,7.717348133902745
NY,2733,7.867306473754048
NY,2734,7.566864455424827
NY,2735,7.107855808225954
NY,2736,6.683398148789966
NY,2737,6.430515869567873
NY,2738,6.265679478624116
NY,2739,6.181951785630642
NY,2740,6.176443999275557
NY,2741,6.297657736075271
NY,2742,6.656950673407157
NY,2743,7.17446586855452
NY,2744,7.4824703347268775
NY,2745,7.522777640654269
NY,2746,7.462636752132211
NY,2747,7.413043025312221
NY,2748,7.361253164349585
NY,2749,7.302000762779768
NY,2750,7.244722515868422
NY,2751,7.171867475999846
NY,2752,7.13674956345125
NY,2753,7.2570827777072395
NY,2754,7.470351196896744
NY,2755,7.639003039455396
NY,2756,7.81776570807656
NY,2757,7.926333151408782
NY,2758,7.632414733347739
NY,2759,7.169965755975283
NY,2760,6.725226065697342
NY,2761,6.3941313530382535
NY,2762,6.236775664016654
NY,2763,6.155098973008315
NY,2764,6.147940128534676
NY,2765,6.28172967516141
NY,2766,6.657098107092895
NY,2767,7.23455444664606
NY,2768,7.6097810783504904
NY,2769,7.686286141719967
NY,2770,7.6255457457164235
NY,2771,7.582232344952584
NY,2772,7.537718465372303
NY,2773,7.463319542320193
NY,2774,7.411532869569722
NY,2775,7.345113829259636
NY,2776,7.322702140303254
NY,2777,7.4280832986557455
NY,2778,7.630905109798923
NY,2779,7.7926499300021135
NY,2780,7.953032204291825
NY,2781,8.0600706022328
NY,2782,7.7574647711098335
NY,2783,7.303446092765109
NY,2784,6.864409450760476
NY,2785,6.574827737238789
NY,2786,6.41721556601991
NY,2787,6.333347194078157
NY,2788,6.333025562727279
NY,2789,6.462229364703222
NY,2790,6.814797451098693
NY,2791,7.326606035448576
NY,2792,7.625798782538513
NY,2793,7.629839187078202
NY,2794,7.517876112746118
NY,2795,7.410470369191194
NY,2796,7.309240603490164
NY,2797,7.190110574196772
NY,2798,7.11988982725942
NY,2799,7.044836260481424
NY,2800,7.013179320083378
NY,2801,7.125322649880527
NY,2802,7.3490415509446345
NY,2803,7.544347616182748
NY,2804,7.734916783668173
NY,2805,7.876411712802829
NY,2806,7.612670373895026
NY,2807,7.180257778177281
NY,2808,6.766384715904731
NY,2809,6.46962177165137
NY,2810,6.313310473523347
NY,2811,6.2219545803772265
NY,2812,6.225414555011013
NY,2813,6.349381070701954
NY,2814,6.69367377551653
NY,2815,7.202644464984495
NY,2816,7.48312507375428
NY,2817,7.4913078221917795
NY,2818,7.397831396313444
NY,2819,7.323099278993408
NY,2820,7.263778017216446
NY,2821,7.213402124936928
NY,2822,7.171969387187873
NY,2823,7.135139850065277
NY,2824,7.127124952078979
NY,2825,7.239675744551905
NY,2826,7.44799390296196
NY,2827,7.602347405674357
NY,2828,7.756994807682587
NY,2829,7.8909472477368094
NY,2830,7.610990434755994
NY,2831,7.163904087794495
NY,2832,6.739520907394793
NY,2833,6.444812303437476
NY,2834,6.290231120862242
NY,2835,6.217728451789947
NY,2836,6.210561768210083
NY,2837,6.354013772423868
NY,2838,6.7135576711097995
NY,2839,7.21611312071372
NY,2840,7.522405496048442
NY,2841,7.549388395724648
NY,2842,7.471534065489467
NY,2843,7.399245754617094
NY,2844,7.330799073703105
NY,2845,7.236294628338107
NY,2846,7.184969940937814
NY,2847,7.118478745666625
NY,2848,7.09964473145518
NY,2849,7.206457930089866
NY,2850,7.400619669131288
NY,2851,7.572771854590299
NY,2852,7.7402885631620455
NY,2853,7.8477837588811035
NY,2854,7.57710131016686
NY,2855,7.150116608205164
NY,2856,6.7372532768724
NY,2857,6.463571757948269
NY,2858,6.300909424410584
NY,2859,6.221854987278771
NY,2860,6.208220037132884
NY,2861,6.325117227710227
NY,2862,6.6478409712836655
NY,2863,7.126262244754322
NY,2864,7.41765708678138
NY,2865,7.460453447855145
NY,2866,7.405079652868872
NY,2867,7.372054323844581
NY,2868,7.335661331605274
NY,2869,7.252810570326005
NY,2870,7.195485905784604
NY,2871,7.1229167009343595
NY,2872,7.087512731589943
NY,2873,7.196178625738912
NY,2874,7.41439089819315
NY,2875,7.56559056583443
NY,2876,7.733723210406732
NY,2877,7.871093181136637
NY,2878,7.600338606934007
NY,2879,7.17019251890964
NY,2880,6.756987958576641
NY,2881,6.518286474789612
NY,2882,6.3326182210791435
NY,2883,6.227420200801555
NY,2884,6.1924919206606654
NY,2885,6.2780215603829905
NY,2886,6.547520135949007
NY,2887,6.9581111138362175
NY,2888,7.260183652240739
NY,2889,7.363585870115503
NY,2890,7.351548554757603
NY,2891,7.311896445173716
NY,2892,7.311738213354906
NY,2893,7.279346408087342
NY,2894,7.302615469809064
NY,2895,7.301018739535443
NY,2896,7.331476018184002
NY,2897,7.480826635975485
NY,2898,7.670762617077339
NY,2899,7.8160240633215805
NY,2900,7.906189139075782
NY,2901,8.003369278806039
NY,2902,7.777436910749325
NY,2903,7.285139846062646
NY,2904,6.809378638728294
NY,2905,6.508961411402198
NY,2906,6.3134161407032
NY,2907,6.19464900354344
NY,2908,6.149795897711095
NY,2909,6.2391374997361355
NY,2910,6.526262029011067
NY,2911,6.964167402303323
NY,2912,7.307144091342461
NY,2913,7.408955874036874
NY,2914,7.399332749075583
NY,2915,7.418590447459054
NY,2916,7.424545683051355
NY,2917,7.44872777508927
NY,2918,7.478327043719115
NY,2919,7.47942884757087
NY,2920,7.507818678553306
NY,2921,7.635844510558795
NY,2922,7.794027665943408
NY,2923,7.915621355857641
NY,2924,7.979784968116413
NY,2925,8.079827679025408
NY,2926,7.846231800703696
NY,2927,7.322408062551166
NY,2928,6.834568997158019
NY,2929,6.4779508185935875
NY,2930,6.281919174474045
NY,2931,6.16390882175905
NY,2932,6.121887044011896
NY,2933,6.222559048775113
NY,2934,6.533134395651989
NY,2935,7.005708829638579
NY,2936,7.342643594776467
NY,2937,7.414281614939132
NY,2938,7.387673887132219
NY,2939,7.375300679464479
NY,2940,7.340068174007165
NY,2941,7.310805087089837
NY,2942,7.313670840137284
NY,2943,7.31380069030254
NY,2944,7.367733690942258
NY,2945,7.511040885137737
NY,2946,7.707945795983739
NY,2947,7.853503278365992
NY,2948,7.914349454596973
NY,2949,8.012937527672056
NY,2950,7.7944172724570295
NY,2951,7.2994801789641945
NY,2952,6.817845418463641
NY,2953,6.540468637280071
NY,2954,6.343608263550411
NY,2955,6.222239289733083
NY,2956,6.179158046933343
NY,2957,6.265518987128247
NY,2958,6.5490737552154386
NY,2959,6.985918818386182
NY,2960,7.325671648751406
NY,2961,7.439378935897841
NY,2962,7.4262255736134275
NY,2963,7.390108067669353
NY,2964,7.337299304062201
NY,2965,7.291009139605815
NY,2966,7.278409374827991
NY,2967,7.24089522603649
NY,2968,7.264861953338313
NY,2969,7.3861544612289345
NY,2970,7.564959626392675
NY,2971,7.703893166472246
NY,2972,7.801162248506974
NY,2973,7.932101189551699
NY,2974,7.745053088331616
NY,2975,7.270154058359334
NY,2976,6.813666305885176
NY,2977,6.54306462806452
NY,2978,6.347088346818516
NY,2979,6.241667534659845
NY,2980,6.200899230571883
NY,2981,6.288816084953873
NY,2982,6.5744511689739396
NY,2983,6.987766716977983
NY,2984,7.273731501890778
NY,2985,7.3096256734498475
NY,2986,7.243410396751134
NY,2987,7.187346455520179
NY,2988,7.174482803369433
NY,2989,7.159921086644736
NY,2990,7.16503671603381
NY,2991,7.170369129869544
NY,2992,7.212129616447405
NY,2993,7.347729143071843
NY,2994,7.52732081575667
NY,2995,7.652940062641698
NY,2996,7.729179871576759
NY,2997,7.854974456955628
NY,2998,7.666671475949174
NY,2999,7.185153399920859
NY,3000,6.7259794543146
NY,3001,6.4256112290082275
NY,3002,6.240722110594747
NY,3003,6.142968706990353
NY,3004,6.114954881623876
NY,3005,6.211217812697921
NY,3006,6.498072335143649
NY,3007,6.928780091138279
NY,3008,7.245891726024279
NY,3009,7.304449830615253
NY,3010,7.253792281546469
NY,3011,7.212215242304891
NY,3012,7.1770250570304155
NY,3013,7.143545955239537
NY,3014,7.142310334407373
NY,3015,7.138518148681037
NY,3016,7.183368312074939
NY,3017,7.302185784885606
NY,3018,7.514388777813852
NY,3019,7.694351329503955
NY,3020,7.7988511136713745
NY,3021,7.910397033936838
NY,3022,7.715934047631328
NY,3023,7.233797015196439
NY,3024,6.762882880459406
NY,3025,6.491669853149672
NY,3026,6.296879095029117
NY,3027,6.196304766079281
NY,3028,6.160304571340766
NY,3029,6.2496255253460555
NY,3030,6.520528171956876
NY,3031,6.924734794658676
NY,3032,7.237562177793482
NY,3033,7.317075694757297
NY,3034,7.277352630609904
NY,3035,7.233497281046409
NY,3036,7.201897700108127
NY,3037,7.171000464543459
NY,3038,7.186915724515055
NY,3039,7.199302351348499
NY,3040,7.274303616067197
NY,3041,7.428519628843534
NY,3042,7.6517797188585295
NY,3043,7.801763002953786
NY,3044,7.892243757618662
NY,3045,7.993123188342895
NY,3046,7.785607936773777
NY,3047,7.300084209966288
NY,3048,6.82959957408668
NY,3049,6.462925746600927
NY,3050,6.276798732613874
NY,3051,6.168427163688409
NY,3052,6.135534298710215
NY,3053,6.220178067990866
NY,3054,6.484109187186239
NY,3055,6.880508669426472
NY,3056,7.174626655746622
NY,3057,7.228023847874076
NY,3058,7.1710058680552455
NY,3059,7.118441748809698
NY,3060,7.071637649305741
NY,3061,7.059342640633208
NY,3062,7.057542905160321
NY,3063,7.049773216404391
NY,3064,7.090133822713544
NY,3065,7.2533713626867025
NY,3066,7.491704439121807
NY,3067,7.706829444763307
NY,3068,7.818694046309672
NY,3069,7.956755219238173
NY,3070,7.778943978196748
NY,3071,7.28958650863018
NY,3072,6.818806595598917
NY,3073,6.5260640011563
NY,3074,6.334983883066665
NY,3075,6.22458132377028
NY,3076,6.18208863895921
NY,3077,6.269760060940422
NY,3078,6.5484083349714695
NY,3079,6.99468657676128
NY,3080,7.305902267348657
NY,3081,7.365465517716062
NY,3082,7.321098532638155
NY,3083,7.3237689273412725
NY,3084,7.3326281350009115
NY,3085,7.333185369782732
NY,3086,7.353324085211376
NY,3087,7.404938760963976
NY,3088,7.4359905748307975
NY,3089,7.5903021900583285
NY,3090,7.790774818615335
NY,3091,7.961490631834681
NY,3092,8.016688016748482
NY,3093,8.075314887646813
NY,3094,7.848944209246363
NY,3095,7.33507894923728
NY,3096,6.85040375883972
NY,3097,6.544836257161862
NY,3098,6.347247849683722
NY,3099,6.224383079697486
NY,3100,6.181817784298294
NY,3101,6.277088866154938
NY,3102,6.578726894560502
NY,3103,7.0545256484980765
NY,3104,7.393196204317952
NY,3105,7.465846112137301
NY,3106,7.449911420381911
NY,3107,7.426730273472825
NY,3108,7.428561163804548
NY,3109,7.411640125662156
NY,3110,7.4231797700691216
NY,3111,7.41659108605982
NY,3112,7.435634380932719
NY,3113,7.559704593675822
NY,3114,7.770115363475879
NY,3115,7.92082914495275
NY,3116,7.984379093780742
NY,3117,8.0723924472917
NY,3118,7.86944743699829
NY,3119,7.358009013139232
NY,3120,6.858223992739826
NY,3121,6.432745162770227
NY,3122,6.2404111540050184
NY,3123,6.1372935833939755
NY,3124,6.107048832980259
NY,3125,6.2009207318479715
NY,3126,6.465635626318587
NY,3127,6.880160849130676
NY,3128,7.159251052497691
NY,3129,7.195986909917472
NY,3130,7.1432942539621935
NY,3131,7.145633832384144
NY,3132,7.160448197796157
NY,3133,7.159773112400783
NY,3134,7.178806692971174
NY,3135,7.224268423278871
NY,3136,7.283669428222756
NY,3137,7.428127604000146
NY,3138,7.63887910411458
NY,3139,7.83663322552115
NY,3140,7.898812847309368
NY,3141,7.98479313475246
NY,3142,7.788528841997606
NY,3143,7.29380136337388
NY,3144,6.805354352243375
NY,3145,6.4800834218973336
NY,3146,6.275984083956259
NY,3147,6.1545703173829525
NY,3148,6.110903042747518
NY,3149,6.192165754328706
NY,3150,6.469819850494265
NY,3151,6.8804307686049455
NY,3152,7.201502997746493
NY,3153,7.309277168422105
NY,3154,7.333175830360782
NY,3155,7.37443229498236
NY,3156,7.418838452582406
NY,3157,7.431993306716025
NY,3158,7.486070158546256
NY,3159,7.524474502011347
NY,3160,7.576646051732807
NY,3161,7.731406594857669
NY,3162,7.9351103293130905
NY,3163,8.0837947379103
NY,3164,8.118818839859358
NY,3165,8.184573365751051
NY,3166,7.957307034999249
NY,3167,7.431686078538225
NY,3168,6.940246937356795
NY,3169,6.541939496547566
NY,3170,6.341058797992644
NY,3171,6.21763557956903
NY,3172,6.175661625020551
NY,3173,6.253127465753119
NY,3174,6.521620468778067
NY,3175,6.949868054262507
NY,3176,7.269987624461509
NY,3177,7.354799238669675
NY,3178,7.33028715562535
NY,3179,7.325664308305685
NY,3180,7.333478947612039
NY,3181,7.334861319060565
NY,3182,7.373302865215263
NY,3183,7.397171946136051
NY,3184,7.457466332917188
NY,3185,7.622474371809263
NY,3186,7.827866915534159
NY,3187,8.015025620971691
NY,3188,8.083342351434528
NY,3189,8.154454847332413
NY,3190,7.94479799298946
NY,3191,7.439757396854308
NY,3192,6.948729741772973
NY,3193,6.537265798895465
NY,3194,6.324627853778938
NY,3195,6.198185224343706
NY,3196,6.149184686104774
NY,3197,6.221114506039135
NY,3198,6.464010439511815
NY,3199,6.854106446066646
NY,3200,7.154808118722097
NY,3201,7.2287205725997135
NY,3202,7.2039995372969905
NY,3203,7.198558420276201
NY,3204,7.202408455303028
NY,3205,7.211015151790719
NY,3206,7.244182010329422
NY,3207,7.281704001925019
NY,3208,7.340550361756702
NY,3209,7.497674695432581
NY,3210,7.720137239511037
NY,3211,7.888581377052234
NY,3212,7.96814242934848
NY,3213,8.073659341616542
NY,3214,7.876281235166354
NY,3215,7.372134508363348
NY,3216,6.877435499725569
NY,3217,6.533857183598176
NY,3218,6.318035320394311
NY,3219,6.188827721858759
NY,3220,6.151994044352562
NY,3221,6.233943741044347
NY,3222,6.480171055364358
NY,3223,6.87889095986256
NY,3224,7.171199038864742
NY,3225,7.256029981407709
NY,3226,7.243601679621187
NY,3227,7.243181322221751
NY,3228,7.272669299325358
NY,3229,7.3013484164304465
NY,3230,7.35354071015759
NY,3231,7.396641989724044
NY,3232,7.486129836954214
NY,3233,7.647640155647258
NY,3234,7.8684323246709535
NY,3235,8.021718383872386
NY,3236,8.066572462369146
NY,3237,8.135830873347066
NY,3238,7.923607551536422
NY,3239,7.401115040491311
NY,3240,6.901155078649049
NY,3241,6.5092888816227905
NY,3242,6.30392271626481
NY,3243,6.182228671627256
NY,3244,6.132168634736451
NY,3245,6.211463386371127
NY,3246,6.480319718391292
NY,3247,6.897402796064136
NY,3248,7.225536525478559
NY,3249,7.355263308098769
NY,3250,7.378920619869486
NY,3251,7.426663004686776
NY,3252,7.457028858836649
NY,3253,7.464654821317885
NY,3254,7.525770397659844
NY,3255,7.533091619138195
NY,3256,7.578419763225632
NY,3257,7.718519581243969
NY,3258,7.863297485531591
NY,3259,7.966776032354293
NY,3260,7.982325759863626
NY,3261,8.062582436179058
NY,3262,7.859882628076976
NY,3263,7.35990438352491
NY,3264,6.864912374087008
NY,3265,6.52200258496582
NY,3266,6.313954030374486
NY,3267,6.187448145283691
NY,3268,6.144768619186517
NY,3269,6.230936542320364
NY,3270,6.511821119580194
NY,3271,6.967123260302329
NY,3272,7.310860337716749
NY,3273,7.402729183508385
NY,3274,7.362972200077318
NY,3275,7.349696730606238
NY,3276,7.361395537303635
NY,3277,7.364280346523165
NY,3278,7.406546343472368
NY,3279,7.401289836443779
NY,3280,7.451418196400568
NY,3281,7.587436135569759
NY,3282,7.787260486969943
NY,3283,7.927599710650937
NY,3284,7.965338417575406
NY,3285,8.029292257676545
NY,3286,7.856553772494211
NY,3287,7.359639460562518
NY,3288,6.871367437778356
NY,3289,6.523650421256429
NY,3290,6.319573528942034
NY,3291,6.213805416230501
NY,3292,6.176792941072039
NY,3293,6.271158316615725
NY,3294,6.528438337738151
NY,3295,6.934186575008178
NY,3296,7.203395996605991
NY,3297,7.226365736107254
NY,3298,7.139027257826063
NY,3299,7.100906382942731
NY,3300,7.099186431721261
NY,3301,7.0933485576415
NY,3302,7.128844118423297
NY,3303,7.157232609204954
NY,3304,7.2309191246971976
NY,3305,7.405360632635054
NY,3306,7.61633205244182
NY,3307,7.779200921686505
NY,3308,7.870129060843726
NY,3309,7.988827075737065
NY,3310,7.808207673697039
NY,3311,7.315133321877717
NY,3312,6.822172692460728
NY,3313,6.4936479284037825
NY,3314,6.272972669726547
NY,3315,6.153657368248998
NY,3316,6.1082676057549685
NY,3317,6.180781088671133
NY,3318,6.43653455795204
NY,3319,6.838869746275592
NY,3320,7.181150538567125
NY,3321,7.298776137221825
NY,3322,7.334480268667463
NY,3323,7.391881059902778
NY,3324,7.436497938596624
NY,3325,7.47614871295054
NY,3326,7.559641508254489
NY,3327,7.611507947678867
NY,3328,7.674147790814518
NY,3329,7.847081944696383
NY,3330,8.042421634306882
NY,3331,8.144785034149685
NY,3332,8.138488041750314
NY,3333,8.181303623924974
NY,3334,7.963944252114343
NY,3335,7.446975273181194
NY,3336,6.946510423189446
NY,3337,6.5880267519762565
NY,3338,6.370585679465734
NY,3339,6.237751213988078
NY,3340,6.178535692196437
NY,3341,6.2502654390561165
NY,3342,6.505292161769323
NY,3343,6.9225782093147545
NY,3344,7.265140234501812
NY,3345,7.432794825614602
NY,3346,7.466610923554382
NY,3347,7.519381508450982
NY,3348,7.568940703699164
NY,3349,7.606013549327424
NY,3350,7.650753699003274
NY,3351,7.690313477685408
NY,3352,7.7707185921812325
NY,3353,7.910816320297445
NY,3354,8.073307824161708
NY,3355,8.17728378807757
NY,3356,8.179199015563274
NY,3357,8.21530211751175
NY,3358,7.999888491307578
NY,3359,7.478605308899832
NY,3360,6.951391994315282
NY,3361,6.588645627720266
NY,3362,6.3749779174241645
NY,3363,6.238556358075172
NY,3364,6.176695097544006
NY,3365,6.240912549711469
NY,3366,6.466170425971131
NY,3367,6.849004700918789
NY,3368,7.170037149084431
NY,3369,7.281526940306571
NY,3370,7.277209852667277
NY,3371,7.306357862542624
NY,3372,7.372705887611472
NY,3373,7.448023048304988
NY,3374,7.520020956632074
NY,3375,7.598783026907986
NY,3376,7.704778758701239
NY,3377,7.881107433931178
NY,3378,8.104630398105241
NY,3379,8.249689358566009
NY,3380,8.24351455546599
NY,3381,8.283420687795115
NY,3382,8.078741705973856
NY,3383,7.556472415643196
NY,3384,7.043184918516036
NY,3385,6.666449043550229
NY,3386,6.439178953678486
NY,3387,6.305915308064116
NY,3388,6.2406401427167175
NY,3389,6.286590025903149
NY,3390,6.514576586929978
NY,3391,6.887109446395305
NY,3392,7.198671786747646
NY,3393,7.332011969649682
NY,3394,7.4275585590862425
NY,3395,7.526142374583004
NY,3396,7.597347049085731
NY,3397,7.6679851860773205
NY,3398,7.736350397967427
NY,3399,7.793268287571883
NY,3400,7.852195042281565
NY,3401,7.996181134733153
NY,3402,8.12691348701674
NY,3403,8.190960808023728
NY,3404,8.16853214616247
NY,3405,8.180318316297909
NY,3406,7.955396009724155
NY,3407,7.438850373178103
NY,3408,6.9423876873085755
NY,3409,6.575327592762116
NY,3410,6.371889860041254
NY,3411,6.256540252982751
NY,3412,6.219734458718892
NY,3413,6.293461412004458
NY,3414,6.5411091171879026
NY,3415,6.9450562403884115
NY,3416,7.242706030516556
NY,3417,7.365444084169124
NY,3418,7.412990004798531
NY,3419,7.4835573328618015
NY,3420,7.568830301644215
NY,3421,7.629074557955501
NY,3422,7.697988322476709
NY,3423,7.758623691907456
NY,3424,7.80257750695232
NY,3425,7.931892727603881
NY,3426,8.069818136682215
NY,3427,8.137653682615984
NY,3428,8.092259179587913
NY,3429,8.119005228349735
NY,3430,7.915079303065201
NY,3431,7.39537460421325
NY,3432,6.875505487540929
NY,3433,6.510346187826184
NY,3434,6.299698862475037
NY,3435,6.184959606325156
NY,3436,6.136932312744544
NY,3437,6.224613295475263
NY,3438,6.486795039494063
NY,3439,6.908892577529051
NY,3440,7.237526233648884
NY,3441,7.3180277317054
NY,3442,7.352254507745057
NY,3443,7.422788100287454
NY,3444,7.480353459745401
NY,3445,7.52500558467657
NY,3446,7.5906865701222115
NY,3447,7.617074606221303
NY,3448,7.66810150780687
NY,3449,7.777800679487144
NY,3450,7.92317126001477
NY,3451,7.975538607338706
NY,3452,7.972465140837097
NY,3453,8.015397379342502
NY,3454,7.838257793890123
NY,3455,7.342179384077107
NY,3456,6.86328220202544
NY,3457,6.630519845067873
NY,3458,6.412308223353364
NY,3459,6.2992362796780945
NY,3460,6.253618418561633
NY,3461,6.332731719058667
NY,3462,6.577633931833391
NY,3463,6.984667258346483
NY,3464,7.291287195173971
NY,3465,7.368982928528889
NY,3466,7.360460147627357
NY,3467,7.36719039376192
NY,3468,7.368928385464832
NY,3469,7.394907339203443
NY,3470,7.4517262281231815
NY,3471,7.489309270421662
NY,3472,7.568791923985991
NY,3473,7.751426597127116
NY,3474,7.956285645078097
NY,3475,8.0885605090811
NY,3476,8.11886286157686
NY,3477,8.195551574990365
NY,3478,8.011655478000662
NY,3479,7.501291765799235
NY,3480,7.002206675818629
NY,3481,6.801931634478142
NY,3482,6.573058221196965
NY,3483,6.427090590329091
NY,3484,6.3633687924650575
NY,3485,6.434860647373163
NY,3486,6.678321466013594
NY,3487,7.102304238965383
NY,3488,7.483244424754891
NY,3489,7.645610489430755
NY,3490,7.703211889462093
NY,3491,7.777359841949016
NY,3492,7.826326847543681
NY,3493,7.876629522636274
NY,3494,7.944235293246888
NY,3495,7.979665425685858
NY,3496,8.03157816067148
NY,3497,8.164712035316398
NY,3498,8.30763933378398
NY,3499,8.382353491751715
NY,3500,8.372603928877334
NY,3501,8.406112416946076
NY,3502,8.21416218032522
NY,3503,7.703779640289813
NY,3504,7.200537740239146
NY,3505,6.725906710516261
NY,3506,6.49106933049808
NY,3507,6.3496296734878666
NY,3508,6.287380578833277
NY,3509,6.344099855642978
NY,3510,6.554209473437788
NY,3511,6.919165719172789
NY,3512,7.244440552009472
NY,3513,7.403628829701036
NY,3514,7.46063286751219
NY,3515,7.512128953650775
NY,3516,7.559698586791399
NY,3517,7.609216130348943
NY,3518,7.667946759773787
NY,3519,7.709925855929391
NY,3520,7.751783932243466
NY,3521,7.9115344739687785
NY,3522,8.069712978655096
NY,3523,8.161218538328857
NY,3524,8.157840646224942
NY,3525,8.201428797331992
NY,3526,8.024546491930566
NY,3527,7.528372580354374
NY,3528,7.029820118034604
NY,3529,6.685088165603408
NY,3530,6.468235250278054
NY,3531,6.331865918052455
NY,3532,6.2783073731518115
NY,3533,6.33754600785382
NY,3534,6.553831410807177
NY,3535,6.942916203165067
NY,3536,7.295137038588257
NY,3537,7.469618458738234
NY,3538,7.567748948662215
NY,3539,7.641877362599919
NY,3540,7.692490397266936
NY,3541,7.713352727520475
NY,3542,7.73834785926985
NY,3543,7.749758172578797
NY,3544,7.8103980582016606
NY,3545,7.953528410445138
NY,3546,8.13646034185126
NY,3547,8.258947094551793
NY,3548,8.262528485539589
NY,3549,8.247957491884272
NY,3550,8.039974385352272
NY,3551,7.543212717805182
NY,3552,7.032840826989622
NY,3553,6.658068451686822
NY,3554,6.446259217955653
NY,3555,6.307965352627418
NY,3556,6.249186769672098
NY,3557,6.312146233933882
NY,3558,6.529869037819088
NY,3559,6.896439658774089
NY,3560,7.220631557928657
NY,3561,7.431005978301403
NY,3562,7.520669750382143
NY,3563,7.606172663425306
NY,3564,7.648831188486948
NY,3565,7.678307051354431
NY,3566,7.726575685833918
NY,3567,7.746712122509597
NY,3568,7.798848669967446
NY,3569,7.953590410390879
NY,3570,8.140516046226727
NY,3571,8.2621387925574
NY,3572,8.248978618876073
NY,3573,8.218293043179724
NY,3574,8.020705164777727
NY,3575,7.525658161344977
NY,3576,7.016856144954268
NY,3577,6.671548206285001
NY,3578,6.465950376767265
NY,3579,6.348129016276432
NY,3580,6.29373745810107
NY,3581,6.370479148350764
NY,3582,6.590157296169066
NY,3583,6.966820859341411
NY,3584,7.299620429492534
NY,3585,7.489513363379309
NY,3586,7.569463170281133
NY,3587,7.649199415130994
NY,3588,7.715227552354086
NY,3589,7.785227123297647
NY,3590,7.868690430465157
NY,3591,7.933603883835456
NY,3592,8.03662535374416
NY,3593,8.214312230684923
NY,3594,8.384925628918428
NY,3595,8.480023019497025
NY,3596,8.44215479139386
NY,3597,8.416038183674173
NY,3598,8.197444851245372
NY,3599,7.669000498078433
NY,3600,7.144099174295426
NY,3601,6.73142494462453
NY,3602,6.504632563486378
NY,3603,6.363092577783497
NY,3604,6.3091979195482875
NY,3605,6.3799833527619985
NY,3606,6.6239103617549135
NY,3607,7.05578699722061
NY,3608,7.426405470386053
NY,3609,7.593710970351271
NY,3610,7.647266944969076
NY,3611,7.705917390992533
NY,3612,7.801722373011046
NY,3613,7.8563670523613025
NY,3614,7.943840107334915
NY,3615,7.99053634829449
NY,3616,8.062779646429185
NY,3617,8.208665203364038
NY,3618,8.39492844799308
NY,3619,8.509037350411841
NY,3620,8.547062764856959
NY,3621,8.564380027308948
NY,3622,8.34452302170327
NY,3623,7.796177891530679
NY,3624,7.260657815978336
NY,3625,7.335082740363179
NY,3626,7.007195651510809
NY,3627,6.788589999734253
NY,3628,6.685455250305391
NY,3629,6.707740939517578
NY,3630,6.898990099885421
NY,3631,7.299078328005838
NY,3632,7.695893922870242
NY,3633,7.895719631817303
NY,3634,8.025073996796081
NY,3635,8.201963729245035
NY,3636,8.386916967515079
NY,3637,8.519997462802065
NY,3638,8.625660458742516
NY,3639,8.752007188928907
NY,3640,8.890042774689954
NY,3641,9.071123840443166
NY,3642,9.280221860414063
NY,3643,9.345820014580575
NY,3644,9.289099013061627
NY,3645,9.09069737837104
NY,3646,8.890262036049405
NY,3647,8.310225428374796
NY,3648,7.705211013556769
NY,3649,7.362252009657827
NY,3650,7.053205618856334
NY,3651,6.852309336381655
NY,3652,6.7314214309441
NY,3653,6.748190892751223
NY,3654,6.92343802456301
NY,3655,7.310422157959101
NY,3656,7.721741043216692
NY,3657,7.967989122624776
NY,3658,8.165886896280979
NY,3659,8.374751612821738
NY,3660,8.55846541773578
NY,3661,8.712093695071168
NY,3662,8.812994979024541
NY,3663,8.940504408068035
NY,3664,9.029217192670282
NY,3665,9.191467445915926
NY,3666,9.367480361807106
NY,3667,9.44103839397397
NY,3668,9.381172530528415
NY,3669,9.236215399765573
NY,3670,9.002883194293982
NY,3671,8.412011802286258
NY,3672,7.80636243477878
NY,3673,7.353306415809731
NY,3674,7.029749918215392
NY,3675,6.838782085436762
NY,3676,6.720875400568032
NY,3677,6.74112143807271
NY,3678,6.906210183108433
NY,3679,7.282571304768986
NY,3680,7.661715391733632
NY,3681,7.830493501701343
NY,3682,7.90744734432877
NY,3683,8.026168400214626
NY,3684,8.09230477716772
NY,3685,8.119894066490401
NY,3686,8.176416476969733
NY,3687,8.230190749924695
NY,3688,8.33284991974865
NY,3689,8.498936442400055
NY,3690,8.733674779595443
NY,3691,8.89578898830615
NY,3692,8.940730467330061
NY,3693,8.877605607262067
NY,3694,8.710719217364488
NY,3695,8.178625044513952
NY,3696,7.6153029426527725
NY,3697,6.978657695658816
NY,3698,6.685841895328708
NY,3699,6.519692304402849
NY,3700,6.43106141940426
NY,3701,6.469994245321259
NY,3702,6.621835192566352
NY,3703,6.951005230234772
NY,3704,7.263053014581546
NY,3705,7.392165260407325
NY,3706,7.45973861189963
NY,3707,7.585941033191703
NY,3708,7.713411772487181
NY,3709,7.844926774969126
NY,3710,7.962091250399056
NY,3711,8.057853186889691
NY,3712,8.196839956448411
NY,3713,8.42488518652286
NY,3714,8.62826670279366
NY,3715,8.772015427382046
NY,3716,8.749397760673304
NY,3717,8.655709643230411
NY,3718,8.508266938609149
NY,3719,7.989550371086468
NY,3720,7.4331579459623125
NY,3721,7.019972555010262
NY,3722,6.738397978509603
NY,3723,6.571669883822348
NY,3724,6.499453667068253
NY,3725,6.547311538188896
NY,3726,6.713784737456591
NY,3727,7.070534879693063
NY,3728,7.439762429332216
NY,3729,7.6383189869251185
NY,3730,7.780977499976825
NY,3731,7.9571935194544245
NY,3732,8.114695291017892
NY,3733,8.246771533382603
NY,3734,8.38118622475566
NY,3735,8.537913593025914
NY,3736,8.667246511887248
NY,3737,8.913082669949763
NY,3738,9.112770249607193
NY,3739,9.202655248144518
NY,3740,9.184655052104382
NY,3741,9.059000349314521
NY,3742,8.824605729703404
NY,3743,8.271523611369227
NY,3744,7.656247969094393
NY,3745,7.1511133724218094
NY,3746,6.85708164414928
NY,3747,6.66558594743268
NY,3748,6.567424441704139
NY,3749,6.604687585750619
NY,3750,6.785524988312534
NY,3751,7.173885326223502
NY,3752,7.572988467681155
NY,3753,7.774399693623535
NY,3754,7.88973568200985
NY,3755,8.024128634280853
NY,3756,8.14681245826292
NY,3757,8.25972320214303
NY,3758,8.391351346185301
NY,3759,8.527718457185998
NY,3760,8.653287648118582
NY,3761,8.852617010060507
NY,3762,9.0539531763269
NY,3763,9.157903312909482
NY,3764,9.129406651967102
NY,3765,9.051571980012923
NY,3766,8.862893092461551
NY,3767,8.285186220346478
NY,3768,7.679163315557848
NY,3769,7.211534538363252
NY,3770,6.908315957590646
NY,3771,6.715312001972069
NY,3772,6.606234740620664
NY,3773,6.651667680355188
NY,3774,6.856203464681709
NY,3775,7.273056412135347
NY,3776,7.675252210760616
NY,3777,7.862349836872265
NY,3778,7.998066093515439
NY,3779,8.178368331694783
NY,3780,8.346076127348558
NY,3781,8.48687721476363
NY,3782,8.626780163171095
NY,3783,8.740249856967765
NY,3784,8.845717651367359
NY,3785,9.036079566687613
NY,3786,9.22844992552305
NY,3787,9.312724510071867
NY,3788,9.29633472663025
NY,3789,9.192268414122164
NY,3790,8.990164271384938
NY,3791,8.407295311473955
NY,3792,7.800798985975459
NY,3793,7.376454401363824
NY,3794,7.074431519010387
NY,3795,6.877038563729037
NY,3796,6.771584494967489
NY,3797,6.804072064751897
NY,3798,6.988772249403998
NY,3799,7.3856364980669715
NY,3800,7.804690377608061
NY,3801,8.048632975506548
NY,3802,8.24581551430718
NY,3803,8.438087256166684
NY,3804,8.608319706994834
NY,3805,8.718726881273254
NY,3806,8.8401177890159
NY,3807,8.936592742712936
NY,3808,9.045664548048078
NY,3809,9.187802457603235
NY,3810,9.3618690598313
NY,3811,9.421875174456291
NY,3812,9.359114832944654
NY,3813,9.206452682610704
NY,3814,8.994529288107382
NY,3815,8.39683976406327
NY,3816,7.790768369450625
NY,3817,7.251711807890377
NY,3818,6.948119175232654
NY,3819,6.76448216381413
NY,3820,6.670636373940147
NY,3821,6.710362698006004
NY,3822,6.877885086941577
NY,3823,7.242909235781714
NY,3824,7.620272534834908
NY,3825,7.838136255394945
NY,3826,8.035044908849644
NY,3827,8.292447752280303
NY,3828,8.489999772199043
NY,3829,8.649138222682533
NY,3830,8.780041066330966
NY,3831,8.963442866402618
NY,3832,9.073961539820463
NY,3833,9.262722183087197
NY,3834,9.414099200250993
NY,3835,9.432854490774027
NY,3836,9.275762283383052
NY,3837,9.097149078859507
NY,3838,8.899139206557054
NY,3839,8.319894280314772
NY,3840,7.712754828610072
NY,3841,7.149391781791137
NY,3842,6.832569451443128
NY,3843,6.642707330287129
NY,3844,6.544450705229126
NY,3845,6.580378638438661
NY,3846,6.753716258340849
NY,3847,7.131255354718911
NY,3848,7.531670356824622
NY,3849,7.752771659455039
NY,3850,7.898331429367241
NY,3851,8.093517830942734
NY,3852,8.263086297576015
NY,3853,8.397168655755479
NY,3854,8.519434820368424
NY,3855,8.63522835512119
NY,3856,8.768609174231734
NY,3857,8.943342090092175
NY,3858,9.162688262798984
NY,3859,9.246422871198568
NY,3860,9.199438846328597
NY,3861,9.038709876796007
NY,3862,8.83492177187704
NY,3863,8.280422241390259
NY,3864,7.653379641487991
NY,3865,7.352843609063895
NY,3866,7.0447707944539975
NY,3867,6.840203902599291
NY,3868,6.737059755433734
NY,3869,6.765253645010055
NY,3870,6.946046884914259
NY,3871,7.33184447575896
NY,3872,7.744772819723937
NY,3873,7.981651909205561
NY,3874,8.140642410266658
NY,3875,8.31516365906161
NY,3876,8.517655791443419
NY,3877,8.644059029709936
NY,3878,8.702588641642523
NY,3879,8.838055310600403
NY,3880,9.009773208592302
NY,3881,9.196374096403067
NY,3882,9.360446808411712
NY,3883,9.469503773400312
NY,3884,9.440882191498192
NY,3885,9.297957756227127
NY,3886,9.079540970703805
NY,3887,8.528393091833038
NY,3888,7.91564429354672
NY,3889,7.326780986211492
NY,3890,7.015571010923064
NY,3891,6.806576035544898
NY,3892,6.69829784143729
NY,3893,6.725652576999272
NY,3894,6.886927441732235
NY,3895,7.233259055972172
NY,3896,7.610261661453583
NY,3897,7.819001381962324
NY,3898,7.975202381564183
NY,3899,8.199997974294106
NY,3900,8.342136606230659
NY,3901,8.473729191893263
NY,3902,8.613090209158091
NY,3903,8.773111965993746
NY,3904,8.870712723039269
NY,3905,9.077773388928987
NY,3906,9.284338723441756
NY,3907,9.368969326603143
NY,3908,9.302962304719392
NY,3909,9.134463270701287
NY,3910,8.927137079605428
NY,3911,8.370268283225847
NY,3912,7.765650336680319
NY,3913,7.202860549118001
NY,3914,6.8985141235269944
NY,3915,6.708294987639214
NY,3916,6.607642585603967
NY,3917,6.648196346862041
NY,3918,6.820189343982074
NY,3919,7.201908683682801
NY,3920,7.583110843590952
NY,3921,7.836502245011469
NY,3922,7.9986820671471035
NY,3923,8.208275326083145
NY,3924,8.336952947852192
NY,3925,8.46861922976814
NY,3926,8.570899659914925
NY,3927,8.713782138345797
NY,3928,8.811431550057637
NY,3929,9.02961272022803
NY,3930,9.260149195414607
NY,3931,9.361612103268985
NY,3932,9.324296037710347
NY,3933,9.18717518881635
NY,3934,8.941305917048005
NY,3935,8.364903138173075
NY,3936,7.749845624251996
NY,3937,7.2920364464989005
NY,3938,6.982264119800344
NY,3939,6.7882751002022435
NY,3940,6.68234450946514
NY,3941,6.719319896853613
NY,3942,6.909699371190773
NY,3943,7.31845359330699
NY,3944,7.751490647239287
NY,3945,7.96444604710148
NY,3946,8.069146910065351
NY,3947,8.200564578883547
NY,3948,8.327647311111905
NY,3949,8.43099956590332
NY,3950,8.50538139644609
NY,3951,8.582197189550753
NY,3952,8.649216688749917
NY,3953,8.834319257860946
NY,3954,9.012135314056549
NY,3955,9.105364847510392
NY,3956,9.093394578789527
NY,3957,9.0074275119523
NY,3958,8.822027353530098
NY,3959,8.257155486086786
NY,3960,7.664180024437694
NY,3961,7.176688098493184
NY,3962,6.877816304915278
NY,3963,6.699086869536781
NY,3964,6.603613764458308
NY,3965,6.636147580830499
NY,3966,6.801889900009123
NY,3967,7.166218408736192
NY,3968,7.569384646960813
NY,3969,7.820203296201239
NY,3970,7.983713732330918
NY,3971,8.147565025219736
NY,3972,8.31634212751933
NY,3973,8.459616486449175
NY,3974,8.594037850968064
NY,3975,8.772487099404644
NY,3976,8.909104691337909
NY,3977,9.123227029201969
NY,3978,9.315979368581875
NY,3979,9.348200756599205
NY,3980,9.247274360839093
NY,3981,9.107592648318555
NY,3982,8.902545270276674
NY,3983,8.353094822524989
NY,3984,7.767494055978681
NY,3985,7.5410350485455835
NY,3986,7.215386012755537
NY,3987,7.025831084286822
NY,3988,6.903736306435806
NY,3989,6.922771531856073
NY,3990,7.095904319275883
NY,3991,7.456840213677369
NY,3992,7.892410603693607
NY,3993,8.218937294187155
NY,3994,8.454895405483525
NY,3995,8.676978735952998
NY,3996,8.848569090550836
NY,3997,8.994099729792076
NY,3998,9.074077684983571
NY,3999,9.189706653585013
NY,4000,9.296207410103847
NY,4001,9.46671541537373
NY,4002,9.611359308397962
NY,4003,9.692538771994013
NY,4004,9.578966632824852
NY,4005,9.369957601819397
NY,4006,9.127738889037145
NY,4007,8.554885730775066
NY,4008,7.940180488543417
NY,4009,7.477988459365964
NY,4010,7.206635656613851
NY,4011,7.016959132621196
NY,4012,6.909106125586761
NY,4013,6.929743188807921
NY,4014,7.099719859137953
NY,4015,7.491432023685867
NY,4016,7.994520521280486
NY,4017,8.327706015020375
NY,4018,8.569937190389172
NY,4019,8.786116030508861
NY,4020,9.016715867792943
NY,4021,9.17895965871464
NY,4022,9.3137639570809
NY,4023,9.46953761372282
NY,4024,9.598307234608406
NY,4025,9.79409548796046
NY,4026,9.95490808133271
NY,4027,10.001396682314665
NY,4028,9.850044561524292
NY,4029,9.603885047959727
NY,4030,9.314272840089087
NY,4031,8.721853126332304
NY,4032,8.070000587999418
NY,4033,7.581859367206375
NY,4034,7.257934695181998
NY,4035,7.044683197203105
NY,4036,6.928091645191994
NY,4037,6.951295724970774
NY,4038,7.1133962386419425
NY,4039,7.502869024974109
NY,4040,7.986937679113958
NY,4041,8.370115248299255
NY,4042,8.617671679275212
NY,4043,8.817428784892044
NY,4044,8.995577149412956
NY,4045,9.130737276367153
NY,4046,9.244618528040673
NY,4047,9.361400294292327
NY,4048,9.457741273353168
NY,4049,9.6437056973344
NY,4050,9.802428742252836
NY,4051,9.846714534027619
NY,4052,9.778438449526167
NY,4053,9.59019280966479
NY,4054,9.36096181570382
NY,4055,8.816271105585967
NY,4056,8.189580602246986
NY,4057,7.559464898460455
NY,4058,7.248745301041265
NY,4059,7.0392498743581084
NY,4060,6.929751989254083
NY,4061,6.944520417049222
NY,4062,7.074904962055757
NY,4063,7.445614803788012
NY,4064,7.874012085417502
NY,4065,8.150278818993515
NY,4066,8.339542056754851
NY,4067,8.536973893584253
NY,4068,8.691671353231476
NY,4069,8.834335936460693
NY,4070,8.952712368581635
NY,4071,9.073981373581534
NY,4072,9.197150805587208
NY,4073,9.375287854195637
NY,4074,9.561902850787853
NY,4075,9.617889735842676
NY,4076,9.51841003590322
NY,4077,9.360056015397955
NY,4078,9.156849044537275
NY,4079,8.563026555608289
NY,4080,7.940007053636163
NY,4081,7.4604316896150795
NY,4082,7.15633748386808
NY,4083,6.956667975740921
NY,4084,6.841070236467249
NY,4085,6.862469804801797
NY,4086,7.044196668618294
NY,4087,7.459545950817291
NY,4088,7.881512469891725
NY,4089,8.134799207043073
NY,4090,8.307971972581333
NY,4091,8.487069975596041
NY,4092,8.626999229640408
NY,4093,8.736481514823451
NY,4094,8.902651984184661
NY,4095,9.044964245418804
NY,4096,9.198072130759234
NY,4097,9.414233026307606
NY,4098,9.631970387850295
NY,4099,9.747000977806744
NY,4100,9.716415183362583
NY,4101,9.554926797709607
NY,4102,9.339242620635439
NY,4103,8.722348560029893
NY,4104,8.075282400819233
NY,4105,7.524672382694409
NY,4106,7.2100293196726435
NY,4107,6.991874963050168
NY,4108,6.884466191739578
NY,4109,6.918671953981525
NY,4110,7.130348783841419
NY,4111,7.58319227844392
NY,4112,8.06433025397602
NY,4113,8.347195284993086
NY,4114,8.536093452748178
NY,4115,8.737444977796503
NY,4116,8.932616833053466
NY,4117,9.058656549329427
NY,4118,9.215228345042274
NY,4119,9.337086840809816
NY,4120,9.485515432437527
NY,4121,9.658006522016972
NY,4122,9.831441556855323
NY,4123,9.884208829169692
NY,4124,9.789245902488625
NY,4125,9.584398837330284
NY,4126,9.35100383092043
NY,4127,8.748350550545167
NY,4128,8.09036665185198
NY,4129,7.6254679197240645
NY,4130,7.313478674777567
NY,4131,7.088380109268042
NY,4132,6.966915574968413
NY,4133,6.988804178144771
NY,4134,7.165389302952615
NY,4135,7.559122176468593
NY,4136,8.004543934311465
NY,4137,8.291028796915203
NY,4138,8.476032472234195
NY,4139,8.654783074350336
NY,4140,8.806731227443212
NY,4141,8.949199131765534
NY,4142,9.058955022069567
NY,4143,9.172394949042651
NY,4144,9.27662114606623
NY,4145,9.445350027348985
NY,4146,9.618584013079596
NY,4147,9.67045164162239
NY,4148,9.56664870639853
NY,4149,9.37573655733361
NY,4150,9.190750724503546
NY,4151,8.621109398842904
NY,4152,8.01777867334164
NY,4153,7.5215606959896775
NY,4154,7.207719068048858
NY,4155,6.9901779215027355
NY,4156,6.866924438606003
NY,4157,6.896755479477689
NY,4158,7.069818011322331
NY,4159,7.461524475520964
NY,4160,7.886392731711436
NY,4161,8.11439488964216
NY,4162,8.277082377446835
NY,4163,8.441630383847347
NY,4164,8.595648265676548
NY,4165,8.735067462730669
NY,4166,8.878644506861972
NY,4167,9.00525694609139
NY,4168,9.145155057131863
NY,4169,9.337958337769507
NY,4170,9.528985798997637
NY,4171,9.636766328348818
NY,4172,9.575736777366117
NY,4173,9.379319800520285
NY,4174,9.191219781177335
NY,4175,8.630761892842274
NY,4176,8.021858611586907
NY,4177,7.501865397987911
NY,4178,7.166978871916372
NY,4179,6.959474024150824
NY,4180,6.849415494501003
NY,4181,6.861643594750402
NY,4182,7.02285916213084
NY,4183,7.390938762025691
NY,4184,7.817922372066817
NY,4185,8.103678797186037
NY,4186,8.343933069032737
NY,4187,8.569218719641064
NY,4188,8.765070784667374
NY,4189,8.930501661616535
NY,4190,9.0699358526223
NY,4191,9.21151078104013
NY,4192,9.359046560360294
NY,4193,9.557971486945549
NY,4194,9.755353787056604
NY,4195,9.834704364503992
NY,4196,9.728222508736158
NY,4197,9.521416907870616
NY,4198,9.29739264505607
NY,4199,8.727778210021414
NY,4200,8.107104560197438
NY,4201,7.734023462016482
NY,4202,7.394765057423139
NY,4203,7.1635462137716175
NY,4204,7.050469891634254
NY,4205,7.058577642440884
NY,4206,7.225913700917507
NY,4207,7.620074440527443
NY,4208,8.108172084725052
NY,4209,8.4879243934571
NY,4210,8.748329279643206
NY,4211,8.985763191676362
NY,4212,9.209587326993441
NY,4213,9.38722850770012
NY,4214,9.558240214411212
NY,4215,9.719705381767964
NY,4216,9.870948685439515
NY,4217,10.09053131952138
NY,4218,10.283733012166676
NY,4219,10.347124167394323
NY,4220,10.242485419438982
NY,4221,10.027667974128416
NY,4222,9.759536805429963
NY,4223,9.137831992051783
NY,4224,8.433403211669653
NY,4225,7.869975753587445
NY,4226,7.506545378567082
NY,4227,7.268133730328106
NY,4228,7.129898096627673
NY,4229,7.134754632969391
NY,4230,7.283935757731398
NY,4231,7.711882265051488
NY,4232,8.224211070261468
NY,4233,8.64288787105444
NY,4234,8.955873472103468
NY,4235,9.250341123256549
NY,4236,9.50118536062075
NY,4237,9.705024070250989
NY,4238,9.858199636188067
NY,4239,10.00512009030095
NY,4240,10.117241715767538
NY,4241,10.278759086811494
NY,4242,10.463288473258872
NY,4243,10.465195691503805
NY,4244,10.307270932994506
NY,4245,10.040952720069066
NY,4246,9.773710422462086
NY,4247,9.17916430260327
NY,4248,8.512405237219765
NY,4249,7.816259633389141
NY,4250,7.471792793050992
NY,4251,7.245654134513512
NY,4252,7.124610088756061
NY,4253,7.127336010265546
NY,4254,7.308031767521697
NY,4255,7.701075144948077
NY,4256,8.155079843417381
NY,4257,8.483366590260065
NY,4258,8.720259218770579
NY,4259,8.98404276581897
NY,4260,9.218340485666221
NY,4261,9.360513441208207
NY,4262,9.511867263814374
NY,4263,9.644384424463967
NY,4264,9.765253299494544
NY,4265,9.942259410197147
NY,4266,10.146610969470428
NY,4267,10.199595592121902
NY,4268,10.15733969753343
NY,4269,9.968642023847702
NY,4270,9.71698627422976
NY,4271,9.112735508835392
NY,4272,8.47441225015485
NY,4273,7.728341316073528
NY,4274,7.383037392887731
NY,4275,7.1731447172617795
NY,4276,7.055052339285081
NY,4277,7.081639679729129
NY,4278,7.259801192327277
NY,4279,7.678679769978966
NY,4280,8.219165856531339
NY,4281,8.633007800602673
NY,4282,8.897370727948477
NY,4283,9.12866329296253
NY,4284,9.356813560475526
NY,4285,9.518544541605602
NY,4286,9.6676358577717
NY,4287,9.806162911826224
NY,4288,9.90248564346912
NY,4289,10.075033718463546
NY,4290,10.249101094201743
NY,4291,10.307922816956212
NY,4292,10.157146325555305
NY,4293,9.912926111044971
NY,4294,9.633668935851942
NY,4295,8.947908515828152
NY,4296,8.336311905611387
NY,4297,8.09836811709857
NY,4298,7.736120028440999
NY,4299,7.498071578496499
NY,4300,7.352499117115091
NY,4301,7.352461601645598
NY,4302,7.5033359724513025
NY,4303,7.954328315822066
NY,4304,8.54198109680742
NY,4305,8.950021509799463
NY,4306,9.249552647420797
NY,4307,9.530523663942606
NY,4308,9.760936562814994
NY,4309,9.90627183535988
NY,4310,10.050277757556199
NY,4311,10.20688118112417
NY,4312,10.303114493630801
NY,4313,10.44353553374288
NY,4314,10.61379699182097
NY,4315,10.642222992299455
NY,4316,10.51269878149966
NY,4317,10.260553360677894
NY,4318,9.965591816446263
NY,4319,9.338479016152903
NY,4320,8.648936892790461
NY,4321,8.092958405235992
NY,4322,7.733293541555549
NY,4323,7.5027250736651725
NY,4324,7.373312358707665
NY,4325,7.376572999808083
NY,4326,7.536384309327483
NY,4327,7.964403613247537
NY,4328,8.499748409991344
NY,4329,8.883285507446999
NY,4330,9.156323542123905
NY,4331,9.400610939132298
NY,4332,9.613676179854997
NY,4333,9.77515689413698
NY,4334,9.94037999036489
NY,4335,10.091142964165869
NY,4336,10.205418494257628
NY,4337,10.40053117707084
NY,4338,10.579526113897531
NY,4339,10.584594157392653
NY,4340,10.4584012715449
NY,4341,10.220411513054549
NY,4342,9.9547141041458
NY,4343,9.342367846477982
NY,4344,8.668316663135665
NY,4345,8.133803233039334
NY,4346,7.739268053230764
NY,4347,7.472900074220409
NY,4348,7.325466849332111
NY,4349,7.31471294598008
NY,4350,7.444404953703022
NY,4351,7.748697467330602
NY,4352,8.196076044152349
NY,4353,8.572219437004543
NY,4354,8.862658893453695
NY,4355,9.147312694615524
NY,4356,9.45133641194833
NY,4357,9.683635342130557
NY,4358,9.900433563506104
NY,4359,10.020820483872251
NY,4360,10.158316899330945
NY,4361,10.337055169996628
NY,4362,10.498979056012681
NY,4363,10.49466871297082
NY,4364,10.30093541125943
NY,4365,10.06706223068784
NY,4366,9.826251891124722
NY,4367,9.208025333661334
NY,4368,8.590222980556298
NY,4369,8.035714245500879
NY,4370,7.63860227698354
NY,4371,7.413993454455953
NY,4372,7.267204565010368
NY,4373,7.2447987190057495
NY,4374,7.336429363921406
NY,4375,7.555648918542029
NY,4376,7.96229330907541
NY,4377,8.306942705747478
NY,4378,8.596709739091345
NY,4379,8.894398832992403
NY,4380,9.179552969786263
NY,4381,9.379799736663696
NY,4382,9.574698520488406
NY,4383,9.726585076577676
NY,4384,9.84473815791018
NY,4385,10.022857989225031
NY,4386,10.211204425857137
NY,4387,10.220917811591699
NY,4388,10.02383941851147
NY,4389,9.801592458141153
NY,4390,9.564612822085948
NY,4391,8.99395225157634
NY,4392,8.366504451952759
NY,4393,7.747017838717215
NY,4394,7.3719750735457525
NY,4395,7.148141954530057
NY,4396,7.035675440578127
NY,4397,7.028815218154379
NY,4398,7.123361336996743
NY,4399,7.30703129767447
NY,4400,7.637709869071192
NY,4401,8.03965001830002
NY,4402,8.383934280787196
NY,4403,8.69624613233787
NY,4404,9.009121337548688
NY,4405,9.27452550265531
NY,4406,9.516228670386093
NY,4407,9.733032686196076
NY,4408,9.907040260005314
NY,4409,10.141024424080362
NY,4410,10.33767389028267
NY,4411,10.326790701607164
NY,4412,10.082202041859697
NY,4413,9.71069911363126
NY,4414,9.440903702379655
NY,4415,8.880604340180092
NY,4416,8.286858777296954
NY,4417,7.8250235675098665
NY,4418,7.442282186126668
NY,4419,7.204092341156394
NY,4420,7.067049275797339
NY,4421,7.015972843543246
NY,4422,7.0894051259846
NY,4423,7.276508918350865
NY,4424,7.6801488641508495
NY,4425,8.048143123939692
NY,4426,8.365536024954435
NY,4427,8.708266518700905
NY,4428,9.027804641863373
NY,4429,9.294472714512201
NY,4430,9.51088805681453
NY,4431,9.742357421715333
NY,4432,9.90001738274774
NY,4433,10.12636384155451
NY,4434,10.312231756549599
NY,4435,10.364343046442297
NY,4436,10.177072205717955
NY,4437,9.887197261312304
NY,4438,9.615192075218935
NY,4439,9.057864633416937
NY,4440,8.482885932409982
NY,4441,7.716496230394069
NY,4442,7.349498540200694
NY,4443,7.104479257357697
NY,4444,6.965500338014841
NY,4445,6.9622609166278115
NY,4446,7.095286127194234
NY,4447,7.310749448561634
NY,4448,7.688238268991032
NY,4449,7.984012585071163
NY,4450,8.304307634166616
NY,4451,8.65105433564104
NY,4452,9.012518238535854
NY,4453,9.304902998994379
NY,4454,9.562290025503833
NY,4455,9.774475512678961
NY,4456,9.963545351758615
NY,4457,10.14468502504163
NY,4458,10.360139750924093
NY,4459,10.343328068588526
NY,4460,10.109232389751023
NY,4461,9.856584649942961
NY,4462,9.65161817483738
NY,4463,9.07034285846057
NY,4464,8.42276875382372
NY,4465,8.187447469917394
NY,4466,7.8066569802226216
NY,4467,7.565340719991892
NY,4468,7.419885161010661
NY,4469,7.388280234168871
NY,4470,7.538697917125728
NY,4471,7.793411785078053
NY,4472,8.252028621359226
NY,4473,8.738780648777308
NY,4474,9.126364681723373
NY,4475,9.48426189678503
NY,4476,9.81236358955674
NY,4477,10.03659950103278
NY,4478,10.255132118058686
NY,4479,10.44739731664307
NY,4480,10.552292902845767
NY,4481,10.682373884321516
NY,4482,10.847392745924305
NY,4483,10.834941713739536
NY,4484,10.58956825246764
NY,4485,10.26737585523616
NY,4486,9.985540769432713
NY,4487,9.359315664198515
NY,4488,8.69699225874056
NY,4489,8.131257703540491
NY,4490,7.731385661670913
NY,4491,7.477538521327361
NY,4492,7.315518413290152
NY,4493,7.280622139102603
NY,4494,7.410313930353024
NY,4495,7.662288907930272
NY,4496,8.034888649196313
NY,4497,8.360171206095709
NY,4498,8.685669882097052
NY,4499,8.998981188492525
NY,4500,9.349801283592011
NY,4501,9.62742976660014
NY,4502,9.868175121417561
NY,4503,10.063344570454007
NY,4504,10.209360245415201
NY,4505,10.38778407927379
NY,4506,10.555137379240813
NY,4507,10.583697092484599
NY,4508,10.368030824949852
NY,4509,10.028210437756448
NY,4510,9.764916526733753
NY,4511,9.136604906560345
NY,4512,8.476992267055119
NY,4513,7.749301913487946
NY,4514,7.367171647310927
NY,4515,7.154302329060073
NY,4516,7.020522582764587
NY,4517,7.002721818918986
NY,4518,7.11733383639165
NY,4519,7.376511541642661
NY,4520,7.774043645086079
NY,4521,8.123556965349882
NY,4522,8.44374093680296
NY,4523,8.741996454387543
NY,4524,9.026400396819287
NY,4525,9.31397239419845
NY,4526,9.5266292801427
NY,4527,9.689726323584646
NY,4528,9.82631822814332
NY,4529,10.03374461952933
NY,4530,10.216250081967281
NY,4531,10.19706047638224
NY,4532,9.98061675869368
NY,4533,9.725502156520097
NY,4534,9.489197696781192
NY,4535,8.923668624746252
NY,4536,8.302173969681045
NY,4537,7.9308190225482
NY,4538,7.541366358579054
NY,4539,7.305382442089682
NY,4540,7.154278524666314
NY,4541,7.136567263741693
NY,4542,7.250360279125484
NY,4543,7.4448445013687365
NY,4544,7.834077354107591
NY,4545,8.164176887975897
NY,4546,8.454635455738874
NY,4547,8.69838603928079
NY,4548,8.990502441475222
NY,4549,9.241322283052812
NY,4550,9.422127601464231
NY,4551,9.601486912580697
NY,4552,9.75951025135497
NY,4553,9.932066234650302
NY,4554,10.151669865195299
NY,4555,10.173503128839595
NY,4556,9.986080786294371
NY,4557,9.711690685535633
NY,4558,9.485396846484681
NY,4559,8.884872332282313
NY,4560,8.23166463511661
NY,4561,8.109633430837409
NY,4562,7.7473486829968525
NY,4563,7.495749298261728
NY,4564,7.3376391448851175
NY,4565,7.322975532308563
NY,4566,7.4242163971255035
NY,4567,7.663785004532137
NY,4568,8.091219685939441
NY,4569,8.43955775932869
NY,4570,8.716556878430413
NY,4571,9.017854164775791
NY,4572,9.319039363251687
NY,4573,9.555146556554655
NY,4574,9.760028388892893
NY,4575,9.958973127964015
NY,4576,10.110580992933182
NY,4577,10.335076961792211
NY,4578,10.565438963351296
NY,4579,10.591558875529774
NY,4580,10.417868507343279
NY,4581,10.126861884390944
NY,4582,9.816063289147836
NY,4583,9.185823509077713
NY,4584,8.50575440196714
NY,4585,8.030033112127947
NY,4586,7.632869319080185
NY,4587,7.4301044060620764
NY,4588,7.297314127808227
NY,4589,7.274790466492337
NY,4590,7.4241396698788975
NY,4591,7.659407956413068
NY,4592,8.091947527749387
NY,4593,8.464003649326981
NY,4594,8.787632379077474
NY,4595,9.093375043240288
NY,4596,9.403564042807506
NY,4597,9.655231729359631
NY,4598,9.902576043216653
NY,4599,10.09161992505185
NY,4600,10.280473709077047
NY,4601,10.513176917571426
NY,4602,10.69163109250204
NY,4603,10.703665945564323
NY,4604,10.49049441895149
NY,4605,10.210102449379589
NY,4606,9.929316806116406
NY,4607,9.296168133150939
NY,4608,8.628594235410683
NY,4609,7.910251304136457
NY,4610,7.5408922895922395
NY,4611,7.310605586185327
NY,4612,7.185271759381575
NY,4613,7.1977770157868965
NY,4614,7.344207823945193
NY,4615,7.616534066398366
NY,4616,8.10713669372227
NY,4617,8.537327624333171
NY,4618,8.846121404235031
NY,4619,9.112989436046224
NY,4620,9.444963359114226
NY,4621,9.67398581497774
NY,4622,9.89750368480752
NY,4623,10.067419263090159
NY,4624,10.214891334906296
NY,4625,10.322299138330592
NY,4626,10.478867207038428
NY,4627,10.463807658987113
NY,4628,10.282097926625513
NY,4629,10.048929403151764
NY,4630,9.798350306830228
NY,4631,9.192145610170924
NY,4632,8.533935463685667
NY,4633,8.024026806026177
NY,4634,7.644554437115823
NY,4635,7.409211253320853
NY,4636,7.262656580272308
NY,4637,7.269651119733027
NY,4638,7.419991032510691
NY,4639,7.68446886726114
NY,4640,8.13842609250959
NY,4641,8.506817300642842
NY,4642,8.813455369502243
NY,4643,9.124989923155951
NY,4644,9.442640633879952
NY,4645,9.70109479753105
NY,4646,9.969633710710061
NY,4647,10.176204070460992
NY,4648,10.365413674687364
NY,4649,10.567386184313191
NY,4650,10.739992197341095
NY,4651,10.742319605910923
NY,4652,10.549245401207287
NY,4653,10.276015006618165
NY,4654,9.998722718787201
NY,4655,9.340824365688992
NY,4656,8.678564261359032
NY,4657,8.04573447509327
NY,4658,7.660609289981686
NY,4659,7.412911617518324
NY,4660,7.266272974602165
NY,4661,7.246326549994507
NY,4662,7.37141071577584
NY,4663,7.660075345407588
NY,4664,8.130778678678189
NY,4665,8.49870623854689
NY,4666,8.808862285163332
NY,4667,9.117989669931061
NY,4668,9.446662779651053
NY,4669,9.723477043394366
NY,4670,9.986215286070065
NY,4671,10.174448546803497
NY,4672,10.346917242038346
NY,4673,10.531938608396713
NY,4674,10.7484306130253
NY,4675,10.768571717857567
NY,4676,10.579185275292446
NY,4677,10.262036892874985
NY,4678,9.986697123364012
NY,4679,9.350634401679716
NY,4680,8.671931943623996
NY,4681,8.353238416690209
NY,4682,7.942628951804217
NY,4683,7.697797356330528
NY,4684,7.543006653511573
NY,4685,7.501048599860303
NY,4686,7.628754361908361
NY,4687,7.914954134376855
NY,4688,8.358131514517714
NY,4689,8.71508699738509
NY,4690,9.05442263125764
NY,4691,9.383573158971133
NY,4692,9.746007074411555
NY,4693,10.019729978555379
NY,4694,10.283104800803848
NY,4695,10.464156902550988
NY,4696,10.516136599786508
NY,4697,10.860643988548086
NY,4698,11.045631435476533
NY,4699,11.06701051319607
NY,4700,10.849525719527254
NY,4701,10.554214511749707
NY,4702,10.288737657977684
NY,4703,9.647162542614613
NY,4704,8.969181968260193
NY,4705,8.466798702045152
NY,4706,8.027267498910728
NY,4707,7.768472628304728
NY,4708,7.622675437122929
NY,4709,7.5847460649520215
NY,4710,7.711874303020435
NY,4711,7.958726392273458
NY,4712,8.414795180156164
NY,4713,8.848835963166806
NY,4714,9.219733971326884
NY,4715,9.556923717931104
NY,4716,9.924516865856976
NY,4717,10.199103929616019
NY,4718,10.427039614649912
NY,4719,10.592996282848747
NY,4720,10.745864887747471
NY,4721,10.94105140951421
NY,4722,11.130539247328045
NY,4723,11.087458815268818
NY,4724,10.86758248577756
NY,4725,10.618265110177887
NY,4726,10.319856418005434
NY,4727,9.656549118500976
NY,4728,9.012275294278671
NY,4729,8.415347434874466
NY,4730,8.02873760227815
NY,4731,7.763666860514282
NY,4732,7.593320028383795
NY,4733,7.57446169050166
NY,4734,7.727359971589516
NY,4735,8.031776455455036
NY,4736,8.509090129455327
NY,4737,8.947001755926864
NY,4738,9.29094053230814
NY,4739,9.65623068853305
NY,4740,10.032863922507723
NY,4741,10.29853319182495
NY,4742,10.558775655008976
NY,4743,10.741730683845914
NY,4744,10.857617270194527
NY,4745,11.036409084593789
NY,4746,11.182383725821635
NY,4747,11.159436037414428
NY,4748,10.982377224465912
NY,4749,10.678080554457715
NY,4750,10.378431431413606
NY,4751,9.762734654380862
NY,4752,9.085347695203057
NY,4753,8.345016372282327
NY,4754,7.971437880704872
NY,4755,7.724318416559462
NY,4756,7.542364386447614
NY,4757,7.514226210907701
NY,4758,7.6859650707366605
NY,4759,7.988163739139187
NY,4760,8.446402288942071
NY,4761,8.810611143476711
NY,4762,9.138378910024294
NY,4763,9.457415196466922
NY,4764,9.780889690093566
NY,4765,10.010662915930647
NY,4766,10.188568947533394
NY,4767,10.355081039088425
NY,4768,10.482106291986645
NY,4769,10.673360736542937
NY,4770,10.831062749138338
NY,4771,10.823142152507732
NY,4772,10.62370049751618
NY,4773,10.350308242078759
NY,4774,10.072787947559254
NY,4775,9.442838988096703
NY,4776,8.775437402661218
NY,4777,8.16988753801565
NY,4778,7.800574490852582
NY,4779,7.569115415812243
NY,4780,7.425069911670717
NY,4781,7.432138009387214
NY,4782,7.608266414021124
NY,4783,7.948261004529175
NY,4784,8.404785483731805
NY,4785,8.789657230285856
NY,4786,9.129689328784345
NY,4787,9.444605803197044
NY,4788,9.764627552527903
NY,4789,10.036126735975735
NY,4790,10.27591399651976
NY,4791,10.433934906920344
NY,4792,10.539062795916289
NY,4793,10.728568683532098
NY,4794,10.912263651844887
NY,4795,10.947614496685642
NY,4796,10.791058061786527
NY,4797,10.583791959008733
NY,4798,10.343899600540691
NY,4799,9.704845261331993
NY,4800,9.032774300198522
NY,4801,8.528344700657408
NY,4802,8.114023556113068
NY,4803,7.847819569079401
NY,4804,7.687096043553368
NY,4805,7.663648283903658
NY,4806,7.797379870280141
NY,4807,8.037362686121378
NY,4808,8.46896636847796
NY,4809,8.876009699025428
NY,4810,9.21781460950045
NY,4811,9.592194470999077
NY,4812,9.90982363716598
NY,4813,10.200227795052879
NY,4814,10.474012834860027
NY,4815,10.711352360364545
NY,4816,10.892871114456446
NY,4817,11.061228440763932
NY,4818,11.206572857223634
NY,4819,11.196811797736464
NY,4820,10.957790528852383
NY,4821,10.651894329297745
NY,4822,10.372111673647417
NY,4823,9.69509869139287
NY,4824,9.021144540529054
NY,4825,8.415634316979876
NY,4826,8.006420313144977
NY,4827,7.748097611242263
NY,4828,7.586591682817881
NY,4829,7.54819813104611
NY,4830,7.6476678100413675
NY,4831,7.8725775824351185
NY,4832,8.351039181591695
NY,4833,8.767627589582316
NY,4834,9.125695413462187
NY,4835,9.476105477188334
NY,4836,9.813513013297444
NY,4837,10.04252845605461
NY,4838,10.22243897256487
NY,4839,10.353580498778188
NY,4840,10.50013811870593
NY,4841,10.701375317572511
NY,4842,10.837790626537098
NY,4843,10.804757556007855
NY,4844,10.590390995544848
NY,4845,10.297102791988516
NY,4846,10.002030240881433
NY,4847,9.364130280282053
NY,4848,8.697135527693499
NY,4849,8.069784198078507
NY,4850,7.6788747236534345
NY,4851,7.456113956135888
NY,4852,7.302590839961048
NY,4853,7.290465320390599
NY,4854,7.4329363317300166
NY,4855,7.660734575830104
NY,4856,8.086520311938662
NY,4857,8.457522649024888
NY,4858,8.773385694022314
NY,4859,9.097922258596888
NY,4860,9.402236099301414
NY,4861,9.661452646638423
NY,4862,9.86685367635259
NY,4863,10.068877518245877
NY,4864,10.158602401634413
NY,4865,10.305367871097056
NY,4866,10.47600088650144
NY,4867,10.49031930596009
NY,4868,10.359368422856631
NY,4869,10.162904268600576
NY,4870,9.914753593613504
NY,4871,9.288142243645815
NY,4872,8.661469839345049
NY,4873,8.425304869433292
NY,4874,8.005259834836616
NY,4875,7.755961645900027
NY,4876,7.589809308656446
NY,4877,7.548236737118757
NY,4878,7.682571953765929
NY,4879,7.951665100432859
NY,4880,8.38482454817896
NY,4881,8.724238208540307
NY,4882,9.020613992338609
NY,4883,9.329537557022466
NY,4884,9.673622419190291
NY,4885,9.929805945793527
NY,4886,10.170562222883262
NY,4887,10.374430977756337
NY,4888,10.510215651660326
NY,4889,10.686216656672729
NY,4890,10.900707804630677
NY,4891,10.878512865250242
NY,4892,10.672434558489813
NY,4893,10.421894624281965
NY,4894,10.140396613181084
NY,4895,9.499283104385638
NY,4896,8.85403800978952
NY,4897,8.404932609784371
NY,4898,8.021692289309762
NY,4899,7.7688248470766315
NY,4900,7.598716417950336
NY,4901,7.568168564300164
NY,4902,7.676483805553267
NY,4903,7.913719179113274
NY,4904,8.374922392755586
NY,4905,8.783395742636595
NY,4906,9.112234398126903
NY,4907,9.443414905479239
NY,4908,9.81790873251834
NY,4909,10.105642872834913
NY,4910,10.35309630390729
NY,4911,10.566146955525078
NY,4912,10.721072546940793
NY,4913,10.933091621595565
NY,4914,11.079082274052569
NY,4915,11.059705006724796
NY,4916,10.849567590447784
NY,4917,10.565212997071889
NY,4918,10.257088638750204
NY,4919,9.634601000515929
NY,4920,8.954163352428878
NY,4921,8.060285542480948
NY,4922,7.694640893714311
NY,4923,7.4556166621657445
NY,4924,7.314297120826924
NY,4925,7.292143713771693
NY,4926,7.430975300383773
NY,4927,7.680368026027977
NY,4928,8.089310541850013
NY,4929,8.475058445307042
NY,4930,8.802195890449733
NY,4931,9.099789098758983
NY,4932,9.431752567103844
NY,4933,9.676119481124049
NY,4934,9.863339119215764
NY,4935,10.065539270624024
NY,4936,10.224623352290084
NY,4937,10.412615187722611
NY,4938,10.583667566819743
NY,4939,10.566025351050689
NY,4940,10.386694901259634
NY,4941,10.132332707581902
NY,4942,9.87178743324591
NY,4943,9.220727360560485
NY,4944,8.547609797394594
NY,4945,7.909524996276974
NY,4946,7.534151559347059
NY,4947,7.291620152387431
NY,4948,7.133915182749365
NY,4949,7.126470541783871
NY,4950,7.2758747221395845
NY,4951,7.571888043065907
NY,4952,8.058001094026311
NY,4953,8.475459578281631
NY,4954,8.83481150083779
NY,4955,9.152722513497634
NY,4956,9.475500666904082
NY,4957,9.723850788595358
NY,4958,9.988439503925111
NY,4959,10.199200731712212
NY,4960,10.371430026363907
NY,4961,10.571214335341939
NY,4962,10.766242461652558
NY,4963,10.779330946152307
NY,4964,10.601353684184483
NY,4965,10.335842907857765
NY,4966,10.02675899265767
NY,4967,9.357782497700143
NY,4968,8.680260314141236
NY,4969,8.110773231266283
NY,4970,7.705652674040765
NY,4971,7.433633409052368
NY,4972,7.29210848948157
NY,4973,7.290460125470323
NY,4974,7.427852779696209
NY,4975,7.69838724918011
NY,4976,8.148693617590856
NY,4977,8.510676943386901
NY,4978,8.84912665372211
NY,4979,9.188161432310354
NY,4980,9.530525196954432
NY,4981,9.77431259580645
NY,4982,10.020749452232591
NY,4983,10.190227367002418
NY,4984,10.351812568510175
NY,4985,10.544834707073145
NY,4986,10.716537764647013
NY,4987,10.698078716192269
NY,4988,10.527772393662351
NY,4989,10.290671642166277
NY,4990,10.017094990138338
NY,4991,9.347933713992594
NY,4992,8.693416654525251
NY,4993,8.091463711301497
NY,4994,7.703453053068965
NY,4995,7.452474306335629
NY,4996,7.313344186024618
NY,4997,7.311580035409242
NY,4998,7.460738128132766
NY,4999,7.6859322108289625
NY,5000,8.100231172280086
NY,5001,8.441123438135135
NY,5002,8.783263146020262
NY,5003,9.138049168555876
NY,5004,9.49731830657528
NY,5005,9.75893207396875
NY,5006,10.031780494395225
NY,5007,10.24819381330279
NY,5008,10.404141297451403
NY,5009,10.564191124314348
NY,5010,10.738202159388711
NY,5011,10.749376680933699
NY,5012,10.561258207081575
NY,5013,10.31239767236153
NY,5014,10.032459054818304
NY,5015,9.384239878100257
NY,5016,8.717702846664508
NY,5017,8.355227736579053
NY,5018,7.945547934825533
NY,5019,7.669640607410446
NY,5020,7.513991428865541
NY,5021,7.471018334894144
NY,5022,7.621556836148083
NY,5023,7.87641772089118
NY,5024,8.371046681061236
NY,5025,8.775373984570738
NY,5026,9.131617027040226
NY,5027,9.460400063630203
NY,5028,9.7929908965428
NY,5029,10.059939213211825
NY,5030,10.262510622534144
NY,5031,10.410535292697597
NY,5032,10.527735503715379
NY,5033,10.641091752039907
NY,5034,10.77937527291716
NY,5035,10.721824262520158
NY,5036,10.493918864011532
NY,5037,10.208050574123137
NY,5038,9.923616204006455
NY,5039,9.299078174352928
NY,5040,8.657615210418296
NY,5041,8.241175033039504
NY,5042,7.826242908872502
NY,5043,7.594281298533863
NY,5044,7.431469637729267
NY,5045,7.388880583058219
NY,5046,7.503326309898819
NY,5047,7.740254743618172
NY,5048,8.139848930469041
NY,5049,8.50505201715161
NY,5050,8.832446132039411
NY,5051,9.120533973629906
NY,5052,9.440903400281046
NY,5053,9.676257144445852
NY,5054,9.883560749116974
NY,5055,10.037723853754391
NY,5056,10.169340239067475
NY,5057,10.377405102406716
NY,5058,10.57894450206161
NY,5059,10.585087791637132
NY,5060,10.37845883971064
NY,5061,10.083544960485293
NY,5062,9.77040152781591
NY,5063,9.154228830532999
NY,5064,8.511485500972606
NY,5065,8.035133580770092
NY,5066,7.688161821395534
NY,5067,7.45046093122903
NY,5068,7.283653165753993
NY,5069,7.275870452700167
NY,5070,7.408255967193072
NY,5071,7.625709686383536
NY,5072,7.998437039749157
NY,5073,8.352041301454062
NY,5074,8.697219251110504
NY,5075,9.007679300055306
NY,5076,9.33474328616039
NY,5077,9.60792302599653
NY,5078,9.807206697957318
NY,5079,10.013399363084794
NY,5080,10.153173390193741
NY,5081,10.334658368562089
NY,5082,10.498354804337737
NY,5083,10.529950783805369
NY,5084,10.387570012375235
NY,5085,10.176814476076483
NY,5086,9.902856343790148
NY,5087,9.279125533545967
NY,5088,8.613270130456577
NY,5089,7.879173158855477
NY,5090,7.551979412933952
NY,5091,7.322460116336704
NY,5092,7.184292621035427
NY,5093,7.200746614308375
NY,5094,7.387321909461423
NY,5095,7.681692672594089
NY,5096,8.072437140130859
NY,5097,8.420006693555964
NY,5098,8.653636964577144
NY,5099,8.892886555867795
NY,5100,9.19555376309155
NY,5101,9.448795378385501
NY,5102,9.706833913419201
NY,5103,9.919953273218306
NY,5104,10.064859915312626
NY,5105,10.228910000157931
NY,5106,10.446475948737282
NY,5107,10.462798375546313
NY,5108,10.217465106277926
NY,5109,9.946987055994857
NY,5110,9.58068217395527
NY,5111,8.953483537670866
NY,5112,8.309146770090761
NY,5113,7.753823241523247
NY,5114,7.424320841906566
NY,5115,7.204768015226893
NY,5116,7.0807281966393
NY,5117,7.105726912233337
NY,5118,7.332363941638955
NY,5119,7.645151778238309
NY,5120,8.082535538374435
NY,5121,8.40170443628645
NY,5122,8.642986995115946
NY,5123,8.926308981269885
NY,5124,9.196130586206031
NY,5125,9.444873718954252
NY,5126,9.70576863688076
NY,5127,9.920672280105425
NY,5128,10.103833899362318
NY,5129,10.285705625982565
NY,5130,10.48566938161422
NY,5131,10.506749458236216
NY,5132,10.297140958686876
NY,5133,10.059201379459596
NY,5134,9.656209799866083
NY,5135,8.989808358061298
NY,5136,8.356846804524707
NY,5137,7.978162167643714
NY,5138,7.64138532503359
NY,5139,7.390130729915505
NY,5140,7.249637275280205
NY,5141,7.253913191870326
NY,5142,7.4527724165649785
NY,5143,7.7844625915776655
NY,5144,8.175034366460585
NY,5145,8.484905328533847
NY,5146,8.722895691826409
NY,5147,8.982151591503895
NY,5148,9.257584438844813
NY,5149,9.509203270408008
NY,5150,9.81933308151658
NY,5151,10.018932545620101
NY,5152,10.185074016956476
NY,5153,10.372494370135167
NY,5154,10.607024364303815
NY,5155,10.67915265392906
NY,5156,10.491402819841245
NY,5157,10.275577774235833
NY,5158,9.875266236607168
NY,5159,9.237240996378562
NY,5160,8.60816518754136
NY,5161,8.266356949057721
NY,5162,7.908658571864591
NY,5163,7.64783403237255
NY,5164,7.496987304889061
NY,5165,7.483867650639284
NY,5166,7.675843497738157
NY,5167,8.022295996435608
NY,5168,8.461774862270461
NY,5169,8.892127453783319
NY,5170,9.234982067850865
NY,5171,9.562966258670665
NY,5172,9.888559457305655
NY,5173,10.158545092480026
NY,5174,10.404327024794776
NY,5175,10.570508010965895
NY,5176,10.70180916005138
NY,5177,10.832704889738464
NY,5178,10.988850743171662
NY,5179,10.973762566366927
NY,5180,10.721405272479824
NY,5181,10.468554929205379
NY,5182,10.075566143529148
NY,5183,9.405075846733535
NY,5184,8.760106759216299
NY,5185,8.304820841855731
NY,5186,7.94334235102252
NY,5187,7.700752378674939
NY,5188,7.567958374070643
NY,5189,7.585725261173399
NY,5190,7.779592615719754
NY,5191,8.069134709001341
NY,5192,8.48931004453278
NY,5193,8.836474624759088
NY,5194,9.072313412452376
NY,5195,9.326391777687387
NY,5196,9.591813853160986
NY,5197,9.846656071232806
NY,5198,10.12287332684721
NY,5199,10.339793297534467
NY,5200,10.548229708327051
NY,5201,10.766592763174533
NY,5202,10.938226388784125
NY,5203,10.913538314292213
NY,5204,10.697632381883965
NY,5205,10.512822262977574
NY,5206,10.10326481017812
NY,5207,9.451314708247596
NY,5208,8.797175448329325
NY,5209,8.034663487841382
NY,5210,7.660150676409057
NY,5211,7.392961921086372
NY,5212,7.271851617611599
NY,5213,7.251223825980712
NY,5214,7.4403404474474195
NY,5215,7.694447882984184
NY,5216,8.058264458237137
NY,5217,8.355469206716837
NY,5218,8.597607130727736
NY,5219,8.897484683705885
NY,5220,9.190228736385079
NY,5221,9.50960203616892
NY,5222,9.787019965070348
NY,5223,10.028207798211206
NY,5224,10.201227392486446
NY,5225,10.445776266937877
NY,5226,10.676996094469736
NY,5227,10.701452459468396
NY,5228,10.47697578249484
NY,5229,10.306190599278755
NY,5230,9.939386249809175
NY,5231,9.309681308425585
NY,5232,8.696672849105925
NY,5233,7.878083806610064
NY,5234,7.530070062778799
NY,5235,7.304890738953279
NY,5236,7.184653251220426
NY,5237,7.192522628604787
NY,5238,7.390595137282872
NY,5239,7.681282531921897
NY,5240,8.048884706345676
NY,5241,8.363544917054499
NY,5242,8.600663321468348
NY,5243,8.888643727990829
NY,5244,9.202558172278751
NY,5245,9.483298665373164
NY,5246,9.724678153789949
NY,5247,9.975099020793664
NY,5248,10.151991402863343
NY,5249,10.31794289461877
NY,5250,10.495221914587024
NY,5251,10.517409630006957
NY,5252,10.289744008362167
NY,5253,10.070860417137457
NY,5254,9.69833650464132
NY,5255,9.092659009070326
NY,5256,8.463023254206178
NY,5257,7.765395911833686
NY,5258,7.460603550918022
NY,5259,7.205743316926759
NY,5260,7.0681363034349864
NY,5261,7.073536086635513
NY,5262,7.27935124362226
NY,5263,7.583885687464204
NY,5264,7.984214758747737
NY,5265,8.24615734576365
NY,5266,8.529543561159228
NY,5267,8.893519162810186
NY,5268,9.210777419131373
NY,5269,9.456189310207346
NY,5270,9.70734046278322
NY,5271,9.90734304192326
NY,5272,10.061204014158571
NY,5273,10.193681709851752
NY,5274,10.364995087896785
NY,5275,10.39835056022207
NY,5276,10.156286914276238
NY,5277,10.029243395000979
NY,5278,9.64003821847207
NY,5279,8.973692926978368
NY,5280,8.34516637713815
NY,5281,7.968806134777959
NY,5282,7.652027851249204
NY,5283,7.420773534608908
NY,5284,7.282706330133114
NY,5285,7.28481426279532
NY,5286,7.515817455979953
NY,5287,7.848455577720307
NY,5288,8.256621828444585
NY,5289,8.613838271185156
NY,5290,8.895246269659737
NY,5291,9.187356305392267
NY,5292,9.478780170323326
NY,5293,9.738548601135113
NY,5294,9.996006966429126
NY,5295,10.189078083120435
NY,5296,10.351344195504874
NY,5297,10.55152819903611
NY,5298,10.757816180888176
NY,5299,10.703905499870709
NY,5300,10.469539533017155
NY,5301,10.271680667315078
NY,5302,9.853056932907357
NY,5303,9.176469704817226
NY,5304,8.56175601260781
NY,5305,8.010546210100479
NY,5306,7.640401640232479
NY,5307,7.380284679206975
NY,5308,7.242911748294473
NY,5309,7.224374239815672
NY,5310,7.41713636893559
NY,5311,7.721750120978041
NY,5312,8.109555573207343
NY,5313,8.466382661580957
NY,5314,8.711407902417815
NY,5315,9.009770710943755
NY,5316,9.298075335456561
NY,5317,9.49008945917125
NY,5318,9.722856138901218
NY,5319,9.890741358894816
NY,5320,10.019332254855906
NY,5321,10.170827713314011
NY,5322,10.343176784493703
NY,5323,10.305889867527906
NY,5324,10.143209802733512
NY,5325,9.974496672709664
NY,5326,9.596277669861301
NY,5327,8.964896210578207
NY,5328,8.370705995533145
NY,5329,7.903746042061397
NY,5330,7.5495473598751195
NY,5331,7.3348775322026025
NY,5332,7.2019605542283545
NY,5333,7.20189403357945
NY,5334,7.4088708857181915
NY,5335,7.6829439439920355
NY,5336,8.030739371083301
NY,5337,8.326106346312972
NY,5338,8.358876998881422
NY,5339,8.873810784820446
NY,5340,9.200993109106888
NY,5341,9.494230029724067
NY,5342,9.786577255602799
NY,5343,10.008309992719251
NY,5344,10.186995902193017
NY,5345,10.404606639807948
NY,5346,10.596227622472574
NY,5347,10.59557571935854
NY,5348,10.369957988555408
NY,5349,10.141452189655782
NY,5350,9.712209466086332
NY,5351,9.054506144062724
NY,5352,8.414918409749996
NY,5353,7.982529664507643
NY,5354,7.61029428322516
NY,5355,7.383323849786518
NY,5356,7.252781671605558
NY,5357,7.242104395801589
NY,5358,7.435220746230735
NY,5359,7.7320032041117726
NY,5360,8.115569984764235
NY,5361,8.438495010453163
NY,5362,8.671160345120759
NY,5363,8.962134746991108
NY,5364,9.273873060191939
NY,5365,9.531797759878742
NY,5366,9.793201357130329
NY,5367,10.025505563091787
NY,5368,10.207138791521578
NY,5369,10.368415572889194
NY,5370,10.541428199054051
NY,5371,10.571465419245625
NY,5372,10.365395915069804
NY,5373,10.23180951388276
NY,5374,9.83913892219232
NY,5375,9.198587507530707
NY,5376,8.56481027175075
NY,5377,8.22331332989457
NY,5378,7.864237160271489
NY,5379,7.630283990641894
NY,5380,7.496258561098482
NY,5381,7.478070349058298
NY,5382,7.662979580345028
NY,5383,7.959787693866212
NY,5384,8.30926067395261
NY,5385,8.6093664487209
NY,5386,8.909956060274657
NY,5387,9.221173166709463
NY,5388,9.531374061838296
NY,5389,9.741688333100948
NY,5390,9.967299038371593
NY,5391,10.147045995797765
NY,5392,10.30512567193567
NY,5393,10.493255684072649
NY,5394,10.663422994436118
NY,5395,10.698058868999444
NY,5396,10.469403692926297
NY,5397,10.312989636765888
NY,5398,9.906452126796452
NY,5399,9.293231136479404
NY,5400,8.667244322593133
NY,5401,8.363197789733118
NY,5402,7.99626907947549
NY,5403,7.721396393114511
NY,5404,7.5898833236393575
NY,5405,7.564586130884943
NY,5406,7.733192335108232
NY,5407,7.9875946911309885
NY,5408,8.347434987237254
NY,5409,8.61050857516498
NY,5410,8.818007459490685
NY,5411,9.057094500249747
NY,5412,9.323248011756816
NY,5413,9.513689363903646
NY,5414,9.694153083152342
NY,5415,9.87480394669844
NY,5416,10.03222970052686
NY,5417,10.240293009120746
NY,5418,10.437213224033414
NY,5419,10.483727263007758
NY,5420,10.331491674403951
NY,5421,10.19431189275085
NY,5422,9.786121256877783
NY,5423,9.119199362619502
NY,5424,8.50104344408133
NY,5425,7.802275903909146
NY,5426,7.447278617681918
NY,5427,7.212735122729692
NY,5428,7.068475962759549
NY,5429,7.073796181400805
NY,5430,7.263045474630051
NY,5431,7.577195168195491
NY,5432,8.008543563867862
NY,5433,8.334634228418588
NY,5434,8.602901965018399
NY,5435,8.8736555769985
NY,5436,9.15651502626327
NY,5437,9.40294397787593
NY,5438,9.660037894085693
NY,5439,9.880568172085827
NY,5440,10.069460149256402
NY,5441,10.25031007905396
NY,5442,10.414288324541985
NY,5443,10.433558056578908
NY,5444,10.222236138443437
NY,5445,10.096791072032804
NY,5446,9.708658187574187
NY,5447,9.072646531123247
NY,5448,8.44434584867134
NY,5449,7.932181975663776
NY,5450,7.589462849504136
NY,5451,7.359452686654295
NY,5452,7.224701811235469
NY,5453,7.227936325901362
NY,5454,7.447786348828553
NY,5455,7.800859405956396
NY,5456,8.249475724647573
NY,5457,8.566692080080825
NY,5458,8.81873669655363
NY,5459,9.059827721276008
NY,5460,9.33413436036429
NY,5461,9.545030577703459
NY,5462,9.759646913051514
NY,5463,9.954718056724307
NY,5464,10.148692730499745
NY,5465,10.324744526290626
NY,5466,10.477673634067866
NY,5467,10.49973088943333
NY,5468,10.323086383637428
NY,5469,10.170163776385207
NY,5470,9.78397325993996
NY,5471,9.142047532466954
NY,5472,8.505503877632004
NY,5473,8.07456791140843
NY,5474,7.73121867984369
NY,5475,7.48669879822516
NY,5476,7.347619967605838
NY,5477,7.3285256318319485
NY,5478,7.525900064192474
NY,5479,7.840689948205123
NY,5480,8.198036744480483
NY,5481,8.515296317061912
NY,5482,8.783958751274456
NY,5483,9.06994985978849
NY,5484,9.3750487521727
NY,5485,9.604069111725583
NY,5486,9.858774163811031
NY,5487,10.030947175092324
NY,5488,10.135758502925894
NY,5489,10.283859105721413
NY,5490,10.423715898041756
NY,5491,10.378671540092267
NY,5492,10.201434922607334
NY,5493,10.068370964134958
NY,5494,9.721762196109001
NY,5495,9.112220464321306
NY,5496,8.504416216400442
NY,5497,8.164672092792399
NY,5498,7.810729039169283
NY,5499,7.546988263648752
NY,5500,7.41738409127589
NY,5501,7.395999654566738
NY,5502,7.594460085240106
NY,5503,7.874244408502301
NY,5504,8.258464426276234
NY,5505,8.537310423779562
NY,5506,8.774011045130038
NY,5507,9.019535243210369
NY,5508,9.294554959831565
NY,5509,9.511206258519646
NY,5510,9.761011263724397
NY,5511,9.960487607857017
NY,5512,10.102177648617163
NY,5513,10.26308460729451
NY,5514,10.393392182330881
NY,5515,10.381979278815557
NY,5516,10.195029449331463
NY,5517,10.048287333337685
NY,5518,9.6608534383311
NY,5519,9.039091623017956
NY,5520,8.429647412299893
NY,5521,7.856204098927781
NY,5522,7.507434323981946
NY,5523,7.259342468684165
NY,5524,7.137243089727578
NY,5525,7.160673438868289
NY,5526,7.363793341296092
NY,5527,7.647291455498116
NY,5528,7.9983239784333175
NY,5529,8.247601889119368
NY,5530,8.445060608308978
NY,5531,8.66400773985559
NY,5532,8.933156724641817
NY,5533,9.184370967907974
NY,5534,9.424610634153318
NY,5535,9.634169574763641
NY,5536,9.790202221139754
NY,5537,9.943447643367234
NY,5538,10.192177633270829
NY,5539,10.282727066517424
NY,5540,10.130982643326984
NY,5541,10.016993034534522
NY,5542,9.62360535544825
NY,5543,8.977952949105545
NY,5544,8.359786240375588
NY,5545,7.9709491006603725
NY,5546,7.610192768197418
NY,5547,7.3359262673749654
NY,5548,7.201707167846309
NY,5549,7.18759985937198
NY,5550,7.368261176287111
NY,5551,7.64303706237548
NY,5552,8.005538517225517
NY,5553,8.33478934661259
NY,5554,8.636495268808773
NY,5555,8.98865839171026
NY,5556,9.34400297188773
NY,5557,9.653870060188327
NY,5558,9.94897792482561
NY,5559,10.217308200307327
NY,5560,10.401097877580277
NY,5561,10.60775538864162
NY,5562,10.783953737407636
NY,5563,10.823535726170542
NY,5564,10.60365708119841
NY,5565,10.435782342354058
NY,5566,10.00164406567869
NY,5567,9.367760782963577
NY,5568,8.720972642265682
NY,5569,8.257861556809244
NY,5570,7.918880192668448
NY,5571,7.660972947428152
NY,5572,7.510186800261098
NY,5573,7.497016057459181
NY,5574,7.676577764070024
NY,5575,7.944425463080598
NY,5576,8.302290003229809
NY,5577,8.568479180857466
NY,5578,8.77559287419548
NY,5579,9.045435351115275
NY,5580,9.295695737848671
NY,5581,9.492885690222703
NY,5582,9.722828104641206
NY,5583,9.894725695896527
NY,5584,10.074277119476413
NY,5585,10.229882205248591
NY,5586,10.393455615040564
NY,5587,10.434713648032195
NY,5588,10.283975747679328
NY,5589,10.186451117487717
NY,5590,9.781887198643075
NY,5591,9.157397442786232
NY,5592,8.529501626369347
NY,5593,7.795389154487687
NY,5594,7.439479131359903
NY,5595,7.202072235622801
NY,5596,7.065512339292375
NY,5597,7.058973720180496
NY,5598,7.247917041895123
NY,5599,7.525754176950361
NY,5600,7.873842190313579
NY,5601,8.145400810563713
NY,5602,8.337811935079406
NY,5603,8.56737128871815
NY,5604,8.873820936496564
NY,5605,9.12250306352624
NY,5606,9.367106841710822
NY,5607,9.573603803419925
NY,5608,9.754690907473194
NY,5609,9.924779500431294
NY,5610,10.103610857920378
NY,5611,10.108018460860475
NY,5612,9.881214250316402
NY,5613,9.757987659885403
NY,5614,9.382219597986232
NY,5615,8.757590286333818
NY,5616,8.160227208069006
NY,5617,7.788810166515801
NY,5618,7.455578034040509
NY,5619,7.240015174338005
NY,5620,7.117547762060225
NY,5621,7.1395570626849505
NY,5622,7.375621184932458
NY,5623,7.678852018232881
NY,5624,8.049456285825473
NY,5625,8.33980134999857
NY,5626,8.614284396132165
NY,5627,8.876912514345317
NY,5628,9.161147712999416
NY,5629,9.38969104662579
NY,5630,9.61175896596062
NY,5631,9.772807308048739
NY,5632,9.956816972094705
NY,5633,10.137635341644252
NY,5634,10.284408151845168
NY,5635,10.2737466045886
NY,5636,10.100464875402619
NY,5637,9.96474041399166
NY,5638,9.544890520267828
NY,5639,8.901654568603526
NY,5640,8.283473951757772
NY,5641,7.663001220979721
NY,5642,7.321802156441672
NY,5643,7.096308693813226
NY,5644,6.973057873011101
NY,5645,6.985836601624846
NY,5646,7.194944128028629
NY,5647,7.481441337996093
NY,5648,7.835665435343414
NY,5649,8.034130526701615
NY,5650,8.22509666707353
NY,5651,8.516856588684119
NY,5652,8.795809548621177
NY,5653,9.034074076388544
NY,5654,9.290107824744982
NY,5655,9.486785218110045
NY,5656,9.645363944169638
NY,5657,9.820429620240887
NY,5658,9.990315356406263
NY,5659,9.946211332600628
NY,5660,9.783171856371363
NY,5661,9.723566043181702
NY,5662,9.353489895363646
NY,5663,8.7161904211934
NY,5664,8.115265050227686
NY,5665,7.7662618077586005
NY,5666,7.434176883504865
NY,5667,7.211780783897563
NY,5668,7.0812768781829885
NY,5669,7.092833887697612
NY,5670,7.303222187091793
NY,5671,7.583976704676762
NY,5672,7.921124670759834
NY,5673,8.246150010125795
NY,5674,8.604406798084074
NY,5675,8.988138085184168
NY,5676,9.341721825924985
NY,5677,9.653546110707982
NY,5678,9.918865665956577
NY,5679,10.130966234303408
NY,5680,10.267689743679837
NY,5681,10.446830141457804
NY,5682,10.568589315928262
NY,5683,10.518374139273122
NY,5684,10.311294585050423
NY,5685,10.109140081580271
NY,5686,9.677074812556217
NY,5687,9.01807355947846
NY,5688,8.347957009475332
NY,5689,7.776091982153861
NY,5690,7.4263975695319004
NY,5691,7.202592691397652
NY,5692,7.070697672588863
NY,5693,7.073961723701045
NY,5694,7.2770909934602415
NY,5695,7.552471838639054
NY,5696,7.926312377736309
NY,5697,8.221291857434027
NY,5698,8.47752285621421
NY,5699,8.815179940143098
NY,5700,9.144931247173812
NY,5701,9.44259927147847
NY,5702,9.692666873214183
NY,5703,9.90624090252072
NY,5704,10.075060749423645
NY,5705,10.241537273475698
NY,5706,10.387625141137821
NY,5707,10.406599987694415
NY,5708,10.23585902660327
NY,5709,10.103229581455942
NY,5710,9.673847214434895
NY,5711,9.019805168660202
NY,5712,8.374333431389955
NY,5713,7.8057744982329895
NY,5714,7.444642857638638
NY,5715,7.215291793643188
NY,5716,7.062712064568877
NY,5717,7.067021823564838
NY,5718,7.246223409317604
NY,5719,7.5078789631968
NY,5720,7.852317178684254
NY,5721,8.179440743272192
NY,5722,8.40519520627114
NY,5723,8.64760281204164
NY,5724,8.917665358058906
NY,5725,9.161514046892668
NY,5726,9.387650158839751
NY,5727,9.5765973058305
NY,5728,9.740379623663415
NY,5729,9.907618240977149
NY,5730,10.07959778140065
NY,5731,10.099247814489058
NY,5732,9.936339680265188
NY,5733,9.845233980541945
NY,5734,9.429741661032379
NY,5735,8.805786861513775
NY,5736,8.190380249281853
NY,5737,8.053543905107556
NY,5738,7.704878528475427
NY,5739,7.466245904280689
NY,5740,7.348071719571165
NY,5741,7.3250840765023035
NY,5742,7.506679457369755
NY,5743,7.827012480332633
NY,5744,8.19454199909393
NY,5745,8.484463352712758
NY,5746,8.766827910254891
NY,5747,9.073117243078867
NY,5748,9.411097458818391
NY,5749,9.682328512136515
NY,5750,9.931159644000397
NY,5751,10.140695450893128
NY,5752,10.319447039394763
NY,5753,10.483223219864588
NY,5754,10.67121127131318
NY,5755,10.652267634542753
NY,5756,10.484395496302861
NY,5757,10.311997317517527
NY,5758,9.875621020035918
NY,5759,9.199606569532135
NY,5760,8.549683491298792
NY,5761,7.968642914515664
NY,5762,7.605558940748101
NY,5763,7.37295712780896
NY,5764,7.161214493369781
NY,5765,7.230021205768917
NY,5766,7.432844922297555
NY,5767,7.749062973157668
NY,5768,8.092657269528223
NY,5769,8.4019700391445
NY,5770,8.684143342053094
NY,5771,8.958780634792392
NY,5772,9.25035250415849
NY,5773,9.526315661503899
NY,5774,9.738225630855984
NY,5775,9.92130196532942
NY,5776,10.055938773828743
NY,5777,10.186025068818148
NY,5778,10.37764662750002
NY,5779,10.369250091783725
NY,5780,10.206071712947516
NY,5781,10.072289326813182
NY,5782,9.664101727306736
NY,5783,9.035821164062757
NY,5784,8.424342098242677
NY,5785,7.7640078249625715
NY,5786,7.42793616462886
NY,5787,7.180132177065078
NY,5788,7.072145347076052
NY,5789,7.070121047471352
NY,5790,7.29096176494949
NY,5791,7.60273758252796
NY,5792,7.960726384737539
NY,5793,8.221393302044486
NY,5794,8.374374086197898
NY,5795,8.637279423238253
NY,5796,8.91751295115405
NY,5797,9.16397471164736
NY,5798,9.374317854343175
NY,5799,9.57509917598541
NY,5800,9.684275782163912
NY,5801,9.851622565553834
NY,5802,9.989664042691594
NY,5803,9.954289457490859
NY,5804,9.804766677939162
NY,5805,9.690880274482197
NY,5806,9.2969630595639
NY,5807,8.654012658597429
NY,5808,8.043292217048105
NY,5809,7.867462465975535
NY,5810,7.527175444938473
NY,5811,7.29865152627616
NY,5812,7.152852166304065
NY,5813,7.145511580126746
NY,5814,7.349505990897971
NY,5815,7.568166615112044
NY,5816,7.9204882471523845
NY,5817,8.134255137540373
NY,5818,8.333037504126567
NY,5819,8.538743170902835
NY,5820,8.785475616263641
NY,5821,8.992344620753038
NY,5822,9.20888873830011
NY,5823,9.377429288678062
NY,5824,9.508655256510519
NY,5825,9.64362127560273
NY,5826,9.80729205442055
NY,5827,9.80233802327198
NY,5828,9.723471030731522
NY,5829,9.641192324247504
NY,5830,9.239994055228287
NY,5831,8.62216223278008
NY,5832,8.06085870742074
NY,5833,7.207286873485407
NY,5834,6.92849688594984
NY,5835,6.753194561182736
NY,5836,6.659892157833807
NY,5837,6.691983640748371
NY,5838,6.938785351247922
NY,5839,7.408215766979506
NY,5840,7.745492137037367
NY,5841,7.956703412726487
NY,5842,8.084477153991417
NY,5843,8.17466968881863
NY,5844,8.264355353970867
NY,5845,8.326615393184369
NY,5846,8.421353814859357
NY,5847,8.518518203775722
NY,5848,8.613704694604968
NY,5849,8.821525576200857
NY,5850,9.050893606741234
NY,5851,9.096417377354484
NY,5852,9.079469949829813
NY,5853,8.904607505042382
NY,5854,8.483227882256752
NY,5855,7.96585019676854
NY,5856,7.45217287591458
NY,5857,7.04633762651934
NY,5858,6.800417864222225
NY,5859,6.648125675183067
NY,5860,6.570817531010464
NY,5861,6.584778442876244
NY,5862,6.831101521337596
NY,5863,7.289616366836927
NY,5864,7.609417265196527
NY,5865,7.790250781428318
NY,5866,7.858421685557701
NY,5867,7.950324739372056
NY,5868,8.049687558815746
NY,5869,8.159500840697303
NY,5870,8.269868434165831
NY,5871,8.42322924085369
NY,5872,8.558334161841401
NY,5873,8.821649986398898
NY,5874,9.063691120525048
NY,5875,9.07169617479843
NY,5876,9.039060258025643
NY,5877,8.910874889104143
NY,5878,8.478264586166693
NY,5879,7.948377560267609
NY,5880,7.441311397773238
NY,5881,6.995238693372186
NY,5882,6.7512498238045495
NY,5883,6.587922449508285
NY,5884,6.510464326637031
NY,5885,6.54593422871268
NY,5886,6.788518082079362
NY,5887,7.249903812403394
NY,5888,7.569860070175633
NY,5889,7.7703155964816135
NY,5890,7.877284125855691
NY,5891,7.985495702130065
NY,5892,8.120727374941715
NY,5893,8.249526339998221
NY,5894,8.397442591871759
NY,5895,8.558094120261446
NY,5896,8.724194711905865
NY,5897,8.95105925595533
NY,5898,9.24514450853128
NY,5899,9.29399037414504
NY,5900,9.25420075367926
NY,5901,9.09998384878515
NY,5902,8.674295665036295
NY,5903,8.142384107746773
NY,5904,7.624132631788849
NY,5905,7.38435220874292
NY,5906,7.115735078767638
NY,5907,6.942013793473648
NY,5908,6.840613268518349
NY,5909,6.837946379693745
NY,5910,7.07211032716919
NY,5911,7.503223270060928
NY,5912,7.808960044151172
NY,5913,8.057523421028236
NY,5914,8.242279449257204
NY,5915,8.38240144675887
NY,5916,8.542900212191107
NY,5917,8.677306183912878
NY,5918,8.789250493323797
NY,5919,8.918378420380296
NY,5920,9.038673290615952
NY,5921,9.251624315486627
NY,5922,9.453124738022954
NY,5923,9.445938372943012
NY,5924,9.414673622511646
NY,5925,9.233255519481398
NY,5926,8.75251757190613
NY,5927,8.195813640939024
NY,5928,7.6601025302997074
NY,5929,7.1830402859336075
NY,5930,6.921329469789957
NY,5931,6.748098847640102
NY,5932,6.652552440563634
NY,5933,6.679276961753439
NY,5934,6.929289426591037
NY,5935,7.415165466725178
NY,5936,7.737980932999684
NY,5937,7.9740329541159936
NY,5938,8.163377859220201
NY,5939,8.334346842516725
NY,5940,8.500947676326808
NY,5941,8.649132038175786
NY,5942,8.772317900320553
NY,5943,8.881298332253824
NY,5944,9.008386220749191
NY,5945,9.187793528880164
NY,5946,9.390099711657951
NY,5947,9.407988679116588
NY,5948,9.354522232088781
NY,5949,9.17415509908074
NY,5950,8.707651331428899
NY,5951,8.140701874132786
NY,5952,7.617163553158085
NY,5953,7.245629727700986
NY,5954,6.998727443762429
NY,5955,6.824860183105026
NY,5956,6.740089735509822
NY,5957,6.779466611758073
NY,5958,7.053148422935997
NY,5959,7.58599757705429
NY,5960,7.937033260416434
NY,5961,8.157341110181452
NY,5962,8.287040989189755
NY,5963,8.416763879148903
NY,5964,8.556727232871166
NY,5965,8.687224318497055
NY,5966,8.784552238986445
NY,5967,8.902811797658773
NY,5968,9.013140382174017
NY,5969,9.183178361468151
NY,5970,9.395044570878694
NY,5971,9.393573312693363
NY,5972,9.36933568151775
NY,5973,9.177172380567912
NY,5974,8.702798256436159
NY,5975,8.13678709626317
NY,5976,7.579202403190076
NY,5977,7.098386471904312
NY,5978,6.850112545020124
NY,5979,6.683412031610937
NY,5980,6.602861007100055
NY,5981,6.649155632255132
NY,5982,6.922129358831382
NY,5983,7.422774527994886
NY,5984,7.73903694090227
NY,5985,7.9324807332528655
NY,5986,8.079668210027602
NY,5987,8.232122923093756
NY,5988,8.361587789742742
NY,5989,8.476771456862
NY,5990,8.594126344181108
NY,5991,8.715997332758823
NY,5992,8.838559037866851
NY,5993,9.040476482920713
NY,5994,9.269860905056008
NY,5995,9.279408470708898
NY,5996,9.246747634157439
NY,5997,9.042202002653598
NY,5998,8.559720637814403
NY,5999,8.00024085395564
NY,6000,7.475694758366098
NY,6001,7.320403760753428
NY,6002,7.068152651470463
NY,6003,6.883981543069811
NY,6004,6.8059625657491
NY,6005,6.825427165632518
NY,6006,7.087472078970522
NY,6007,7.58741743569982
NY,6008,7.941530299207206
NY,6009,8.161295010009196
NY,6010,8.296741405282965
NY,6011,8.398441376712842
NY,6012,8.49422482054757
NY,6013,8.584616699592553
NY,6014,8.702056679313507
NY,6015,8.825269789245102
NY,6016,8.901385293537151
NY,6017,9.081943046490382
NY,6018,9.30690980395105
NY,6019,9.334244718586763
NY,6020,9.31580159817995
NY,6021,9.099330365335943
NY,6022,8.634333663057152
NY,6023,8.062778746710064
NY,6024,7.547855994308327
NY,6025,7.070766086347102
NY,6026,6.808018298440159
NY,6027,6.629729067593198
NY,6028,6.54363724824851
NY,6029,6.582294021914526
NY,6030,6.8563261670785955
NY,6031,7.379937174858522
NY,6032,7.7141152312391466
NY,6033,7.8981313443530725
NY,6034,7.976231958690587
NY,6035,8.046894759182557
NY,6036,8.12722110735324
NY,6037,8.209037089181034
NY,6038,8.316448960046948
NY,6039,8.411207644492759
NY,6040,8.520184210071593
NY,6041,8.708485572799617
NY,6042,8.973278843285538
NY,6043,9.067279286807658
NY,6044,9.091491566406543
NY,6045,8.88195974557949
NY,6046,8.477932527564692
NY,6047,7.92563097000312
NY,6048,7.404919769690498
NY,6049,7.010482804931274
NY,6050,6.75542975218907
NY,6051,6.5880520447558215
NY,6052,6.50617700084857
NY,6053,6.528162857476301
NY,6054,6.777415525542508
NY,6055,7.263185636670736
NY,6056,7.570875860144014
NY,6057,7.751566065405702
NY,6058,7.831381898003192
NY,6059,7.902167238995653
NY,6060,8.000367225700227
NY,6061,8.070717598768777
NY,6062,8.171494087841886
NY,6063,8.293927438123124
NY,6064,8.427790258055618
NY,6065,8.640756461375167
NY,6066,8.844555410935662
NY,6067,8.921822164261531
NY,6068,8.977442722538711
NY,6069,8.840051561365511
NY,6070,8.419875079087259
NY,6071,7.891069557595464
NY,6072,7.387426743706949
NY,6073,6.987459416121062
NY,6074,6.732514532678859
NY,6075,6.567696402204896
NY,6076,6.475380862701486
NY,6077,6.516837402730638
NY,6078,6.778499593762653
NY,6079,7.27541978657163
NY,6080,7.568969981010727
NY,6081,7.732980344127733
NY,6082,7.8116036689124
NY,6083,7.912474933130498
NY,6084,8.029828139335939
NY,6085,8.100859315264426
NY,6086,8.223927137476343
NY,6087,8.333426035575302
NY,6088,8.462734264344684
NY,6089,8.682809911730423
NY,6090,8.882554164970102
NY,6091,8.901858353013175
NY,6092,8.95698911434626
NY,6093,8.809179285774936
NY,6094,8.3742432584128
NY,6095,7.8414733627507305
NY,6096,7.338391017346412
NY,6097,6.881501879772469
NY,6098,6.637793244893425
NY,6099,6.485484969555724
NY,6100,6.411374111785777
NY,6101,6.451480759123798
NY,6102,6.731991182851463
NY,6103,7.257620091516317
NY,6104,7.581755537750397
NY,6105,7.7576499040735785
NY,6106,7.860836004654614
NY,6107,7.948343284816379
NY,6108,8.033569809295956
NY,6109,8.125589469528093
NY,6110,8.213582063177602
NY,6111,8.307634669934751
NY,6112,8.457169789619815
NY,6113,8.6877962720995
NY,6114,8.941413143846356
NY,6115,8.996369313350291
NY,6116,9.036060137682828
NY,6117,8.853654674526682
NY,6118,8.394773511990083
NY,6119,7.819712835737481
NY,6120,7.296912128497893
NY,6121,6.982624149818702
NY,6122,6.741385321681008
NY,6123,6.582992165652463
NY,6124,6.5003972063332895
NY,6125,6.546939541682887
NY,6126,6.837697653847472
NY,6127,7.389360309294837
NY,6128,7.720613809227748
NY,6129,7.87539833301296
NY,6130,7.963372656485253
NY,6131,8.037194067770903
NY,6132,8.106802185235004
NY,6133,8.191431215937717
NY,6134,8.274369099770466
NY,6135,8.366684706380877
NY,6136,8.471875765611236
NY,6137,8.675865120741744
NY,6138,8.913395506099821
NY,6139,8.996772843932481
NY,6140,9.001651669266032
NY,6141,8.821262793821173
NY,6142,8.361968486237053
NY,6143,7.814050997475701
NY,6144,7.307809829837982
NY,6145,6.949455696699966
NY,6146,6.699520465946279
NY,6147,6.543977092958518
NY,6148,6.471818621899477
NY,6149,6.51058138912201
NY,6150,6.791236931006282
NY,6151,7.310590296794998
NY,6152,7.632643024340544
NY,6153,7.79941743709144
NY,6154,7.8992911375483015
NY,6155,7.9871541746377686
NY,6156,8.070809180604586
NY,6157,8.141422856525194
NY,6158,8.241477673760865
NY,6159,8.337594803113808
NY,6160,8.46463133390679
NY,6161,8.681000343661188
NY,6162,8.932648506702668
NY,6163,9.034666056946993
NY,6164,9.096161053553498
NY,6165,8.940279355640563
NY,6166,8.511097121880727
NY,6167,7.959051017648061
NY,6168,7.447089967367662
NY,6169,7.007974725821717
NY,6170,6.763131449714071
NY,6171,6.601207200311955
NY,6172,6.517436312843351
NY,6173,6.55184637093736
NY,6174,6.8119267151075
NY,6175,7.319999635006161
NY,6176,7.631706227151087
NY,6177,7.759457898129165
NY,6178,7.778123829946022
NY,6179,7.793795916700572
NY,6180,7.836078529735357
NY,6181,7.880063333666969
NY,6182,7.964920763171559
NY,6183,8.056584081593563
NY,6184,8.16696765471596
NY,6185,8.376338873426253
NY,6186,8.672093779460637
NY,6187,8.811327487357614
NY,6188,8.877221696637026
NY,6189,8.722814465736615
NY,6190,8.285920329178701
NY,6191,7.749521927422339
NY,6192,7.236660095481442
NY,6193,6.742633078916809
NY,6194,6.496896272178966
NY,6195,6.350333088854616
NY,6196,6.28494171093568
NY,6197,6.32794615812646
NY,6198,6.609069669118227
NY,6199,7.134870421313497
NY,6200,7.457886836480423
NY,6201,7.601600233990455
NY,6202,7.622446525878805
NY,6203,7.614963167835118
NY,6204,7.6500768113835225
NY,6205,7.715573954842199
NY,6206,7.831349506232166
NY,6207,7.9243229115260965
NY,6208,8.048538724985455
NY,6209,8.272613446748183
NY,6210,8.508015114127248
NY,6211,8.630793741934218
NY,6212,8.703845230084067
NY,6213,8.549599290768127
NY,6214,8.123736853701438
NY,6215,7.577463159883558
NY,6216,7.068499764492528
NY,6217,6.844337682037303
NY,6218,6.608187303806922
NY,6219,6.4592968602804035
NY,6220,6.386123104990769
NY,6221,6.423193665976983
NY,6222,6.684551023127706
NY,6223,7.1767929794317125
NY,6224,7.480188084341929
NY,6225,7.656921232265719
NY,6226,7.755552733599508
NY,6227,7.828722979775694
NY,6228,7.914777290820808
NY,6229,8.02388555131235
NY,6230,8.124174997780358
NY,6231,8.221213062583267
NY,6232,8.36000476315261
NY,6233,8.587215568311775
NY,6234,8.820534122511548
NY,6235,8.907129530098894
NY,6236,8.952335212690592
NY,6237,8.770946807657515
NY,6238,8.31913465350865
NY,6239,7.7724382187219625
NY,6240,7.26730183866538
NY,6241,6.872662076837384
NY,6242,6.626774344744802
NY,6243,6.460347507859294
NY,6244,6.377760678636708
NY,6245,6.403317170782718
NY,6246,6.649230249642659
NY,6247,7.141409168231699
NY,6248,7.4615346421985205
NY,6249,7.626608664743974
NY,6250,7.663524508053896
NY,6251,7.709723037898658
NY,6252,7.777079792667122
NY,6253,7.869220897284558
NY,6254,7.970618597097509
NY,6255,8.083368301543121
NY,6256,8.213461605566591
NY,6257,8.428117018982388
NY,6258,8.631379464991985
NY,6259,8.73956332444831
NY,6260,8.81271405253226
NY,6261,8.646699022614714
NY,6262,8.202411263265573
NY,6263,7.663936044433971
NY,6264,7.157610268034755
NY,6265,6.716729635227227
NY,6266,6.464585592282008
NY,6267,6.321420797865783
NY,6268,6.250557382026294
NY,6269,6.282057663957253
NY,6270,6.568095239132782
NY,6271,7.082250365746497
NY,6272,7.377666294985759
NY,6273,7.515739202049082
NY,6274,7.530885759694067
NY,6275,7.57636883290345
NY,6276,7.62743886445686
NY,6277,7.652389233411148
NY,6278,7.723089323990146
NY,6279,7.803469476170741
NY,6280,7.918034219716306
NY,6281,8.126572749702582
NY,6282,8.387205739623976
NY,6283,8.508002530282898
NY,6284,8.603368725120944
NY,6285,8.443538078448263
NY,6286,8.00709663206724
NY,6287,7.479567511901309
NY,6288,6.975874421526691
NY,6289,6.686129946459081
NY,6290,6.457944750064274
NY,6291,6.312746600254827
NY,6292,6.238355130421508
NY,6293,6.289106083160658
NY,6294,6.592109472391594
NY,6295,7.150964924764528
NY,6296,7.476622463704706
NY,6297,7.585643309060741
NY,6298,7.585916184193016
NY,6299,7.596195543885699
NY,6300,7.656302576139681
NY,6301,7.724380928022846
NY,6302,7.825792435611378
NY,6303,7.915947774943993
NY,6304,8.056723248427282
NY,6305,8.288609441255689
NY,6306,8.523938504003794
NY,6307,8.6382877376295
NY,6308,8.715272606230103
NY,6309,8.549540321123825
NY,6310,8.113548880108004
NY,6311,7.577963711970773
NY,6312,7.068727163420421
NY,6313,6.823070367920526
NY,6314,6.578065586510145
NY,6315,6.410672113945367
NY,6316,6.342097623938276
NY,6317,6.385184731126757
NY,6318,6.670504488907932
NY,6319,7.197681101711965
NY,6320,7.522389616218558
NY,6321,7.646736882474624
NY,6322,7.652384483310534
NY,6323,7.685150056079629
NY,6324,7.733819138597241
NY,6325,7.801134954697302
NY,6326,7.923955595959765
NY,6327,8.047952814912422
NY,6328,8.197622619686834
NY,6329,8.430645094860873
NY,6330,8.658717776919273
NY,6331,8.789432792273796
NY,6332,8.884784953234051
NY,6333,8.711728906511127
NY,6334,8.272084413210212
NY,6335,7.736002971201416
NY,6336,7.228467798608443
NY,6337,6.9480389869632715
NY,6338,6.68792045520861
NY,6339,6.524622069855733
NY,6340,6.447651116323018
NY,6341,6.48535931343348
NY,6342,6.752094428069569
NY,6343,7.253040695090371
NY,6344,7.5768048993018535
NY,6345,7.749428666725778
NY,6346,7.8002299094687535
NY,6347,7.84141270600827
NY,6348,7.890740123309008
NY,6349,7.946786295533796
NY,6350,8.040356865547338
NY,6351,8.122242749338264
NY,6352,8.249450194559254
NY,6353,8.47080893605682
NY,6354,8.734717976285904
NY,6355,8.842479988749407
NY,6356,8.906867873343902
NY,6357,8.710584906604797
NY,6358,8.263817141477917
NY,6359,7.72424630509164
NY,6360,7.21626505871034
NY,6361,6.79744131153522
NY,6362,6.549714975427486
NY,6363,6.394782265744888
NY,6364,6.320018926466151
NY,6365,6.362997861439683
NY,6366,6.651390795094177
NY,6367,7.194277790312461
NY,6368,7.531594851347509
NY,6369,7.680889903216553
NY,6370,7.7311983039247
NY,6371,7.77863024196703
NY,6372,7.81617931657764
NY,6373,7.867060931295648
NY,6374,7.93960475457991
NY,6375,8.020742940090322
NY,6376,8.122924136224116
NY,6377,8.305174447221212
NY,6378,8.52564558413184
NY,6379,8.649342386871405
NY,6380,8.738205514279855
NY,6381,8.5653369968413
NY,6382,8.1379099468474
NY,6383,7.605688718457814
NY,6384,7.100661628510096
NY,6385,6.86796492204533
NY,6386,6.626593958241251
NY,6387,6.472708627127421
NY,6388,6.389250714249447
NY,6389,6.418427186652011
NY,6390,6.663461743449608
NY,6391,7.1563205911532
NY,6392,7.476144899143759
NY,6393,7.631752621257208
NY,6394,7.663110676129293
NY,6395,7.6538286772483275
NY,6396,7.67073857668936
NY,6397,7.697602835372583
NY,6398,7.747342142994181
NY,6399,7.8095834676018425
NY,6400,7.897454799516717
NY,6401,8.105198228312306
NY,6402,8.342928223946153
NY,6403,8.48166615214301
NY,6404,8.592433218134039
NY,6405,8.43046350669499
NY,6406,8.000677766954736
NY,6407,7.493936340621195
NY,6408,7.0097379239861715
NY,6409,6.7316086276173825
NY,6410,6.497179279906122
NY,6411,6.346017143449369
NY,6412,6.270192228094075
NY,6413,6.307817371950467
NY,6414,6.568066687082119
NY,6415,7.063100118392576
NY,6416,7.386380617773772
NY,6417,7.550300800487778
NY,6418,7.603352807066674
NY,6419,7.663323105395632
NY,6420,7.711211044358685
NY,6421,7.785250316165239
NY,6422,7.835014064893183
NY,6423,7.944757581237101
NY,6424,8.049312659848496
NY,6425,8.248350521215118
NY,6426,8.48437047607415
NY,6427,8.617521697968746
NY,6428,8.703112788922178
NY,6429,8.511710655104418
NY,6430,8.080815923158168
NY,6431,7.546949320721761
NY,6432,7.0580370170218485
NY,6433,6.599976603545599
NY,6434,6.375268899195831
NY,6435,6.238548807667206
NY,6436,6.183373483298794
NY,6437,6.2390873527250585
NY,6438,6.52178592537787
NY,6439,7.057750788708185
NY,6440,7.38560428680431
NY,6441,7.50865383174024
NY,6442,7.531719692776386
NY,6443,7.555425149994123
NY,6444,7.637053264564376
NY,6445,7.715200858436875
NY,6446,7.78654333239003
NY,6447,7.877673279079967
NY,6448,7.975142433573603
NY,6449,8.175531978968161
NY,6450,8.423151445759578
NY,6451,8.586486567501003
NY,6452,8.696287057432325
NY,6453,8.51804582983096
NY,6454,8.063214988028742
NY,6455,7.5300178306405545
NY,6456,7.04934487852008
NY,6457,6.731076647438483
NY,6458,6.510809880219941
NY,6459,6.378838503090851
NY,6460,6.310632276893757
NY,6461,6.359020736603264
NY,6462,6.663019310039072
NY,6463,7.222453981558917
NY,6464,7.590753543400364
NY,6465,7.7148009271921305
NY,6466,7.725873284725616
NY,6467,7.744431354660698
NY,6468,7.793802465215107
NY,6469,7.862127770222067
NY,6470,7.947789869106766
NY,6471,8.012767918441654
NY,6472,8.13998392803051
NY,6473,8.338447944316318
NY,6474,8.583652449713696
NY,6475,8.687005871298684
NY,6476,8.763714471842246
NY,6477,8.556529249624916
NY,6478,8.110576182210952
NY,6479,7.573838881830133
NY,6480,7.0801038974490975
NY,6481,6.717880658154788
NY,6482,6.481523317408641
NY,6483,6.33333194364674
NY,6484,6.2644281270466795
NY,6485,6.2883813296364215
NY,6486,6.5905688843241155
NY,6487,7.110065387138121
NY,6488,7.446375691901017
NY,6489,7.586079824760436
NY,6490,7.599998398755862
NY,6491,7.595742913081132
NY,6492,7.609495120432034
NY,6493,7.628654691722095
NY,6494,7.712185639525084
NY,6495,7.7573808036010155
NY,6496,7.863445465136491
NY,6497,8.065186397389127
NY,6498,8.338428869509814
NY,6499,8.509266077123362
NY,6500,8.613381808301845
NY,6501,8.422042243738387
NY,6502,8.00184818938155
NY,6503,7.475091547713859
NY,6504,6.9891048646493505
NY,6505,6.59483955649984
NY,6506,6.354866612670341
NY,6507,6.2085699500114
NY,6508,6.138044654132119
NY,6509,6.178210169284643
NY,6510,6.448888862197295
NY,6511,6.972272491682104
NY,6512,7.298214486210225
NY,6513,7.415033937942628
NY,6514,7.388730545544021
NY,6515,7.366205291653858
NY,6516,7.36283707319547
NY,6517,7.361335517897565
NY,6518,7.398809780427103
NY,6519,7.463069114950307
NY,6520,7.5493204750642064
NY,6521,7.760759290582944
NY,6522,8.06416499565653
NY,6523,8.28541704095709
NY,6524,8.418261089184583
NY,6525,8.254761836171152
NY,6526,7.838463739894136
NY,6527,7.320463566761792
NY,6528,6.8370136511507695
NY,6529,6.453618139826345
NY,6530,6.232567776616229
NY,6531,6.090271491247876
NY,6532,6.0260462669766435
NY,6533,6.080844720273389
NY,6534,6.371300995197497
NY,6535,6.917350059446376
NY,6536,7.254120887082611
NY,6537,7.3631332354875205
NY,6538,7.323264889401881
NY,6539,7.27521616574757
NY,6540,7.250836037835816
NY,6541,7.261806398456219
NY,6542,7.307853889843871
NY,6543,7.397745777957048
NY,6544,7.511411486380293
NY,6545,7.7309373075750365
NY,6546,8.042167795785469
NY,6547,8.260280416575851
NY,6548,8.3788618455301
NY,6549,8.219565815040765
NY,6550,7.794217409352158
NY,6551,7.279024595362338
NY,6552,6.7945387278861284
NY,6553,6.569750995750641
NY,6554,6.380298456092985
NY,6555,6.279100036728024
NY,6556,6.246612752196237
NY,6557,6.329787053488305
NY,6558,6.630615938648035
NY,6559,7.208578869950998
NY,6560,7.600588459402694
NY,6561,7.709151223986236
NY,6562,7.651763027497584
NY,6563,7.560005402031368
NY,6564,7.491684932890143
NY,6565,7.4601568930232025
NY,6566,7.46105699234707
NY,6567,7.49912941477627
NY,6568,7.596969715302985
NY,6569,7.831045467949917
NY,6570,8.140103067440078
NY,6571,8.401964092350454
NY,6572,8.482078200777671
NY,6573,8.257437926221952
NY,6574,7.878387395187526
NY,6575,7.404502816615978
NY,6576,6.955208424259595
NY,6577,6.593464993130596
NY,6578,6.3978741287315035
NY,6579,6.286859168501319
NY,6580,6.243275658271074
NY,6581,6.32439793639334
NY,6582,6.626525425285512
NY,6583,7.208912979816389
NY,6584,7.604115427145431
NY,6585,7.701890749991657
NY,6586,7.652661639647171
NY,6587,7.597361026449098
NY,6588,7.532948464112255
NY,6589,7.488831113650385
NY,6590,7.469329072175947
NY,6591,7.48219277689228
NY,6592,7.579127386105145
NY,6593,7.819859993026949
NY,6594,8.10599013960225
NY,6595,8.356063015259378
NY,6596,8.422607717678774
NY,6597,8.17744421769226
NY,6598,7.7919027865728765
NY,6599,7.319412165887241
NY,6600,6.880332984014499
NY,6601,6.545852509402312
NY,6602,6.3579688359297855
NY,6603,6.250389814573052
NY,6604,6.215768045399914
NY,6605,6.304344555478383
NY,6606,6.636996197478766
NY,6607,7.266286497425104
NY,6608,7.681112038923893
NY,6609,7.769912629588558
NY,6610,7.706920199739347
NY,6611,7.626542904805657
NY,6612,7.567672503757756
NY,6613,7.528319709321066
NY,6614,7.529174472079314
NY,6615,7.560385997126111
NY,6616,7.655482346764768
NY,6617,7.896816705366665
NY,6618,8.206541250093704
NY,6619,8.456771601315928
NY,6620,8.514355651275313
NY,6621,8.274741104851786
NY,6622,7.881190926396335
NY,6623,7.392775551167733
NY,6624,6.932654939377966
NY,6625,6.610852490607242
NY,6626,6.419701260750777
NY,6627,6.32080867602683
NY,6628,6.296125136995296
NY,6629,6.389683167741137
NY,6630,6.748036117373139
NY,6631,7.418352242747909
NY,6632,7.8495050360428325
NY,6633,7.919521575391715
NY,6634,7.847952091650033
NY,6635,7.785170004625547
NY,6636,7.720305074588592
NY,6637,7.666173061438453
NY,6638,7.674107622873001
NY,6639,7.675292273069762
NY,6640,7.747830227891453
NY,6641,7.966884526416669
NY,6642,8.261360751753793
NY,6643,8.508098882661898
NY,6644,8.563149964969275
NY,6645,8.308043270020692
NY,6646,7.920475314459879
NY,6647,7.437517601193519
NY,6648,6.97629982267059
NY,6649,6.693001717988314
NY,6650,6.484801125388618
NY,6651,6.36253822907822
NY,6652,6.318713657640409
NY,6653,6.400115476942398
NY,6654,6.722564025621022
NY,6655,7.328106650647942
NY,6656,7.74236789185683
NY,6657,7.833119661252875
NY,6658,7.764049072517083
NY,6659,7.69240825986435
NY,6660,7.62798910205864
NY,6661,7.561008417322062
NY,6662,7.556088564698711
NY,6663,7.563604927785788
NY,6664,7.635836869227288
NY,6665,7.847673735500986
NY,6666,8.119057064749276
NY,6667,8.382910471168346
NY,6668,8.461606970400053
NY,6669,8.240236915017464
NY,6670,7.855675679295787
NY,6671,7.377900700280687
NY,6672,6.924180133218225
NY,6673,6.549534111485949
NY,6674,6.3526987248587
NY,6675,6.251080096744901
NY,6676,6.212669022341759
NY,6677,6.297234431734437
NY,6678,6.627941156493351
NY,6679,7.239826939328275
NY,6680,7.65158374853589
NY,6681,7.78611135777847
NY,6682,7.79923467633302
NY,6683,7.778328417094631
NY,6684,7.729052912552687
NY,6685,7.690507241337161
NY,6686,7.684546111699281
NY,6687,7.692592834840095
NY,6688,7.766239702031091
NY,6689,7.972870669754632
NY,6690,8.215712053916585
NY,6691,8.424378286989555
NY,6692,8.437589788448332
NY,6693,8.170321105161682
NY,6694,7.763967666870668
NY,6695,7.274649237956162
NY,6696,6.797934071663358
NY,6697,6.576824547018396
NY,6698,6.387719615048342
NY,6699,6.271078322087268
NY,6700,6.23754523299911
NY,6701,6.326973898540727
NY,6702,6.654399523471588
NY,6703,7.273525519161269
NY,6704,7.708222008577335
NY,6705,7.842557827247759
NY,6706,7.849215683158779
NY,6707,7.8281618294893915
NY,6708,7.776453802248249
NY,6709,7.721957387571937
NY,6710,7.705754506297289
NY,6711,7.701459818304638
NY,6712,7.756974201441151
NY,6713,7.956136461437458
NY,6714,8.218392480795085
NY,6715,8.439772880203186
NY,6716,8.468349057323493
NY,6717,8.216755938661798
NY,6718,7.843705956483322
NY,6719,7.375701403177255
NY,6720,6.930536252194695
NY,6721,6.587738883460097
NY,6722,6.402633745575014
NY,6723,6.294709229213213
NY,6724,6.2637357324066185
NY,6725,6.35276818445498
NY,6726,6.658673239823553
NY,6727,7.244970598002088
NY,6728,7.641698251987578
NY,6729,7.722665222714783
NY,6730,7.667814139483351
NY,6731,7.597343014199155
NY,6732,7.53144565778801
NY,6733,7.484614806436772
NY,6734,7.4863473435219525
NY,6735,7.48903179587341
NY,6736,7.566588709123318
NY,6737,7.771245072484966
NY,6738,8.01980891576552
NY,6739,8.281518598490528
NY,6740,8.350939982852294
NY,6741,8.122617398249233
NY,6742,7.7654523288924855
NY,6743,7.320078615678509
NY,6744,6.875582115460044
NY,6745,6.437112394707002
NY,6746,6.2607319612565595
NY,6747,6.16299453422672
NY,6748,6.132164601680303
NY,6749,6.212825898283339
NY,6750,6.509495415188357
NY,6751,7.070088358919469
NY,6752,7.4763957488137125
NY,6753,7.588916317020041
NY,6754,7.547654703655232
NY,6755,7.482420582706236
NY,6756,7.433444920820874
NY,6757,7.402949835918835
NY,6758,7.413067700552714
NY,6759,7.43464846989584
NY,6760,7.524019289638304
NY,6761,7.730127719656097
NY,6762,7.996696850990858
NY,6763,8.267362232661704
NY,6764,8.32926052218363
NY,6765,8.095584169628445
NY,6766,7.726076358040038
NY,6767,7.2539409349031185
NY,6768,6.814925869004338
NY,6769,6.496319990395794
NY,6770,6.308193450464348
NY,6771,6.205774605900893
NY,6772,6.178349644465516
NY,6773,6.268622217858518
NY,6774,6.597730319779404
NY,6775,7.217686045901741
NY,6776,7.635920234535066
NY,6777,7.746507166206154
NY,6778,7.689422319918891
NY,6779,7.610888820721704
NY,6780,7.509865694396709
NY,6781,7.46640170342316
NY,6782,7.451944008808487
NY,6783,7.436662955305936
NY,6784,7.486054127658361
NY,6785,7.6937146439490185
NY,6786,8.007829670117804
NY,6787,8.299938756093873
NY,6788,8.380181786095344
NY,6789,8.1438615922197
NY,6790,7.759919414343385
NY,6791,7.2933876076993815
NY,6792,6.859834421426624
NY,6793,6.56705703909068
NY,6794,6.382083161008769
NY,6795,6.282533946847999
NY,6796,6.251944944995975
NY,6797,6.356192370117252
NY,6798,6.701146741838352
NY,6799,7.339729955554313
NY,6800,7.758757010499847
NY,6801,7.8050719301018905
NY,6802,7.690742989723997
NY,6803,7.569302758772518
NY,6804,7.4667075375262675
NY,6805,7.390818449041165
NY,6806,7.383766589705515
NY,6807,7.386106948784966
NY,6808,7.470551110036917
NY,6809,7.691035117522176
NY,6810,8.009764619159425
NY,6811,8.30769979365709
NY,6812,8.385902204902788
NY,6813,8.148811201271805
NY,6814,7.771890872057513
NY,6815,7.295615162255611
NY,6816,6.85705325513963
NY,6817,6.647897457934417
NY,6818,6.454288793251909
NY,6819,6.350909812787402
NY,6820,6.318858216371059
NY,6821,6.414753580846576
NY,6822,6.740867808623355
NY,6823,7.363159257321227
NY,6824,7.765239969841226
NY,6825,7.808600295513095
NY,6826,7.681311703437125
NY,6827,7.527233302278434
NY,6828,7.419075424482514
NY,6829,7.355490733656606
NY,6830,7.352045402037867
NY,6831,7.357444034938703
NY,6832,7.4530725205973765
NY,6833,7.676119252224508
NY,6834,8.009929804141711
NY,6835,8.313876810912038
NY,6836,8.383526675579372
NY,6837,8.14214901554765
NY,6838,7.772755844979028
NY,6839,7.304335067164812
NY,6840,6.860952741735816
NY,6841,6.563650527404459
NY,6842,6.374410810654481
NY,6843,6.272699747837857
NY,6844,6.240939260572357
NY,6845,6.330783750473693
NY,6846,6.661941417442394
NY,6847,7.283375814953947
NY,6848,7.705679941139479
NY,6849,7.7944054525352735
NY,6850,7.746915630748356
NY,6851,7.6759363104215375
NY,6852,7.612828121471198
NY,6853,7.543018333581496
NY,6854,7.533467758619342
NY,6855,7.523451619102196
NY,6856,7.588701961203773
NY,6857,7.802363835059916
NY,6858,8.077990685860497
NY,6859,8.327530801800739
NY,6860,8.353097177363109
NY,6861,8.092892583374724
NY,6862,7.717475478100457
NY,6863,7.247054342399279
NY,6864,6.806647308230298
NY,6865,6.472878092271762
NY,6866,6.283943225707775
NY,6867,6.1816953252325835
NY,6868,6.1532990996820205
NY,6869,6.24623088356584
NY,6870,6.565738292356515
NY,6871,7.173796320958098
NY,6872,7.61263019659247
NY,6873,7.741156005567333
NY,6874,7.711688792039242
NY,6875,7.660865811313769
NY,6876,7.604233877573853
NY,6877,7.556143891764872
NY,6878,7.562606807402798
NY,6879,7.566593081315634
NY,6880,7.644539314470181
NY,6881,7.851048408240821
NY,6882,8.116735513789578
NY,6883,8.368547662411697
NY,6884,8.399954720235405
NY,6885,8.14359295859255
NY,6886,7.766016831431518
NY,6887,7.301061632429799
NY,6888,6.8570685568800975
NY,6889,6.5627159151954375
NY,6890,6.382012986639191
NY,6891,6.274903254233966
NY,6892,6.232368299443836
NY,6893,6.323988034926061
NY,6894,6.638828408432471
NY,6895,7.224465686744299
NY,6896,7.631370540597915
NY,6897,7.714020938220734
NY,6898,7.653036840927753
NY,6899,7.573968159113544
NY,6900,7.499504694142765
NY,6901,7.4458162244507715
NY,6902,7.414089375445986
NY,6903,7.416195438671428
NY,6904,7.498170392184868
NY,6905,7.731277245508628
NY,6906,8.023537913741952
NY,6907,8.294420781124726
NY,6908,8.33415408547277
NY,6909,8.09610480221896
NY,6910,7.730201469765342
NY,6911,7.281771538422213
NY,6912,6.85266659567752
NY,6913,6.551876036812638
NY,6914,6.3645215138366265
NY,6915,6.259257607373364
NY,6916,6.2315072954710855
NY,6917,6.3212378332480865
NY,6918,6.629112544443173
NY,6919,7.225012472496017
NY,6920,7.643862972448171
NY,6921,7.767613831366025
NY,6922,7.729631448920741
NY,6923,7.65862273646493
NY,6924,7.5786325624286075
NY,6925,7.500379057639861
NY,6926,7.488721419216456
NY,6927,7.493551307683908
NY,6928,7.563203495363922
NY,6929,7.786754288309463
NY,6930,8.080171207312391
NY,6931,8.346197250308597
NY,6932,8.363715231375743
NY,6933,8.12180210807424
NY,6934,7.746892760811702
NY,6935,7.283554848989501
NY,6936,6.843833763507802
NY,6937,6.609275639138608
NY,6938,6.4009946842078005
NY,6939,6.290351524728064
NY,6940,6.25826638709576
NY,6941,6.355783145118621
NY,6942,6.70317568887881
NY,6943,7.331470268713322
NY,6944,7.7826317304891495
NY,6945,7.893495753927739
NY,6946,7.868934085467216
NY,6947,7.803425253898866
NY,6948,7.726971377432122
NY,6949,7.653589432773612
NY,6950,7.617933100112244
NY,6951,7.60182675384642
NY,6952,7.66859811075947
NY,6953,7.8855620480803355
NY,6954,8.176199924485461
NY,6955,8.433440444868008
NY,6956,8.455949790233356
NY,6957,8.20240747126844
NY,6958,7.824700414058811
NY,6959,7.344859241080566
NY,6960,6.897999868034896
NY,6961,6.629071149602161
NY,6962,6.453060077234167
NY,6963,6.3579711156835454
NY,6964,6.337754440135336
NY,6965,6.444140845210501
NY,6966,6.804472782718757
NY,6967,7.485323442893016
NY,6968,7.939351081498678
NY,6969,8.007233853627936
NY,6970,7.919992814068396
NY,6971,7.820995594114885
NY,6972,7.709382058882855
NY,6973,7.608617104049195
NY,6974,7.579167242306627
NY,6975,7.572388751100349
NY,6976,7.638130580784879
NY,6977,7.848077057615352
NY,6978,8.150557820058276
NY,6979,8.444378508682965
NY,6980,8.495708356746604
NY,6981,8.263041213346824
NY,6982,7.900179224469393
NY,6983,7.435312720405878
NY,6984,6.997931988207867
NY,6985,6.699068148548431
NY,6986,6.508955019193194
NY,6987,6.402729084561854
NY,6988,6.3769740949397775
NY,6989,6.481475065417791
NY,6990,6.837082320000822
NY,6991,7.4738397532490675
NY,6992,7.924225044062965
NY,6993,7.990488508054672
NY,6994,7.876075184753825
NY,6995,7.733692403675731
NY,6996,7.627669117872874
NY,6997,7.55684077931246
NY,6998,7.546671538116668
NY,6999,7.543286892002562
NY,7000,7.62568024343608
NY,7001,7.879060854635048
NY,7002,8.201381745076235
NY,7003,8.490779086405768
NY,7004,8.52556361079476
NY,7005,8.292840631715759
NY,7006,7.932320564764932
NY,7007,7.467396710938814
NY,7008,7.03593314917052
NY,7009,6.60587935807684
NY,7010,6.421084213017325
NY,7011,6.31822049395522
NY,7012,6.295223813735411
NY,7013,6.396266032140975
NY,7014,6.733771580794939
NY,7015,7.3661011152320555
NY,7016,7.801049914671968
NY,7017,7.897369993900386
NY,7018,7.830093964299399
NY,7019,7.72781865118937
NY,7020,7.633498346935107
NY,7021,7.5522693312218925
NY,7022,7.523090955487725
NY,7023,7.5027576891713235
NY,7024,7.5827490845821774
NY,7025,7.80621664933361
NY,7026,8.107847545817853
NY,7027,8.393092055227168
NY,7028,8.43464190551378
NY,7029,8.204288771555156
NY,7030,7.829089279669579
NY,7031,7.358437900130152
NY,7032,6.911593975179118
NY,7033,6.535211850091071
NY,7034,6.351469894904749
NY,7035,6.249806149254688
NY,7036,6.218353135861355
NY,7037,6.323082186756304
NY,7038,6.669966284778678
NY,7039,7.30458191808311
NY,7040,7.731579985868069
NY,7041,7.798913593385725
NY,7042,7.702336861957518
NY,7043,7.600452777057798
NY,7044,7.526987576921871
NY,7045,7.471443870496066
NY,7046,7.44039903309995
NY,7047,7.4281857856557645
NY,7048,7.501390592055018
NY,7049,7.702894480839447
NY,7050,7.984010348933264
NY,7051,8.264923066294289
NY,7052,8.286607038018884
NY,7053,8.033672779397493
NY,7054,7.673890905704562
NY,7055,7.2163290769684245
NY,7056,6.7819559666709255
NY,7057,6.598308564227923
NY,7058,6.403192373303525
NY,7059,6.298528067011765
NY,7060,6.269541086053906
NY,7061,6.358794588438669
NY,7062,6.673563580587291
NY,7063,7.266539186696726
NY,7064,7.695833156947164
NY,7065,7.802153158086247
NY,7066,7.7566670583284925
NY,7067,7.687283399557583
NY,7068,7.623544900799276
NY,7069,7.556719975000872
NY,7070,7.520075721315652
NY,7071,7.501249667881518
NY,7072,7.566497221205615
NY,7073,7.79031795230533
NY,7074,8.095504350070074
NY,7075,8.358837326230317
NY,7076,8.373880966309368
NY,7077,8.129206696790837
NY,7078,7.768844067760631
NY,7079,7.308542514777312
NY,7080,6.862748215208774
NY,7081,6.629750093475849
NY,7082,6.445220552832044
NY,7083,6.346724872461568
NY,7084,6.322713861091427
NY,7085,6.422014087563114
NY,7086,6.743735418541954
NY,7087,7.344722478172336
NY,7088,7.776692284636509
NY,7089,7.858212406803711
NY,7090,7.769670659996086
NY,7091,7.625582988392442
NY,7092,7.501247406122169
NY,7093,7.4156618228228375
NY,7094,7.379476037248999
NY,7095,7.366584903187843
NY,7096,7.456910615737462
NY,7097,7.723521566203488
NY,7098,8.089296598753197
NY,7099,8.406108691247562
NY,7100,8.454264075297873
NY,7101,8.228171932768682
NY,7102,7.862027170272271
NY,7103,7.395564751330064
NY,7104,6.95194961352327
NY,7105,6.5974075554474245
NY,7106,6.415663564374396
NY,7107,6.309757728902022
NY,7108,6.289451378164541
NY,7109,6.383139948939474
NY,7110,6.718032310390209
NY,7111,7.348693675360136
NY,7112,7.787342150831764
NY,7113,7.881858618930321
NY,7114,7.785116023745302
NY,7115,7.683387531782015
NY,7116,7.596425242310949
NY,7117,7.536925746159021
NY,7118,7.529648069384041
NY,7119,7.535128744952022
NY,7120,7.623592883833237
NY,7121,7.850725351582501
NY,7122,8.163402016420903
NY,7123,8.432045185970205
NY,7124,8.426796049824686
NY,7125,8.159628418917402
NY,7126,7.768207583962131
NY,7127,7.283633595925425
NY,7128,6.844248098503541
NY,7129,6.595835612686125
NY,7130,6.407082808869661
NY,7131,6.304065463592568
NY,7132,6.284006238452594
NY,7133,6.3888319130781825
NY,7134,6.744472918579151
NY,7135,7.40066898012078
NY,7136,7.855649021742535
NY,7137,7.957821747604485
NY,7138,7.911781265520789
NY,7139,7.846486092933116
NY,7140,7.75996923296333
NY,7141,7.685526643499709
NY,7142,7.673633098097203
NY,7143,7.673214766678495
NY,7144,7.745644178093763
NY,7145,7.972603878148147
NY,7146,8.26336576767158
NY,7147,8.513731403226716
NY,7148,8.501411342504557
NY,7149,8.232963212149006
NY,7150,7.836985082292269
NY,7151,7.344367819881101
NY,7152,6.908203607520848
NY,7153,6.619421818177542
NY,7154,6.4434709374341335
NY,7155,6.34232206459227
NY,7156,6.307950438583318
NY,7157,6.404001808433739
NY,7158,6.734690279286476
NY,7159,7.350085084646308
NY,7160,7.798914149583243
NY,7161,7.914085163918707
NY,7162,7.861963093305011
NY,7163,7.787656041171054
NY,7164,7.714736691481825
NY,7165,7.650844874851344
NY,7166,7.630022920335245
NY,7167,7.653517708368545
NY,7168,7.744762087908486
NY,7169,7.984773664335559
NY,7170,8.264026606877552
NY,7171,8.508932937915946
NY,7172,8.486049987625359
NY,7173,8.218527622098346
NY,7174,7.830787686297895
NY,7175,7.358886238808627
NY,7176,6.908094978871911
NY,7177,6.598021573662384
NY,7178,6.409054347207975
NY,7179,6.30205466862503
NY,7180,6.275044614517075
NY,7181,6.367452086757963
NY,7182,6.703846918312639
NY,7183,7.30844828695323
NY,7184,7.745492023700965
NY,7185,7.857905001574027
NY,7186,7.821564360865195
NY,7187,7.756669302739318
NY,7188,7.678248373669148
NY,7189,7.609215864912357
NY,7190,7.586885079842317
NY,7191,7.584066930833139
NY,7192,7.664908195018125
NY,7193,7.921591181937496
NY,7194,8.239601635913704
NY,7195,8.507352195027988
NY,7196,8.499638121211346
NY,7197,8.225718836658627
NY,7198,7.836999026708302
NY,7199,7.361225457586977
NY,7200,6.917255554807303
NY,7201,6.59780276206293
NY,7202,6.4144533232204415
NY,7203,6.311972977341007
NY,7204,6.281819652390509
NY,7205,6.3819953200553865
NY,7206,6.724736944033513
NY,7207,7.361461753319684
NY,7208,7.811720775804351
NY,7209,7.917002363266572
NY,7210,7.871199952918852
NY,7211,7.7945137947831435
NY,7212,7.702903772385206
NY,7213,7.617313175402752
NY,7214,7.577652424397479
NY,7215,7.55444061405805
NY,7216,7.629520533236728
NY,7217,7.90835127823077
NY,7218,8.244514945388245
NY,7219,8.517051107429237
NY,7220,8.520618759914244
NY,7221,8.271509480982665
NY,7222,7.897631230876416
NY,7223,7.428564355635436
NY,7224,6.990319842839486
NY,7225,6.662900182426238
NY,7226,6.471452592841713
NY,7227,6.3623881937569715
NY,7228,6.330583708225821
NY,7229,6.415403871985774
NY,7230,6.734147966543653
NY,7231,7.324495926152081
NY,7232,7.76132522798456
NY,7233,7.877287418726012
NY,7234,7.837177105405848
NY,7235,7.774782745497567
NY,7236,7.70073064441608
NY,7237,7.6383176967925674
NY,7238,7.612598545424363
NY,7239,7.6081298314998405
NY,7240,7.685532665715739
NY,7241,7.926987913506622
NY,7242,8.237504859044526
NY,7243,8.481150311996867
NY,7244,8.466089244630494
NY,7245,8.208869518050937
NY,7246,7.829536349782862
NY,7247,7.354077997304715
NY,7248,6.92307135785747
NY,7249,6.576401660796006
NY,7250,6.398132678604188
NY,7251,6.303316935000744
NY,7252,6.278663388842264
NY,7253,6.373303131246001
NY,7254,6.695438887737004
NY,7255,7.287872546798733
NY,7256,7.726006444638831
NY,7257,7.861311610572168
NY,7258,7.829664890791256
NY,7259,7.7540161760448845
NY,7260,7.671134765067017
NY,7261,7.606286980314669
NY,7262,7.569340358360636
NY,7263,7.544329514796627
NY,7264,7.626383716320756
NY,7265,7.876348295050853
NY,7266,8.199551373370573
NY,7267,8.468231260629176
NY,7268,8.4501244549699
NY,7269,8.191342816680066
NY,7270,7.814801137532747
NY,7271,7.34478796742315
NY,7272,6.892365115423319
NY,7273,6.6364961998838305
NY,7274,6.453523193686644
NY,7275,6.355680536813362
NY,7276,6.328391343122893
NY,7277,6.4240757385738645
NY,7278,6.7613907464826495
NY,7279,7.39673989505561
NY,7280,7.852761077443815
NY,7281,7.96073488453792
NY,7282,7.901777040617529
NY,7283,7.842539604982239
NY,7284,7.798120211421633
NY,7285,7.765734815828525
NY,7286,7.771689688947273
NY,7287,7.787107991258864
NY,7288,7.879010996578381
NY,7289,8.083977580571194
NY,7290,8.32937481282523
NY,7291,8.52104981109724
NY,7292,8.5078267844206
NY,7293,8.275233227847034
NY,7294,7.899921301127785
NY,7295,7.417228296280325
NY,7296,6.979151406448215
NY,7297,6.724193622034747
NY,7298,6.563223888294284
NY,7299,6.46992350561804
NY,7300,6.4569708548778735
NY,7301,6.590538124602067
NY,7302,6.969717046732094
NY,7303,7.615267843772136
NY,7304,8.050304160883893
NY,7305,8.139108968643772
NY,7306,8.09435411744442
NY,7307,8.057851394796888
NY,7308,7.999295840634657
NY,7309,7.953667745919867
NY,7310,7.967351740442467
NY,7311,7.990722947328987
NY,7312,8.101314727664123
NY,7313,8.423518046057719
NY,7314,8.802135306908593
NY,7315,8.915026490839871
NY,7316,8.789679981426252
NY,7317,8.521442640342938
NY,7318,8.149735199014428
NY,7319,7.674635771999911
NY,7320,7.25507083938269
NY,7321,6.906228735647527
NY,7322,6.741202167440823
NY,7323,6.644616276888421
NY,7324,6.629131714539192
NY,7325,6.74066139028147
NY,7326,7.102876309355982
NY,7327,7.71686713750128
NY,7328,8.148312530591483
NY,7329,8.237566743461329
NY,7330,8.143745292116582
NY,7331,8.036282477274122
NY,7332,7.93875948128699
NY,7333,7.864042072801442
NY,7334,7.864272202281509
NY,7335,7.918003595311535
NY,7336,8.057167014080525
NY,7337,8.414451158466239
NY,7338,8.820923519500381
NY,7339,8.93148241774113
NY,7340,8.79134774437616
NY,7341,8.528192893030836
NY,7342,8.156758755878252
NY,7343,7.6714941388296225
NY,7344,7.286483123179335
NY,7345,6.930982384806176
NY,7346,6.765358054602916
NY,7347,6.666405361883712
NY,7348,6.654265190286593
NY,7349,6.774851934577461
NY,7350,7.121729139154546
NY,7351,7.728369279782505
NY,7352,8.147088416921063
NY,7353,8.211008210257926
NY,7354,8.102383565775638
NY,7355,7.999274363838083
NY,7356,7.907669004487139
NY,7357,7.8432874063025935
NY,7358,7.8508430394983755
NY,7359,7.883474134435856
NY,7360,8.02869756491173
NY,7361,8.359681339912092
NY,7362,8.759826701829871
NY,7363,8.879269933793864
NY,7364,8.734189619658858
NY,7365,8.48254530560673
NY,7366,8.120133833692643
NY,7367,7.659415119731408
NY,7368,7.276493097926396
NY,7369,6.865825908048327
NY,7370,6.713178425385926
NY,7371,6.638423551061438
NY,7372,6.634114494189378
NY,7373,6.771076719449411
NY,7374,7.1511704935354015
NY,7375,7.755393714716122
NY,7376,8.12197811474495
NY,7377,8.158950374875365
NY,7378,8.04823882878224
NY,7379,7.957195569683614
NY,7380,7.869367101294388
NY,7381,7.805026009818336
NY,7382,7.832755802652803
NY,7383,7.8833972133058055
NY,7384,8.04298426428766
NY,7385,8.385564538364802
NY,7386,8.794359754897949
NY,7387,8.881562299347449
NY,7388,8.728300088388602
NY,7389,8.471519040042386
NY,7390,8.097034745826269
NY,7391,7.62255637513467
NY,7392,7.2375501547812355
NY,7393,6.8689991966472554
NY,7394,6.704874393675941
NY,7395,6.603042275832886
NY,7396,6.587641795039349
NY,7397,6.698457483349137
NY,7398,7.036227620786717
NY,7399,7.593726600736376
NY,7400,7.958664363010799
NY,7401,8.039738961191404
NY,7402,8.000598209952106
NY,7403,7.920250030752387
NY,7404,7.845560542986611
NY,7405,7.776243596500625
NY,7406,7.754708233755683
NY,7407,7.763405492373259
NY,7408,7.878973746991815
NY,7409,8.226440619378852
NY,7410,8.656866775885424
NY,7411,8.78380585035059
NY,7412,8.657514170237997
NY,7413,8.424242103593743
NY,7414,8.057079781200786
NY,7415,7.598734716418587
NY,7416,7.1859291943567944
NY,7417,6.800244830640726
NY,7418,6.642291436091205
NY,7419,6.555448688846564
NY,7420,6.5396731431704325
NY,7421,6.658864426714157
NY,7422,6.992844093160006
NY,7423,7.560156853030771
NY,7424,7.897172954162632
NY,7425,7.977785295592361
NY,7426,7.92430189138491
NY,7427,7.844296673804428
NY,7428,7.789855477752248
NY,7429,7.748047372816522
NY,7430,7.721366971274748
NY,7431,7.746562169007192
NY,7432,7.933246440326691
NY,7433,8.303986092808351
NY,7434,8.715066815912971
NY,7435,8.799584537748784
NY,7436,8.65665569301553
NY,7437,8.406019635591848
NY,7438,8.038823389237118
NY,7439,7.583219156605942
NY,7440,7.190092775033193
NY,7441,6.949765719298162
NY,7442,6.790273169572791
NY,7443,6.698058981369045
NY,7444,6.685035867009278
NY,7445,6.815193110520049
NY,7446,7.1611104068345455
NY,7447,7.740716246493012
NY,7448,8.080740548882494
NY,7449,8.121264611802742
NY,7450,8.046039843064467
NY,7451,7.981179063056069
NY,7452,7.921964204405223
NY,7453,7.875219621341635
NY,7454,7.893964042311071
NY,7455,7.9525529203668475
NY,7456,8.102052407779588
NY,7457,8.469981407638757
NY,7458,8.88877446282834
NY,7459,8.940992052807898
NY,7460,8.798160055062676
NY,7461,8.536406230269614
NY,7462,8.1546294919958
NY,7463,7.690943849764294
NY,7464,7.303122057666163
NY,7465,6.944175448919175
NY,7466,6.809105143197736
NY,7467,6.731204849166233
NY,7468,6.738057169842596
NY,7469,6.887147226637898
NY,7470,7.283695914856925
NY,7471,7.933433679886722
NY,7472,8.254614400316495
NY,7473,8.214573523074051
NY,7474,8.075147991172969
NY,7475,7.977439712244141
NY,7476,7.911161915548711
NY,7477,7.867272223444018
NY,7478,7.900221564044342
NY,7479,7.978522286702099
NY,7480,8.172776532913844
NY,7481,8.584210505326467
NY,7482,9.029968000907115
NY,7483,9.037498052823452
NY,7484,8.875885837582143
NY,7485,8.624980887898497
NY,7486,8.255951486820635
NY,7487,7.785780683794637
NY,7488,7.39494742152521
NY,7489,7.108926208696476
NY,7490,6.964937311260011
NY,7491,6.883113177212022
NY,7492,6.870014560668868
NY,7493,7.003852736821819
NY,7494,7.3761903259652
NY,7495,7.98748181743928
NY,7496,8.336441480581492
NY,7497,8.343198117059922
NY,7498,8.260857901870116
NY,7499,8.180846424773748
NY,7500,8.097547500858308
NY,7501,8.00853264564386
NY,7502,8.01518822075099
NY,7503,8.070235568365602
NY,7504,8.252571519173449
NY,7505,8.626810974356266
NY,7506,9.034790434820275
NY,7507,9.027311390935198
NY,7508,8.861569237479268
NY,7509,8.592346817303891
NY,7510,8.21009381155876
NY,7511,7.751757633215061
NY,7512,7.355643115035686
NY,7513,7.106124277694332
NY,7514,6.947760787306305
NY,7515,6.852957537634646
NY,7516,6.833661227611148
NY,7517,6.945756282609543
NY,7518,7.3029648672224585
NY,7519,7.883624307460995
NY,7520,8.243283986594923
NY,7521,8.28908229185181
NY,7522,8.207105400966443
NY,7523,8.150900213477447
NY,7524,8.092413732351478
NY,7525,8.065094538180004
NY,7526,8.096058494169343
NY,7527,8.167229807057868
NY,7528,8.335455507486664
NY,7529,8.703254033368555
NY,7530,9.092996289923446
NY,7531,9.069693423093566
NY,7532,8.888027142907722
NY,7533,8.627952305922566
NY,7534,8.258553065580028
NY,7535,7.805583346703587
NY,7536,7.405883708969192
NY,7537,7.10964563886761
NY,7538,6.933688951436443
NY,7539,6.837833350426792
NY,7540,6.826151415400078
NY,7541,6.940765549240112
NY,7542,7.287683290076785
NY,7543,7.849870398862939
NY,7544,8.203006669513044
NY,7545,8.287730183865259
NY,7546,8.252855411217583
NY,7547,8.211878062264951
NY,7548,8.174870916249366
NY,7549,8.156442823569185
NY,7550,8.170153164439263
NY,7551,8.236486397488372
NY,7552,8.396317447616562
NY,7553,8.749019546120833
NY,7554,9.12411201389513
NY,7555,9.108298655456665
NY,7556,8.950353050484404
NY,7557,8.681691137978847
NY,7558,8.320113018728767
NY,7559,7.872031543087055
NY,7560,7.47942491994742
NY,7561,7.189135563501828
NY,7562,7.026487347025169
NY,7563,6.929630672609039
NY,7564,6.9120380585995465
NY,7565,7.0227690377524405
NY,7566,7.356764590573287
NY,7567,7.921656133845955
NY,7568,8.281563453576764
NY,7569,8.37625798094279
NY,7570,8.333777242596355
NY,7571,8.268358175337179
NY,7572,8.174639897216025
NY,7573,8.085816096602583
NY,7574,8.0645617645563
NY,7575,8.102067882972092
NY,7576,8.289623956182604
NY,7577,8.685816439941172
NY,7578,9.104346224649316
NY,7579,9.097896706848129
NY,7580,8.934027241842545
NY,7581,8.677181630888635
NY,7582,8.290356458464865
NY,7583,7.82079987919695
NY,7584,7.418584007605376
NY,7585,7.150726859083804
NY,7586,6.9950191890394455
NY,7587,6.89803077969528
NY,7588,6.886197283346361
NY,7589,7.016444106337091
NY,7590,7.361408055674469
NY,7591,7.922405532125372
NY,7592,8.232256954340484
NY,7593,8.265560834111795
NY,7594,8.193092899428091
NY,7595,8.129138316300171
NY,7596,8.056250080111127
NY,7597,8.006045669131728
NY,7598,8.013433127491151
NY,7599,8.069033434051514
NY,7600,8.249794911236629
NY,7601,8.639695294136981
NY,7602,9.08078425081968
NY,7603,9.080569283476331
NY,7604,8.910559407165845
NY,7605,8.643733676493245
NY,7606,8.26598485669124
NY,7607,7.797666577663441
NY,7608,7.396819090798091
NY,7609,7.194854831851307
NY,7610,7.025566863262786
NY,7611,6.916405502876533
NY,7612,6.908704452935965
NY,7613,7.020278635514397
NY,7614,7.3847897892114265
NY,7615,7.999040790521763
NY,7616,8.327507942853522
NY,7617,8.373004541583324
NY,7618,8.317469746517151
NY,7619,8.248777466675705
NY,7620,8.191379681691672
NY,7621,8.17184379038672
NY,7622,8.196948663836158
NY,7623,8.258652879028338
NY,7624,8.427952890718219
NY,7625,8.81221307131026
NY,7626,9.202311957805016
NY,7627,9.196389751377097
NY,7628,9.0290948378581
NY,7629,8.76968350874982
NY,7630,8.381084952017694
NY,7631,7.898791548949845
NY,7632,7.4960339892925045
NY,7633,7.304616087665073
NY,7634,7.129648470929302
NY,7635,7.043613705653523
NY,7636,7.035741437490731
NY,7637,7.166345879938756
NY,7638,7.566842303355665
NY,7639,8.217030913210369
NY,7640,8.568342090894792
NY,7641,8.579825848381738
NY,7642,8.484574680492681
NY,7643,8.427888163053442
NY,7644,8.364268680364459
NY,7645,8.313145325441186
NY,7646,8.343216383076681
NY,7647,8.391933696414668
NY,7648,8.564380415658473
NY,7649,8.928600682900038
NY,7650,9.316385748524388
NY,7651,9.296111727419019
NY,7652,9.124922843633268
NY,7653,8.85931409086449
NY,7654,8.465014825250643
NY,7655,7.991874008414138
NY,7656,7.584485299569249
NY,7657,7.356399860165329
NY,7658,7.207624165981024
NY,7659,7.121905726296795
NY,7660,7.111480311660701
NY,7661,7.243730475741113
NY,7662,7.619574639855268
NY,7663,8.238540698056983
NY,7664,8.59434344341262
NY,7665,8.621188819939828
NY,7666,8.522316412347445
NY,7667,8.434358295061172
NY,7668,8.371633854300194
NY,7669,8.318569410258895
NY,7670,8.338576647991509
NY,7671,8.407005999037464
NY,7672,8.599864125836369
NY,7673,8.981816887227257
NY,7674,9.382794334689512
NY,7675,9.363765634610047
NY,7676,9.19093024096432
NY,7677,8.92703114704723
NY,7678,8.535707625978818
NY,7679,8.07118045760249
NY,7680,7.668760576670867
NY,7681,7.3048847588362245
NY,7682,7.147626446623358
NY,7683,7.063853946629751
NY,7684,7.058323976275797
NY,7685,7.169431003555468
NY,7686,7.530447626601175
NY,7687,8.13415395461146
NY,7688,8.477616933979387
NY,7689,8.516452687917335
NY,7690,8.442385546038526
NY,7691,8.379961482096462
NY,7692,8.314996793575913
NY,7693,8.268803150311086
NY,7694,8.282413599055554
NY,7695,8.341390078288535
NY,7696,8.51355069759357
NY,7697,8.884527684275904
NY,7698,9.273046126113334
NY,7699,9.254365534637158
NY,7700,9.079868616526161
NY,7701,8.81313117928273
NY,7702,8.424269926029687
NY,7703,7.955808361306148
NY,7704,7.553724059390997
NY,7705,7.349418236301307
NY,7706,7.192781191327543
NY,7707,7.1004601966507215
NY,7708,7.082031424415423
NY,7709,7.211590911844471
NY,7710,7.56647818490716
NY,7711,8.161353548868375
NY,7712,8.501962170083413
NY,7713,8.540757437518932
NY,7714,8.451177284964034
NY,7715,8.366913248166755
NY,7716,8.296925656568273
NY,7717,8.25477204036663
NY,7718,8.275119225870926
NY,7719,8.363701268688942
NY,7720,8.573413040899172
NY,7721,8.961816642846012
NY,7722,9.358558060345837
NY,7723,9.345301001313565
NY,7724,9.181016575828066
NY,7725,8.912769468029172
NY,7726,8.528790219515173
NY,7727,8.054381877713153
NY,7728,7.6566301732386775
NY,7729,7.227447231831472
NY,7730,7.06888370311914
NY,7731,6.981405014719549
NY,7732,6.971282425753211
NY,7733,7.098210150052241
NY,7734,7.4431750911563554
NY,7735,8.019796038404598
NY,7736,8.370401827313938
NY,7737,8.423841354082699
NY,7738,8.3561304600593
NY,7739,8.302279595382833
NY,7740,8.26295293243044
NY,7741,8.24016132507599
NY,7742,8.260810701750296
NY,7743,8.329989994141554
NY,7744,8.525422377772484
NY,7745,8.909865220247413
NY,7746,9.304745321212334
NY,7747,9.297475525357719
NY,7748,9.127937860157854
NY,7749,8.861516007720525
NY,7750,8.490175771191447
NY,7751,8.02018650085821
NY,7752,7.6282944792288205
NY,7753,7.138863114494267
NY,7754,6.9818245224559945
NY,7755,6.888940883690138
NY,7756,6.889142477358421
NY,7757,7.0153627906368
NY,7758,7.3733161710365
NY,7759,7.961348284029584
NY,7760,8.326678068863393
NY,7761,8.356702279446399
NY,7762,8.256213985435524
NY,7763,8.182982449258702
NY,7764,8.145303041825013
NY,7765,8.133093937823073
NY,7766,8.146367476603361
NY,7767,8.23897516238717
NY,7768,8.478083135138395
NY,7769,8.89967987262067
NY,7770,9.309725795170884
NY,7771,9.306419652446083
NY,7772,9.135861971713053
NY,7773,8.858451236444678
NY,7774,8.473480969283331
NY,7775,7.989646529771123
NY,7776,7.5885671226554505
NY,7777,7.2347844458315045
NY,7778,7.07422000478335
NY,7779,6.980405995545868
NY,7780,6.967839668496874
NY,7781,7.0890869227199795
NY,7782,7.453638723639745
NY,7783,8.070400569880077
NY,7784,8.420832680252195
NY,7785,8.467685883232162
NY,7786,8.389730625991819
NY,7787,8.321891971174681
NY,7788,8.252717495638526
NY,7789,8.204333991583702
NY,7790,8.226701536736433
NY,7791,8.3024526502881
NY,7792,8.475109128372091
NY,7793,8.831619981484174
NY,7794,9.192032302010704
NY,7795,9.161963642416818
NY,7796,8.963374761735023
NY,7797,8.668019924126536
NY,7798,8.259392457628637
NY,7799,7.780777354164557
NY,7800,7.367076361479458
NY,7801,7.306800621935985
NY,7802,7.149912270831779
NY,7803,7.05446029314467
NY,7804,7.045812451664334
NY,7805,7.1748826153654415
NY,7806,7.554847532809454
NY,7807,8.18428349943544
NY,7808,8.565044893515875
NY,7809,8.635851177534443
NY,7810,8.57306953362926
NY,7811,8.51015862758591
NY,7812,8.469550857164707
NY,7813,8.431176915586413
NY,7814,8.453815287605034
NY,7815,8.513029832905616
NY,7816,8.673229946818772
NY,7817,9.026017017354354
NY,7818,9.39210198270753
NY,7819,9.366996033284414
NY,7820,9.19358809373766
NY,7821,8.917296691329264
NY,7822,8.532888618300245
NY,7823,8.06319662552004
NY,7824,7.645149257474304
NY,7825,7.455985143305206
NY,7826,7.2819843434782925
NY,7827,7.177030832204263
NY,7828,7.1509709226097184
NY,7829,7.253849197630283
NY,7830,7.600999221692443
NY,7831,8.155501624923561
NY,7832,8.503446118158163
NY,7833,8.563123276578345
NY,7834,8.497003259532814
NY,7835,8.427757116004326
NY,7836,8.356428473196534
NY,7837,8.297813318735448
NY,7838,8.301595049583153
NY,7839,8.362823989640944
NY,7840,8.550189360083843
NY,7841,8.90596322970466
NY,7842,9.269459627667928
NY,7843,9.241104069385775
NY,7844,9.092028923420871
NY,7845,8.832555907164355
NY,7846,8.475977429886266
NY,7847,8.033206792637486
NY,7848,7.642876050055488
NY,7849,7.398166231428335
NY,7850,7.241611627481315
NY,7851,7.156847584720264
NY,7852,7.14163097097446
NY,7853,7.242526037190465
NY,7854,7.574875216552364
NY,7855,8.11028998173532
NY,7856,8.469893330695697
NY,7857,8.559142115449378
NY,7858,8.517236301819118
NY,7859,8.468566253875247
NY,7860,8.423243442039498
NY,7861,8.3747192970081
NY,7862,8.377513173649302
NY,7863,8.450698235642564
NY,7864,8.626710763262532
NY,7865,8.980257272047135
NY,7866,9.328034361938357
NY,7867,9.298861448530573
NY,7868,9.121855782341381
NY,7869,8.864973209990202
NY,7870,8.490256593302268
NY,7871,8.029627486045099
NY,7872,7.6347201813575305
NY,7873,7.325273185328838
NY,7874,7.149319091015678
NY,7875,7.048496889790395
NY,7876,7.025776576734311
NY,7877,7.13198332446833
NY,7878,7.452379394589572
NY,7879,7.999474240078431
NY,7880,8.348104581451807
NY,7881,8.431658154733666
NY,7882,8.414034871425978
NY,7883,8.379333196767499
NY,7884,8.321345162958796
NY,7885,8.262921258104297
NY,7886,8.247275202392006
NY,7887,8.29143839094522
NY,7888,8.443414041553162
NY,7889,8.794055848005948
NY,7890,9.151169854307806
NY,7891,9.130942221054413
NY,7892,8.976237843866901
NY,7893,8.723754052763477
NY,7894,8.377556792624825
NY,7895,7.934669063241186
NY,7896,7.546422842707936
NY,7897,7.229886577967872
NY,7898,7.059275593883214
NY,7899,6.965055264141204
NY,7900,6.951875901404203
NY,7901,7.062683428140725
NY,7902,7.387897714153233
NY,7903,7.938315405107458
NY,7904,8.301005358106904
NY,7905,8.368749384644198
NY,7906,8.31443291907024
NY,7907,8.238123840920654
NY,7908,8.186169427598976
NY,7909,8.15072449967274
NY,7910,8.173996688845026
NY,7911,8.25076007419259
NY,7912,8.455143915619283
NY,7913,8.840357160501739
NY,7914,9.219251368701867
NY,7915,9.209623989828371
NY,7916,9.049800626320751
NY,7917,8.801269006619814
NY,7918,8.434103206575761
NY,7919,7.977059558244216
NY,7920,7.585016863209429
NY,7921,7.308066660664652
NY,7922,7.139148368197268
NY,7923,7.043978021524891
NY,7924,7.018985810519587
NY,7925,7.130328096807893
NY,7926,7.461206122862981
NY,7927,8.01929378329139
NY,7928,8.389850496018651
NY,7929,8.500933188047158
NY,7930,8.484097672244362
NY,7931,8.432499500992078
NY,7932,8.384270289497957
NY,7933,8.349774327945825
NY,7934,8.379931412289958
NY,7935,8.454140966223465
NY,7936,8.601636519196694
NY,7937,8.962767198096596
NY,7938,9.319240626117537
NY,7939,9.29547014573205
NY,7940,9.102577156163399
NY,7941,8.83489593496695
NY,7942,8.453453896575489
NY,7943,7.986384994948043
NY,7944,7.586895391128111
NY,7945,7.137164714010382
NY,7946,6.957474624906072
NY,7947,6.860270418739541
NY,7948,6.86120672504246
NY,7949,6.964107856857114
NY,7950,7.309847554312407
NY,7951,7.890754407528576
NY,7952,8.27978127326013
NY,7953,8.406951606288768
NY,7954,8.430859818199343
NY,7955,8.434992865163267
NY,7956,8.432656336619324
NY,7957,8.418636845788395
NY,7958,8.43077916988926
NY,7959,8.465672571309945
NY,7960,8.602409196523334
NY,7961,8.942519253005011
NY,7962,9.30419507274622
NY,7963,9.292553241284452
NY,7964,9.132174707259187
NY,7965,8.880072111760532
NY,7966,8.506284485025148
NY,7967,8.036435675088649
NY,7968,7.631677647976072
NY,7969,7.441893528441219
NY,7970,7.282588243078357
NY,7971,7.19202606380228
NY,7972,7.183055182897851
NY,7973,7.3123088788076895
NY,7974,7.682319699747866
NY,7975,8.30060043198369
NY,7976,8.67089275082871
NY,7977,8.737555183941332
NY,7978,8.690515914690902
NY,7979,8.62043487061556
NY,7980,8.540989547885482
NY,7981,8.481873020540563
NY,7982,8.482034406531929
NY,7983,8.53944596072456
NY,7984,8.723708628854691
NY,7985,9.102893719870684
NY,7986,9.49141909077308
NY,7987,9.47482472058244
NY,7988,9.298628613657467
NY,7989,9.017978098403866
NY,7990,8.622695544431892
NY,7991,8.136020651510279
NY,7992,7.707035570360801
NY,7993,7.635521208880287
NY,7994,7.453711634586779
NY,7995,7.347397619763832
NY,7996,7.32122461154964
NY,7997,7.42513682425275
NY,7998,7.76946095225513
NY,7999,8.363024737121158
NY,8000,8.749963155178248
NY,8001,8.826390843908271
NY,8002,8.760671004780917
NY,8003,8.690939940363766
NY,8004,8.6401894017297
NY,8005,8.592683102011751
NY,8006,8.60763978495197
NY,8007,8.666200698464442
NY,8008,8.85437699158063
NY,8009,9.229621676607556
NY,8010,9.601509207749764
NY,8011,9.574789560545081
NY,8012,9.401651714249905
NY,8013,9.129505235819193
NY,8014,8.742895255893576
NY,8015,8.246901535848094
NY,8016,7.814727604890125
NY,8017,7.612270980534793
NY,8018,7.423600221265247
NY,8019,7.32833772270835
NY,8020,7.313312095064
NY,8021,7.42817944430418
NY,8022,7.787822777745833
NY,8023,8.388236222860114
NY,8024,8.826202090022859
NY,8025,8.964795642133696
NY,8026,8.983553489166882
NY,8027,8.946552502871713
NY,8028,8.906305757187269
NY,8029,8.868861292396424
NY,8030,8.879340709694327
NY,8031,8.925349254528818
NY,8032,9.065014887722661
NY,8033,9.461691011255645
NY,8034,9.825864087159436
NY,8035,9.735593667744771
NY,8036,9.552305899262098
NY,8037,9.296033325089692
NY,8038,8.895173763129185
NY,8039,8.383155797612481
NY,8040,7.909690285679465
NY,8041,7.626635978238118
NY,8042,7.425685640704727
NY,8043,7.329350195239994
NY,8044,7.310617802593055
NY,8045,7.428031309299288
NY,8046,7.7847524232191265
NY,8047,8.369504616682576
NY,8048,8.79246015033336
NY,8049,8.936476499104963
NY,8050,8.956034229543086
NY,8051,8.946562037858579
NY,8052,8.889752813352583
NY,8053,8.832973046122094
NY,8054,8.850205694259946
NY,8055,8.87490482887497
NY,8056,9.011466524561763
NY,8057,9.406226989013897
NY,8058,9.78460660645473
NY,8059,9.701680533543414
NY,8060,9.53306478893466
NY,8061,9.299162127265781
NY,8062,8.922895410184116
NY,8063,8.410475289164825
NY,8064,7.9339629450357885
NY,8065,7.732317000008624
NY,8066,7.541626744856264
NY,8067,7.439009390353102
NY,8068,7.422810313113077
NY,8069,7.529231373831267
NY,8070,7.870869526402377
NY,8071,8.434555734919432
NY,8072,8.829337788266047
NY,8073,8.977461023444926
NY,8074,8.999912504147952
NY,8075,8.952620197751544
NY,8076,8.877108051926932
NY,8077,8.798297435343164
NY,8078,8.774405950168333
NY,8079,8.805223560048352
NY,8080,8.967060094955372
NY,8081,9.398110919006667
NY,8082,9.799403384488725
NY,8083,9.729729330446316
NY,8084,9.570565315988299
NY,8085,9.342180437080849
NY,8086,8.967828935824315
NY,8087,8.467862987867962
NY,8088,7.994680796670576
NY,8089,7.601134322321272
NY,8090,7.3936788000217
NY,8091,7.302015192390213
NY,8092,7.2894719757760456
NY,8093,7.397658172253281
NY,8094,7.731441064406747
NY,8095,8.300079826518076
NY,8096,8.7220297447989
NY,8097,8.844505579946674
NY,8098,8.84929680849323
NY,8099,8.8061904562441
NY,8100,8.746898076453554
NY,8101,8.700500092627001
NY,8102,8.71991845597215
NY,8103,8.760323646267217
NY,8104,8.917485596645994
NY,8105,9.35643761757975
NY,8106,9.767730664983569
NY,8107,9.703214490106339
NY,8108,9.525798671639754
NY,8109,9.278856591031593
NY,8110,8.886054747048808
NY,8111,8.364464069485129
NY,8112,7.878755610262643
NY,8113,7.533262115356102
NY,8114,7.340727300761597
NY,8115,7.242146314372696
NY,8116,7.244392282602626
NY,8117,7.36051620744985
NY,8118,7.718202563542959
NY,8119,8.337371716142746
NY,8120,8.769791437800627
NY,8121,8.885568612003679
NY,8122,8.904038934470918
NY,8123,8.887275612199877
NY,8124,8.841203857957584
NY,8125,8.808767883245112
NY,8126,8.830174805195057
NY,8127,8.882048054804262
NY,8128,9.043576214374779
NY,8129,9.480418656591862
NY,8130,9.887353750222585
NY,8131,9.825321018025182
NY,8132,9.647906593906747
NY,8133,9.40749256499746
NY,8134,9.009692340804103
NY,8135,8.479116930111177
NY,8136,7.992490767472487
NY,8137,7.829847068150421
NY,8138,7.629617298486071
NY,8139,7.520590111178144
NY,8140,7.5053688750743826
NY,8141,7.618461971248744
NY,8142,7.981330450168965
NY,8143,8.62512121779938
NY,8144,9.068490652571532
NY,8145,9.212103291623041
NY,8146,9.229386433867116
NY,8147,9.216681591504884
NY,8148,9.178716874549444
NY,8149,9.110269891710693
NY,8150,9.114046247761255
NY,8151,9.137125485328896
NY,8152,9.246664689581786
NY,8153,9.636572587345624
NY,8154,10.005524737833664
NY,8155,9.939450072450507
NY,8156,9.760021840755412
NY,8157,9.508994661423621
NY,8158,9.110019750809657
NY,8159,8.591828837956532
NY,8160,8.119948196701564
NY,8161,7.933003004795113
NY,8162,7.739255904549991
NY,8163,7.634685647152831
NY,8164,7.608984494899929
NY,8165,7.717547872791552
NY,8166,8.069577094162083
NY,8167,8.680596745361523
NY,8168,9.13416985648552
NY,8169,9.296489243431816
NY,8170,9.33144288815183
NY,8171,9.330910178481867
NY,8172,9.30133311504399
NY,8173,9.242483419600454
NY,8174,9.238949920305068
NY,8175,9.248860288690347
NY,8176,9.372601849002843
NY,8177,9.757428323829124
NY,8178,10.129141410255311
NY,8179,10.060086602119615
NY,8180,9.883553333244027
NY,8181,9.638381719374376
NY,8182,9.26686705458991
NY,8183,8.751360357905993
NY,8184,8.27510566225975
NY,8185,7.781649537275512
NY,8186,7.583299816825335
NY,8187,7.485542551885483
NY,8188,7.46967731082414
NY,8189,7.591779167652465
NY,8190,7.945355192067432
NY,8191,8.526595126447384
NY,8192,8.964047627655503
NY,8193,9.107046449638341
NY,8194,9.1136499571924
NY,8195,9.056878823220401
NY,8196,8.967367591686742
NY,8197,8.889405102505892
NY,8198,8.892185674838782
NY,8199,8.943538580422672
NY,8200,9.110964943671226
NY,8201,9.541149091122456
NY,8202,9.956590225289903
NY,8203,9.89633456404566
NY,8204,9.734079248430907
NY,8205,9.4989769356357
NY,8206,9.115299396588641
NY,8207,8.589865049158844
NY,8208,8.112628408147716
NY,8209,7.917468539955462
NY,8210,7.709180956472809
NY,8211,7.6036234420668425
NY,8212,7.589506806440525
NY,8213,7.70353260428882
NY,8214,8.063699234288617
NY,8215,8.666854994024689
NY,8216,9.099972356566068
NY,8217,9.234743136087678
NY,8218,9.240986372220855
NY,8219,9.196227517020493
NY,8220,9.113829211407511
NY,8221,9.03476267660299
NY,8222,9.018882524143747
NY,8223,9.067619226120046
NY,8224,9.232904949866859
NY,8225,9.661682062781717
NY,8226,10.061422310548243
NY,8227,9.993060579988091
NY,8228,9.823272020375494
NY,8229,9.578195362297683
NY,8230,9.197774980416467
NY,8231,8.680222662178462
NY,8232,8.198510665517155
NY,8233,7.923703106572307
NY,8234,7.71964699574455
NY,8235,7.617313771707216
NY,8236,7.594409660564
NY,8237,7.699749812665367
NY,8238,8.0218585606425
NY,8239,8.597765852860228
NY,8240,9.019480140586033
NY,8241,9.163411365212456
NY,8242,9.179544749785267
NY,8243,9.134076777334453
NY,8244,9.07070837080446
NY,8245,9.012176544443502
NY,8246,9.001985085099278
NY,8247,9.053169103526661
NY,8248,9.215940782733576
NY,8249,9.644059451283931
NY,8250,10.033042475381217
NY,8251,9.972661281663225
NY,8252,9.811100666389692
NY,8253,9.58293037523186
NY,8254,9.198635809631242
NY,8255,8.693916285245848
NY,8256,8.218815338450181
NY,8257,7.754639402267682
NY,8258,7.57081393024996
NY,8259,7.482743767829254
NY,8260,7.47930604964027
NY,8261,7.587983952156223
NY,8262,7.928988421411069
NY,8263,8.507495048233615
NY,8264,8.951933897194554
NY,8265,9.132584671787562
NY,8266,9.193916727846279
NY,8267,9.192716862097756
NY,8268,9.147569279733139
NY,8269,9.10315883983194
NY,8270,9.12509591063731
NY,8271,9.180113241309547
NY,8272,9.317000412774213
NY,8273,9.720431327710315
NY,8274,10.108738570572301
NY,8275,10.039774675000764
NY,8276,9.86175543302648
NY,8277,9.611195782668979
NY,8278,9.23752941927198
NY,8279,8.734913927053114
NY,8280,8.253725022468156
NY,8281,7.796153790097753
NY,8282,7.596973513288213
NY,8283,7.5002945165737165
NY,8284,7.492333628192699
NY,8285,7.615105425146644
NY,8286,7.989258863227275
NY,8287,8.593850671869156
NY,8288,9.010639463804665
NY,8289,9.11755367007839
NY,8290,9.066174244658956
NY,8291,8.967384420489141
NY,8292,8.873157774674636
NY,8293,8.787837840340563
NY,8294,8.791733008883709
NY,8295,8.854781135571244
NY,8296,9.040785158336595
NY,8297,9.495618677810391
NY,8298,9.936165309764483
NY,8299,9.87048335518795
NY,8300,9.702397231562305
NY,8301,9.46285839951735
NY,8302,9.073663942774322
NY,8303,8.546270067192204
NY,8304,8.061996894252196
NY,8305,7.8215629139367095
NY,8306,7.632062013830567
NY,8307,7.542680068618018
NY,8308,7.5341385100836735
NY,8309,7.662579168960408
NY,8310,8.053923215516944
NY,8311,8.68741849928686
NY,8312,9.137144827971483
NY,8313,9.227748600048749
NY,8314,9.169861980387976
NY,8315,9.082361599733643
NY,8316,8.975907231392457
NY,8317,8.898197433736488
NY,8318,8.909060714096045
NY,8319,8.967544710002425
NY,8320,9.151347240755664
NY,8321,9.608721596405253
NY,8322,10.040941760726941
NY,8323,9.968857754605649
NY,8324,9.800344705088193
NY,8325,9.552662203386777
NY,8326,9.165797288627504
NY,8327,8.630835681815014
NY,8328,8.154169403549087
NY,8329,7.906179811138602
NY,8330,7.689710486624089
NY,8331,7.589349072937326
NY,8332,7.567967826680869
NY,8333,7.675182439491541
NY,8334,8.024305305203793
NY,8335,8.65607632398865
NY,8336,9.112955744389039
NY,8337,9.240193298121609
NY,8338,9.210337827542377
NY,8339,9.138289139026526
NY,8340,9.044853020805162
NY,8341,8.980655290761808
NY,8342,8.987125196678312
NY,8343,9.055462605599166
NY,8344,9.251848809078874
NY,8345,9.695813980837112
NY,8346,10.114078590542634
NY,8347,10.067187273435717
NY,8348,9.903526134105663
NY,8349,9.659030275318228
NY,8350,9.267637616363839
NY,8351,8.738490434659749
NY,8352,8.253170428373517
NY,8353,7.8427076599477665
NY,8354,7.629534825423632
NY,8355,7.52837514816821
NY,8356,7.504099833965042
NY,8357,7.619390827545124
NY,8358,7.974362272486816
NY,8359,8.586592645492841
NY,8360,9.036938553247673
NY,8361,9.168746500586929
NY,8362,9.164908573916076
NY,8363,9.116392731865647
NY,8364,9.05813794618632
NY,8365,9.00335040979338
NY,8366,9.013304749991008
NY,8367,9.05675908734568
NY,8368,9.228658729830789
NY,8369,9.648597826314424
NY,8370,10.036433851290933
NY,8371,9.948699999609524
NY,8372,9.771348487866717
NY,8373,9.520681463350597
NY,8374,9.128292249565659
NY,8375,8.613947014367506
NY,8376,8.136410176481052
NY,8377,7.827305646134287
NY,8378,7.620285720564237
NY,8379,7.50473376968351
NY,8380,7.478199560331071
NY,8381,7.579677075534993
NY,8382,7.931006912205309
NY,8383,8.529309743021757
NY,8384,8.964195430598371
NY,8385,9.115820315073305
NY,8386,9.113595818060727
NY,8387,9.074697600234265
NY,8388,9.004660274627302
NY,8389,8.931066725030284
NY,8390,8.94479089730392
NY,8391,8.983536572851598
NY,8392,9.12461538031366
NY,8393,9.547566601042325
NY,8394,9.934232138001159
NY,8395,9.868513691645347
NY,8396,9.699753290242436
NY,8397,9.452395642846952
NY,8398,9.06946563121171
NY,8399,8.551678838961637
NY,8400,8.078952821848723
NY,8401,7.763027385209517
NY,8402,7.554225826483537
NY,8403,7.446541281099938
NY,8404,7.427175126971371
NY,8405,7.52360204679247
NY,8406,7.842484458307299
NY,8407,8.39915661664253
NY,8408,8.834515725337729
NY,8409,9.005003855447256
NY,8410,9.039366218249196
NY,8411,9.031719735366368
NY,8412,8.979521201442335
NY,8413,8.940721919686307
NY,8414,8.953321624232617
NY,8415,9.004532610700906
NY,8416,9.167243905196122
NY,8417,9.572609675468149
NY,8418,9.960034138505325
NY,8419,9.883005573543155
NY,8420,9.710412007752616
NY,8421,9.475611352730722
NY,8422,9.114572876367797
NY,8423,8.619266078745236
NY,8424,8.14921670415894
NY,8425,7.895211405858959
NY,8426,7.687648832578556
NY,8427,7.584711229333833
NY,8428,7.571325762079321
NY,8429,7.672888055079313
NY,8430,8.00561459475167
NY,8431,8.57812222687818
NY,8432,9.011123650578092
NY,8433,9.180636046221315
NY,8434,9.224132194175395
NY,8435,9.21171491481534
NY,8436,9.172508377918083
NY,8437,9.124435192671804
NY,8438,9.134860925860558
NY,8439,9.167971049147146
NY,8440,9.32447967703782
NY,8441,9.758992279447911
NY,8442,10.17487831872082
NY,8443,10.124406744123775
NY,8444,9.964925623891817
NY,8445,9.743559305955818
NY,8446,9.368977255212144
NY,8447,8.857914243535253
NY,8448,8.39092160882331
NY,8449,8.121691865664701
NY,8450,7.932507861380398
NY,8451,7.83326483247865
NY,8452,7.8159614375881645
NY,8453,7.935465962501445
NY,8454,8.295045598932045
NY,8455,8.910966275405299
NY,8456,9.348170031889849
NY,8457,9.483481250165028
NY,8458,9.495803836976709
NY,8459,9.461074580188093
NY,8460,9.402897311966635
NY,8461,9.344452200870142
NY,8462,9.353537339273412
NY,8463,9.38030506466962
NY,8464,9.52385725119851
NY,8465,9.933343057438066
NY,8466,10.369511179143778
NY,8467,10.3084290580446
NY,8468,10.152268467336768
NY,8469,9.906208034598812
NY,8470,9.515111544020293
NY,8471,8.98160576978921
NY,8472,8.491945169707893
NY,8473,8.078299824563056
NY,8474,7.881281880037764
NY,8475,7.781811132070975
NY,8476,7.778146465681223
NY,8477,7.898363391984716
NY,8478,8.283806302265253
NY,8479,8.91982200702686
NY,8480,9.373990544951784
NY,8481,9.50456573030161
NY,8482,9.496723810023688
NY,8483,9.435688252067402
NY,8484,9.355025000739454
NY,8485,9.27727142272725
NY,8486,9.275376537989672
NY,8487,9.317958341700777
NY,8488,9.467807128731238
NY,8489,9.891615664134948
NY,8490,10.313640369339023
NY,8491,10.249590158118632
NY,8492,10.084752395925436
NY,8493,9.849681145501796
NY,8494,9.469182907149682
NY,8495,8.931267126470798
NY,8496,8.439401728756376
NY,8497,8.129013394775512
NY,8498,7.923028349489192
NY,8499,7.813984841869795
NY,8500,7.788457381732304
NY,8501,7.890376206351645
NY,8502,8.256630682581825
NY,8503,8.850609332464018
NY,8504,9.306147643889819
NY,8505,9.43242260920271
NY,8506,9.390467944571169
NY,8507,9.27773461806568
NY,8508,9.169492537414296
NY,8509,9.059428076657586
NY,8510,9.038270296643105
NY,8511,9.096221736602741
NY,8512,9.298910278515434
NY,8513,9.75009967985285
NY,8514,10.199906706137698
NY,8515,10.130370059292622
NY,8516,9.98173370089953
NY,8517,9.76246533413177
NY,8518,9.394195379434715
NY,8519,8.887314682340147
NY,8520,8.416902937398062
NY,8521,7.809223229425174
NY,8522,7.591483315873331
NY,8523,7.486889980569409
NY,8524,7.471148337440268
NY,8525,7.579729656610411
NY,8526,7.930590807368668
NY,8527,8.505264027139786
NY,8528,8.960400649329134
NY,8529,9.112468444745373
NY,8530,9.10304715240796
NY,8531,9.019955547730481
NY,8532,8.941463921860848
NY,8533,8.868715325078037
NY,8534,8.891082773618294
NY,8535,8.931105421840149
NY,8536,9.077338723462482
NY,8537,9.497034304554937
NY,8538,9.898884394551594
NY,8539,9.820261578726285
NY,8540,9.643316759457658
NY,8541,9.40366809015579
NY,8542,9.027506791086706
NY,8543,8.515893663032386
NY,8544,8.037538099149423
NY,8545,7.838573196892293
NY,8546,7.619123676158623
NY,8547,7.507745077397459
NY,8548,7.473560380511392
NY,8549,7.5684731789919955
NY,8550,7.884415401241049
NY,8551,8.43981950923548
NY,8552,8.870985785088124
NY,8553,9.046223383080084
NY,8554,9.089188013638665
NY,8555,9.073626581138843
NY,8556,9.02003451683019
NY,8557,8.963959907591144
NY,8558,8.968597330829283
NY,8559,9.012983357610992
NY,8560,9.164971635475176
NY,8561,9.57012693314092
NY,8562,9.978408333659656
NY,8563,9.905401253623353
NY,8564,9.752708875111988
NY,8565,9.523678790643794
NY,8566,9.176879812857303
NY,8567,8.705676777939646
NY,8568,8.239153544034123
NY,8569,7.903718555771996
NY,8570,7.679549250464264
NY,8571,7.567125491329728
NY,8572,7.543816866078816
NY,8573,7.62995037003886
NY,8574,7.917847108536397
NY,8575,8.418805911912022
NY,8576,8.849766820543627
NY,8577,9.067541965374517
NY,8578,9.15316247552338
NY,8579,9.155312910058486
NY,8580,9.10690314428963
NY,8581,9.026136248697087
NY,8582,8.992080403899754
NY,8583,9.023003123168037
NY,8584,9.16088989004659
NY,8585,9.536789208283563
NY,8586,9.896049962302538
NY,8587,9.792243131895058
NY,8588,9.617893016034786
NY,8589,9.413765583622132
NY,8590,9.101513871082393
NY,8591,8.648990590299444
NY,8592,8.212480078236696
NY,8593,8.056782032262301
NY,8594,7.8407979480364585
NY,8595,7.7196718809298
NY,8596,7.689645851501196
NY,8597,7.768419180385052
NY,8598,8.045702088319702
NY,8599,8.524837048446246
NY,8600,8.922821300129131
NY,8601,9.092542652895245
NY,8602,9.097431732543216
NY,8603,9.004558658166722
NY,8604,8.906196356342477
NY,8605,8.840770552490266
NY,8606,8.820160584587445
NY,8607,8.859024049671376
NY,8608,9.015081189923283
NY,8609,9.407004953286222
NY,8610,9.780883400674481
NY,8611,9.710770888716665
NY,8612,9.590181600885396
NY,8613,9.403368896121476
NY,8614,9.090026762008751
NY,8615,8.642979301896679
NY,8616,8.215394829887764
NY,8617,7.936329972512939
NY,8618,7.751092558510626
NY,8619,7.661637313147932
NY,8620,7.653986001216672
NY,8621,7.755655761670865
NY,8622,8.076922984668936
NY,8623,8.610900797377699
NY,8624,9.043147313896892
NY,8625,9.230932685389977
NY,8626,9.291859750602061
NY,8627,9.284315066685147
NY,8628,9.257847457786765
NY,8629,9.22204258402653
NY,8630,9.239557793499074
NY,8631,9.293116715530692
NY,8632,9.44072836923896
NY,8633,9.851705705138748
NY,8634,10.237092676450091
NY,8635,10.162009353780663
NY,8636,9.979610765287891
NY,8637,9.738400701814879
NY,8638,9.366354644081108
NY,8639,8.848449627643713
NY,8640,8.386021486810503
NY,8641,7.734246633800914
NY,8642,7.534177685123399
NY,8643,7.431259336557116
NY,8644,7.402799134209285
NY,8645,7.5161719794819355
NY,8646,7.852655905945996
NY,8647,8.41352942681009
NY,8648,8.861494576485152
NY,8649,9.047723394667186
NY,8650,9.118171727947004
NY,8651,9.10973477090611
NY,8652,9.053081208116913
NY,8653,8.990705692023258
NY,8654,8.973518187367855
NY,8655,8.997185419922076
NY,8656,9.129585344002246
NY,8657,9.519902663146448
NY,8658,9.895481963185558
NY,8659,9.811246024492958
NY,8660,9.62800074795779
NY,8661,9.374483746080083
NY,8662,8.985017743810234
NY,8663,8.46759545880598
NY,8664,8.006054654646844
NY,8665,7.675222671006808
NY,8666,7.475659288611742
NY,8667,7.374894059326234
NY,8668,7.35442260545403
NY,8669,7.447708847973142
NY,8670,7.760986676952577
NY,8671,8.284083573274659
NY,8672,8.72738179345209
NY,8673,8.903267660243833
NY,8674,8.933266256913146
NY,8675,8.889651503482089
NY,8676,8.808324869058275
NY,8677,8.74047480565815
NY,8678,8.733690186835585
NY,8679,8.76373646071058
NY,8680,8.909996289317954
NY,8681,9.333081444430194
NY,8682,9.756813901939983
NY,8683,9.67314867961878
NY,8684,9.506701834858061
NY,8685,9.281415077235238
NY,8686,8.913338481433248
NY,8687,8.407773785257216
NY,8688,7.949535169908006
NY,8689,7.619984403434614
NY,8690,7.407932617950074
NY,8691,7.30448777291992
NY,8692,7.2763885025307316
NY,8693,7.379103537772305
NY,8694,7.694387834777304
NY,8695,8.226229199749248
NY,8696,8.66711232344048
NY,8697,8.860495882965173
NY,8698,8.902792686616003
NY,8699,8.89497851529766
NY,8700,8.857771766427993
NY,8701,8.833909627452318
NY,8702,8.868558667454582
NY,8703,8.915346102775805
NY,8704,9.04972888221644
NY,8705,9.435660603174004
NY,8706,9.80611391846079
NY,8707,9.728473645853267
NY,8708,9.545653590177062
NY,8709,9.309838921723944
NY,8710,8.934012556257711
NY,8711,8.453030515218112
NY,8712,7.995798649743627
NY,8713,7.869414144207881
NY,8714,7.656182422437911
NY,8715,7.542606301595002
NY,8716,7.524963223384406
NY,8717,7.628179111981716
NY,8718,7.947574849839439
NY,8719,8.483666738974915
NY,8720,8.933705258896696
NY,8721,9.126274150573769
NY,8722,9.202293644554214
NY,8723,9.210564356424523
NY,8724,9.171666389834341
NY,8725,9.115287075291436
NY,8726,9.110178364183179
NY,8727,9.140553466219899
NY,8728,9.249218031986327
NY,8729,9.639393895711128
NY,8730,10.01852826229884
NY,8731,9.94697999950642
NY,8732,9.762262334782903
NY,8733,9.52750080857287
NY,8734,9.162975407155255
NY,8735,8.677935559589372
NY,8736,8.223597273577818
NY,8737,7.914581197663191
NY,8738,7.7016100550512725
NY,8739,7.593127269540861
NY,8740,7.556933250028238
NY,8741,7.64522494292484
NY,8742,7.937406294898896
NY,8743,8.445946235643747
NY,8744,8.844603765363763
NY,8745,9.021641180567034
NY,8746,9.100486413655574
NY,8747,9.113962275249946
NY,8748,9.08030270315441
NY,8749,9.034851512451194
NY,8750,9.015595872000718
NY,8751,9.035334459402648
NY,8752,9.16275273718889
NY,8753,9.540952946819171
NY,8754,9.909332747654545
NY,8755,9.780162888781222
NY,8756,9.562910915916497
NY,8757,9.30849817639502
NY,8758,8.956177325035949
NY,8759,8.504388180024748
NY,8760,8.083955011064168
